ID,Latitude,Longitude,Date,SMAP_Tile,SPL3SMP_E_006_Line_Y_9.00805km,SPL3SMP_E_006_Sample_X_9.00805km,SPL3SMP_E_006_Soil_Moisture_Retrieval_Data_AM_soil_moisture,SPL3SMP_E_006_Soil_Moisture_Retrieval_Data_AM_retrieval_qual_flag,SPL3SMP_E_006_Soil_Moisture_Retrieval_Data_AM_retrieval_qual_flag_Recommended_Quality_Description,SPL3SMP_E_006_Soil_Moisture_Retrieval_Data_AM_retrieval_qual_flag_Retrieval_Attempted_Description,SPL3SMP_E_006_Soil_Moisture_Retrieval_Data_AM_retrieval_qual_flag_Retrieval_Successful_Description,SPL3SMP_E_006_Soil_Moisture_Retrieval_Data_AM_retrieval_qual_flag_Retrieval_Successful_FT_Description,SPL3SMP_E_006_Soil_Moisture_Retrieval_Data_AM_retrieval_qual_flag_Undefined_Description
TM01,25.4479389,-98.01216666666667,2015-04-01,h00v00,463.0,878.0,-9999.0,7.0,Soil moisture retrieval doesn't have recommended quality,Soil moisture retrieval was skipped,Soil moisture retrieval was not successful,Freeze/thaw state retrieval was successful,Not used
TM01,25.4479389,-98.01216666666667,2015-04-02,h00v00,463.0,878.0,-9999.0,7.0,Soil moisture retrieval doesn't have recommended quality,Soil moisture retrieval was skipped,Soil moisture retrieval was not successful,Freeze/thaw state retrieval was successful,Not used
TM01,25.4479389,-98.01216666666667,2015-04-03,h00v00,463.0,878.0,0.1559586,8.0,Soil moisture retrieval has recommended quality,Soil moisture retrieval was attempted,Soil moisture retrieval was successful,Freeze/thaw state retrieval was not successful,
TM01,25.4479389,-98.01216666666667,2015-04-04,h00v00,463.0,878.0,-9999.0,7.0,Soil moisture retrieval doesn't have recommended quality,Soil moisture retrieval was skipped,Soil moisture retrieval was not successful,Freeze/thaw state retrieval was successful,Not used
TM01,25.4479389,-98.01216666666667,2015-04-05,h00v00,463.0,878.0,0.3286253,8.0,Soil moisture retrieval has recommended quality,Soil moisture retrieval was attempted,Soil moisture retrieval was successful,Freeze/thaw state retrieval was not successful,
TM01,25.4479389,-98.01216666666667,2015-04-06,h00v00,463.0,878.0,0.2759154,8.0,Soil moisture retrieval has recommended quality,Soil moisture retrieval was attempted,Soil moisture retrieval was successful,Freeze/thaw state retrieval was not successful,
TM01,25.4479389,-98.01216666666667,2015-04-07,h00v00,463.0,878.0,-9999.0,7.0,Soil moisture retrieval doesn't have recommended quality,Soil moisture retrieval was skipped,Soil moisture retrieval was not successful,Freeze/thaw state retrieval was successful,Not used
TM01,25.4479389,-98.01216666666667,2015-04-08,h00v00,463.0,878.0,0.1614863,8.0,Soil moisture retrieval has recommended quality,Soil moisture retrieval was attempted,Soil moisture retrieval was successful,Freeze/thaw state retrieval was not successful,
TM01,25.4479389,-98.01216666666667,2015-04-09,h00v00,463.0,878.0,-9999.0,7.0,Soil moisture retrieval doesn't have recommended quality,Soil moisture retrieval was skipped,Soil moisture retrieval was not successful,Freeze/thaw state retrieval was successful,Not used
TM01,25.4479389,-98.01216666666667,2015-04-10,h00v00,463.0,878.0,-9999.0,7.0,Soil moisture retrieval doesn't have recommended quality,Soil moisture retrieval was skipped,Soil moisture retrieval was not successful,Freeze/thaw state retrieval was successful,Not used
TM01,25.4479389,-98.01216666666667,2015-04-11,h00v00,463.0,878.0,0.240296,8.0,Soil moisture retrieval has recommended quality,Soil moisture retrieval was attempted,Soil moisture retrieval was successful,Freeze/thaw state retrieval was not successful,
TM01,25.4479389,-98.01216666666667,2015-04-12,h00v00,463.0,878.0,-9999.0,7.0,Soil moisture retrieval doesn't have recommended quality,Soil moisture retrieval was skipped,Soil moisture retrieval was not successful,Freeze/thaw state retrieval was successful,Not used
TM01,25.4479389,-98.01216666666667,2015-04-13,h00v00,463.0,878.0,0.3566883,8.0,Soil moisture retrieval has recommended quality,Soil moisture retrieval was attempted,Soil moisture retrieval was successful,Freeze/thaw state retrieval was not successful,
TM01,25.4479389,-98.01216666666667,2015-04-14,h00v00,463.0,878.0,0.3511621,9.0,Soil moisture retrieval doesn't have recommended quality,Soil moisture retrieval was attempted,Soil moisture retrieval was successful,Freeze/thaw state retrieval was not successful,
TM01,25.4479389,-98.01216666666667,2015-04-15,h00v00,463.0,878.0,-9999.0,7.0,Soil moisture retrieval doesn't have recommended quality,Soil moisture retrieval was skipped,Soil moisture retrieval was not successful,Freeze/thaw state retrieval was successful,Not used
TM01,25.4479389,-98.01216666666667,2015-04-16,h00v00,463.0,878.0,0.3223517,13.0,Soil moisture retrieval doesn't have recommended quality,Soil moisture retrieval was attempted,Soil moisture retrieval was not successful,Freeze/thaw state retrieval was not successful,
TM01,25.4479389,-98.01216666666667,2015-04-17,h00v00,463.0,878.0,-9999.0,7.0,Soil moisture retrieval doesn't have recommended quality,Soil moisture retrieval was skipped,Soil moisture retrieval was not successful,Freeze/thaw state retrieval was successful,Not used
TM01,25.4479389,-98.01216666666667,2015-04-18,h00v00,463.0,878.0,-9999.0,7.0,Soil moisture retrieval doesn't have recommended quality,Soil moisture retrieval was skipped,Soil moisture retrieval was not successful,Freeze/thaw state retrieval was successful,Not used
TM01,25.4479389,-98.01216666666667,2015-04-19,h00v00,463.0,878.0,0.2758341,8.0,Soil moisture retrieval has recommended quality,Soil moisture retrieval was attempted,Soil moisture retrieval was successful,Freeze/thaw state retrieval was not successful,
TM01,25.4479389,-98.01216666666667,2015-04-20,h00v00,463.0,878.0,-9999.0,7.0,Soil moisture retrieval doesn't have recommended quality,Soil moisture retrieval was skipped,Soil moisture retrieval was not successful,Freeze/thaw state retrieval was successful,Not used
TM01,25.4479389,-98.01216666666667,2015-04-21,h00v00,463.0,878.0,0.3339261,8.0,Soil moisture retrieval has recommended quality,Soil moisture retrieval was attempted,Soil moisture retrieval was successful,Freeze/thaw state retrieval was not successful,
TM01,25.4479389,-98.01216666666667,2015-04-22,h00v00,463.0,878.0,0.2986741,8.0,Soil moisture retrieval has recommended quality,Soil moisture retrieval was attempted,Soil moisture retrieval was successful,Freeze/thaw state retrieval was not successful,
TM01,25.4479389,-98.01216666666667,2015-04-23,h00v00,463.0,878.0,-9999.0,7.0,Soil moisture retrieval doesn't have recommended quality,Soil moisture retrieval was skipped,Soil moisture retrieval was not successful,Freeze/thaw state retrieval was successful,Not used
TM01,25.4479389,-98.01216666666667,2015-04-24,h00v00,463.0,878.0,0.2367795,8.0,Soil moisture retrieval has recommended quality,Soil moisture retrieval was attempted,Soil moisture retrieval was successful,Freeze/thaw state retrieval was not successful,
TM01,25.4479389,-98.01216666666667,2015-04-25,h00v00,463.0,878.0,-9999.0,7.0,Soil moisture retrieval doesn't have recommended quality,Soil moisture retrieval was skipped,Soil moisture retrieval was not successful,Freeze/thaw state retrieval was successful,Not used
TM01,25.4479389,-98.01216666666667,2015-04-26,h00v00,463.0,878.0,-9999.0,7.0,Soil moisture retrieval doesn't have recommended quality,Soil moisture retrieval was skipped,Soil moisture retrieval was not successful,Freeze/thaw state retrieval was successful,Not used
TM01,25.4479389,-98.01216666666667,2015-04-27,h00v00,463.0,878.0,0.205865,8.0,Soil moisture retrieval has recommended quality,Soil moisture retrieval was attempted,Soil moisture retrieval was successful,Freeze/thaw state retrieval was not successful,
TM01,25.4479389,-98.01216666666667,2015-04-28,h00v00,463.0,878.0,-9999.0,7.0,Soil moisture retrieval doesn't have recommended quality,Soil moisture retrieval was skipped,Soil moisture retrieval was not successful,Freeze/thaw state retrieval was successful,Not used
TM01,25.4479389,-98.01216666666667,2015-04-29,h00v00,463.0,878.0,0.2147547,8.0,Soil moisture retrieval has recommended quality,Soil moisture retrieval was attempted,Soil moisture retrieval was successful,Freeze/thaw state retrieval was not successful,
TM01,25.4479389,-98.01216666666667,2015-04-30,h00v00,463.0,878.0,-9999.0,7.0,Soil moisture retrieval doesn't have recommended quality,Soil moisture retrieval was skipped,Soil moisture retrieval was not successful,Freeze/thaw state retrieval was successful,Not used
TM01,25.4479389,-98.01216666666667,2015-05-01,h00v00,463.0,878.0,-9999.0,7.0,Soil moisture retrieval doesn't have recommended quality,Soil moisture retrieval was skipped,Soil moisture retrieval was not successful,Freeze/thaw state retrieval was successful,Not used
TM01,25.4479389,-98.01216666666667,2015-05-02,h00v00,463.0,878.0,-9999.0,7.0,Soil moisture retrieval doesn't have recommended quality,Soil moisture retrieval was skipped,Soil moisture retrieval was not successful,Freeze/thaw state retrieval was successful,Not used
TM01,25.4479389,-98.01216666666667,2015-05-03,h00v00,463.0,878.0,-9999.0,7.0,Soil moisture retrieval doesn't have recommended quality,Soil moisture retrieval was skipped,Soil moisture retrieval was not successful,Freeze/thaw state retrieval was successful,Not used
TM01,25.4479389,-98.01216666666667,2015-05-04,h00v00,463.0,878.0,-9999.0,7.0,Soil moisture retrieval doesn't have recommended quality,Soil moisture retrieval was skipped,Soil moisture retrieval was not successful,Freeze/thaw state retrieval was successful,Not used
TM01,25.4479389,-98.01216666666667,2015-05-05,h00v00,463.0,878.0,0.14254,8.0,Soil moisture retrieval has recommended quality,Soil moisture retrieval was attempted,Soil moisture retrieval was successful,Freeze/thaw state retrieval was not successful,
TM01,25.4479389,-98.01216666666667,2015-05-06,h00v00,463.0,878.0,-9999.0,7.0,Soil moisture retrieval doesn't have recommended quality,Soil moisture retrieval was skipped,Soil moisture retrieval was not successful,Freeze/thaw state retrieval was successful,Not used
TM01,25.4479389,-98.01216666666667,2015-05-07,h00v00,463.0,878.0,0.1279131,8.0,Soil moisture retrieval has recommended quality,Soil moisture retrieval was attempted,Soil moisture retrieval was successful,Freeze/thaw state retrieval was not successful,
TM01,25.4479389,-98.01216666666667,2015-05-08,h00v00,463.0,878.0,0.1336638,8.0,Soil moisture retrieval has recommended quality,Soil moisture retrieval was attempted,Soil moisture retrieval was successful,Freeze/thaw state retrieval was not successful,
TM01,25.4479389,-98.01216666666667,2015-05-09,h00v00,463.0,878.0,-9999.0,7.0,Soil moisture retrieval doesn't have recommended quality,Soil moisture retrieval was skipped,Soil moisture retrieval was not successful,Freeze/thaw state retrieval was successful,Not used
TM01,25.4479389,-98.01216666666667,2015-05-10,h00v00,463.0,878.0,0.1119067,8.0,Soil moisture retrieval has recommended quality,Soil moisture retrieval was attempted,Soil moisture retrieval was successful,Freeze/thaw state retrieval was not successful,
TM01,25.4479389,-98.01216666666667,2015-05-11,h00v00,463.0,878.0,-9999.0,7.0,Soil moisture retrieval doesn't have recommended quality,Soil moisture retrieval was skipped,Soil moisture retrieval was not successful,Freeze/thaw state retrieval was successful,Not used
TM01,25.4479389,-98.01216666666667,2015-05-12,h00v00,463.0,878.0,-9999.0,7.0,Soil moisture retrieval doesn't have recommended quality,Soil moisture retrieval was skipped,Soil moisture retrieval was not successful,Freeze/thaw state retrieval was successful,Not used
TM01,25.4479389,-98.01216666666667,2015-05-14,h00v00,463.0,878.0,-9999.0,7.0,Soil moisture retrieval doesn't have recommended quality,Soil moisture retrieval was skipped,Soil moisture retrieval was not successful,Freeze/thaw state retrieval was successful,Not used
TM01,25.4479389,-98.01216666666667,2015-05-15,h00v00,463.0,878.0,0.269258,8.0,Soil moisture retrieval has recommended quality,Soil moisture retrieval was attempted,Soil moisture retrieval was successful,Freeze/thaw state retrieval was not successful,
TM01,25.4479389,-98.01216666666667,2015-05-16,h00v00,463.0,878.0,0.2379445,8.0,Soil moisture retrieval has recommended quality,Soil moisture retrieval was attempted,Soil moisture retrieval was successful,Freeze/thaw state retrieval was not successful,
TM01,25.4479389,-98.01216666666667,2015-05-17,h00v00,463.0,878.0,-9999.0,7.0,Soil moisture retrieval doesn't have recommended quality,Soil moisture retrieval was skipped,Soil moisture retrieval was not successful,Freeze/thaw state retrieval was successful,Not used
TM01,25.4479389,-98.01216666666667,2015-05-18,h00v00,463.0,878.0,0.2030974,8.0,Soil moisture retrieval has recommended quality,Soil moisture retrieval was attempted,Soil moisture retrieval was successful,Freeze/thaw state retrieval was not successful,
TM01,25.4479389,-98.01216666666667,2015-05-19,h00v00,463.0,878.0,-9999.0,7.0,Soil moisture retrieval doesn't have recommended quality,Soil moisture retrieval was skipped,Soil moisture retrieval was not successful,Freeze/thaw state retrieval was successful,Not used
TM01,25.4479389,-98.01216666666667,2015-05-20,h00v00,463.0,878.0,-9999.0,7.0,Soil moisture retrieval doesn't have recommended quality,Soil moisture retrieval was skipped,Soil moisture retrieval was not successful,Freeze/thaw state retrieval was successful,Not used
TM01,25.4479389,-98.01216666666667,2015-05-21,h00v00,463.0,878.0,0.1691945,8.0,Soil moisture retrieval has recommended quality,Soil moisture retrieval was attempted,Soil moisture retrieval was successful,Freeze/thaw state retrieval was not successful,
TM01,25.4479389,-98.01216666666667,2015-05-22,h00v00,463.0,878.0,-9999.0,7.0,Soil moisture retrieval doesn't have recommended quality,Soil moisture retrieval was skipped,Soil moisture retrieval was not successful,Freeze/thaw state retrieval was successful,Not used
TM01,25.4479389,-98.01216666666667,2015-05-23,h00v00,463.0,878.0,0.2714477,8.0,Soil moisture retrieval has recommended quality,Soil moisture retrieval was attempted,Soil moisture retrieval was successful,Freeze/thaw state retrieval was not successful,
TM01,25.4479389,-98.01216666666667,2015-05-24,h00v00,463.0,878.0,0.3531942,13.0,Soil moisture retrieval doesn't have recommended quality,Soil moisture retrieval was attempted,Soil moisture retrieval was not successful,Freeze/thaw state retrieval was not successful,
TM01,25.4479389,-98.01216666666667,2015-05-25,h00v00,463.0,878.0,-9999.0,7.0,Soil moisture retrieval doesn't have recommended quality,Soil moisture retrieval was skipped,Soil moisture retrieval was not successful,Freeze/thaw state retrieval was successful,Not used
TM01,25.4479389,-98.01216666666667,2015-05-26,h00v00,463.0,878.0,0.2866421,13.0,Soil moisture retrieval doesn't have recommended quality,Soil moisture retrieval was attempted,Soil moisture retrieval was not successful,Freeze/thaw state retrieval was not successful,
TM01,25.4479389,-98.01216666666667,2015-05-27,h00v00,463.0,878.0,-9999.0,7.0,Soil moisture retrieval doesn't have recommended quality,Soil moisture retrieval was skipped,Soil moisture retrieval was not successful,Freeze/thaw state retrieval was successful,Not used
TM01,25.4479389,-98.01216666666667,2015-05-28,h00v00,463.0,878.0,-9999.0,7.0,Soil moisture retrieval doesn't have recommended quality,Soil moisture retrieval was skipped,Soil moisture retrieval was not successful,Freeze/thaw state retrieval was successful,Not used
TM01,25.4479389,-98.01216666666667,2015-05-29,h00v00,463.0,878.0,0.2238195,13.0,Soil moisture retrieval doesn't have recommended quality,Soil moisture retrieval was attempted,Soil moisture retrieval was not successful,Freeze/thaw state retrieval was not successful,
TM01,25.4479389,-98.01216666666667,2015-05-30,h00v00,463.0,878.0,-9999.0,7.0,Soil moisture retrieval doesn't have recommended quality,Soil moisture retrieval was skipped,Soil moisture retrieval was not successful,Freeze/thaw state retrieval was successful,Not used
TM01,25.4479389,-98.01216666666667,2015-05-31,h00v00,463.0,878.0,0.329197,13.0,Soil moisture retrieval doesn't have recommended quality,Soil moisture retrieval was attempted,Soil moisture retrieval was not successful,Freeze/thaw state retrieval was not successful,
TM01,25.4479389,-98.01216666666667,2015-06-01,h00v00,463.0,878.0,0.3205381,13.0,Soil moisture retrieval doesn't have recommended quality,Soil moisture retrieval was attempted,Soil moisture retrieval was not successful,Freeze/thaw state retrieval was not successful,
TM01,25.4479389,-98.01216666666667,2015-06-02,h00v00,463.0,878.0,-9999.0,7.0,Soil moisture retrieval doesn't have recommended quality,Soil moisture retrieval was skipped,Soil moisture retrieval was not successful,Freeze/thaw state retrieval was successful,Not used
TM01,25.4479389,-98.01216666666667,2015-06-03,h00v00,463.0,878.0,0.2715926,13.0,Soil moisture retrieval doesn't have recommended quality,Soil moisture retrieval was attempted,Soil moisture retrieval was not successful,Freeze/thaw state retrieval was not successful,
TM01,25.4479389,-98.01216666666667,2015-06-04,h00v00,463.0,878.0,-9999.0,7.0,Soil moisture retrieval doesn't have recommended quality,Soil moisture retrieval was skipped,Soil moisture retrieval was not successful,Freeze/thaw state retrieval was successful,Not used
TM01,25.4479389,-98.01216666666667,2015-06-05,h00v00,463.0,878.0,-9999.0,7.0,Soil moisture retrieval doesn't have recommended quality,Soil moisture retrieval was skipped,Soil moisture retrieval was not successful,Freeze/thaw state retrieval was successful,Not used
TM01,25.4479389,-98.01216666666667,2015-06-06,h00v00,463.0,878.0,0.2196331,13.0,Soil moisture retrieval doesn't have recommended quality,Soil moisture retrieval was attempted,Soil moisture retrieval was not successful,Freeze/thaw state retrieval was not successful,
TM01,25.4479389,-98.01216666666667,2015-06-07,h00v00,463.0,878.0,-9999.0,7.0,Soil moisture retrieval doesn't have recommended quality,Soil moisture retrieval was skipped,Soil moisture retrieval was not successful,Freeze/thaw state retrieval was successful,Not used
TM01,25.4479389,-98.01216666666667,2015-06-08,h00v00,463.0,878.0,0.2038924,8.0,Soil moisture retrieval has recommended quality,Soil moisture retrieval was attempted,Soil moisture retrieval was successful,Freeze/thaw state retrieval was not successful,
TM01,25.4479389,-98.01216666666667,2015-06-09,h00v00,463.0,878.0,0.1911006,8.0,Soil moisture retrieval has recommended quality,Soil moisture retrieval was attempted,Soil moisture retrieval was successful,Freeze/thaw state retrieval was not successful,
TM01,25.4479389,-98.01216666666667,2015-06-10,h00v00,463.0,878.0,-9999.0,7.0,Soil moisture retrieval doesn't have recommended quality,Soil moisture retrieval was skipped,Soil moisture retrieval was not successful,Freeze/thaw state retrieval was successful,Not used
TM01,25.4479389,-98.01216666666667,2015-06-11,h00v00,463.0,878.0,0.1679256,8.0,Soil moisture retrieval has recommended quality,Soil moisture retrieval was attempted,Soil moisture retrieval was successful,Freeze/thaw state retrieval was not successful,
TM01,25.4479389,-98.01216666666667,2015-06-12,h00v00,463.0,878.0,-9999.0,7.0,Soil moisture retrieval doesn't have recommended quality,Soil moisture retrieval was skipped,Soil moisture retrieval was not successful,Freeze/thaw state retrieval was successful,Not used
TM01,25.4479389,-98.01216666666667,2015-06-13,h00v00,463.0,878.0,-9999.0,7.0,Soil moisture retrieval doesn't have recommended quality,Soil moisture retrieval was skipped,Soil moisture retrieval was not successful,Freeze/thaw state retrieval was successful,Not used
TM01,25.4479389,-98.01216666666667,2015-06-14,h00v00,463.0,878.0,0.1579136,8.0,Soil moisture retrieval has recommended quality,Soil moisture retrieval was attempted,Soil moisture retrieval was successful,Freeze/thaw state retrieval was not successful,
TM01,25.4479389,-98.01216666666667,2015-06-15,h00v00,463.0,878.0,-9999.0,7.0,Soil moisture retrieval doesn't have recommended quality,Soil moisture retrieval was skipped,Soil moisture retrieval was not successful,Freeze/thaw state retrieval was successful,Not used
TM01,25.4479389,-98.01216666666667,2015-06-16,h00v00,463.0,878.0,0.1740241,8.0,Soil moisture retrieval has recommended quality,Soil moisture retrieval was attempted,Soil moisture retrieval was successful,Freeze/thaw state retrieval was not successful,
TM01,25.4479389,-98.01216666666667,2015-06-17,h00v00,463.0,878.0,-9999.0,7.0,Soil moisture retrieval doesn't have recommended quality,Soil moisture retrieval was skipped,Soil moisture retrieval was not successful,Freeze/thaw state retrieval was successful,Not used
TM01,25.4479389,-98.01216666666667,2015-06-18,h00v00,463.0,878.0,-9999.0,7.0,Soil moisture retrieval doesn't have recommended quality,Soil moisture retrieval was skipped,Soil moisture retrieval was not successful,Freeze/thaw state retrieval was successful,Not used
TM01,25.4479389,-98.01216666666667,2015-06-19,h00v00,463.0,878.0,0.2445622,13.0,Soil moisture retrieval doesn't have recommended quality,Soil moisture retrieval was attempted,Soil moisture retrieval was not successful,Freeze/thaw state retrieval was not successful,
TM01,25.4479389,-98.01216666666667,2015-06-20,h00v00,463.0,878.0,-9999.0,7.0,Soil moisture retrieval doesn't have recommended quality,Soil moisture retrieval was skipped,Soil moisture retrieval was not successful,Freeze/thaw state retrieval was successful,Not used
TM01,25.4479389,-98.01216666666667,2015-06-21,h00v00,463.0,878.0,-9999.0,7.0,Soil moisture retrieval doesn't have recommended quality,Soil moisture retrieval was skipped,Soil moisture retrieval was not successful,Freeze/thaw state retrieval was successful,Not used
TM01,25.4479389,-98.01216666666667,2015-06-22,h00v00,463.0,878.0,-9999.0,7.0,Soil moisture retrieval doesn't have recommended quality,Soil moisture retrieval was skipped,Soil moisture retrieval was not successful,Freeze/thaw state retrieval was successful,Not used
TM01,25.4479389,-98.01216666666667,2015-06-23,h00v00,463.0,878.0,-9999.0,7.0,Soil moisture retrieval doesn't have recommended quality,Soil moisture retrieval was skipped,Soil moisture retrieval was not successful,Freeze/thaw state retrieval was successful,Not used
TM01,25.4479389,-98.01216666666667,2015-06-24,h00v00,463.0,878.0,-9999.0,7.0,Soil moisture retrieval doesn't have recommended quality,Soil moisture retrieval was skipped,Soil moisture retrieval was not successful,Freeze/thaw state retrieval was successful,Not used
TM01,25.4479389,-98.01216666666667,2015-06-25,h00v00,463.0,878.0,0.2711565,13.0,Soil moisture retrieval doesn't have recommended quality,Soil moisture retrieval was attempted,Soil moisture retrieval was not successful,Freeze/thaw state retrieval was not successful,
TM01,25.4479389,-98.01216666666667,2015-06-26,h00v00,463.0,878.0,-9999.0,7.0,Soil moisture retrieval doesn't have recommended quality,Soil moisture retrieval was skipped,Soil moisture retrieval was not successful,Freeze/thaw state retrieval was successful,Not used
TM01,25.4479389,-98.01216666666667,2015-06-27,h00v00,463.0,878.0,0.2048267,13.0,Soil moisture retrieval doesn't have recommended quality,Soil moisture retrieval was attempted,Soil moisture retrieval was not successful,Freeze/thaw state retrieval was not successful,
TM01,25.4479389,-98.01216666666667,2015-06-28,h00v00,463.0,878.0,-9999.0,7.0,Soil moisture retrieval doesn't have recommended quality,Soil moisture retrieval was skipped,Soil moisture retrieval was not successful,Freeze/thaw state retrieval was successful,Not used
TM01,25.4479389,-98.01216666666667,2015-06-29,h00v00,463.0,878.0,-9999.0,7.0,Soil moisture retrieval doesn't have recommended quality,Soil moisture retrieval was skipped,Soil moisture retrieval was not successful,Freeze/thaw state retrieval was successful,Not used
TM01,25.4479389,-98.01216666666667,2015-06-30,h00v00,463.0,878.0,0.2206358,13.0,Soil moisture retrieval doesn't have recommended quality,Soil moisture retrieval was attempted,Soil moisture retrieval was not successful,Freeze/thaw state retrieval was not successful,
TM01,25.4479389,-98.01216666666667,2015-07-01,h00v00,463.0,878.0,-9999.0,7.0,Soil moisture retrieval doesn't have recommended quality,Soil moisture retrieval was skipped,Soil moisture retrieval was not successful,Freeze/thaw state retrieval was successful,Not used
TM01,25.4479389,-98.01216666666667,2015-07-02,h00v00,463.0,878.0,0.3901862,13.0,Soil moisture retrieval doesn't have recommended quality,Soil moisture retrieval was attempted,Soil moisture retrieval was not successful,Freeze/thaw state retrieval was not successful,
TM01,25.4479389,-98.01216666666667,2015-07-03,h00v00,463.0,878.0,0.3470088,13.0,Soil moisture retrieval doesn't have recommended quality,Soil moisture retrieval was attempted,Soil moisture retrieval was not successful,Freeze/thaw state retrieval was not successful,
TM01,25.4479389,-98.01216666666667,2015-07-04,h00v00,463.0,878.0,-9999.0,7.0,Soil moisture retrieval doesn't have recommended quality,Soil moisture retrieval was skipped,Soil moisture retrieval was not successful,Freeze/thaw state retrieval was successful,Not used
TM01,25.4479389,-98.01216666666667,2015-07-05,h00v00,463.0,878.0,0.2804115,13.0,Soil moisture retrieval doesn't have recommended quality,Soil moisture retrieval was attempted,Soil moisture retrieval was not successful,Freeze/thaw state retrieval was not successful,
TM01,25.4479389,-98.01216666666667,2015-07-06,h00v00,463.0,878.0,-9999.0,7.0,Soil moisture retrieval doesn't have recommended quality,Soil moisture retrieval was skipped,Soil moisture retrieval was not successful,Freeze/thaw state retrieval was successful,Not used
TM01,25.4479389,-98.01216666666667,2015-07-07,h00v00,463.0,878.0,-9999.0,7.0,Soil moisture retrieval doesn't have recommended quality,Soil moisture retrieval was skipped,Soil moisture retrieval was not successful,Freeze/thaw state retrieval was successful,Not used
TM01,25.4479389,-98.01216666666667,2015-07-08,h00v00,463.0,878.0,0.2090531,13.0,Soil moisture retrieval doesn't have recommended quality,Soil moisture retrieval was attempted,Soil moisture retrieval was not successful,Freeze/thaw state retrieval was not successful,
TM01,25.4479389,-98.01216666666667,2015-07-09,h00v00,463.0,878.0,-9999.0,7.0,Soil moisture retrieval doesn't have recommended quality,Soil moisture retrieval was skipped,Soil moisture retrieval was not successful,Freeze/thaw state retrieval was successful,Not used
TM01,25.4479389,-98.01216666666667,2015-07-10,h00v00,463.0,878.0,0.1982415,8.0,Soil moisture retrieval has recommended quality,Soil moisture retrieval was attempted,Soil moisture retrieval was successful,Freeze/thaw state retrieval was not successful,
TM01,25.4479389,-98.01216666666667,2015-07-11,h00v00,463.0,878.0,0.1797781,8.0,Soil moisture retrieval has recommended quality,Soil moisture retrieval was attempted,Soil moisture retrieval was successful,Freeze/thaw state retrieval was not successful,
TM01,25.4479389,-98.01216666666667,2015-07-12,h00v00,463.0,878.0,-9999.0,7.0,Soil moisture retrieval doesn't have recommended quality,Soil moisture retrieval was skipped,Soil moisture retrieval was not successful,Freeze/thaw state retrieval was successful,Not used
TM01,25.4479389,-98.01216666666667,2015-07-13,h00v00,463.0,878.0,0.1536146,8.0,Soil moisture retrieval has recommended quality,Soil moisture retrieval was attempted,Soil moisture retrieval was successful,Freeze/thaw state retrieval was not successful,
TM01,25.4479389,-98.01216666666667,2015-07-14,h00v00,463.0,878.0,-9999.0,7.0,Soil moisture retrieval doesn't have recommended quality,Soil moisture retrieval was skipped,Soil moisture retrieval was not successful,Freeze/thaw state retrieval was successful,Not used
TM01,25.4479389,-98.01216666666667,2015-07-15,h00v00,463.0,878.0,-9999.0,7.0,Soil moisture retrieval doesn't have recommended quality,Soil moisture retrieval was skipped,Soil moisture retrieval was not successful,Freeze/thaw state retrieval was successful,Not used
TM01,25.4479389,-98.01216666666667,2015-07-16,h00v00,463.0,878.0,0.1508868,8.0,Soil moisture retrieval has recommended quality,Soil moisture retrieval was attempted,Soil moisture retrieval was successful,Freeze/thaw state retrieval was not successful,
TM01,25.4479389,-98.01216666666667,2015-07-17,h00v00,463.0,878.0,-9999.0,7.0,Soil moisture retrieval doesn't have recommended quality,Soil moisture retrieval was skipped,Soil moisture retrieval was not successful,Freeze/thaw state retrieval was successful,Not used
TM01,25.4479389,-98.01216666666667,2015-07-18,h00v00,463.0,878.0,0.1505601,8.0,Soil moisture retrieval has recommended quality,Soil moisture retrieval was attempted,Soil moisture retrieval was successful,Freeze/thaw state retrieval was not successful,
TM01,25.4479389,-98.01216666666667,2015-07-19,h00v00,463.0,878.0,0.1485299,8.0,Soil moisture retrieval has recommended quality,Soil moisture retrieval was attempted,Soil moisture retrieval was successful,Freeze/thaw state retrieval was not successful,
TM01,25.4479389,-98.01216666666667,2015-07-20,h00v00,463.0,878.0,-9999.0,7.0,Soil moisture retrieval doesn't have recommended quality,Soil moisture retrieval was skipped,Soil moisture retrieval was not successful,Freeze/thaw state retrieval was successful,Not used
TM01,25.4479389,-98.01216666666667,2015-07-21,h00v00,463.0,878.0,0.1288345,8.0,Soil moisture retrieval has recommended quality,Soil moisture retrieval was attempted,Soil moisture retrieval was successful,Freeze/thaw state retrieval was not successful,
TM01,25.4479389,-98.01216666666667,2015-07-22,h00v00,463.0,878.0,-9999.0,7.0,Soil moisture retrieval doesn't have recommended quality,Soil moisture retrieval was skipped,Soil moisture retrieval was not successful,Freeze/thaw state retrieval was successful,Not used
TM01,25.4479389,-98.01216666666667,2015-07-23,h00v00,463.0,878.0,-9999.0,7.0,Soil moisture retrieval doesn't have recommended quality,Soil moisture retrieval was skipped,Soil moisture retrieval was not successful,Freeze/thaw state retrieval was successful,Not used
TM01,25.4479389,-98.01216666666667,2015-07-24,h00v00,463.0,878.0,0.1139666,8.0,Soil moisture retrieval has recommended quality,Soil moisture retrieval was attempted,Soil moisture retrieval was successful,Freeze/thaw state retrieval was not successful,
TM01,25.4479389,-98.01216666666667,2015-07-25,h00v00,463.0,878.0,-9999.0,7.0,Soil moisture retrieval doesn't have recommended quality,Soil moisture retrieval was skipped,Soil moisture retrieval was not successful,Freeze/thaw state retrieval was successful,Not used
TM01,25.4479389,-98.01216666666667,2015-07-26,h00v00,463.0,878.0,0.1255298,8.0,Soil moisture retrieval has recommended quality,Soil moisture retrieval was attempted,Soil moisture retrieval was successful,Freeze/thaw state retrieval was not successful,
TM01,25.4479389,-98.01216666666667,2015-07-27,h00v00,463.0,878.0,-9999.0,7.0,Soil moisture retrieval doesn't have recommended quality,Soil moisture retrieval was skipped,Soil moisture retrieval was not successful,Freeze/thaw state retrieval was successful,Not used
TM01,25.4479389,-98.01216666666667,2015-07-28,h00v00,463.0,878.0,-9999.0,7.0,Soil moisture retrieval doesn't have recommended quality,Soil moisture retrieval was skipped,Soil moisture retrieval was not successful,Freeze/thaw state retrieval was successful,Not used
TM01,25.4479389,-98.01216666666667,2015-07-29,h00v00,463.0,878.0,0.1060838,8.0,Soil moisture retrieval has recommended quality,Soil moisture retrieval was attempted,Soil moisture retrieval was successful,Freeze/thaw state retrieval was not successful,
TM01,25.4479389,-98.01216666666667,2015-07-30,h00v00,463.0,878.0,-9999.0,7.0,Soil moisture retrieval doesn't have recommended quality,Soil moisture retrieval was skipped,Soil moisture retrieval was not successful,Freeze/thaw state retrieval was successful,Not used
TM01,25.4479389,-98.01216666666667,2015-07-31,h00v00,463.0,878.0,-9999.0,7.0,Soil moisture retrieval doesn't have recommended quality,Soil moisture retrieval was skipped,Soil moisture retrieval was not successful,Freeze/thaw state retrieval was successful,Not used
TM01,25.4479389,-98.01216666666667,2015-08-01,h00v00,463.0,878.0,0.109593,8.0,Soil moisture retrieval has recommended quality,Soil moisture retrieval was attempted,Soil moisture retrieval was successful,Freeze/thaw state retrieval was not successful,
TM01,25.4479389,-98.01216666666667,2015-08-02,h00v00,463.0,878.0,-9999.0,7.0,Soil moisture retrieval doesn't have recommended quality,Soil moisture retrieval was skipped,Soil moisture retrieval was not successful,Freeze/thaw state retrieval was successful,Not used
TM01,25.4479389,-98.01216666666667,2015-08-03,h00v00,463.0,878.0,0.1327017,8.0,Soil moisture retrieval has recommended quality,Soil moisture retrieval was attempted,Soil moisture retrieval was successful,Freeze/thaw state retrieval was not successful,
TM01,25.4479389,-98.01216666666667,2015-08-04,h00v00,463.0,878.0,0.1005702,8.0,Soil moisture retrieval has recommended quality,Soil moisture retrieval was attempted,Soil moisture retrieval was successful,Freeze/thaw state retrieval was not successful,
TM01,25.4479389,-98.01216666666667,2015-08-05,h00v00,463.0,878.0,-9999.0,7.0,Soil moisture retrieval doesn't have recommended quality,Soil moisture retrieval was skipped,Soil moisture retrieval was not successful,Freeze/thaw state retrieval was successful,Not used
TM01,25.4479389,-98.01216666666667,2015-08-06,h00v00,463.0,878.0,0.1088689,8.0,Soil moisture retrieval has recommended quality,Soil moisture retrieval was attempted,Soil moisture retrieval was successful,Freeze/thaw state retrieval was not successful,
TM01,25.4479389,-98.01216666666667,2015-08-07,h00v00,463.0,878.0,-9999.0,7.0,Soil moisture retrieval doesn't have recommended quality,Soil moisture retrieval was skipped,Soil moisture retrieval was not successful,Freeze/thaw state retrieval was successful,Not used
TM01,25.4479389,-98.01216666666667,2015-08-08,h00v00,463.0,878.0,-9999.0,7.0,Soil moisture retrieval doesn't have recommended quality,Soil moisture retrieval was skipped,Soil moisture retrieval was not successful,Freeze/thaw state retrieval was successful,Not used
TM01,25.4479389,-98.01216666666667,2015-08-09,h00v00,463.0,878.0,0.1044537,8.0,Soil moisture retrieval has recommended quality,Soil moisture retrieval was attempted,Soil moisture retrieval was successful,Freeze/thaw state retrieval was not successful,
TM01,25.4479389,-98.01216666666667,2015-08-10,h00v00,463.0,878.0,-9999.0,7.0,Soil moisture retrieval doesn't have recommended quality,Soil moisture retrieval was skipped,Soil moisture retrieval was not successful,Freeze/thaw state retrieval was successful,Not used
TM01,25.4479389,-98.01216666666667,2015-08-11,h00v00,463.0,878.0,0.1107711,8.0,Soil moisture retrieval has recommended quality,Soil moisture retrieval was attempted,Soil moisture retrieval was successful,Freeze/thaw state retrieval was not successful,
TM01,25.4479389,-98.01216666666667,2015-08-12,h00v00,463.0,878.0,-9999.0,7.0,Soil moisture retrieval doesn't have recommended quality,Soil moisture retrieval was skipped,Soil moisture retrieval was not successful,Freeze/thaw state retrieval was successful,Not used
TM01,25.4479389,-98.01216666666667,2015-08-13,h00v00,463.0,878.0,-9999.0,7.0,Soil moisture retrieval doesn't have recommended quality,Soil moisture retrieval was skipped,Soil moisture retrieval was not successful,Freeze/thaw state retrieval was successful,Not used
TM01,25.4479389,-98.01216666666667,2015-08-14,h00v00,463.0,878.0,0.1094194,8.0,Soil moisture retrieval has recommended quality,Soil moisture retrieval was attempted,Soil moisture retrieval was successful,Freeze/thaw state retrieval was not successful,
TM01,25.4479389,-98.01216666666667,2015-08-15,h00v00,463.0,878.0,-9999.0,7.0,Soil moisture retrieval doesn't have recommended quality,Soil moisture retrieval was skipped,Soil moisture retrieval was not successful,Freeze/thaw state retrieval was successful,Not used
TM01,25.4479389,-98.01216666666667,2015-08-16,h00v00,463.0,878.0,-9999.0,7.0,Soil moisture retrieval doesn't have recommended quality,Soil moisture retrieval was skipped,Soil moisture retrieval was not successful,Freeze/thaw state retrieval was successful,Not used
TM01,25.4479389,-98.01216666666667,2015-08-17,h00v00,463.0,878.0,0.1288692,8.0,Soil moisture retrieval has recommended quality,Soil moisture retrieval was attempted,Soil moisture retrieval was successful,Freeze/thaw state retrieval was not successful,
TM01,25.4479389,-98.01216666666667,2015-08-18,h00v00,463.0,878.0,-9999.0,7.0,Soil moisture retrieval doesn't have recommended quality,Soil moisture retrieval was skipped,Soil moisture retrieval was not successful,Freeze/thaw state retrieval was successful,Not used
TM01,25.4479389,-98.01216666666667,2015-08-19,h00v00,463.0,878.0,0.1035691,8.0,Soil moisture retrieval has recommended quality,Soil moisture retrieval was attempted,Soil moisture retrieval was successful,Freeze/thaw state retrieval was not successful,
TM01,25.4479389,-98.01216666666667,2015-08-20,h00v00,463.0,878.0,0.1244886,9.0,Soil moisture retrieval doesn't have recommended quality,Soil moisture retrieval was attempted,Soil moisture retrieval was successful,Freeze/thaw state retrieval was not successful,
TM01,25.4479389,-98.01216666666667,2015-08-21,h00v00,463.0,878.0,-9999.0,7.0,Soil moisture retrieval doesn't have recommended quality,Soil moisture retrieval was skipped,Soil moisture retrieval was not successful,Freeze/thaw state retrieval was successful,Not used
TM01,25.4479389,-98.01216666666667,2015-08-22,h00v00,463.0,878.0,0.260429,8.0,Soil moisture retrieval has recommended quality,Soil moisture retrieval was attempted,Soil moisture retrieval was successful,Freeze/thaw state retrieval was not successful,
TM01,25.4479389,-98.01216666666667,2015-08-23,h00v00,463.0,878.0,-9999.0,7.0,Soil moisture retrieval doesn't have recommended quality,Soil moisture retrieval was skipped,Soil moisture retrieval was not successful,Freeze/thaw state retrieval was successful,Not used
TM01,25.4479389,-98.01216666666667,2015-08-24,h00v00,463.0,878.0,-9999.0,7.0,Soil moisture retrieval doesn't have recommended quality,Soil moisture retrieval was skipped,Soil moisture retrieval was not successful,Freeze/thaw state retrieval was successful,Not used
TM01,25.4479389,-98.01216666666667,2015-08-25,h00v00,463.0,878.0,0.1715088,8.0,Soil moisture retrieval has recommended quality,Soil moisture retrieval was attempted,Soil moisture retrieval was successful,Freeze/thaw state retrieval was not successful,
TM01,25.4479389,-98.01216666666667,2015-08-26,h00v00,463.0,878.0,-9999.0,7.0,Soil moisture retrieval doesn't have recommended quality,Soil moisture retrieval was skipped,Soil moisture retrieval was not successful,Freeze/thaw state retrieval was successful,Not used
TM01,25.4479389,-98.01216666666667,2015-08-27,h00v00,463.0,878.0,0.1701296,8.0,Soil moisture retrieval has recommended quality,Soil moisture retrieval was attempted,Soil moisture retrieval was successful,Freeze/thaw state retrieval was not successful,
TM01,25.4479389,-98.01216666666667,2015-08-28,h00v00,463.0,878.0,0.1512972,8.0,Soil moisture retrieval has recommended quality,Soil moisture retrieval was attempted,Soil moisture retrieval was successful,Freeze/thaw state retrieval was not successful,
TM01,25.4479389,-98.01216666666667,2015-08-29,h00v00,463.0,878.0,-9999.0,7.0,Soil moisture retrieval doesn't have recommended quality,Soil moisture retrieval was skipped,Soil moisture retrieval was not successful,Freeze/thaw state retrieval was successful,Not used
TM01,25.4479389,-98.01216666666667,2015-08-30,h00v00,463.0,878.0,0.1455921,8.0,Soil moisture retrieval has recommended quality,Soil moisture retrieval was attempted,Soil moisture retrieval was successful,Freeze/thaw state retrieval was not successful,
TM01,25.4479389,-98.01216666666667,2015-08-31,h00v00,463.0,878.0,-9999.0,7.0,Soil moisture retrieval doesn't have recommended quality,Soil moisture retrieval was skipped,Soil moisture retrieval was not successful,Freeze/thaw state retrieval was successful,Not used
TM01,25.4479389,-98.01216666666667,2015-09-01,h00v00,463.0,878.0,-9999.0,7.0,Soil moisture retrieval doesn't have recommended quality,Soil moisture retrieval was skipped,Soil moisture retrieval was not successful,Freeze/thaw state retrieval was successful,Not used
TM01,25.4479389,-98.01216666666667,2015-09-02,h00v00,463.0,878.0,0.3868975,8.0,Soil moisture retrieval has recommended quality,Soil moisture retrieval was attempted,Soil moisture retrieval was successful,Freeze/thaw state retrieval was not successful,
TM01,25.4479389,-98.01216666666667,2015-09-03,h00v00,463.0,878.0,-9999.0,7.0,Soil moisture retrieval doesn't have recommended quality,Soil moisture retrieval was skipped,Soil moisture retrieval was not successful,Freeze/thaw state retrieval was successful,Not used
TM01,25.4479389,-98.01216666666667,2015-09-04,h00v00,463.0,878.0,0.2826236,8.0,Soil moisture retrieval has recommended quality,Soil moisture retrieval was attempted,Soil moisture retrieval was successful,Freeze/thaw state retrieval was not successful,
TM01,25.4479389,-98.01216666666667,2015-09-05,h00v00,463.0,878.0,0.2462059,8.0,Soil moisture retrieval has recommended quality,Soil moisture retrieval was attempted,Soil moisture retrieval was successful,Freeze/thaw state retrieval was not successful,
TM01,25.4479389,-98.01216666666667,2015-09-06,h00v00,463.0,878.0,-9999.0,7.0,Soil moisture retrieval doesn't have recommended quality,Soil moisture retrieval was skipped,Soil moisture retrieval was not successful,Freeze/thaw state retrieval was successful,Not used
TM01,25.4479389,-98.01216666666667,2015-09-07,h00v00,463.0,878.0,0.1891492,8.0,Soil moisture retrieval has recommended quality,Soil moisture retrieval was attempted,Soil moisture retrieval was successful,Freeze/thaw state retrieval was not successful,
TM01,25.4479389,-98.01216666666667,2015-09-08,h00v00,463.0,878.0,-9999.0,7.0,Soil moisture retrieval doesn't have recommended quality,Soil moisture retrieval was skipped,Soil moisture retrieval was not successful,Freeze/thaw state retrieval was successful,Not used
TM01,25.4479389,-98.01216666666667,2015-09-09,h00v00,463.0,878.0,-9999.0,7.0,Soil moisture retrieval doesn't have recommended quality,Soil moisture retrieval was skipped,Soil moisture retrieval was not successful,Freeze/thaw state retrieval was successful,Not used
TM01,25.4479389,-98.01216666666667,2015-09-10,h00v00,463.0,878.0,0.1600945,8.0,Soil moisture retrieval has recommended quality,Soil moisture retrieval was attempted,Soil moisture retrieval was successful,Freeze/thaw state retrieval was not successful,
TM01,25.4479389,-98.01216666666667,2015-09-11,h00v00,463.0,878.0,-9999.0,7.0,Soil moisture retrieval doesn't have recommended quality,Soil moisture retrieval was skipped,Soil moisture retrieval was not successful,Freeze/thaw state retrieval was successful,Not used
TM01,25.4479389,-98.01216666666667,2015-09-12,h00v00,463.0,878.0,0.4051686,13.0,Soil moisture retrieval doesn't have recommended quality,Soil moisture retrieval was attempted,Soil moisture retrieval was not successful,Freeze/thaw state retrieval was not successful,
TM01,25.4479389,-98.01216666666667,2015-09-13,h00v00,463.0,878.0,0.4003437,13.0,Soil moisture retrieval doesn't have recommended quality,Soil moisture retrieval was attempted,Soil moisture retrieval was not successful,Freeze/thaw state retrieval was not successful,
TM01,25.4479389,-98.01216666666667,2015-09-14,h00v00,463.0,878.0,-9999.0,7.0,Soil moisture retrieval doesn't have recommended quality,Soil moisture retrieval was skipped,Soil moisture retrieval was not successful,Freeze/thaw state retrieval was successful,Not used
TM01,25.4479389,-98.01216666666667,2015-09-15,h00v00,463.0,878.0,0.3938119,13.0,Soil moisture retrieval doesn't have recommended quality,Soil moisture retrieval was attempted,Soil moisture retrieval was not successful,Freeze/thaw state retrieval was not successful,
TM01,25.4479389,-98.01216666666667,2015-09-16,h00v00,463.0,878.0,-9999.0,7.0,Soil moisture retrieval doesn't have recommended quality,Soil moisture retrieval was skipped,Soil moisture retrieval was not successful,Freeze/thaw state retrieval was successful,Not used
TM01,25.4479389,-98.01216666666667,2015-09-17,h00v00,463.0,878.0,-9999.0,7.0,Soil moisture retrieval doesn't have recommended quality,Soil moisture retrieval was skipped,Soil moisture retrieval was not successful,Freeze/thaw state retrieval was successful,Not used
TM01,25.4479389,-98.01216666666667,2015-09-18,h00v00,463.0,878.0,0.3935407,13.0,Soil moisture retrieval doesn't have recommended quality,Soil moisture retrieval was attempted,Soil moisture retrieval was not successful,Freeze/thaw state retrieval was not successful,
TM01,25.4479389,-98.01216666666667,2015-09-19,h00v00,463.0,878.0,-9999.0,7.0,Soil moisture retrieval doesn't have recommended quality,Soil moisture retrieval was skipped,Soil moisture retrieval was not successful,Freeze/thaw state retrieval was successful,Not used
TM01,25.4479389,-98.01216666666667,2015-09-20,h00v00,463.0,878.0,0.2955139,8.0,Soil moisture retrieval has recommended quality,Soil moisture retrieval was attempted,Soil moisture retrieval was successful,Freeze/thaw state retrieval was not successful,
TM01,25.4479389,-98.01216666666667,2015-09-21,h00v00,463.0,878.0,0.2465915,8.0,Soil moisture retrieval has recommended quality,Soil moisture retrieval was attempted,Soil moisture retrieval was successful,Freeze/thaw state retrieval was not successful,
TM01,25.4479389,-98.01216666666667,2015-09-22,h00v00,463.0,878.0,-9999.0,7.0,Soil moisture retrieval doesn't have recommended quality,Soil moisture retrieval was skipped,Soil moisture retrieval was not successful,Freeze/thaw state retrieval was successful,Not used
TM01,25.4479389,-98.01216666666667,2015-09-23,h00v00,463.0,878.0,0.312663,8.0,Soil moisture retrieval has recommended quality,Soil moisture retrieval was attempted,Soil moisture retrieval was successful,Freeze/thaw state retrieval was not successful,
TM01,25.4479389,-98.01216666666667,2015-09-24,h00v00,463.0,878.0,-9999.0,7.0,Soil moisture retrieval doesn't have recommended quality,Soil moisture retrieval was skipped,Soil moisture retrieval was not successful,Freeze/thaw state retrieval was successful,Not used
TM01,25.4479389,-98.01216666666667,2015-09-25,h00v00,463.0,878.0,-9999.0,7.0,Soil moisture retrieval doesn't have recommended quality,Soil moisture retrieval was skipped,Soil moisture retrieval was not successful,Freeze/thaw state retrieval was successful,Not used
TM01,25.4479389,-98.01216666666667,2015-09-26,h00v00,463.0,878.0,0.2378033,8.0,Soil moisture retrieval has recommended quality,Soil moisture retrieval was attempted,Soil moisture retrieval was successful,Freeze/thaw state retrieval was not successful,
TM01,25.4479389,-98.01216666666667,2015-09-27,h00v00,463.0,878.0,-9999.0,7.0,Soil moisture retrieval doesn't have recommended quality,Soil moisture retrieval was skipped,Soil moisture retrieval was not successful,Freeze/thaw state retrieval was successful,Not used
TM01,25.4479389,-98.01216666666667,2015-09-28,h00v00,463.0,878.0,0.2260363,8.0,Soil moisture retrieval has recommended quality,Soil moisture retrieval was attempted,Soil moisture retrieval was successful,Freeze/thaw state retrieval was not successful,
TM01,25.4479389,-98.01216666666667,2015-09-29,h00v00,463.0,878.0,0.1907879,8.0,Soil moisture retrieval has recommended quality,Soil moisture retrieval was attempted,Soil moisture retrieval was successful,Freeze/thaw state retrieval was not successful,
TM01,25.4479389,-98.01216666666667,2015-09-30,h00v00,463.0,878.0,-9999.0,7.0,Soil moisture retrieval doesn't have recommended quality,Soil moisture retrieval was skipped,Soil moisture retrieval was not successful,Freeze/thaw state retrieval was successful,Not used
TM01,25.4479389,-98.01216666666667,2015-10-01,h00v00,463.0,878.0,0.1858702,8.0,Soil moisture retrieval has recommended quality,Soil moisture retrieval was attempted,Soil moisture retrieval was successful,Freeze/thaw state retrieval was not successful,
TM01,25.4479389,-98.01216666666667,2015-10-02,h00v00,463.0,878.0,-9999.0,7.0,Soil moisture retrieval doesn't have recommended quality,Soil moisture retrieval was skipped,Soil moisture retrieval was not successful,Freeze/thaw state retrieval was successful,Not used
TM01,25.4479389,-98.01216666666667,2015-10-03,h00v00,463.0,878.0,-9999.0,7.0,Soil moisture retrieval doesn't have recommended quality,Soil moisture retrieval was skipped,Soil moisture retrieval was not successful,Freeze/thaw state retrieval was successful,Not used
TM01,25.4479389,-98.01216666666667,2015-10-04,h00v00,463.0,878.0,0.1640671,8.0,Soil moisture retrieval has recommended quality,Soil moisture retrieval was attempted,Soil moisture retrieval was successful,Freeze/thaw state retrieval was not successful,
TM01,25.4479389,-98.01216666666667,2015-10-05,h00v00,463.0,878.0,-9999.0,7.0,Soil moisture retrieval doesn't have recommended quality,Soil moisture retrieval was skipped,Soil moisture retrieval was not successful,Freeze/thaw state retrieval was successful,Not used
TM01,25.4479389,-98.01216666666667,2015-10-06,h00v00,463.0,878.0,0.1291398,8.0,Soil moisture retrieval has recommended quality,Soil moisture retrieval was attempted,Soil moisture retrieval was successful,Freeze/thaw state retrieval was not successful,
TM01,25.4479389,-98.01216666666667,2015-10-07,h00v00,463.0,878.0,0.1152709,8.0,Soil moisture retrieval has recommended quality,Soil moisture retrieval was attempted,Soil moisture retrieval was successful,Freeze/thaw state retrieval was not successful,
TM01,25.4479389,-98.01216666666667,2015-10-08,h00v00,463.0,878.0,-9999.0,7.0,Soil moisture retrieval doesn't have recommended quality,Soil moisture retrieval was skipped,Soil moisture retrieval was not successful,Freeze/thaw state retrieval was successful,Not used
TM01,25.4479389,-98.01216666666667,2015-10-09,h00v00,463.0,878.0,0.1904454,8.0,Soil moisture retrieval has recommended quality,Soil moisture retrieval was attempted,Soil moisture retrieval was successful,Freeze/thaw state retrieval was not successful,
TM01,25.4479389,-98.01216666666667,2015-10-10,h00v00,463.0,878.0,-9999.0,7.0,Soil moisture retrieval doesn't have recommended quality,Soil moisture retrieval was skipped,Soil moisture retrieval was not successful,Freeze/thaw state retrieval was successful,Not used
TM01,25.4479389,-98.01216666666667,2015-10-11,h00v00,463.0,878.0,-9999.0,7.0,Soil moisture retrieval doesn't have recommended quality,Soil moisture retrieval was skipped,Soil moisture retrieval was not successful,Freeze/thaw state retrieval was successful,Not used
TM01,25.4479389,-98.01216666666667,2015-10-12,h00v00,463.0,878.0,0.2187358,8.0,Soil moisture retrieval has recommended quality,Soil moisture retrieval was attempted,Soil moisture retrieval was successful,Freeze/thaw state retrieval was not successful,
TM01,25.4479389,-98.01216666666667,2015-10-13,h00v00,463.0,878.0,-9999.0,7.0,Soil moisture retrieval doesn't have recommended quality,Soil moisture retrieval was skipped,Soil moisture retrieval was not successful,Freeze/thaw state retrieval was successful,Not used
TM01,25.4479389,-98.01216666666667,2015-10-14,h00v00,463.0,878.0,0.2676457,8.0,Soil moisture retrieval has recommended quality,Soil moisture retrieval was attempted,Soil moisture retrieval was successful,Freeze/thaw state retrieval was not successful,
TM01,25.4479389,-98.01216666666667,2015-10-15,h00v00,463.0,878.0,0.2039578,8.0,Soil moisture retrieval has recommended quality,Soil moisture retrieval was attempted,Soil moisture retrieval was successful,Freeze/thaw state retrieval was not successful,
TM01,25.4479389,-98.01216666666667,2015-10-16,h00v00,463.0,878.0,-9999.0,7.0,Soil moisture retrieval doesn't have recommended quality,Soil moisture retrieval was skipped,Soil moisture retrieval was not successful,Freeze/thaw state retrieval was successful,Not used
TM01,25.4479389,-98.01216666666667,2015-10-17,h00v00,463.0,878.0,0.2823429,8.0,Soil moisture retrieval has recommended quality,Soil moisture retrieval was attempted,Soil moisture retrieval was successful,Freeze/thaw state retrieval was not successful,
TM01,25.4479389,-98.01216666666667,2015-10-18,h00v00,463.0,878.0,-9999.0,7.0,Soil moisture retrieval doesn't have recommended quality,Soil moisture retrieval was skipped,Soil moisture retrieval was not successful,Freeze/thaw state retrieval was successful,Not used
TM01,25.4479389,-98.01216666666667,2015-10-19,h00v00,463.0,878.0,-9999.0,7.0,Soil moisture retrieval doesn't have recommended quality,Soil moisture retrieval was skipped,Soil moisture retrieval was not successful,Freeze/thaw state retrieval was successful,Not used
TM01,25.4479389,-98.01216666666667,2015-10-20,h00v00,463.0,878.0,0.1902904,8.0,Soil moisture retrieval has recommended quality,Soil moisture retrieval was attempted,Soil moisture retrieval was successful,Freeze/thaw state retrieval was not successful,
TM01,25.4479389,-98.01216666666667,2015-10-21,h00v00,463.0,878.0,-9999.0,7.0,Soil moisture retrieval doesn't have recommended quality,Soil moisture retrieval was skipped,Soil moisture retrieval was not successful,Freeze/thaw state retrieval was successful,Not used
TM01,25.4479389,-98.01216666666667,2015-10-22,h00v00,463.0,878.0,0.2102835,8.0,Soil moisture retrieval has recommended quality,Soil moisture retrieval was attempted,Soil moisture retrieval was successful,Freeze/thaw state retrieval was not successful,
TM01,25.4479389,-98.01216666666667,2015-10-23,h00v00,463.0,878.0,-9999.0,7.0,Soil moisture retrieval doesn't have recommended quality,Soil moisture retrieval was skipped,Soil moisture retrieval was not successful,Freeze/thaw state retrieval was successful,Not used
TM01,25.4479389,-98.01216666666667,2015-10-24,h00v00,463.0,878.0,-9999.0,7.0,Soil moisture retrieval doesn't have recommended quality,Soil moisture retrieval was skipped,Soil moisture retrieval was not successful,Freeze/thaw state retrieval was successful,Not used
TM01,25.4479389,-98.01216666666667,2015-10-25,h00v00,463.0,878.0,-9999.0,7.0,Soil moisture retrieval doesn't have recommended quality,Soil moisture retrieval was skipped,Soil moisture retrieval was not successful,Freeze/thaw state retrieval was successful,Not used
TM01,25.4479389,-98.01216666666667,2015-10-26,h00v00,463.0,878.0,-9999.0,7.0,Soil moisture retrieval doesn't have recommended quality,Soil moisture retrieval was skipped,Soil moisture retrieval was not successful,Freeze/thaw state retrieval was successful,Not used
TM01,25.4479389,-98.01216666666667,2015-10-27,h00v00,463.0,878.0,-9999.0,7.0,Soil moisture retrieval doesn't have recommended quality,Soil moisture retrieval was skipped,Soil moisture retrieval was not successful,Freeze/thaw state retrieval was successful,Not used
TM01,25.4479389,-98.01216666666667,2015-10-28,h00v00,463.0,878.0,0.4051686,13.0,Soil moisture retrieval doesn't have recommended quality,Soil moisture retrieval was attempted,Soil moisture retrieval was not successful,Freeze/thaw state retrieval was not successful,
TM01,25.4479389,-98.01216666666667,2015-10-29,h00v00,463.0,878.0,-9999.0,7.0,Soil moisture retrieval doesn't have recommended quality,Soil moisture retrieval was skipped,Soil moisture retrieval was not successful,Freeze/thaw state retrieval was successful,Not used
TM01,25.4479389,-98.01216666666667,2015-10-30,h00v00,463.0,878.0,0.4051686,13.0,Soil moisture retrieval doesn't have recommended quality,Soil moisture retrieval was attempted,Soil moisture retrieval was not successful,Freeze/thaw state retrieval was not successful,
TM01,25.4479389,-98.01216666666667,2015-10-31,h00v00,463.0,878.0,0.4051686,13.0,Soil moisture retrieval doesn't have recommended quality,Soil moisture retrieval was attempted,Soil moisture retrieval was not successful,Freeze/thaw state retrieval was not successful,
TM01,25.4479389,-98.01216666666667,2015-11-01,h00v00,463.0,878.0,-9999.0,7.0,Soil moisture retrieval doesn't have recommended quality,Soil moisture retrieval was skipped,Soil moisture retrieval was not successful,Freeze/thaw state retrieval was successful,Not used
TM01,25.4479389,-98.01216666666667,2015-11-02,h00v00,463.0,878.0,0.4051686,13.0,Soil moisture retrieval doesn't have recommended quality,Soil moisture retrieval was attempted,Soil moisture retrieval was not successful,Freeze/thaw state retrieval was not successful,
TM01,25.4479389,-98.01216666666667,2015-11-03,h00v00,463.0,878.0,-9999.0,7.0,Soil moisture retrieval doesn't have recommended quality,Soil moisture retrieval was skipped,Soil moisture retrieval was not successful,Freeze/thaw state retrieval was successful,Not used
TM01,25.4479389,-98.01216666666667,2015-11-04,h00v00,463.0,878.0,-9999.0,7.0,Soil moisture retrieval doesn't have recommended quality,Soil moisture retrieval was skipped,Soil moisture retrieval was not successful,Freeze/thaw state retrieval was successful,Not used
TM01,25.4479389,-98.01216666666667,2015-11-05,h00v00,463.0,878.0,0.4051686,13.0,Soil moisture retrieval doesn't have recommended quality,Soil moisture retrieval was attempted,Soil moisture retrieval was not successful,Freeze/thaw state retrieval was not successful,
TM01,25.4479389,-98.01216666666667,2015-11-06,h00v00,463.0,878.0,-9999.0,7.0,Soil moisture retrieval doesn't have recommended quality,Soil moisture retrieval was skipped,Soil moisture retrieval was not successful,Freeze/thaw state retrieval was successful,Not used
TM01,25.4479389,-98.01216666666667,2015-11-07,h00v00,463.0,878.0,0.3795717,13.0,Soil moisture retrieval doesn't have recommended quality,Soil moisture retrieval was attempted,Soil moisture retrieval was not successful,Freeze/thaw state retrieval was not successful,
TM01,25.4479389,-98.01216666666667,2015-11-08,h00v00,463.0,878.0,0.4051686,13.0,Soil moisture retrieval doesn't have recommended quality,Soil moisture retrieval was attempted,Soil moisture retrieval was not successful,Freeze/thaw state retrieval was not successful,
TM01,25.4479389,-98.01216666666667,2015-11-09,h00v00,463.0,878.0,-9999.0,7.0,Soil moisture retrieval doesn't have recommended quality,Soil moisture retrieval was skipped,Soil moisture retrieval was not successful,Freeze/thaw state retrieval was successful,Not used
TM01,25.4479389,-98.01216666666667,2015-11-10,h00v00,463.0,878.0,0.3938705,13.0,Soil moisture retrieval doesn't have recommended quality,Soil moisture retrieval was attempted,Soil moisture retrieval was not successful,Freeze/thaw state retrieval was not successful,
TM01,25.4479389,-98.01216666666667,2015-11-11,h00v00,463.0,878.0,-9999.0,7.0,Soil moisture retrieval doesn't have recommended quality,Soil moisture retrieval was skipped,Soil moisture retrieval was not successful,Freeze/thaw state retrieval was successful,Not used
TM01,25.4479389,-98.01216666666667,2015-11-12,h00v00,463.0,878.0,-9999.0,7.0,Soil moisture retrieval doesn't have recommended quality,Soil moisture retrieval was skipped,Soil moisture retrieval was not successful,Freeze/thaw state retrieval was successful,Not used
TM01,25.4479389,-98.01216666666667,2015-11-13,h00v00,463.0,878.0,0.3891498,13.0,Soil moisture retrieval doesn't have recommended quality,Soil moisture retrieval was attempted,Soil moisture retrieval was not successful,Freeze/thaw state retrieval was not successful,
TM01,25.4479389,-98.01216666666667,2015-11-14,h00v00,463.0,878.0,-9999.0,7.0,Soil moisture retrieval doesn't have recommended quality,Soil moisture retrieval was skipped,Soil moisture retrieval was not successful,Freeze/thaw state retrieval was successful,Not used
TM01,25.4479389,-98.01216666666667,2015-11-15,h00v00,463.0,878.0,0.3363503,13.0,Soil moisture retrieval doesn't have recommended quality,Soil moisture retrieval was attempted,Soil moisture retrieval was not successful,Freeze/thaw state retrieval was not successful,
TM01,25.4479389,-98.01216666666667,2015-11-16,h00v00,463.0,878.0,0.303072,13.0,Soil moisture retrieval doesn't have recommended quality,Soil moisture retrieval was attempted,Soil moisture retrieval was not successful,Freeze/thaw state retrieval was not successful,
TM01,25.4479389,-98.01216666666667,2015-11-17,h00v00,463.0,878.0,-9999.0,7.0,Soil moisture retrieval doesn't have recommended quality,Soil moisture retrieval was skipped,Soil moisture retrieval was not successful,Freeze/thaw state retrieval was successful,Not used
TM01,25.4479389,-98.01216666666667,2015-11-18,h00v00,463.0,878.0,0.2445978,8.0,Soil moisture retrieval has recommended quality,Soil moisture retrieval was attempted,Soil moisture retrieval was successful,Freeze/thaw state retrieval was not successful,
TM01,25.4479389,-98.01216666666667,2015-11-19,h00v00,463.0,878.0,-9999.0,7.0,Soil moisture retrieval doesn't have recommended quality,Soil moisture retrieval was skipped,Soil moisture retrieval was not successful,Freeze/thaw state retrieval was successful,Not used
TM01,25.4479389,-98.01216666666667,2015-11-20,h00v00,463.0,878.0,-9999.0,7.0,Soil moisture retrieval doesn't have recommended quality,Soil moisture retrieval was skipped,Soil moisture retrieval was not successful,Freeze/thaw state retrieval was successful,Not used
TM01,25.4479389,-98.01216666666667,2015-11-21,h00v00,463.0,878.0,0.4051686,13.0,Soil moisture retrieval doesn't have recommended quality,Soil moisture retrieval was attempted,Soil moisture retrieval was not successful,Freeze/thaw state retrieval was not successful,
TM01,25.4479389,-98.01216666666667,2015-11-22,h00v00,463.0,878.0,-9999.0,7.0,Soil moisture retrieval doesn't have recommended quality,Soil moisture retrieval was skipped,Soil moisture retrieval was not successful,Freeze/thaw state retrieval was successful,Not used
TM01,25.4479389,-98.01216666666667,2015-11-23,h00v00,463.0,878.0,0.3887508,13.0,Soil moisture retrieval doesn't have recommended quality,Soil moisture retrieval was attempted,Soil moisture retrieval was not successful,Freeze/thaw state retrieval was not successful,
TM01,25.4479389,-98.01216666666667,2015-11-24,h00v00,463.0,878.0,0.3450043,13.0,Soil moisture retrieval doesn't have recommended quality,Soil moisture retrieval was attempted,Soil moisture retrieval was not successful,Freeze/thaw state retrieval was not successful,
TM01,25.4479389,-98.01216666666667,2015-11-25,h00v00,463.0,878.0,-9999.0,7.0,Soil moisture retrieval doesn't have recommended quality,Soil moisture retrieval was skipped,Soil moisture retrieval was not successful,Freeze/thaw state retrieval was successful,Not used
TM01,25.4479389,-98.01216666666667,2015-11-26,h00v00,463.0,878.0,0.2961743,13.0,Soil moisture retrieval doesn't have recommended quality,Soil moisture retrieval was attempted,Soil moisture retrieval was not successful,Freeze/thaw state retrieval was not successful,
TM01,25.4479389,-98.01216666666667,2015-11-27,h00v00,463.0,878.0,-9999.0,7.0,Soil moisture retrieval doesn't have recommended quality,Soil moisture retrieval was skipped,Soil moisture retrieval was not successful,Freeze/thaw state retrieval was successful,Not used
TM01,25.4479389,-98.01216666666667,2015-11-28,h00v00,463.0,878.0,-9999.0,7.0,Soil moisture retrieval doesn't have recommended quality,Soil moisture retrieval was skipped,Soil moisture retrieval was not successful,Freeze/thaw state retrieval was successful,Not used
TM01,25.4479389,-98.01216666666667,2015-11-29,h00v00,463.0,878.0,0.3754257,13.0,Soil moisture retrieval doesn't have recommended quality,Soil moisture retrieval was attempted,Soil moisture retrieval was not successful,Freeze/thaw state retrieval was not successful,
TM01,25.4479389,-98.01216666666667,2015-11-30,h00v00,463.0,878.0,-9999.0,7.0,Soil moisture retrieval doesn't have recommended quality,Soil moisture retrieval was skipped,Soil moisture retrieval was not successful,Freeze/thaw state retrieval was successful,Not used
TM01,25.4479389,-98.01216666666667,2015-12-01,h00v00,463.0,878.0,0.3161186,13.0,Soil moisture retrieval doesn't have recommended quality,Soil moisture retrieval was attempted,Soil moisture retrieval was not successful,Freeze/thaw state retrieval was not successful,
TM01,25.4479389,-98.01216666666667,2015-12-02,h00v00,463.0,878.0,0.3235799,13.0,Soil moisture retrieval doesn't have recommended quality,Soil moisture retrieval was attempted,Soil moisture retrieval was not successful,Freeze/thaw state retrieval was not successful,
TM01,25.4479389,-98.01216666666667,2015-12-03,h00v00,463.0,878.0,-9999.0,7.0,Soil moisture retrieval doesn't have recommended quality,Soil moisture retrieval was skipped,Soil moisture retrieval was not successful,Freeze/thaw state retrieval was successful,Not used
TM01,25.4479389,-98.01216666666667,2015-12-04,h00v00,463.0,878.0,0.2547899,8.0,Soil moisture retrieval has recommended quality,Soil moisture retrieval was attempted,Soil moisture retrieval was successful,Freeze/thaw state retrieval was not successful,
TM01,25.4479389,-98.01216666666667,2015-12-05,h00v00,463.0,878.0,-9999.0,7.0,Soil moisture retrieval doesn't have recommended quality,Soil moisture retrieval was skipped,Soil moisture retrieval was not successful,Freeze/thaw state retrieval was successful,Not used
TM01,25.4479389,-98.01216666666667,2015-12-06,h00v00,463.0,878.0,-9999.0,7.0,Soil moisture retrieval doesn't have recommended quality,Soil moisture retrieval was skipped,Soil moisture retrieval was not successful,Freeze/thaw state retrieval was successful,Not used
TM01,25.4479389,-98.01216666666667,2015-12-07,h00v00,463.0,878.0,0.2171332,8.0,Soil moisture retrieval has recommended quality,Soil moisture retrieval was attempted,Soil moisture retrieval was successful,Freeze/thaw state retrieval was not successful,
TM01,25.4479389,-98.01216666666667,2015-12-08,h00v00,463.0,878.0,-9999.0,7.0,Soil moisture retrieval doesn't have recommended quality,Soil moisture retrieval was skipped,Soil moisture retrieval was not successful,Freeze/thaw state retrieval was successful,Not used
TM01,25.4479389,-98.01216666666667,2015-12-09,h00v00,463.0,878.0,0.1856593,8.0,Soil moisture retrieval has recommended quality,Soil moisture retrieval was attempted,Soil moisture retrieval was successful,Freeze/thaw state retrieval was not successful,
TM01,25.4479389,-98.01216666666667,2015-12-10,h00v00,463.0,878.0,0.1928461,8.0,Soil moisture retrieval has recommended quality,Soil moisture retrieval was attempted,Soil moisture retrieval was successful,Freeze/thaw state retrieval was not successful,
TM01,25.4479389,-98.01216666666667,2015-12-11,h00v00,463.0,878.0,-9999.0,7.0,Soil moisture retrieval doesn't have recommended quality,Soil moisture retrieval was skipped,Soil moisture retrieval was not successful,Freeze/thaw state retrieval was successful,Not used
TM01,25.4479389,-98.01216666666667,2015-12-12,h00v00,463.0,878.0,0.1793715,8.0,Soil moisture retrieval has recommended quality,Soil moisture retrieval was attempted,Soil moisture retrieval was successful,Freeze/thaw state retrieval was not successful,
TM01,25.4479389,-98.01216666666667,2015-12-13,h00v00,463.0,878.0,-9999.0,7.0,Soil moisture retrieval doesn't have recommended quality,Soil moisture retrieval was skipped,Soil moisture retrieval was not successful,Freeze/thaw state retrieval was successful,Not used
TM01,25.4479389,-98.01216666666667,2015-12-14,h00v00,463.0,878.0,-9999.0,7.0,Soil moisture retrieval doesn't have recommended quality,Soil moisture retrieval was skipped,Soil moisture retrieval was not successful,Freeze/thaw state retrieval was successful,Not used
TM01,25.4479389,-98.01216666666667,2015-12-15,h00v00,463.0,878.0,-9999.0,7.0,Soil moisture retrieval doesn't have recommended quality,Soil moisture retrieval was skipped,Soil moisture retrieval was not successful,Freeze/thaw state retrieval was successful,Not used
TM01,25.4479389,-98.01216666666667,2015-12-17,h00v00,463.0,878.0,-9999.0,7.0,Soil moisture retrieval doesn't have recommended quality,Soil moisture retrieval was skipped,Soil moisture retrieval was not successful,Freeze/thaw state retrieval was successful,Not used
TM01,25.4479389,-98.01216666666667,2015-12-18,h00v00,463.0,878.0,0.1542418,8.0,Soil moisture retrieval has recommended quality,Soil moisture retrieval was attempted,Soil moisture retrieval was successful,Freeze/thaw state retrieval was not successful,
TM01,25.4479389,-98.01216666666667,2015-12-19,h00v00,463.0,878.0,-9999.0,7.0,Soil moisture retrieval doesn't have recommended quality,Soil moisture retrieval was skipped,Soil moisture retrieval was not successful,Freeze/thaw state retrieval was successful,Not used
TM01,25.4479389,-98.01216666666667,2015-12-20,h00v00,463.0,878.0,0.1317366,8.0,Soil moisture retrieval has recommended quality,Soil moisture retrieval was attempted,Soil moisture retrieval was successful,Freeze/thaw state retrieval was not successful,
TM01,25.4479389,-98.01216666666667,2015-12-21,h00v00,463.0,878.0,-9999.0,7.0,Soil moisture retrieval doesn't have recommended quality,Soil moisture retrieval was skipped,Soil moisture retrieval was not successful,Freeze/thaw state retrieval was successful,Not used
TM01,25.4479389,-98.01216666666667,2015-12-22,h00v00,463.0,878.0,-9999.0,7.0,Soil moisture retrieval doesn't have recommended quality,Soil moisture retrieval was skipped,Soil moisture retrieval was not successful,Freeze/thaw state retrieval was successful,Not used
TM01,25.4479389,-98.01216666666667,2015-12-23,h00v00,463.0,878.0,0.1468092,8.0,Soil moisture retrieval has recommended quality,Soil moisture retrieval was attempted,Soil moisture retrieval was successful,Freeze/thaw state retrieval was not successful,
TM01,25.4479389,-98.01216666666667,2015-12-24,h00v00,463.0,878.0,-9999.0,7.0,Soil moisture retrieval doesn't have recommended quality,Soil moisture retrieval was skipped,Soil moisture retrieval was not successful,Freeze/thaw state retrieval was successful,Not used
TM01,25.4479389,-98.01216666666667,2015-12-25,h00v00,463.0,878.0,0.1314853,8.0,Soil moisture retrieval has recommended quality,Soil moisture retrieval was attempted,Soil moisture retrieval was successful,Freeze/thaw state retrieval was not successful,
TM01,25.4479389,-98.01216666666667,2015-12-26,h00v00,463.0,878.0,0.1327309,8.0,Soil moisture retrieval has recommended quality,Soil moisture retrieval was attempted,Soil moisture retrieval was successful,Freeze/thaw state retrieval was not successful,
TM01,25.4479389,-98.01216666666667,2015-12-27,h00v00,463.0,878.0,-9999.0,7.0,Soil moisture retrieval doesn't have recommended quality,Soil moisture retrieval was skipped,Soil moisture retrieval was not successful,Freeze/thaw state retrieval was successful,Not used
TM01,25.4479389,-98.01216666666667,2015-12-28,h00v00,463.0,878.0,0.1445369,8.0,Soil moisture retrieval has recommended quality,Soil moisture retrieval was attempted,Soil moisture retrieval was successful,Freeze/thaw state retrieval was not successful,
TM01,25.4479389,-98.01216666666667,2015-12-29,h00v00,463.0,878.0,-9999.0,7.0,Soil moisture retrieval doesn't have recommended quality,Soil moisture retrieval was skipped,Soil moisture retrieval was not successful,Freeze/thaw state retrieval was successful,Not used
TM01,25.4479389,-98.01216666666667,2015-12-30,h00v00,463.0,878.0,-9999.0,7.0,Soil moisture retrieval doesn't have recommended quality,Soil moisture retrieval was skipped,Soil moisture retrieval was not successful,Freeze/thaw state retrieval was successful,Not used
TM01,25.4479389,-98.01216666666667,2015-12-31,h00v00,463.0,878.0,0.2294517,8.0,Soil moisture retrieval has recommended quality,Soil moisture retrieval was attempted,Soil moisture retrieval was successful,Freeze/thaw state retrieval was not successful,
TM01,25.4479389,-98.01216666666667,2016-01-01,h00v00,463.0,878.0,-9999.0,7.0,Soil moisture retrieval doesn't have recommended quality,Soil moisture retrieval was skipped,Soil moisture retrieval was not successful,Freeze/thaw state retrieval was successful,Not used
TM01,25.4479389,-98.01216666666667,2016-01-02,h00v00,463.0,878.0,0.2378213,8.0,Soil moisture retrieval has recommended quality,Soil moisture retrieval was attempted,Soil moisture retrieval was successful,Freeze/thaw state retrieval was not successful,
TM01,25.4479389,-98.01216666666667,2016-01-03,h00v00,463.0,878.0,0.310106,13.0,Soil moisture retrieval doesn't have recommended quality,Soil moisture retrieval was attempted,Soil moisture retrieval was not successful,Freeze/thaw state retrieval was not successful,
TM01,25.4479389,-98.01216666666667,2016-01-04,h00v00,463.0,878.0,-9999.0,7.0,Soil moisture retrieval doesn't have recommended quality,Soil moisture retrieval was skipped,Soil moisture retrieval was not successful,Freeze/thaw state retrieval was successful,Not used
TM01,25.4479389,-98.01216666666667,2016-01-05,h00v00,463.0,878.0,0.2385441,13.0,Soil moisture retrieval doesn't have recommended quality,Soil moisture retrieval was attempted,Soil moisture retrieval was not successful,Freeze/thaw state retrieval was not successful,
TM01,25.4479389,-98.01216666666667,2016-01-06,h00v00,463.0,878.0,-9999.0,7.0,Soil moisture retrieval doesn't have recommended quality,Soil moisture retrieval was skipped,Soil moisture retrieval was not successful,Freeze/thaw state retrieval was successful,Not used
TM01,25.4479389,-98.01216666666667,2016-01-07,h00v00,463.0,878.0,-9999.0,7.0,Soil moisture retrieval doesn't have recommended quality,Soil moisture retrieval was skipped,Soil moisture retrieval was not successful,Freeze/thaw state retrieval was successful,Not used
TM01,25.4479389,-98.01216666666667,2016-01-08,h00v00,463.0,878.0,0.2176819,8.0,Soil moisture retrieval has recommended quality,Soil moisture retrieval was attempted,Soil moisture retrieval was successful,Freeze/thaw state retrieval was not successful,
TM01,25.4479389,-98.01216666666667,2016-01-09,h00v00,463.0,878.0,-9999.0,7.0,Soil moisture retrieval doesn't have recommended quality,Soil moisture retrieval was skipped,Soil moisture retrieval was not successful,Freeze/thaw state retrieval was successful,Not used
TM01,25.4479389,-98.01216666666667,2016-01-10,h00v00,463.0,878.0,0.1914822,8.0,Soil moisture retrieval has recommended quality,Soil moisture retrieval was attempted,Soil moisture retrieval was successful,Freeze/thaw state retrieval was not successful,
TM01,25.4479389,-98.01216666666667,2016-01-11,h00v00,463.0,878.0,0.1577382,8.0,Soil moisture retrieval has recommended quality,Soil moisture retrieval was attempted,Soil moisture retrieval was successful,Freeze/thaw state retrieval was not successful,
TM01,25.4479389,-98.01216666666667,2016-01-12,h00v00,463.0,878.0,-9999.0,7.0,Soil moisture retrieval doesn't have recommended quality,Soil moisture retrieval was skipped,Soil moisture retrieval was not successful,Freeze/thaw state retrieval was successful,Not used
TM01,25.4479389,-98.01216666666667,2016-01-13,h00v00,463.0,878.0,0.2144175,8.0,Soil moisture retrieval has recommended quality,Soil moisture retrieval was attempted,Soil moisture retrieval was successful,Freeze/thaw state retrieval was not successful,
TM01,25.4479389,-98.01216666666667,2016-01-14,h00v00,463.0,878.0,-9999.0,7.0,Soil moisture retrieval doesn't have recommended quality,Soil moisture retrieval was skipped,Soil moisture retrieval was not successful,Freeze/thaw state retrieval was successful,Not used
TM01,25.4479389,-98.01216666666667,2016-01-15,h00v00,463.0,878.0,-9999.0,7.0,Soil moisture retrieval doesn't have recommended quality,Soil moisture retrieval was skipped,Soil moisture retrieval was not successful,Freeze/thaw state retrieval was successful,Not used
TM01,25.4479389,-98.01216666666667,2016-01-16,h00v00,463.0,878.0,0.1787187,8.0,Soil moisture retrieval has recommended quality,Soil moisture retrieval was attempted,Soil moisture retrieval was successful,Freeze/thaw state retrieval was not successful,
TM01,25.4479389,-98.01216666666667,2016-01-17,h00v00,463.0,878.0,-9999.0,7.0,Soil moisture retrieval doesn't have recommended quality,Soil moisture retrieval was skipped,Soil moisture retrieval was not successful,Freeze/thaw state retrieval was successful,Not used
TM01,25.4479389,-98.01216666666667,2016-01-18,h00v00,463.0,878.0,0.1683729,8.0,Soil moisture retrieval has recommended quality,Soil moisture retrieval was attempted,Soil moisture retrieval was successful,Freeze/thaw state retrieval was not successful,
TM01,25.4479389,-98.01216666666667,2016-01-19,h00v00,463.0,878.0,0.1730952,8.0,Soil moisture retrieval has recommended quality,Soil moisture retrieval was attempted,Soil moisture retrieval was successful,Freeze/thaw state retrieval was not successful,
TM01,25.4479389,-98.01216666666667,2016-01-20,h00v00,463.0,878.0,-9999.0,7.0,Soil moisture retrieval doesn't have recommended quality,Soil moisture retrieval was skipped,Soil moisture retrieval was not successful,Freeze/thaw state retrieval was successful,Not used
TM01,25.4479389,-98.01216666666667,2016-01-21,h00v00,463.0,878.0,0.1372974,8.0,Soil moisture retrieval has recommended quality,Soil moisture retrieval was attempted,Soil moisture retrieval was successful,Freeze/thaw state retrieval was not successful,
TM01,25.4479389,-98.01216666666667,2016-01-22,h00v00,463.0,878.0,-9999.0,7.0,Soil moisture retrieval doesn't have recommended quality,Soil moisture retrieval was skipped,Soil moisture retrieval was not successful,Freeze/thaw state retrieval was successful,Not used
TM01,25.4479389,-98.01216666666667,2016-01-23,h00v00,463.0,878.0,-9999.0,7.0,Soil moisture retrieval doesn't have recommended quality,Soil moisture retrieval was skipped,Soil moisture retrieval was not successful,Freeze/thaw state retrieval was successful,Not used
TM01,25.4479389,-98.01216666666667,2016-01-24,h00v00,463.0,878.0,0.131939,8.0,Soil moisture retrieval has recommended quality,Soil moisture retrieval was attempted,Soil moisture retrieval was successful,Freeze/thaw state retrieval was not successful,
TM01,25.4479389,-98.01216666666667,2016-01-25,h00v00,463.0,878.0,-9999.0,7.0,Soil moisture retrieval doesn't have recommended quality,Soil moisture retrieval was skipped,Soil moisture retrieval was not successful,Freeze/thaw state retrieval was successful,Not used
TM01,25.4479389,-98.01216666666667,2016-01-26,h00v00,463.0,878.0,-9999.0,7.0,Soil moisture retrieval doesn't have recommended quality,Soil moisture retrieval was skipped,Soil moisture retrieval was not successful,Freeze/thaw state retrieval was successful,Not used
TM01,25.4479389,-98.01216666666667,2016-01-27,h00v00,463.0,878.0,0.1320353,8.0,Soil moisture retrieval has recommended quality,Soil moisture retrieval was attempted,Soil moisture retrieval was successful,Freeze/thaw state retrieval was not successful,
TM01,25.4479389,-98.01216666666667,2016-01-28,h00v00,463.0,878.0,-9999.0,7.0,Soil moisture retrieval doesn't have recommended quality,Soil moisture retrieval was skipped,Soil moisture retrieval was not successful,Freeze/thaw state retrieval was successful,Not used
TM01,25.4479389,-98.01216666666667,2016-01-29,h00v00,463.0,878.0,0.1563378,8.0,Soil moisture retrieval has recommended quality,Soil moisture retrieval was attempted,Soil moisture retrieval was successful,Freeze/thaw state retrieval was not successful,
TM01,25.4479389,-98.01216666666667,2016-01-30,h00v00,463.0,878.0,-9999.0,7.0,Soil moisture retrieval doesn't have recommended quality,Soil moisture retrieval was skipped,Soil moisture retrieval was not successful,Freeze/thaw state retrieval was successful,Not used
TM01,25.4479389,-98.01216666666667,2016-01-31,h00v00,463.0,878.0,-9999.0,7.0,Soil moisture retrieval doesn't have recommended quality,Soil moisture retrieval was skipped,Soil moisture retrieval was not successful,Freeze/thaw state retrieval was successful,Not used
TM01,25.4479389,-98.01216666666667,2016-02-01,h00v00,463.0,878.0,0.1145118,8.0,Soil moisture retrieval has recommended quality,Soil moisture retrieval was attempted,Soil moisture retrieval was successful,Freeze/thaw state retrieval was not successful,
TM01,25.4479389,-98.01216666666667,2016-02-02,h00v00,463.0,878.0,-9999.0,7.0,Soil moisture retrieval doesn't have recommended quality,Soil moisture retrieval was skipped,Soil moisture retrieval was not successful,Freeze/thaw state retrieval was successful,Not used
TM01,25.4479389,-98.01216666666667,2016-02-03,h00v00,463.0,878.0,0.1329832,8.0,Soil moisture retrieval has recommended quality,Soil moisture retrieval was attempted,Soil moisture retrieval was successful,Freeze/thaw state retrieval was not successful,
TM01,25.4479389,-98.01216666666667,2016-02-04,h00v00,463.0,878.0,0.1078764,8.0,Soil moisture retrieval has recommended quality,Soil moisture retrieval was attempted,Soil moisture retrieval was successful,Freeze/thaw state retrieval was not successful,
TM01,25.4479389,-98.01216666666667,2016-02-05,h00v00,463.0,878.0,-9999.0,7.0,Soil moisture retrieval doesn't have recommended quality,Soil moisture retrieval was skipped,Soil moisture retrieval was not successful,Freeze/thaw state retrieval was successful,Not used
TM01,25.4479389,-98.01216666666667,2016-02-06,h00v00,463.0,878.0,0.1107837,8.0,Soil moisture retrieval has recommended quality,Soil moisture retrieval was attempted,Soil moisture retrieval was successful,Freeze/thaw state retrieval was not successful,
TM01,25.4479389,-98.01216666666667,2016-02-07,h00v00,463.0,878.0,-9999.0,7.0,Soil moisture retrieval doesn't have recommended quality,Soil moisture retrieval was skipped,Soil moisture retrieval was not successful,Freeze/thaw state retrieval was successful,Not used
TM01,25.4479389,-98.01216666666667,2016-02-08,h00v00,463.0,878.0,-9999.0,7.0,Soil moisture retrieval doesn't have recommended quality,Soil moisture retrieval was skipped,Soil moisture retrieval was not successful,Freeze/thaw state retrieval was successful,Not used
TM01,25.4479389,-98.01216666666667,2016-02-09,h00v00,463.0,878.0,0.1067205,8.0,Soil moisture retrieval has recommended quality,Soil moisture retrieval was attempted,Soil moisture retrieval was successful,Freeze/thaw state retrieval was not successful,
TM01,25.4479389,-98.01216666666667,2016-02-10,h00v00,463.0,878.0,-9999.0,7.0,Soil moisture retrieval doesn't have recommended quality,Soil moisture retrieval was skipped,Soil moisture retrieval was not successful,Freeze/thaw state retrieval was successful,Not used
TM01,25.4479389,-98.01216666666667,2016-02-11,h00v00,463.0,878.0,0.1057935,8.0,Soil moisture retrieval has recommended quality,Soil moisture retrieval was attempted,Soil moisture retrieval was successful,Freeze/thaw state retrieval was not successful,
TM01,25.4479389,-98.01216666666667,2016-02-12,h00v00,463.0,878.0,0.1010424,8.0,Soil moisture retrieval has recommended quality,Soil moisture retrieval was attempted,Soil moisture retrieval was successful,Freeze/thaw state retrieval was not successful,
TM01,25.4479389,-98.01216666666667,2016-02-13,h00v00,463.0,878.0,-9999.0,7.0,Soil moisture retrieval doesn't have recommended quality,Soil moisture retrieval was skipped,Soil moisture retrieval was not successful,Freeze/thaw state retrieval was successful,Not used
TM01,25.4479389,-98.01216666666667,2016-02-14,h00v00,463.0,878.0,0.101095,8.0,Soil moisture retrieval has recommended quality,Soil moisture retrieval was attempted,Soil moisture retrieval was successful,Freeze/thaw state retrieval was not successful,
TM01,25.4479389,-98.01216666666667,2016-02-15,h00v00,463.0,878.0,-9999.0,7.0,Soil moisture retrieval doesn't have recommended quality,Soil moisture retrieval was skipped,Soil moisture retrieval was not successful,Freeze/thaw state retrieval was successful,Not used
TM01,25.4479389,-98.01216666666667,2016-02-16,h00v00,463.0,878.0,-9999.0,7.0,Soil moisture retrieval doesn't have recommended quality,Soil moisture retrieval was skipped,Soil moisture retrieval was not successful,Freeze/thaw state retrieval was successful,Not used
TM01,25.4479389,-98.01216666666667,2016-02-17,h00v00,463.0,878.0,0.1121402,8.0,Soil moisture retrieval has recommended quality,Soil moisture retrieval was attempted,Soil moisture retrieval was successful,Freeze/thaw state retrieval was not successful,
TM01,25.4479389,-98.01216666666667,2016-02-18,h00v00,463.0,878.0,-9999.0,7.0,Soil moisture retrieval doesn't have recommended quality,Soil moisture retrieval was skipped,Soil moisture retrieval was not successful,Freeze/thaw state retrieval was successful,Not used
TM01,25.4479389,-98.01216666666667,2016-02-19,h00v00,463.0,878.0,-9999.0,7.0,Soil moisture retrieval doesn't have recommended quality,Soil moisture retrieval was skipped,Soil moisture retrieval was not successful,Freeze/thaw state retrieval was successful,Not used
TM01,25.4479389,-98.01216666666667,2016-02-20,h00v00,463.0,878.0,0.0848139,8.0,Soil moisture retrieval has recommended quality,Soil moisture retrieval was attempted,Soil moisture retrieval was successful,Freeze/thaw state retrieval was not successful,
TM01,25.4479389,-98.01216666666667,2016-02-21,h00v00,463.0,878.0,-9999.0,7.0,Soil moisture retrieval doesn't have recommended quality,Soil moisture retrieval was skipped,Soil moisture retrieval was not successful,Freeze/thaw state retrieval was successful,Not used
TM01,25.4479389,-98.01216666666667,2016-02-22,h00v00,463.0,878.0,0.1056445,8.0,Soil moisture retrieval has recommended quality,Soil moisture retrieval was attempted,Soil moisture retrieval was successful,Freeze/thaw state retrieval was not successful,
TM01,25.4479389,-98.01216666666667,2016-02-23,h00v00,463.0,878.0,-9999.0,7.0,Soil moisture retrieval doesn't have recommended quality,Soil moisture retrieval was skipped,Soil moisture retrieval was not successful,Freeze/thaw state retrieval was successful,Not used
TM01,25.4479389,-98.01216666666667,2016-02-24,h00v00,463.0,878.0,-9999.0,7.0,Soil moisture retrieval doesn't have recommended quality,Soil moisture retrieval was skipped,Soil moisture retrieval was not successful,Freeze/thaw state retrieval was successful,Not used
TM01,25.4479389,-98.01216666666667,2016-02-25,h00v00,463.0,878.0,0.1087672,8.0,Soil moisture retrieval has recommended quality,Soil moisture retrieval was attempted,Soil moisture retrieval was successful,Freeze/thaw state retrieval was not successful,
TM01,25.4479389,-98.01216666666667,2016-02-26,h00v00,463.0,878.0,-9999.0,7.0,Soil moisture retrieval doesn't have recommended quality,Soil moisture retrieval was skipped,Soil moisture retrieval was not successful,Freeze/thaw state retrieval was successful,Not used
TM01,25.4479389,-98.01216666666667,2016-02-27,h00v00,463.0,878.0,0.091765,8.0,Soil moisture retrieval has recommended quality,Soil moisture retrieval was attempted,Soil moisture retrieval was successful,Freeze/thaw state retrieval was not successful,
TM01,25.4479389,-98.01216666666667,2016-02-28,h00v00,463.0,878.0,0.0814841,8.0,Soil moisture retrieval has recommended quality,Soil moisture retrieval was attempted,Soil moisture retrieval was successful,Freeze/thaw state retrieval was not successful,
TM01,25.4479389,-98.01216666666667,2016-02-29,h00v00,463.0,878.0,-9999.0,7.0,Soil moisture retrieval doesn't have recommended quality,Soil moisture retrieval was skipped,Soil moisture retrieval was not successful,Freeze/thaw state retrieval was successful,Not used
TM01,25.4479389,-98.01216666666667,2016-03-01,h00v00,463.0,878.0,0.1087305,8.0,Soil moisture retrieval has recommended quality,Soil moisture retrieval was attempted,Soil moisture retrieval was successful,Freeze/thaw state retrieval was not successful,
TM01,25.4479389,-98.01216666666667,2016-03-02,h00v00,463.0,878.0,-9999.0,7.0,Soil moisture retrieval doesn't have recommended quality,Soil moisture retrieval was skipped,Soil moisture retrieval was not successful,Freeze/thaw state retrieval was successful,Not used
TM01,25.4479389,-98.01216666666667,2016-03-03,h00v00,463.0,878.0,-9999.0,7.0,Soil moisture retrieval doesn't have recommended quality,Soil moisture retrieval was skipped,Soil moisture retrieval was not successful,Freeze/thaw state retrieval was successful,Not used
TM01,25.4479389,-98.01216666666667,2016-03-04,h00v00,463.0,878.0,0.1129813,8.0,Soil moisture retrieval has recommended quality,Soil moisture retrieval was attempted,Soil moisture retrieval was successful,Freeze/thaw state retrieval was not successful,
TM01,25.4479389,-98.01216666666667,2016-03-05,h00v00,463.0,878.0,-9999.0,7.0,Soil moisture retrieval doesn't have recommended quality,Soil moisture retrieval was skipped,Soil moisture retrieval was not successful,Freeze/thaw state retrieval was successful,Not used
TM01,25.4479389,-98.01216666666667,2016-03-06,h00v00,463.0,878.0,0.1114969,8.0,Soil moisture retrieval has recommended quality,Soil moisture retrieval was attempted,Soil moisture retrieval was successful,Freeze/thaw state retrieval was not successful,
TM01,25.4479389,-98.01216666666667,2016-03-07,h00v00,463.0,878.0,0.1041618,8.0,Soil moisture retrieval has recommended quality,Soil moisture retrieval was attempted,Soil moisture retrieval was successful,Freeze/thaw state retrieval was not successful,
TM01,25.4479389,-98.01216666666667,2016-03-08,h00v00,463.0,878.0,-9999.0,7.0,Soil moisture retrieval doesn't have recommended quality,Soil moisture retrieval was skipped,Soil moisture retrieval was not successful,Freeze/thaw state retrieval was successful,Not used
TM01,25.4479389,-98.01216666666667,2016-03-09,h00v00,463.0,878.0,0.1320973,8.0,Soil moisture retrieval has recommended quality,Soil moisture retrieval was attempted,Soil moisture retrieval was successful,Freeze/thaw state retrieval was not successful,
TM01,25.4479389,-98.01216666666667,2016-03-10,h00v00,463.0,878.0,-9999.0,7.0,Soil moisture retrieval doesn't have recommended quality,Soil moisture retrieval was skipped,Soil moisture retrieval was not successful,Freeze/thaw state retrieval was successful,Not used
TM01,25.4479389,-98.01216666666667,2016-03-11,h00v00,463.0,878.0,-9999.0,7.0,Soil moisture retrieval doesn't have recommended quality,Soil moisture retrieval was skipped,Soil moisture retrieval was not successful,Freeze/thaw state retrieval was successful,Not used
TM01,25.4479389,-98.01216666666667,2016-03-12,h00v00,463.0,878.0,0.292657,13.0,Soil moisture retrieval doesn't have recommended quality,Soil moisture retrieval was attempted,Soil moisture retrieval was not successful,Freeze/thaw state retrieval was not successful,
TM01,25.4479389,-98.01216666666667,2016-03-13,h00v00,463.0,878.0,-9999.0,7.0,Soil moisture retrieval doesn't have recommended quality,Soil moisture retrieval was skipped,Soil moisture retrieval was not successful,Freeze/thaw state retrieval was successful,Not used
TM01,25.4479389,-98.01216666666667,2016-03-14,h00v00,463.0,878.0,0.2164031,8.0,Soil moisture retrieval has recommended quality,Soil moisture retrieval was attempted,Soil moisture retrieval was successful,Freeze/thaw state retrieval was not successful,
TM01,25.4479389,-98.01216666666667,2016-03-15,h00v00,463.0,878.0,0.1608797,8.0,Soil moisture retrieval has recommended quality,Soil moisture retrieval was attempted,Soil moisture retrieval was successful,Freeze/thaw state retrieval was not successful,
TM01,25.4479389,-98.01216666666667,2016-03-16,h00v00,463.0,878.0,-9999.0,7.0,Soil moisture retrieval doesn't have recommended quality,Soil moisture retrieval was skipped,Soil moisture retrieval was not successful,Freeze/thaw state retrieval was successful,Not used
TM01,25.4479389,-98.01216666666667,2016-03-17,h00v00,463.0,878.0,0.1473987,8.0,Soil moisture retrieval has recommended quality,Soil moisture retrieval was attempted,Soil moisture retrieval was successful,Freeze/thaw state retrieval was not successful,
TM01,25.4479389,-98.01216666666667,2016-03-18,h00v00,463.0,878.0,-9999.0,7.0,Soil moisture retrieval doesn't have recommended quality,Soil moisture retrieval was skipped,Soil moisture retrieval was not successful,Freeze/thaw state retrieval was successful,Not used
TM01,25.4479389,-98.01216666666667,2016-03-19,h00v00,463.0,878.0,-9999.0,7.0,Soil moisture retrieval doesn't have recommended quality,Soil moisture retrieval was skipped,Soil moisture retrieval was not successful,Freeze/thaw state retrieval was successful,Not used
TM01,25.4479389,-98.01216666666667,2016-03-20,h00v00,463.0,878.0,0.4030318,13.0,Soil moisture retrieval doesn't have recommended quality,Soil moisture retrieval was attempted,Soil moisture retrieval was not successful,Freeze/thaw state retrieval was not successful,
TM01,25.4479389,-98.01216666666667,2016-03-21,h00v00,463.0,878.0,-9999.0,7.0,Soil moisture retrieval doesn't have recommended quality,Soil moisture retrieval was skipped,Soil moisture retrieval was not successful,Freeze/thaw state retrieval was successful,Not used
TM01,25.4479389,-98.01216666666667,2016-03-22,h00v00,463.0,878.0,0.31673,8.0,Soil moisture retrieval has recommended quality,Soil moisture retrieval was attempted,Soil moisture retrieval was successful,Freeze/thaw state retrieval was not successful,
TM01,25.4479389,-98.01216666666667,2016-03-23,h00v00,463.0,878.0,0.2069624,8.0,Soil moisture retrieval has recommended quality,Soil moisture retrieval was attempted,Soil moisture retrieval was successful,Freeze/thaw state retrieval was not successful,
TM01,25.4479389,-98.01216666666667,2016-03-24,h00v00,463.0,878.0,-9999.0,7.0,Soil moisture retrieval doesn't have recommended quality,Soil moisture retrieval was skipped,Soil moisture retrieval was not successful,Freeze/thaw state retrieval was successful,Not used
TM01,25.4479389,-98.01216666666667,2016-03-25,h00v00,463.0,878.0,0.2247041,8.0,Soil moisture retrieval has recommended quality,Soil moisture retrieval was attempted,Soil moisture retrieval was successful,Freeze/thaw state retrieval was not successful,
TM01,25.4479389,-98.01216666666667,2016-03-26,h00v00,463.0,878.0,-9999.0,7.0,Soil moisture retrieval doesn't have recommended quality,Soil moisture retrieval was skipped,Soil moisture retrieval was not successful,Freeze/thaw state retrieval was successful,Not used
TM01,25.4479389,-98.01216666666667,2016-03-27,h00v00,463.0,878.0,-9999.0,7.0,Soil moisture retrieval doesn't have recommended quality,Soil moisture retrieval was skipped,Soil moisture retrieval was not successful,Freeze/thaw state retrieval was successful,Not used
TM01,25.4479389,-98.01216666666667,2016-03-28,h00v00,463.0,878.0,0.191848,8.0,Soil moisture retrieval has recommended quality,Soil moisture retrieval was attempted,Soil moisture retrieval was successful,Freeze/thaw state retrieval was not successful,
TM01,25.4479389,-98.01216666666667,2016-03-29,h00v00,463.0,878.0,-9999.0,7.0,Soil moisture retrieval doesn't have recommended quality,Soil moisture retrieval was skipped,Soil moisture retrieval was not successful,Freeze/thaw state retrieval was successful,Not used
TM01,25.4479389,-98.01216666666667,2016-03-30,h00v00,463.0,878.0,0.1838227,8.0,Soil moisture retrieval has recommended quality,Soil moisture retrieval was attempted,Soil moisture retrieval was successful,Freeze/thaw state retrieval was not successful,
TM01,25.4479389,-98.01216666666667,2016-03-31,h00v00,463.0,878.0,0.1607641,8.0,Soil moisture retrieval has recommended quality,Soil moisture retrieval was attempted,Soil moisture retrieval was successful,Freeze/thaw state retrieval was not successful,
TM01,25.4479389,-98.01216666666667,2016-04-01,h00v00,463.0,878.0,-9999.0,7.0,Soil moisture retrieval doesn't have recommended quality,Soil moisture retrieval was skipped,Soil moisture retrieval was not successful,Freeze/thaw state retrieval was successful,Not used
TM01,25.4479389,-98.01216666666667,2016-04-02,h00v00,463.0,878.0,0.1451511,8.0,Soil moisture retrieval has recommended quality,Soil moisture retrieval was attempted,Soil moisture retrieval was successful,Freeze/thaw state retrieval was not successful,
TM01,25.4479389,-98.01216666666667,2016-04-03,h00v00,463.0,878.0,-9999.0,7.0,Soil moisture retrieval doesn't have recommended quality,Soil moisture retrieval was skipped,Soil moisture retrieval was not successful,Freeze/thaw state retrieval was successful,Not used
TM01,25.4479389,-98.01216666666667,2016-04-04,h00v00,463.0,878.0,-9999.0,7.0,Soil moisture retrieval doesn't have recommended quality,Soil moisture retrieval was skipped,Soil moisture retrieval was not successful,Freeze/thaw state retrieval was successful,Not used
TM01,25.4479389,-98.01216666666667,2016-04-05,h00v00,463.0,878.0,0.1455347,8.0,Soil moisture retrieval has recommended quality,Soil moisture retrieval was attempted,Soil moisture retrieval was successful,Freeze/thaw state retrieval was not successful,
TM01,25.4479389,-98.01216666666667,2016-04-06,h00v00,463.0,878.0,-9999.0,7.0,Soil moisture retrieval doesn't have recommended quality,Soil moisture retrieval was skipped,Soil moisture retrieval was not successful,Freeze/thaw state retrieval was successful,Not used
TM01,25.4479389,-98.01216666666667,2016-04-07,h00v00,463.0,878.0,0.1370253,8.0,Soil moisture retrieval has recommended quality,Soil moisture retrieval was attempted,Soil moisture retrieval was successful,Freeze/thaw state retrieval was not successful,
TM01,25.4479389,-98.01216666666667,2016-04-08,h00v00,463.0,878.0,0.1272096,8.0,Soil moisture retrieval has recommended quality,Soil moisture retrieval was attempted,Soil moisture retrieval was successful,Freeze/thaw state retrieval was not successful,
TM01,25.4479389,-98.01216666666667,2016-04-09,h00v00,463.0,878.0,-9999.0,7.0,Soil moisture retrieval doesn't have recommended quality,Soil moisture retrieval was skipped,Soil moisture retrieval was not successful,Freeze/thaw state retrieval was successful,Not used
TM01,25.4479389,-98.01216666666667,2016-04-10,h00v00,463.0,878.0,0.1522197,9.0,Soil moisture retrieval doesn't have recommended quality,Soil moisture retrieval was attempted,Soil moisture retrieval was successful,Freeze/thaw state retrieval was not successful,
TM01,25.4479389,-98.01216666666667,2016-04-11,h00v00,463.0,878.0,-9999.0,7.0,Soil moisture retrieval doesn't have recommended quality,Soil moisture retrieval was skipped,Soil moisture retrieval was not successful,Freeze/thaw state retrieval was successful,Not used
TM01,25.4479389,-98.01216666666667,2016-04-12,h00v00,463.0,878.0,-9999.0,7.0,Soil moisture retrieval doesn't have recommended quality,Soil moisture retrieval was skipped,Soil moisture retrieval was not successful,Freeze/thaw state retrieval was successful,Not used
TM01,25.4479389,-98.01216666666667,2016-04-13,h00v00,463.0,878.0,0.1460328,8.0,Soil moisture retrieval has recommended quality,Soil moisture retrieval was attempted,Soil moisture retrieval was successful,Freeze/thaw state retrieval was not successful,
TM01,25.4479389,-98.01216666666667,2016-04-14,h00v00,463.0,878.0,-9999.0,7.0,Soil moisture retrieval doesn't have recommended quality,Soil moisture retrieval was skipped,Soil moisture retrieval was not successful,Freeze/thaw state retrieval was successful,Not used
TM01,25.4479389,-98.01216666666667,2016-04-15,h00v00,463.0,878.0,0.1578104,8.0,Soil moisture retrieval has recommended quality,Soil moisture retrieval was attempted,Soil moisture retrieval was successful,Freeze/thaw state retrieval was not successful,
TM01,25.4479389,-98.01216666666667,2016-04-16,h00v00,463.0,878.0,0.1447152,8.0,Soil moisture retrieval has recommended quality,Soil moisture retrieval was attempted,Soil moisture retrieval was successful,Freeze/thaw state retrieval was not successful,
TM01,25.4479389,-98.01216666666667,2016-04-17,h00v00,463.0,878.0,-9999.0,7.0,Soil moisture retrieval doesn't have recommended quality,Soil moisture retrieval was skipped,Soil moisture retrieval was not successful,Freeze/thaw state retrieval was successful,Not used
TM01,25.4479389,-98.01216666666667,2016-04-18,h00v00,463.0,878.0,0.2260165,8.0,Soil moisture retrieval has recommended quality,Soil moisture retrieval was attempted,Soil moisture retrieval was successful,Freeze/thaw state retrieval was not successful,
TM01,25.4479389,-98.01216666666667,2016-04-19,h00v00,463.0,878.0,-9999.0,7.0,Soil moisture retrieval doesn't have recommended quality,Soil moisture retrieval was skipped,Soil moisture retrieval was not successful,Freeze/thaw state retrieval was successful,Not used
TM01,25.4479389,-98.01216666666667,2016-04-20,h00v00,463.0,878.0,-9999.0,7.0,Soil moisture retrieval doesn't have recommended quality,Soil moisture retrieval was skipped,Soil moisture retrieval was not successful,Freeze/thaw state retrieval was successful,Not used
TM01,25.4479389,-98.01216666666667,2016-04-21,h00v00,463.0,878.0,0.2359971,8.0,Soil moisture retrieval has recommended quality,Soil moisture retrieval was attempted,Soil moisture retrieval was successful,Freeze/thaw state retrieval was not successful,
TM01,25.4479389,-98.01216666666667,2016-04-22,h00v00,463.0,878.0,-9999.0,7.0,Soil moisture retrieval doesn't have recommended quality,Soil moisture retrieval was skipped,Soil moisture retrieval was not successful,Freeze/thaw state retrieval was successful,Not used
TM01,25.4479389,-98.01216666666667,2016-04-23,h00v00,463.0,878.0,0.2369145,8.0,Soil moisture retrieval has recommended quality,Soil moisture retrieval was attempted,Soil moisture retrieval was successful,Freeze/thaw state retrieval was not successful,
TM01,25.4479389,-98.01216666666667,2016-04-24,h00v00,463.0,878.0,0.2658353,8.0,Soil moisture retrieval has recommended quality,Soil moisture retrieval was attempted,Soil moisture retrieval was successful,Freeze/thaw state retrieval was not successful,
TM01,25.4479389,-98.01216666666667,2016-04-25,h00v00,463.0,878.0,-9999.0,7.0,Soil moisture retrieval doesn't have recommended quality,Soil moisture retrieval was skipped,Soil moisture retrieval was not successful,Freeze/thaw state retrieval was successful,Not used
TM01,25.4479389,-98.01216666666667,2016-04-26,h00v00,463.0,878.0,0.2051665,8.0,Soil moisture retrieval has recommended quality,Soil moisture retrieval was attempted,Soil moisture retrieval was successful,Freeze/thaw state retrieval was not successful,
TM01,25.4479389,-98.01216666666667,2016-04-27,h00v00,463.0,878.0,-9999.0,7.0,Soil moisture retrieval doesn't have recommended quality,Soil moisture retrieval was skipped,Soil moisture retrieval was not successful,Freeze/thaw state retrieval was successful,Not used
TM01,25.4479389,-98.01216666666667,2016-04-28,h00v00,463.0,878.0,-9999.0,7.0,Soil moisture retrieval doesn't have recommended quality,Soil moisture retrieval was skipped,Soil moisture retrieval was not successful,Freeze/thaw state retrieval was successful,Not used
TM01,25.4479389,-98.01216666666667,2016-04-29,h00v00,463.0,878.0,0.1892721,8.0,Soil moisture retrieval has recommended quality,Soil moisture retrieval was attempted,Soil moisture retrieval was successful,Freeze/thaw state retrieval was not successful,
TM01,25.4479389,-98.01216666666667,2016-04-30,h00v00,463.0,878.0,-9999.0,7.0,Soil moisture retrieval doesn't have recommended quality,Soil moisture retrieval was skipped,Soil moisture retrieval was not successful,Freeze/thaw state retrieval was successful,Not used
TM01,25.4479389,-98.01216666666667,2016-05-02,h00v00,463.0,878.0,-9999.0,7.0,Soil moisture retrieval doesn't have recommended quality,Soil moisture retrieval was skipped,Soil moisture retrieval was not successful,Freeze/thaw state retrieval was successful,Not used
TM01,25.4479389,-98.01216666666667,2016-05-03,h00v00,463.0,878.0,-9999.0,7.0,Soil moisture retrieval doesn't have recommended quality,Soil moisture retrieval was skipped,Soil moisture retrieval was not successful,Freeze/thaw state retrieval was successful,Not used
TM01,25.4479389,-98.01216666666667,2016-05-04,h00v00,463.0,878.0,0.1687146,8.0,Soil moisture retrieval has recommended quality,Soil moisture retrieval was attempted,Soil moisture retrieval was successful,Freeze/thaw state retrieval was not successful,
TM01,25.4479389,-98.01216666666667,2016-05-05,h00v00,463.0,878.0,-9999.0,7.0,Soil moisture retrieval doesn't have recommended quality,Soil moisture retrieval was skipped,Soil moisture retrieval was not successful,Freeze/thaw state retrieval was successful,Not used
TM01,25.4479389,-98.01216666666667,2016-05-06,h00v00,463.0,878.0,-9999.0,7.0,Soil moisture retrieval doesn't have recommended quality,Soil moisture retrieval was skipped,Soil moisture retrieval was not successful,Freeze/thaw state retrieval was successful,Not used
TM01,25.4479389,-98.01216666666667,2016-05-07,h00v00,463.0,878.0,0.1410579,8.0,Soil moisture retrieval has recommended quality,Soil moisture retrieval was attempted,Soil moisture retrieval was successful,Freeze/thaw state retrieval was not successful,
TM01,25.4479389,-98.01216666666667,2016-05-08,h00v00,463.0,878.0,-9999.0,7.0,Soil moisture retrieval doesn't have recommended quality,Soil moisture retrieval was skipped,Soil moisture retrieval was not successful,Freeze/thaw state retrieval was successful,Not used
TM01,25.4479389,-98.01216666666667,2016-05-09,h00v00,463.0,878.0,0.1407771,8.0,Soil moisture retrieval has recommended quality,Soil moisture retrieval was attempted,Soil moisture retrieval was successful,Freeze/thaw state retrieval was not successful,
TM01,25.4479389,-98.01216666666667,2016-05-10,h00v00,463.0,878.0,0.1202564,8.0,Soil moisture retrieval has recommended quality,Soil moisture retrieval was attempted,Soil moisture retrieval was successful,Freeze/thaw state retrieval was not successful,
TM01,25.4479389,-98.01216666666667,2016-05-11,h00v00,463.0,878.0,-9999.0,7.0,Soil moisture retrieval doesn't have recommended quality,Soil moisture retrieval was skipped,Soil moisture retrieval was not successful,Freeze/thaw state retrieval was successful,Not used
TM01,25.4479389,-98.01216666666667,2016-05-12,h00v00,463.0,878.0,0.1263098,8.0,Soil moisture retrieval has recommended quality,Soil moisture retrieval was attempted,Soil moisture retrieval was successful,Freeze/thaw state retrieval was not successful,
TM01,25.4479389,-98.01216666666667,2016-05-13,h00v00,463.0,878.0,-9999.0,7.0,Soil moisture retrieval doesn't have recommended quality,Soil moisture retrieval was skipped,Soil moisture retrieval was not successful,Freeze/thaw state retrieval was successful,Not used
TM01,25.4479389,-98.01216666666667,2016-05-14,h00v00,463.0,878.0,-9999.0,7.0,Soil moisture retrieval doesn't have recommended quality,Soil moisture retrieval was skipped,Soil moisture retrieval was not successful,Freeze/thaw state retrieval was successful,Not used
TM01,25.4479389,-98.01216666666667,2016-05-15,h00v00,463.0,878.0,0.181898,8.0,Soil moisture retrieval has recommended quality,Soil moisture retrieval was attempted,Soil moisture retrieval was successful,Freeze/thaw state retrieval was not successful,
TM01,25.4479389,-98.01216666666667,2016-05-16,h00v00,463.0,878.0,-9999.0,7.0,Soil moisture retrieval doesn't have recommended quality,Soil moisture retrieval was skipped,Soil moisture retrieval was not successful,Freeze/thaw state retrieval was successful,Not used
TM01,25.4479389,-98.01216666666667,2016-05-17,h00v00,463.0,878.0,0.2724369,13.0,Soil moisture retrieval doesn't have recommended quality,Soil moisture retrieval was attempted,Soil moisture retrieval was not successful,Freeze/thaw state retrieval was not successful,
TM01,25.4479389,-98.01216666666667,2016-05-18,h00v00,463.0,878.0,0.2710137,13.0,Soil moisture retrieval doesn't have recommended quality,Soil moisture retrieval was attempted,Soil moisture retrieval was not successful,Freeze/thaw state retrieval was not successful,
TM01,25.4479389,-98.01216666666667,2016-05-19,h00v00,463.0,878.0,-9999.0,7.0,Soil moisture retrieval doesn't have recommended quality,Soil moisture retrieval was skipped,Soil moisture retrieval was not successful,Freeze/thaw state retrieval was successful,Not used
TM01,25.4479389,-98.01216666666667,2016-05-20,h00v00,463.0,878.0,0.3019147,13.0,Soil moisture retrieval doesn't have recommended quality,Soil moisture retrieval was attempted,Soil moisture retrieval was not successful,Freeze/thaw state retrieval was not successful,
TM01,25.4479389,-98.01216666666667,2016-05-21,h00v00,463.0,878.0,-9999.0,7.0,Soil moisture retrieval doesn't have recommended quality,Soil moisture retrieval was skipped,Soil moisture retrieval was not successful,Freeze/thaw state retrieval was successful,Not used
TM01,25.4479389,-98.01216666666667,2016-05-22,h00v00,463.0,878.0,-9999.0,7.0,Soil moisture retrieval doesn't have recommended quality,Soil moisture retrieval was skipped,Soil moisture retrieval was not successful,Freeze/thaw state retrieval was successful,Not used
TM01,25.4479389,-98.01216666666667,2016-05-23,h00v00,463.0,878.0,0.2288023,13.0,Soil moisture retrieval doesn't have recommended quality,Soil moisture retrieval was attempted,Soil moisture retrieval was not successful,Freeze/thaw state retrieval was not successful,
TM01,25.4479389,-98.01216666666667,2016-05-24,h00v00,463.0,878.0,-9999.0,7.0,Soil moisture retrieval doesn't have recommended quality,Soil moisture retrieval was skipped,Soil moisture retrieval was not successful,Freeze/thaw state retrieval was successful,Not used
TM01,25.4479389,-98.01216666666667,2016-05-25,h00v00,463.0,878.0,0.1859867,8.0,Soil moisture retrieval has recommended quality,Soil moisture retrieval was attempted,Soil moisture retrieval was successful,Freeze/thaw state retrieval was not successful,
TM01,25.4479389,-98.01216666666667,2016-05-26,h00v00,463.0,878.0,0.2020614,8.0,Soil moisture retrieval has recommended quality,Soil moisture retrieval was attempted,Soil moisture retrieval was successful,Freeze/thaw state retrieval was not successful,
TM01,25.4479389,-98.01216666666667,2016-05-27,h00v00,463.0,878.0,-9999.0,7.0,Soil moisture retrieval doesn't have recommended quality,Soil moisture retrieval was skipped,Soil moisture retrieval was not successful,Freeze/thaw state retrieval was successful,Not used
TM01,25.4479389,-98.01216666666667,2016-05-28,h00v00,463.0,878.0,0.1963477,8.0,Soil moisture retrieval has recommended quality,Soil moisture retrieval was attempted,Soil moisture retrieval was successful,Freeze/thaw state retrieval was not successful,
TM01,25.4479389,-98.01216666666667,2016-05-29,h00v00,463.0,878.0,-9999.0,7.0,Soil moisture retrieval doesn't have recommended quality,Soil moisture retrieval was skipped,Soil moisture retrieval was not successful,Freeze/thaw state retrieval was successful,Not used
TM01,25.4479389,-98.01216666666667,2016-05-30,h00v00,463.0,878.0,-9999.0,7.0,Soil moisture retrieval doesn't have recommended quality,Soil moisture retrieval was skipped,Soil moisture retrieval was not successful,Freeze/thaw state retrieval was successful,Not used
TM01,25.4479389,-98.01216666666667,2016-05-31,h00v00,463.0,878.0,0.1804291,8.0,Soil moisture retrieval has recommended quality,Soil moisture retrieval was attempted,Soil moisture retrieval was successful,Freeze/thaw state retrieval was not successful,
TM01,25.4479389,-98.01216666666667,2016-06-01,h00v00,463.0,878.0,-9999.0,7.0,Soil moisture retrieval doesn't have recommended quality,Soil moisture retrieval was skipped,Soil moisture retrieval was not successful,Freeze/thaw state retrieval was successful,Not used
TM01,25.4479389,-98.01216666666667,2016-06-02,h00v00,463.0,878.0,0.361047,13.0,Soil moisture retrieval doesn't have recommended quality,Soil moisture retrieval was attempted,Soil moisture retrieval was not successful,Freeze/thaw state retrieval was not successful,
TM01,25.4479389,-98.01216666666667,2016-06-03,h00v00,463.0,878.0,0.389194,13.0,Soil moisture retrieval doesn't have recommended quality,Soil moisture retrieval was attempted,Soil moisture retrieval was not successful,Freeze/thaw state retrieval was not successful,
TM01,25.4479389,-98.01216666666667,2016-06-04,h00v00,463.0,878.0,-9999.0,7.0,Soil moisture retrieval doesn't have recommended quality,Soil moisture retrieval was skipped,Soil moisture retrieval was not successful,Freeze/thaw state retrieval was successful,Not used
TM01,25.4479389,-98.01216666666667,2016-06-05,h00v00,463.0,878.0,0.3991702,13.0,Soil moisture retrieval doesn't have recommended quality,Soil moisture retrieval was attempted,Soil moisture retrieval was not successful,Freeze/thaw state retrieval was not successful,
TM01,25.4479389,-98.01216666666667,2016-06-06,h00v00,463.0,878.0,-9999.0,7.0,Soil moisture retrieval doesn't have recommended quality,Soil moisture retrieval was skipped,Soil moisture retrieval was not successful,Freeze/thaw state retrieval was successful,Not used
TM01,25.4479389,-98.01216666666667,2016-06-07,h00v00,463.0,878.0,-9999.0,7.0,Soil moisture retrieval doesn't have recommended quality,Soil moisture retrieval was skipped,Soil moisture retrieval was not successful,Freeze/thaw state retrieval was successful,Not used
TM01,25.4479389,-98.01216666666667,2016-06-08,h00v00,463.0,878.0,0.32208,13.0,Soil moisture retrieval doesn't have recommended quality,Soil moisture retrieval was attempted,Soil moisture retrieval was not successful,Freeze/thaw state retrieval was not successful,
TM01,25.4479389,-98.01216666666667,2016-06-09,h00v00,463.0,878.0,-9999.0,7.0,Soil moisture retrieval doesn't have recommended quality,Soil moisture retrieval was skipped,Soil moisture retrieval was not successful,Freeze/thaw state retrieval was successful,Not used
TM01,25.4479389,-98.01216666666667,2016-06-10,h00v00,463.0,878.0,0.282558,13.0,Soil moisture retrieval doesn't have recommended quality,Soil moisture retrieval was attempted,Soil moisture retrieval was not successful,Freeze/thaw state retrieval was not successful,
TM01,25.4479389,-98.01216666666667,2016-06-11,h00v00,463.0,878.0,0.2682428,13.0,Soil moisture retrieval doesn't have recommended quality,Soil moisture retrieval was attempted,Soil moisture retrieval was not successful,Freeze/thaw state retrieval was not successful,
TM01,25.4479389,-98.01216666666667,2016-06-12,h00v00,463.0,878.0,-9999.0,7.0,Soil moisture retrieval doesn't have recommended quality,Soil moisture retrieval was skipped,Soil moisture retrieval was not successful,Freeze/thaw state retrieval was successful,Not used
TM01,25.4479389,-98.01216666666667,2016-06-13,h00v00,463.0,878.0,0.2255089,13.0,Soil moisture retrieval doesn't have recommended quality,Soil moisture retrieval was attempted,Soil moisture retrieval was not successful,Freeze/thaw state retrieval was not successful,
TM01,25.4479389,-98.01216666666667,2016-06-14,h00v00,463.0,878.0,-9999.0,7.0,Soil moisture retrieval doesn't have recommended quality,Soil moisture retrieval was skipped,Soil moisture retrieval was not successful,Freeze/thaw state retrieval was successful,Not used
TM01,25.4479389,-98.01216666666667,2016-06-15,h00v00,463.0,878.0,-9999.0,7.0,Soil moisture retrieval doesn't have recommended quality,Soil moisture retrieval was skipped,Soil moisture retrieval was not successful,Freeze/thaw state retrieval was successful,Not used
TM01,25.4479389,-98.01216666666667,2016-06-16,h00v00,463.0,878.0,0.1684386,8.0,Soil moisture retrieval has recommended quality,Soil moisture retrieval was attempted,Soil moisture retrieval was successful,Freeze/thaw state retrieval was not successful,
TM01,25.4479389,-98.01216666666667,2016-06-17,h00v00,463.0,878.0,-9999.0,7.0,Soil moisture retrieval doesn't have recommended quality,Soil moisture retrieval was skipped,Soil moisture retrieval was not successful,Freeze/thaw state retrieval was successful,Not used
TM01,25.4479389,-98.01216666666667,2016-06-18,h00v00,463.0,878.0,0.1669356,8.0,Soil moisture retrieval has recommended quality,Soil moisture retrieval was attempted,Soil moisture retrieval was successful,Freeze/thaw state retrieval was not successful,
TM01,25.4479389,-98.01216666666667,2016-06-19,h00v00,463.0,878.0,0.157577,8.0,Soil moisture retrieval has recommended quality,Soil moisture retrieval was attempted,Soil moisture retrieval was successful,Freeze/thaw state retrieval was not successful,
TM01,25.4479389,-98.01216666666667,2016-06-20,h00v00,463.0,878.0,-9999.0,7.0,Soil moisture retrieval doesn't have recommended quality,Soil moisture retrieval was skipped,Soil moisture retrieval was not successful,Freeze/thaw state retrieval was successful,Not used
TM01,25.4479389,-98.01216666666667,2016-06-21,h00v00,463.0,878.0,0.2524711,13.0,Soil moisture retrieval doesn't have recommended quality,Soil moisture retrieval was attempted,Soil moisture retrieval was not successful,Freeze/thaw state retrieval was not successful,
TM01,25.4479389,-98.01216666666667,2016-06-22,h00v00,463.0,878.0,-9999.0,7.0,Soil moisture retrieval doesn't have recommended quality,Soil moisture retrieval was skipped,Soil moisture retrieval was not successful,Freeze/thaw state retrieval was successful,Not used
TM01,25.4479389,-98.01216666666667,2016-06-23,h00v00,463.0,878.0,-9999.0,7.0,Soil moisture retrieval doesn't have recommended quality,Soil moisture retrieval was skipped,Soil moisture retrieval was not successful,Freeze/thaw state retrieval was successful,Not used
TM01,25.4479389,-98.01216666666667,2016-06-24,h00v00,463.0,878.0,0.1651755,8.0,Soil moisture retrieval has recommended quality,Soil moisture retrieval was attempted,Soil moisture retrieval was successful,Freeze/thaw state retrieval was not successful,
TM01,25.4479389,-98.01216666666667,2016-06-25,h00v00,463.0,878.0,-9999.0,7.0,Soil moisture retrieval doesn't have recommended quality,Soil moisture retrieval was skipped,Soil moisture retrieval was not successful,Freeze/thaw state retrieval was successful,Not used
TM01,25.4479389,-98.01216666666667,2016-06-26,h00v00,463.0,878.0,0.1928242,8.0,Soil moisture retrieval has recommended quality,Soil moisture retrieval was attempted,Soil moisture retrieval was successful,Freeze/thaw state retrieval was not successful,
TM01,25.4479389,-98.01216666666667,2016-06-27,h00v00,463.0,878.0,0.1731027,8.0,Soil moisture retrieval has recommended quality,Soil moisture retrieval was attempted,Soil moisture retrieval was successful,Freeze/thaw state retrieval was not successful,
TM01,25.4479389,-98.01216666666667,2016-06-28,h00v00,463.0,878.0,-9999.0,7.0,Soil moisture retrieval doesn't have recommended quality,Soil moisture retrieval was skipped,Soil moisture retrieval was not successful,Freeze/thaw state retrieval was successful,Not used
TM01,25.4479389,-98.01216666666667,2016-06-29,h00v00,463.0,878.0,0.144099,8.0,Soil moisture retrieval has recommended quality,Soil moisture retrieval was attempted,Soil moisture retrieval was successful,Freeze/thaw state retrieval was not successful,
TM01,25.4479389,-98.01216666666667,2016-06-30,h00v00,463.0,878.0,-9999.0,7.0,Soil moisture retrieval doesn't have recommended quality,Soil moisture retrieval was skipped,Soil moisture retrieval was not successful,Freeze/thaw state retrieval was successful,Not used
TM01,25.4479389,-98.01216666666667,2016-07-01,h00v00,463.0,878.0,-9999.0,7.0,Soil moisture retrieval doesn't have recommended quality,Soil moisture retrieval was skipped,Soil moisture retrieval was not successful,Freeze/thaw state retrieval was successful,Not used
TM01,25.4479389,-98.01216666666667,2016-07-02,h00v00,463.0,878.0,0.1270433,8.0,Soil moisture retrieval has recommended quality,Soil moisture retrieval was attempted,Soil moisture retrieval was successful,Freeze/thaw state retrieval was not successful,
TM01,25.4479389,-98.01216666666667,2016-07-03,h00v00,463.0,878.0,-9999.0,7.0,Soil moisture retrieval doesn't have recommended quality,Soil moisture retrieval was skipped,Soil moisture retrieval was not successful,Freeze/thaw state retrieval was successful,Not used
TM01,25.4479389,-98.01216666666667,2016-07-04,h00v00,463.0,878.0,0.1234151,8.0,Soil moisture retrieval has recommended quality,Soil moisture retrieval was attempted,Soil moisture retrieval was successful,Freeze/thaw state retrieval was not successful,
TM01,25.4479389,-98.01216666666667,2016-07-05,h00v00,463.0,878.0,0.1227294,8.0,Soil moisture retrieval has recommended quality,Soil moisture retrieval was attempted,Soil moisture retrieval was successful,Freeze/thaw state retrieval was not successful,
TM01,25.4479389,-98.01216666666667,2016-07-06,h00v00,463.0,878.0,-9999.0,7.0,Soil moisture retrieval doesn't have recommended quality,Soil moisture retrieval was skipped,Soil moisture retrieval was not successful,Freeze/thaw state retrieval was successful,Not used
TM01,25.4479389,-98.01216666666667,2016-07-07,h00v00,463.0,878.0,0.1031368,8.0,Soil moisture retrieval has recommended quality,Soil moisture retrieval was attempted,Soil moisture retrieval was successful,Freeze/thaw state retrieval was not successful,
TM01,25.4479389,-98.01216666666667,2016-07-08,h00v00,463.0,878.0,-9999.0,7.0,Soil moisture retrieval doesn't have recommended quality,Soil moisture retrieval was skipped,Soil moisture retrieval was not successful,Freeze/thaw state retrieval was successful,Not used
TM01,25.4479389,-98.01216666666667,2016-07-09,h00v00,463.0,878.0,-9999.0,7.0,Soil moisture retrieval doesn't have recommended quality,Soil moisture retrieval was skipped,Soil moisture retrieval was not successful,Freeze/thaw state retrieval was successful,Not used
TM01,25.4479389,-98.01216666666667,2016-07-10,h00v00,463.0,878.0,0.1128803,8.0,Soil moisture retrieval has recommended quality,Soil moisture retrieval was attempted,Soil moisture retrieval was successful,Freeze/thaw state retrieval was not successful,
TM01,25.4479389,-98.01216666666667,2016-07-11,h00v00,463.0,878.0,-9999.0,7.0,Soil moisture retrieval doesn't have recommended quality,Soil moisture retrieval was skipped,Soil moisture retrieval was not successful,Freeze/thaw state retrieval was successful,Not used
TM01,25.4479389,-98.01216666666667,2016-07-12,h00v00,463.0,878.0,0.120655,8.0,Soil moisture retrieval has recommended quality,Soil moisture retrieval was attempted,Soil moisture retrieval was successful,Freeze/thaw state retrieval was not successful,
TM01,25.4479389,-98.01216666666667,2016-07-13,h00v00,463.0,878.0,0.0852548,8.0,Soil moisture retrieval has recommended quality,Soil moisture retrieval was attempted,Soil moisture retrieval was successful,Freeze/thaw state retrieval was not successful,
TM01,25.4479389,-98.01216666666667,2016-07-14,h00v00,463.0,878.0,-9999.0,7.0,Soil moisture retrieval doesn't have recommended quality,Soil moisture retrieval was skipped,Soil moisture retrieval was not successful,Freeze/thaw state retrieval was successful,Not used
TM01,25.4479389,-98.01216666666667,2016-07-15,h00v00,463.0,878.0,0.1008189,8.0,Soil moisture retrieval has recommended quality,Soil moisture retrieval was attempted,Soil moisture retrieval was successful,Freeze/thaw state retrieval was not successful,
TM01,25.4479389,-98.01216666666667,2016-07-16,h00v00,463.0,878.0,-9999.0,7.0,Soil moisture retrieval doesn't have recommended quality,Soil moisture retrieval was skipped,Soil moisture retrieval was not successful,Freeze/thaw state retrieval was successful,Not used
TM01,25.4479389,-98.01216666666667,2016-07-17,h00v00,463.0,878.0,-9999.0,7.0,Soil moisture retrieval doesn't have recommended quality,Soil moisture retrieval was skipped,Soil moisture retrieval was not successful,Freeze/thaw state retrieval was successful,Not used
TM01,25.4479389,-98.01216666666667,2016-07-18,h00v00,463.0,878.0,0.0874802,8.0,Soil moisture retrieval has recommended quality,Soil moisture retrieval was attempted,Soil moisture retrieval was successful,Freeze/thaw state retrieval was not successful,
TM01,25.4479389,-98.01216666666667,2016-07-19,h00v00,463.0,878.0,-9999.0,7.0,Soil moisture retrieval doesn't have recommended quality,Soil moisture retrieval was skipped,Soil moisture retrieval was not successful,Freeze/thaw state retrieval was successful,Not used
TM01,25.4479389,-98.01216666666667,2016-07-20,h00v00,463.0,878.0,0.2094395,8.0,Soil moisture retrieval has recommended quality,Soil moisture retrieval was attempted,Soil moisture retrieval was successful,Freeze/thaw state retrieval was not successful,
TM01,25.4479389,-98.01216666666667,2016-07-21,h00v00,463.0,878.0,0.1325424,8.0,Soil moisture retrieval has recommended quality,Soil moisture retrieval was attempted,Soil moisture retrieval was successful,Freeze/thaw state retrieval was not successful,
TM01,25.4479389,-98.01216666666667,2016-07-22,h00v00,463.0,878.0,-9999.0,7.0,Soil moisture retrieval doesn't have recommended quality,Soil moisture retrieval was skipped,Soil moisture retrieval was not successful,Freeze/thaw state retrieval was successful,Not used
TM01,25.4479389,-98.01216666666667,2016-07-23,h00v00,463.0,878.0,0.1554776,8.0,Soil moisture retrieval has recommended quality,Soil moisture retrieval was attempted,Soil moisture retrieval was successful,Freeze/thaw state retrieval was not successful,
TM01,25.4479389,-98.01216666666667,2016-07-24,h00v00,463.0,878.0,-9999.0,7.0,Soil moisture retrieval doesn't have recommended quality,Soil moisture retrieval was skipped,Soil moisture retrieval was not successful,Freeze/thaw state retrieval was successful,Not used
TM01,25.4479389,-98.01216666666667,2016-07-25,h00v00,463.0,878.0,-9999.0,7.0,Soil moisture retrieval doesn't have recommended quality,Soil moisture retrieval was skipped,Soil moisture retrieval was not successful,Freeze/thaw state retrieval was successful,Not used
TM01,25.4479389,-98.01216666666667,2016-07-26,h00v00,463.0,878.0,0.096364,8.0,Soil moisture retrieval has recommended quality,Soil moisture retrieval was attempted,Soil moisture retrieval was successful,Freeze/thaw state retrieval was not successful,
TM01,25.4479389,-98.01216666666667,2016-07-27,h00v00,463.0,878.0,-9999.0,7.0,Soil moisture retrieval doesn't have recommended quality,Soil moisture retrieval was skipped,Soil moisture retrieval was not successful,Freeze/thaw state retrieval was successful,Not used
TM01,25.4479389,-98.01216666666667,2016-07-28,h00v00,463.0,878.0,0.1064302,8.0,Soil moisture retrieval has recommended quality,Soil moisture retrieval was attempted,Soil moisture retrieval was successful,Freeze/thaw state retrieval was not successful,
TM01,25.4479389,-98.01216666666667,2016-07-29,h00v00,463.0,878.0,0.1194995,8.0,Soil moisture retrieval has recommended quality,Soil moisture retrieval was attempted,Soil moisture retrieval was successful,Freeze/thaw state retrieval was not successful,
TM01,25.4479389,-98.01216666666667,2016-07-30,h00v00,463.0,878.0,-9999.0,7.0,Soil moisture retrieval doesn't have recommended quality,Soil moisture retrieval was skipped,Soil moisture retrieval was not successful,Freeze/thaw state retrieval was successful,Not used
TM01,25.4479389,-98.01216666666667,2016-07-31,h00v00,463.0,878.0,0.1027078,8.0,Soil moisture retrieval has recommended quality,Soil moisture retrieval was attempted,Soil moisture retrieval was successful,Freeze/thaw state retrieval was not successful,
TM01,25.4479389,-98.01216666666667,2016-08-01,h00v00,463.0,878.0,-9999.0,7.0,Soil moisture retrieval doesn't have recommended quality,Soil moisture retrieval was skipped,Soil moisture retrieval was not successful,Freeze/thaw state retrieval was successful,Not used
TM01,25.4479389,-98.01216666666667,2016-08-02,h00v00,463.0,878.0,-9999.0,7.0,Soil moisture retrieval doesn't have recommended quality,Soil moisture retrieval was skipped,Soil moisture retrieval was not successful,Freeze/thaw state retrieval was successful,Not used
TM01,25.4479389,-98.01216666666667,2016-08-03,h00v00,463.0,878.0,0.1060668,8.0,Soil moisture retrieval has recommended quality,Soil moisture retrieval was attempted,Soil moisture retrieval was successful,Freeze/thaw state retrieval was not successful,
TM01,25.4479389,-98.01216666666667,2016-08-04,h00v00,463.0,878.0,-9999.0,7.0,Soil moisture retrieval doesn't have recommended quality,Soil moisture retrieval was skipped,Soil moisture retrieval was not successful,Freeze/thaw state retrieval was successful,Not used
TM01,25.4479389,-98.01216666666667,2016-08-05,h00v00,463.0,878.0,0.1000298,8.0,Soil moisture retrieval has recommended quality,Soil moisture retrieval was attempted,Soil moisture retrieval was successful,Freeze/thaw state retrieval was not successful,
TM01,25.4479389,-98.01216666666667,2016-08-06,h00v00,463.0,878.0,0.2133771,8.0,Soil moisture retrieval has recommended quality,Soil moisture retrieval was attempted,Soil moisture retrieval was successful,Freeze/thaw state retrieval was not successful,
TM01,25.4479389,-98.01216666666667,2016-08-07,h00v00,463.0,878.0,-9999.0,7.0,Soil moisture retrieval doesn't have recommended quality,Soil moisture retrieval was skipped,Soil moisture retrieval was not successful,Freeze/thaw state retrieval was successful,Not used
TM01,25.4479389,-98.01216666666667,2016-08-08,h00v00,463.0,878.0,0.121088,8.0,Soil moisture retrieval has recommended quality,Soil moisture retrieval was attempted,Soil moisture retrieval was successful,Freeze/thaw state retrieval was not successful,
TM01,25.4479389,-98.01216666666667,2016-08-09,h00v00,463.0,878.0,-9999.0,7.0,Soil moisture retrieval doesn't have recommended quality,Soil moisture retrieval was skipped,Soil moisture retrieval was not successful,Freeze/thaw state retrieval was successful,Not used
TM01,25.4479389,-98.01216666666667,2016-08-10,h00v00,463.0,878.0,-9999.0,7.0,Soil moisture retrieval doesn't have recommended quality,Soil moisture retrieval was skipped,Soil moisture retrieval was not successful,Freeze/thaw state retrieval was successful,Not used
TM01,25.4479389,-98.01216666666667,2016-08-11,h00v00,463.0,878.0,0.0948229,8.0,Soil moisture retrieval has recommended quality,Soil moisture retrieval was attempted,Soil moisture retrieval was successful,Freeze/thaw state retrieval was not successful,
TM01,25.4479389,-98.01216666666667,2016-08-12,h00v00,463.0,878.0,-9999.0,7.0,Soil moisture retrieval doesn't have recommended quality,Soil moisture retrieval was skipped,Soil moisture retrieval was not successful,Freeze/thaw state retrieval was successful,Not used
TM01,25.4479389,-98.01216666666667,2016-08-13,h00v00,463.0,878.0,0.0938592,8.0,Soil moisture retrieval has recommended quality,Soil moisture retrieval was attempted,Soil moisture retrieval was successful,Freeze/thaw state retrieval was not successful,
TM01,25.4479389,-98.01216666666667,2016-08-14,h00v00,463.0,878.0,0.0953677,8.0,Soil moisture retrieval has recommended quality,Soil moisture retrieval was attempted,Soil moisture retrieval was successful,Freeze/thaw state retrieval was not successful,
TM01,25.4479389,-98.01216666666667,2016-08-15,h00v00,463.0,878.0,-9999.0,7.0,Soil moisture retrieval doesn't have recommended quality,Soil moisture retrieval was skipped,Soil moisture retrieval was not successful,Freeze/thaw state retrieval was successful,Not used
TM01,25.4479389,-98.01216666666667,2016-08-16,h00v00,463.0,878.0,0.2944973,8.0,Soil moisture retrieval has recommended quality,Soil moisture retrieval was attempted,Soil moisture retrieval was successful,Freeze/thaw state retrieval was not successful,
TM01,25.4479389,-98.01216666666667,2016-08-17,h00v00,463.0,878.0,-9999.0,7.0,Soil moisture retrieval doesn't have recommended quality,Soil moisture retrieval was skipped,Soil moisture retrieval was not successful,Freeze/thaw state retrieval was successful,Not used
TM01,25.4479389,-98.01216666666667,2016-08-18,h00v00,463.0,878.0,-9999.0,7.0,Soil moisture retrieval doesn't have recommended quality,Soil moisture retrieval was skipped,Soil moisture retrieval was not successful,Freeze/thaw state retrieval was successful,Not used
TM01,25.4479389,-98.01216666666667,2016-08-19,h00v00,463.0,878.0,0.1528721,8.0,Soil moisture retrieval has recommended quality,Soil moisture retrieval was attempted,Soil moisture retrieval was successful,Freeze/thaw state retrieval was not successful,
TM01,25.4479389,-98.01216666666667,2016-08-20,h00v00,463.0,878.0,-9999.0,7.0,Soil moisture retrieval doesn't have recommended quality,Soil moisture retrieval was skipped,Soil moisture retrieval was not successful,Freeze/thaw state retrieval was successful,Not used
TM01,25.4479389,-98.01216666666667,2016-08-21,h00v00,463.0,878.0,0.1277133,8.0,Soil moisture retrieval has recommended quality,Soil moisture retrieval was attempted,Soil moisture retrieval was successful,Freeze/thaw state retrieval was not successful,
TM01,25.4479389,-98.01216666666667,2016-08-22,h00v00,463.0,878.0,0.1819358,8.0,Soil moisture retrieval has recommended quality,Soil moisture retrieval was attempted,Soil moisture retrieval was successful,Freeze/thaw state retrieval was not successful,
TM01,25.4479389,-98.01216666666667,2016-08-23,h00v00,463.0,878.0,-9999.0,7.0,Soil moisture retrieval doesn't have recommended quality,Soil moisture retrieval was skipped,Soil moisture retrieval was not successful,Freeze/thaw state retrieval was successful,Not used
TM01,25.4479389,-98.01216666666667,2016-08-24,h00v00,463.0,878.0,0.1187961,8.0,Soil moisture retrieval has recommended quality,Soil moisture retrieval was attempted,Soil moisture retrieval was successful,Freeze/thaw state retrieval was not successful,
TM01,25.4479389,-98.01216666666667,2016-08-25,h00v00,463.0,878.0,-9999.0,7.0,Soil moisture retrieval doesn't have recommended quality,Soil moisture retrieval was skipped,Soil moisture retrieval was not successful,Freeze/thaw state retrieval was successful,Not used
TM01,25.4479389,-98.01216666666667,2016-08-26,h00v00,463.0,878.0,-9999.0,7.0,Soil moisture retrieval doesn't have recommended quality,Soil moisture retrieval was skipped,Soil moisture retrieval was not successful,Freeze/thaw state retrieval was successful,Not used
TM01,25.4479389,-98.01216666666667,2016-08-27,h00v00,463.0,878.0,0.1173163,8.0,Soil moisture retrieval has recommended quality,Soil moisture retrieval was attempted,Soil moisture retrieval was successful,Freeze/thaw state retrieval was not successful,
TM01,25.4479389,-98.01216666666667,2016-08-28,h00v00,463.0,878.0,-9999.0,7.0,Soil moisture retrieval doesn't have recommended quality,Soil moisture retrieval was skipped,Soil moisture retrieval was not successful,Freeze/thaw state retrieval was successful,Not used
TM01,25.4479389,-98.01216666666667,2016-08-29,h00v00,463.0,878.0,0.1089777,8.0,Soil moisture retrieval has recommended quality,Soil moisture retrieval was attempted,Soil moisture retrieval was successful,Freeze/thaw state retrieval was not successful,
TM01,25.4479389,-98.01216666666667,2016-08-30,h00v00,463.0,878.0,0.1298102,8.0,Soil moisture retrieval has recommended quality,Soil moisture retrieval was attempted,Soil moisture retrieval was successful,Freeze/thaw state retrieval was not successful,
TM01,25.4479389,-98.01216666666667,2016-08-31,h00v00,463.0,878.0,-9999.0,7.0,Soil moisture retrieval doesn't have recommended quality,Soil moisture retrieval was skipped,Soil moisture retrieval was not successful,Freeze/thaw state retrieval was successful,Not used
TM01,25.4479389,-98.01216666666667,2016-09-01,h00v00,463.0,878.0,0.294272,8.0,Soil moisture retrieval has recommended quality,Soil moisture retrieval was attempted,Soil moisture retrieval was successful,Freeze/thaw state retrieval was not successful,
TM01,25.4479389,-98.01216666666667,2016-09-02,h00v00,463.0,878.0,-9999.0,7.0,Soil moisture retrieval doesn't have recommended quality,Soil moisture retrieval was skipped,Soil moisture retrieval was not successful,Freeze/thaw state retrieval was successful,Not used
TM01,25.4479389,-98.01216666666667,2016-09-03,h00v00,463.0,878.0,-9999.0,7.0,Soil moisture retrieval doesn't have recommended quality,Soil moisture retrieval was skipped,Soil moisture retrieval was not successful,Freeze/thaw state retrieval was successful,Not used
TM01,25.4479389,-98.01216666666667,2016-09-04,h00v00,463.0,878.0,0.2700777,8.0,Soil moisture retrieval has recommended quality,Soil moisture retrieval was attempted,Soil moisture retrieval was successful,Freeze/thaw state retrieval was not successful,
TM01,25.4479389,-98.01216666666667,2016-09-05,h00v00,463.0,878.0,-9999.0,7.0,Soil moisture retrieval doesn't have recommended quality,Soil moisture retrieval was skipped,Soil moisture retrieval was not successful,Freeze/thaw state retrieval was successful,Not used
TM01,25.4479389,-98.01216666666667,2016-09-06,h00v00,463.0,878.0,-9999.0,7.0,Soil moisture retrieval doesn't have recommended quality,Soil moisture retrieval was skipped,Soil moisture retrieval was not successful,Freeze/thaw state retrieval was successful,Not used
TM01,25.4479389,-98.01216666666667,2016-09-07,h00v00,463.0,878.0,0.1899672,8.0,Soil moisture retrieval has recommended quality,Soil moisture retrieval was attempted,Soil moisture retrieval was successful,Freeze/thaw state retrieval was not successful,
TM01,25.4479389,-98.01216666666667,2016-09-08,h00v00,463.0,878.0,-9999.0,7.0,Soil moisture retrieval doesn't have recommended quality,Soil moisture retrieval was skipped,Soil moisture retrieval was not successful,Freeze/thaw state retrieval was successful,Not used
TM01,25.4479389,-98.01216666666667,2016-09-09,h00v00,463.0,878.0,0.1646732,8.0,Soil moisture retrieval has recommended quality,Soil moisture retrieval was attempted,Soil moisture retrieval was successful,Freeze/thaw state retrieval was not successful,
TM01,25.4479389,-98.01216666666667,2016-09-10,h00v00,463.0,878.0,-9999.0,7.0,Soil moisture retrieval doesn't have recommended quality,Soil moisture retrieval was skipped,Soil moisture retrieval was not successful,Freeze/thaw state retrieval was successful,Not used
TM01,25.4479389,-98.01216666666667,2016-09-11,h00v00,463.0,878.0,-9999.0,7.0,Soil moisture retrieval doesn't have recommended quality,Soil moisture retrieval was skipped,Soil moisture retrieval was not successful,Freeze/thaw state retrieval was successful,Not used
TM01,25.4479389,-98.01216666666667,2016-09-12,h00v00,463.0,878.0,0.1247681,8.0,Soil moisture retrieval has recommended quality,Soil moisture retrieval was attempted,Soil moisture retrieval was successful,Freeze/thaw state retrieval was not successful,
TM01,25.4479389,-98.01216666666667,2016-09-13,h00v00,463.0,878.0,-9999.0,7.0,Soil moisture retrieval doesn't have recommended quality,Soil moisture retrieval was skipped,Soil moisture retrieval was not successful,Freeze/thaw state retrieval was successful,Not used
TM01,25.4479389,-98.01216666666667,2016-09-14,h00v00,463.0,878.0,0.1320005,8.0,Soil moisture retrieval has recommended quality,Soil moisture retrieval was attempted,Soil moisture retrieval was successful,Freeze/thaw state retrieval was not successful,
TM01,25.4479389,-98.01216666666667,2016-09-15,h00v00,463.0,878.0,0.159874,8.0,Soil moisture retrieval has recommended quality,Soil moisture retrieval was attempted,Soil moisture retrieval was successful,Freeze/thaw state retrieval was not successful,
TM01,25.4479389,-98.01216666666667,2016-09-16,h00v00,463.0,878.0,-9999.0,7.0,Soil moisture retrieval doesn't have recommended quality,Soil moisture retrieval was skipped,Soil moisture retrieval was not successful,Freeze/thaw state retrieval was successful,Not used
TM01,25.4479389,-98.01216666666667,2016-09-17,h00v00,463.0,878.0,0.115739,8.0,Soil moisture retrieval has recommended quality,Soil moisture retrieval was attempted,Soil moisture retrieval was successful,Freeze/thaw state retrieval was not successful,
TM01,25.4479389,-98.01216666666667,2016-09-18,h00v00,463.0,878.0,-9999.0,7.0,Soil moisture retrieval doesn't have recommended quality,Soil moisture retrieval was skipped,Soil moisture retrieval was not successful,Freeze/thaw state retrieval was successful,Not used
TM01,25.4479389,-98.01216666666667,2016-09-19,h00v00,463.0,878.0,-9999.0,7.0,Soil moisture retrieval doesn't have recommended quality,Soil moisture retrieval was skipped,Soil moisture retrieval was not successful,Freeze/thaw state retrieval was successful,Not used
TM01,25.4479389,-98.01216666666667,2016-09-20,h00v00,463.0,878.0,0.1197521,8.0,Soil moisture retrieval has recommended quality,Soil moisture retrieval was attempted,Soil moisture retrieval was successful,Freeze/thaw state retrieval was not successful,
TM01,25.4479389,-98.01216666666667,2016-09-21,h00v00,463.0,878.0,-9999.0,7.0,Soil moisture retrieval doesn't have recommended quality,Soil moisture retrieval was skipped,Soil moisture retrieval was not successful,Freeze/thaw state retrieval was successful,Not used
TM01,25.4479389,-98.01216666666667,2016-09-22,h00v00,463.0,878.0,0.2902768,8.0,Soil moisture retrieval has recommended quality,Soil moisture retrieval was attempted,Soil moisture retrieval was successful,Freeze/thaw state retrieval was not successful,
TM01,25.4479389,-98.01216666666667,2016-09-23,h00v00,463.0,878.0,0.1579787,8.0,Soil moisture retrieval has recommended quality,Soil moisture retrieval was attempted,Soil moisture retrieval was successful,Freeze/thaw state retrieval was not successful,
TM01,25.4479389,-98.01216666666667,2016-09-24,h00v00,463.0,878.0,-9999.0,7.0,Soil moisture retrieval doesn't have recommended quality,Soil moisture retrieval was skipped,Soil moisture retrieval was not successful,Freeze/thaw state retrieval was successful,Not used
TM01,25.4479389,-98.01216666666667,2016-09-25,h00v00,463.0,878.0,0.1171792,8.0,Soil moisture retrieval has recommended quality,Soil moisture retrieval was attempted,Soil moisture retrieval was successful,Freeze/thaw state retrieval was not successful,
TM01,25.4479389,-98.01216666666667,2016-09-26,h00v00,463.0,878.0,-9999.0,7.0,Soil moisture retrieval doesn't have recommended quality,Soil moisture retrieval was skipped,Soil moisture retrieval was not successful,Freeze/thaw state retrieval was successful,Not used
TM01,25.4479389,-98.01216666666667,2016-09-28,h00v00,463.0,878.0,-9999.0,7.0,Soil moisture retrieval doesn't have recommended quality,Soil moisture retrieval was skipped,Soil moisture retrieval was not successful,Freeze/thaw state retrieval was successful,Not used
TM01,25.4479389,-98.01216666666667,2016-09-29,h00v00,463.0,878.0,-9999.0,7.0,Soil moisture retrieval doesn't have recommended quality,Soil moisture retrieval was skipped,Soil moisture retrieval was not successful,Freeze/thaw state retrieval was successful,Not used
TM01,25.4479389,-98.01216666666667,2016-09-30,h00v00,463.0,878.0,0.2968583,8.0,Soil moisture retrieval has recommended quality,Soil moisture retrieval was attempted,Soil moisture retrieval was successful,Freeze/thaw state retrieval was not successful,
TM01,25.4479389,-98.01216666666667,2016-10-01,h00v00,463.0,878.0,0.2407807,8.0,Soil moisture retrieval has recommended quality,Soil moisture retrieval was attempted,Soil moisture retrieval was successful,Freeze/thaw state retrieval was not successful,
TM01,25.4479389,-98.01216666666667,2016-10-02,h00v00,463.0,878.0,-9999.0,7.0,Soil moisture retrieval doesn't have recommended quality,Soil moisture retrieval was skipped,Soil moisture retrieval was not successful,Freeze/thaw state retrieval was successful,Not used
TM01,25.4479389,-98.01216666666667,2016-10-03,h00v00,463.0,878.0,0.2085839,8.0,Soil moisture retrieval has recommended quality,Soil moisture retrieval was attempted,Soil moisture retrieval was successful,Freeze/thaw state retrieval was not successful,
TM01,25.4479389,-98.01216666666667,2016-10-04,h00v00,463.0,878.0,-9999.0,7.0,Soil moisture retrieval doesn't have recommended quality,Soil moisture retrieval was skipped,Soil moisture retrieval was not successful,Freeze/thaw state retrieval was successful,Not used
TM01,25.4479389,-98.01216666666667,2016-10-05,h00v00,463.0,878.0,-9999.0,7.0,Soil moisture retrieval doesn't have recommended quality,Soil moisture retrieval was skipped,Soil moisture retrieval was not successful,Freeze/thaw state retrieval was successful,Not used
TM01,25.4479389,-98.01216666666667,2016-10-06,h00v00,463.0,878.0,0.1576261,8.0,Soil moisture retrieval has recommended quality,Soil moisture retrieval was attempted,Soil moisture retrieval was successful,Freeze/thaw state retrieval was not successful,
TM01,25.4479389,-98.01216666666667,2016-10-07,h00v00,463.0,878.0,-9999.0,7.0,Soil moisture retrieval doesn't have recommended quality,Soil moisture retrieval was skipped,Soil moisture retrieval was not successful,Freeze/thaw state retrieval was successful,Not used
TM01,25.4479389,-98.01216666666667,2016-10-08,h00v00,463.0,878.0,0.2564618,8.0,Soil moisture retrieval has recommended quality,Soil moisture retrieval was attempted,Soil moisture retrieval was successful,Freeze/thaw state retrieval was not successful,
TM01,25.4479389,-98.01216666666667,2016-10-09,h00v00,463.0,878.0,0.2145385,8.0,Soil moisture retrieval has recommended quality,Soil moisture retrieval was attempted,Soil moisture retrieval was successful,Freeze/thaw state retrieval was not successful,
TM01,25.4479389,-98.01216666666667,2016-10-10,h00v00,463.0,878.0,-9999.0,7.0,Soil moisture retrieval doesn't have recommended quality,Soil moisture retrieval was skipped,Soil moisture retrieval was not successful,Freeze/thaw state retrieval was successful,Not used
TM01,25.4479389,-98.01216666666667,2016-10-11,h00v00,463.0,878.0,0.2022135,8.0,Soil moisture retrieval has recommended quality,Soil moisture retrieval was attempted,Soil moisture retrieval was successful,Freeze/thaw state retrieval was not successful,
TM01,25.4479389,-98.01216666666667,2016-10-12,h00v00,463.0,878.0,-9999.0,7.0,Soil moisture retrieval doesn't have recommended quality,Soil moisture retrieval was skipped,Soil moisture retrieval was not successful,Freeze/thaw state retrieval was successful,Not used
TM01,25.4479389,-98.01216666666667,2016-10-13,h00v00,463.0,878.0,-9999.0,7.0,Soil moisture retrieval doesn't have recommended quality,Soil moisture retrieval was skipped,Soil moisture retrieval was not successful,Freeze/thaw state retrieval was successful,Not used
TM01,25.4479389,-98.01216666666667,2016-10-14,h00v00,463.0,878.0,0.1542236,8.0,Soil moisture retrieval has recommended quality,Soil moisture retrieval was attempted,Soil moisture retrieval was successful,Freeze/thaw state retrieval was not successful,
TM01,25.4479389,-98.01216666666667,2016-10-15,h00v00,463.0,878.0,-9999.0,7.0,Soil moisture retrieval doesn't have recommended quality,Soil moisture retrieval was skipped,Soil moisture retrieval was not successful,Freeze/thaw state retrieval was successful,Not used
TM01,25.4479389,-98.01216666666667,2016-10-16,h00v00,463.0,878.0,0.1579237,8.0,Soil moisture retrieval has recommended quality,Soil moisture retrieval was attempted,Soil moisture retrieval was successful,Freeze/thaw state retrieval was not successful,
TM01,25.4479389,-98.01216666666667,2016-10-17,h00v00,463.0,878.0,0.1326229,8.0,Soil moisture retrieval has recommended quality,Soil moisture retrieval was attempted,Soil moisture retrieval was successful,Freeze/thaw state retrieval was not successful,
TM01,25.4479389,-98.01216666666667,2016-10-18,h00v00,463.0,878.0,-9999.0,7.0,Soil moisture retrieval doesn't have recommended quality,Soil moisture retrieval was skipped,Soil moisture retrieval was not successful,Freeze/thaw state retrieval was successful,Not used
TM01,25.4479389,-98.01216666666667,2016-10-19,h00v00,463.0,878.0,0.129178,8.0,Soil moisture retrieval has recommended quality,Soil moisture retrieval was attempted,Soil moisture retrieval was successful,Freeze/thaw state retrieval was not successful,
TM01,25.4479389,-98.01216666666667,2016-10-20,h00v00,463.0,878.0,-9999.0,7.0,Soil moisture retrieval doesn't have recommended quality,Soil moisture retrieval was skipped,Soil moisture retrieval was not successful,Freeze/thaw state retrieval was successful,Not used
TM01,25.4479389,-98.01216666666667,2016-10-21,h00v00,463.0,878.0,-9999.0,7.0,Soil moisture retrieval doesn't have recommended quality,Soil moisture retrieval was skipped,Soil moisture retrieval was not successful,Freeze/thaw state retrieval was successful,Not used
TM01,25.4479389,-98.01216666666667,2016-10-22,h00v00,463.0,878.0,0.174424,8.0,Soil moisture retrieval has recommended quality,Soil moisture retrieval was attempted,Soil moisture retrieval was successful,Freeze/thaw state retrieval was not successful,
TM01,25.4479389,-98.01216666666667,2016-10-23,h00v00,463.0,878.0,-9999.0,7.0,Soil moisture retrieval doesn't have recommended quality,Soil moisture retrieval was skipped,Soil moisture retrieval was not successful,Freeze/thaw state retrieval was successful,Not used
TM01,25.4479389,-98.01216666666667,2016-10-24,h00v00,463.0,878.0,0.1361291,8.0,Soil moisture retrieval has recommended quality,Soil moisture retrieval was attempted,Soil moisture retrieval was successful,Freeze/thaw state retrieval was not successful,
TM01,25.4479389,-98.01216666666667,2016-10-25,h00v00,463.0,878.0,0.1247504,8.0,Soil moisture retrieval has recommended quality,Soil moisture retrieval was attempted,Soil moisture retrieval was successful,Freeze/thaw state retrieval was not successful,
TM01,25.4479389,-98.01216666666667,2016-10-26,h00v00,463.0,878.0,-9999.0,7.0,Soil moisture retrieval doesn't have recommended quality,Soil moisture retrieval was skipped,Soil moisture retrieval was not successful,Freeze/thaw state retrieval was successful,Not used
TM01,25.4479389,-98.01216666666667,2016-10-27,h00v00,463.0,878.0,0.1394818,8.0,Soil moisture retrieval has recommended quality,Soil moisture retrieval was attempted,Soil moisture retrieval was successful,Freeze/thaw state retrieval was not successful,
TM01,25.4479389,-98.01216666666667,2016-10-28,h00v00,463.0,878.0,-9999.0,7.0,Soil moisture retrieval doesn't have recommended quality,Soil moisture retrieval was skipped,Soil moisture retrieval was not successful,Freeze/thaw state retrieval was successful,Not used
TM01,25.4479389,-98.01216666666667,2016-10-29,h00v00,463.0,878.0,-9999.0,7.0,Soil moisture retrieval doesn't have recommended quality,Soil moisture retrieval was skipped,Soil moisture retrieval was not successful,Freeze/thaw state retrieval was successful,Not used
TM01,25.4479389,-98.01216666666667,2016-10-30,h00v00,463.0,878.0,0.2287365,8.0,Soil moisture retrieval has recommended quality,Soil moisture retrieval was attempted,Soil moisture retrieval was successful,Freeze/thaw state retrieval was not successful,
TM01,25.4479389,-98.01216666666667,2016-10-31,h00v00,463.0,878.0,-9999.0,7.0,Soil moisture retrieval doesn't have recommended quality,Soil moisture retrieval was skipped,Soil moisture retrieval was not successful,Freeze/thaw state retrieval was successful,Not used
TM01,25.4479389,-98.01216666666667,2016-11-01,h00v00,463.0,878.0,0.1762294,8.0,Soil moisture retrieval has recommended quality,Soil moisture retrieval was attempted,Soil moisture retrieval was successful,Freeze/thaw state retrieval was not successful,
TM01,25.4479389,-98.01216666666667,2016-11-02,h00v00,463.0,878.0,0.1429909,8.0,Soil moisture retrieval has recommended quality,Soil moisture retrieval was attempted,Soil moisture retrieval was successful,Freeze/thaw state retrieval was not successful,
TM01,25.4479389,-98.01216666666667,2016-11-03,h00v00,463.0,878.0,-9999.0,7.0,Soil moisture retrieval doesn't have recommended quality,Soil moisture retrieval was skipped,Soil moisture retrieval was not successful,Freeze/thaw state retrieval was successful,Not used
TM01,25.4479389,-98.01216666666667,2016-11-04,h00v00,463.0,878.0,0.2400988,8.0,Soil moisture retrieval has recommended quality,Soil moisture retrieval was attempted,Soil moisture retrieval was successful,Freeze/thaw state retrieval was not successful,
TM01,25.4479389,-98.01216666666667,2016-11-05,h00v00,463.0,878.0,-9999.0,7.0,Soil moisture retrieval doesn't have recommended quality,Soil moisture retrieval was skipped,Soil moisture retrieval was not successful,Freeze/thaw state retrieval was successful,Not used
TM01,25.4479389,-98.01216666666667,2016-11-06,h00v00,463.0,878.0,-9999.0,7.0,Soil moisture retrieval doesn't have recommended quality,Soil moisture retrieval was skipped,Soil moisture retrieval was not successful,Freeze/thaw state retrieval was successful,Not used
TM01,25.4479389,-98.01216666666667,2016-11-07,h00v00,463.0,878.0,0.2020101,8.0,Soil moisture retrieval has recommended quality,Soil moisture retrieval was attempted,Soil moisture retrieval was successful,Freeze/thaw state retrieval was not successful,
TM01,25.4479389,-98.01216666666667,2016-11-08,h00v00,463.0,878.0,-9999.0,7.0,Soil moisture retrieval doesn't have recommended quality,Soil moisture retrieval was skipped,Soil moisture retrieval was not successful,Freeze/thaw state retrieval was successful,Not used
TM01,25.4479389,-98.01216666666667,2016-11-09,h00v00,463.0,878.0,0.3064444,8.0,Soil moisture retrieval has recommended quality,Soil moisture retrieval was attempted,Soil moisture retrieval was successful,Freeze/thaw state retrieval was not successful,
TM01,25.4479389,-98.01216666666667,2016-11-10,h00v00,463.0,878.0,0.2900408,8.0,Soil moisture retrieval has recommended quality,Soil moisture retrieval was attempted,Soil moisture retrieval was successful,Freeze/thaw state retrieval was not successful,
TM01,25.4479389,-98.01216666666667,2016-11-11,h00v00,463.0,878.0,-9999.0,7.0,Soil moisture retrieval doesn't have recommended quality,Soil moisture retrieval was skipped,Soil moisture retrieval was not successful,Freeze/thaw state retrieval was successful,Not used
TM01,25.4479389,-98.01216666666667,2016-11-12,h00v00,463.0,878.0,0.3420617,13.0,Soil moisture retrieval doesn't have recommended quality,Soil moisture retrieval was attempted,Soil moisture retrieval was not successful,Freeze/thaw state retrieval was not successful,
TM01,25.4479389,-98.01216666666667,2016-11-13,h00v00,463.0,878.0,-9999.0,7.0,Soil moisture retrieval doesn't have recommended quality,Soil moisture retrieval was skipped,Soil moisture retrieval was not successful,Freeze/thaw state retrieval was successful,Not used
TM01,25.4479389,-98.01216666666667,2016-11-14,h00v00,463.0,878.0,-9999.0,7.0,Soil moisture retrieval doesn't have recommended quality,Soil moisture retrieval was skipped,Soil moisture retrieval was not successful,Freeze/thaw state retrieval was successful,Not used
TM01,25.4479389,-98.01216666666667,2016-11-15,h00v00,463.0,878.0,0.3392839,13.0,Soil moisture retrieval doesn't have recommended quality,Soil moisture retrieval was attempted,Soil moisture retrieval was not successful,Freeze/thaw state retrieval was not successful,
TM01,25.4479389,-98.01216666666667,2016-11-16,h00v00,463.0,878.0,-9999.0,7.0,Soil moisture retrieval doesn't have recommended quality,Soil moisture retrieval was skipped,Soil moisture retrieval was not successful,Freeze/thaw state retrieval was successful,Not used
TM01,25.4479389,-98.01216666666667,2016-11-17,h00v00,463.0,878.0,0.2389706,8.0,Soil moisture retrieval has recommended quality,Soil moisture retrieval was attempted,Soil moisture retrieval was successful,Freeze/thaw state retrieval was not successful,
TM01,25.4479389,-98.01216666666667,2016-11-18,h00v00,463.0,878.0,0.2056611,8.0,Soil moisture retrieval has recommended quality,Soil moisture retrieval was attempted,Soil moisture retrieval was successful,Freeze/thaw state retrieval was not successful,
TM01,25.4479389,-98.01216666666667,2016-11-19,h00v00,463.0,878.0,-9999.0,7.0,Soil moisture retrieval doesn't have recommended quality,Soil moisture retrieval was skipped,Soil moisture retrieval was not successful,Freeze/thaw state retrieval was successful,Not used
TM01,25.4479389,-98.01216666666667,2016-11-20,h00v00,463.0,878.0,0.2916529,13.0,Soil moisture retrieval doesn't have recommended quality,Soil moisture retrieval was attempted,Soil moisture retrieval was not successful,Freeze/thaw state retrieval was not successful,
TM01,25.4479389,-98.01216666666667,2016-11-21,h00v00,463.0,878.0,-9999.0,7.0,Soil moisture retrieval doesn't have recommended quality,Soil moisture retrieval was skipped,Soil moisture retrieval was not successful,Freeze/thaw state retrieval was successful,Not used
TM01,25.4479389,-98.01216666666667,2016-11-22,h00v00,463.0,878.0,-9999.0,7.0,Soil moisture retrieval doesn't have recommended quality,Soil moisture retrieval was skipped,Soil moisture retrieval was not successful,Freeze/thaw state retrieval was successful,Not used
TM01,25.4479389,-98.01216666666667,2016-11-23,h00v00,463.0,878.0,0.1835369,8.0,Soil moisture retrieval has recommended quality,Soil moisture retrieval was attempted,Soil moisture retrieval was successful,Freeze/thaw state retrieval was not successful,
TM01,25.4479389,-98.01216666666667,2016-11-24,h00v00,463.0,878.0,-9999.0,7.0,Soil moisture retrieval doesn't have recommended quality,Soil moisture retrieval was skipped,Soil moisture retrieval was not successful,Freeze/thaw state retrieval was successful,Not used
TM01,25.4479389,-98.01216666666667,2016-11-25,h00v00,463.0,878.0,0.182289,8.0,Soil moisture retrieval has recommended quality,Soil moisture retrieval was attempted,Soil moisture retrieval was successful,Freeze/thaw state retrieval was not successful,
TM01,25.4479389,-98.01216666666667,2016-11-26,h00v00,463.0,878.0,0.1571378,8.0,Soil moisture retrieval has recommended quality,Soil moisture retrieval was attempted,Soil moisture retrieval was successful,Freeze/thaw state retrieval was not successful,
TM01,25.4479389,-98.01216666666667,2016-11-27,h00v00,463.0,878.0,-9999.0,7.0,Soil moisture retrieval doesn't have recommended quality,Soil moisture retrieval was skipped,Soil moisture retrieval was not successful,Freeze/thaw state retrieval was successful,Not used
TM01,25.4479389,-98.01216666666667,2016-11-28,h00v00,463.0,878.0,0.1437963,8.0,Soil moisture retrieval has recommended quality,Soil moisture retrieval was attempted,Soil moisture retrieval was successful,Freeze/thaw state retrieval was not successful,
TM01,25.4479389,-98.01216666666667,2016-11-29,h00v00,463.0,878.0,-9999.0,7.0,Soil moisture retrieval doesn't have recommended quality,Soil moisture retrieval was skipped,Soil moisture retrieval was not successful,Freeze/thaw state retrieval was successful,Not used
TM01,25.4479389,-98.01216666666667,2016-11-30,h00v00,463.0,878.0,-9999.0,7.0,Soil moisture retrieval doesn't have recommended quality,Soil moisture retrieval was skipped,Soil moisture retrieval was not successful,Freeze/thaw state retrieval was successful,Not used
TM01,25.4479389,-98.01216666666667,2016-12-01,h00v00,463.0,878.0,0.1428073,8.0,Soil moisture retrieval has recommended quality,Soil moisture retrieval was attempted,Soil moisture retrieval was successful,Freeze/thaw state retrieval was not successful,
TM01,25.4479389,-98.01216666666667,2016-12-02,h00v00,463.0,878.0,-9999.0,7.0,Soil moisture retrieval doesn't have recommended quality,Soil moisture retrieval was skipped,Soil moisture retrieval was not successful,Freeze/thaw state retrieval was successful,Not used
TM01,25.4479389,-98.01216666666667,2016-12-03,h00v00,463.0,878.0,0.1484802,8.0,Soil moisture retrieval has recommended quality,Soil moisture retrieval was attempted,Soil moisture retrieval was successful,Freeze/thaw state retrieval was not successful,
TM01,25.4479389,-98.01216666666667,2016-12-04,h00v00,463.0,878.0,0.1408002,8.0,Soil moisture retrieval has recommended quality,Soil moisture retrieval was attempted,Soil moisture retrieval was successful,Freeze/thaw state retrieval was not successful,
TM01,25.4479389,-98.01216666666667,2016-12-05,h00v00,463.0,878.0,-9999.0,7.0,Soil moisture retrieval doesn't have recommended quality,Soil moisture retrieval was skipped,Soil moisture retrieval was not successful,Freeze/thaw state retrieval was successful,Not used
TM01,25.4479389,-98.01216666666667,2016-12-06,h00v00,463.0,878.0,0.2394968,8.0,Soil moisture retrieval has recommended quality,Soil moisture retrieval was attempted,Soil moisture retrieval was successful,Freeze/thaw state retrieval was not successful,
TM01,25.4479389,-98.01216666666667,2016-12-07,h00v00,463.0,878.0,-9999.0,7.0,Soil moisture retrieval doesn't have recommended quality,Soil moisture retrieval was skipped,Soil moisture retrieval was not successful,Freeze/thaw state retrieval was successful,Not used
TM01,25.4479389,-98.01216666666667,2016-12-08,h00v00,463.0,878.0,-9999.0,7.0,Soil moisture retrieval doesn't have recommended quality,Soil moisture retrieval was skipped,Soil moisture retrieval was not successful,Freeze/thaw state retrieval was successful,Not used
TM01,25.4479389,-98.01216666666667,2016-12-09,h00v00,463.0,878.0,0.2720446,13.0,Soil moisture retrieval doesn't have recommended quality,Soil moisture retrieval was attempted,Soil moisture retrieval was not successful,Freeze/thaw state retrieval was not successful,
TM01,25.4479389,-98.01216666666667,2016-12-10,h00v00,463.0,878.0,-9999.0,7.0,Soil moisture retrieval doesn't have recommended quality,Soil moisture retrieval was skipped,Soil moisture retrieval was not successful,Freeze/thaw state retrieval was successful,Not used
TM01,25.4479389,-98.01216666666667,2016-12-11,h00v00,463.0,878.0,0.1972141,8.0,Soil moisture retrieval has recommended quality,Soil moisture retrieval was attempted,Soil moisture retrieval was successful,Freeze/thaw state retrieval was not successful,
TM01,25.4479389,-98.01216666666667,2016-12-12,h00v00,463.0,878.0,0.1603782,8.0,Soil moisture retrieval has recommended quality,Soil moisture retrieval was attempted,Soil moisture retrieval was successful,Freeze/thaw state retrieval was not successful,
TM01,25.4479389,-98.01216666666667,2016-12-13,h00v00,463.0,878.0,-9999.0,7.0,Soil moisture retrieval doesn't have recommended quality,Soil moisture retrieval was skipped,Soil moisture retrieval was not successful,Freeze/thaw state retrieval was successful,Not used
TM01,25.4479389,-98.01216666666667,2016-12-14,h00v00,463.0,878.0,0.1220785,8.0,Soil moisture retrieval has recommended quality,Soil moisture retrieval was attempted,Soil moisture retrieval was successful,Freeze/thaw state retrieval was not successful,
TM01,25.4479389,-98.01216666666667,2016-12-15,h00v00,463.0,878.0,-9999.0,7.0,Soil moisture retrieval doesn't have recommended quality,Soil moisture retrieval was skipped,Soil moisture retrieval was not successful,Freeze/thaw state retrieval was successful,Not used
TM01,25.4479389,-98.01216666666667,2016-12-16,h00v00,463.0,878.0,-9999.0,7.0,Soil moisture retrieval doesn't have recommended quality,Soil moisture retrieval was skipped,Soil moisture retrieval was not successful,Freeze/thaw state retrieval was successful,Not used
TM01,25.4479389,-98.01216666666667,2016-12-17,h00v00,463.0,878.0,0.1885345,8.0,Soil moisture retrieval has recommended quality,Soil moisture retrieval was attempted,Soil moisture retrieval was successful,Freeze/thaw state retrieval was not successful,
TM01,25.4479389,-98.01216666666667,2016-12-18,h00v00,463.0,878.0,-9999.0,7.0,Soil moisture retrieval doesn't have recommended quality,Soil moisture retrieval was skipped,Soil moisture retrieval was not successful,Freeze/thaw state retrieval was successful,Not used
TM01,25.4479389,-98.01216666666667,2016-12-19,h00v00,463.0,878.0,0.1609469,8.0,Soil moisture retrieval has recommended quality,Soil moisture retrieval was attempted,Soil moisture retrieval was successful,Freeze/thaw state retrieval was not successful,
TM01,25.4479389,-98.01216666666667,2016-12-20,h00v00,463.0,878.0,0.1149594,8.0,Soil moisture retrieval has recommended quality,Soil moisture retrieval was attempted,Soil moisture retrieval was successful,Freeze/thaw state retrieval was not successful,
TM01,25.4479389,-98.01216666666667,2016-12-21,h00v00,463.0,878.0,-9999.0,7.0,Soil moisture retrieval doesn't have recommended quality,Soil moisture retrieval was skipped,Soil moisture retrieval was not successful,Freeze/thaw state retrieval was successful,Not used
TM01,25.4479389,-98.01216666666667,2016-12-22,h00v00,463.0,878.0,0.0951743,8.0,Soil moisture retrieval has recommended quality,Soil moisture retrieval was attempted,Soil moisture retrieval was successful,Freeze/thaw state retrieval was not successful,
TM01,25.4479389,-98.01216666666667,2016-12-23,h00v00,463.0,878.0,-9999.0,7.0,Soil moisture retrieval doesn't have recommended quality,Soil moisture retrieval was skipped,Soil moisture retrieval was not successful,Freeze/thaw state retrieval was successful,Not used
TM01,25.4479389,-98.01216666666667,2016-12-24,h00v00,463.0,878.0,-9999.0,7.0,Soil moisture retrieval doesn't have recommended quality,Soil moisture retrieval was skipped,Soil moisture retrieval was not successful,Freeze/thaw state retrieval was successful,Not used
TM01,25.4479389,-98.01216666666667,2016-12-25,h00v00,463.0,878.0,0.1311314,8.0,Soil moisture retrieval has recommended quality,Soil moisture retrieval was attempted,Soil moisture retrieval was successful,Freeze/thaw state retrieval was not successful,
TM01,25.4479389,-98.01216666666667,2016-12-26,h00v00,463.0,878.0,-9999.0,7.0,Soil moisture retrieval doesn't have recommended quality,Soil moisture retrieval was skipped,Soil moisture retrieval was not successful,Freeze/thaw state retrieval was successful,Not used
TM01,25.4479389,-98.01216666666667,2016-12-27,h00v00,463.0,878.0,0.1174271,8.0,Soil moisture retrieval has recommended quality,Soil moisture retrieval was attempted,Soil moisture retrieval was successful,Freeze/thaw state retrieval was not successful,
TM01,25.4479389,-98.01216666666667,2016-12-28,h00v00,463.0,878.0,0.098046,8.0,Soil moisture retrieval has recommended quality,Soil moisture retrieval was attempted,Soil moisture retrieval was successful,Freeze/thaw state retrieval was not successful,
TM01,25.4479389,-98.01216666666667,2016-12-29,h00v00,463.0,878.0,-9999.0,7.0,Soil moisture retrieval doesn't have recommended quality,Soil moisture retrieval was skipped,Soil moisture retrieval was not successful,Freeze/thaw state retrieval was successful,Not used
TM01,25.4479389,-98.01216666666667,2016-12-30,h00v00,463.0,878.0,0.211538,8.0,Soil moisture retrieval has recommended quality,Soil moisture retrieval was attempted,Soil moisture retrieval was successful,Freeze/thaw state retrieval was not successful,
TM01,25.4479389,-98.01216666666667,2016-12-31,h00v00,463.0,878.0,-9999.0,7.0,Soil moisture retrieval doesn't have recommended quality,Soil moisture retrieval was skipped,Soil moisture retrieval was not successful,Freeze/thaw state retrieval was successful,Not used
TM01,25.4479389,-98.01216666666667,2017-01-01,h00v00,463.0,878.0,-9999.0,7.0,Soil moisture retrieval doesn't have recommended quality,Soil moisture retrieval was skipped,Soil moisture retrieval was not successful,Freeze/thaw state retrieval was successful,Not used
TM01,25.4479389,-98.01216666666667,2017-01-02,h00v00,463.0,878.0,0.1674129,8.0,Soil moisture retrieval has recommended quality,Soil moisture retrieval was attempted,Soil moisture retrieval was successful,Freeze/thaw state retrieval was not successful,
TM01,25.4479389,-98.01216666666667,2017-01-03,h00v00,463.0,878.0,-9999.0,7.0,Soil moisture retrieval doesn't have recommended quality,Soil moisture retrieval was skipped,Soil moisture retrieval was not successful,Freeze/thaw state retrieval was successful,Not used
TM01,25.4479389,-98.01216666666667,2017-01-04,h00v00,463.0,878.0,0.1392113,8.0,Soil moisture retrieval has recommended quality,Soil moisture retrieval was attempted,Soil moisture retrieval was successful,Freeze/thaw state retrieval was not successful,
TM01,25.4479389,-98.01216666666667,2017-01-05,h00v00,463.0,878.0,0.1353,8.0,Soil moisture retrieval has recommended quality,Soil moisture retrieval was attempted,Soil moisture retrieval was successful,Freeze/thaw state retrieval was not successful,
TM01,25.4479389,-98.01216666666667,2017-01-06,h00v00,463.0,878.0,-9999.0,7.0,Soil moisture retrieval doesn't have recommended quality,Soil moisture retrieval was skipped,Soil moisture retrieval was not successful,Freeze/thaw state retrieval was successful,Not used
TM01,25.4479389,-98.01216666666667,2017-01-07,h00v00,463.0,878.0,0.1612254,8.0,Soil moisture retrieval has recommended quality,Soil moisture retrieval was attempted,Soil moisture retrieval was successful,Freeze/thaw state retrieval was not successful,
TM01,25.4479389,-98.01216666666667,2017-01-08,h00v00,463.0,878.0,-9999.0,7.0,Soil moisture retrieval doesn't have recommended quality,Soil moisture retrieval was skipped,Soil moisture retrieval was not successful,Freeze/thaw state retrieval was successful,Not used
TM01,25.4479389,-98.01216666666667,2017-01-09,h00v00,463.0,878.0,-9999.0,7.0,Soil moisture retrieval doesn't have recommended quality,Soil moisture retrieval was skipped,Soil moisture retrieval was not successful,Freeze/thaw state retrieval was successful,Not used
TM01,25.4479389,-98.01216666666667,2017-01-10,h00v00,463.0,878.0,0.116764,8.0,Soil moisture retrieval has recommended quality,Soil moisture retrieval was attempted,Soil moisture retrieval was successful,Freeze/thaw state retrieval was not successful,
TM01,25.4479389,-98.01216666666667,2017-01-11,h00v00,463.0,878.0,-9999.0,7.0,Soil moisture retrieval doesn't have recommended quality,Soil moisture retrieval was skipped,Soil moisture retrieval was not successful,Freeze/thaw state retrieval was successful,Not used
TM01,25.4479389,-98.01216666666667,2017-01-12,h00v00,463.0,878.0,0.139604,8.0,Soil moisture retrieval has recommended quality,Soil moisture retrieval was attempted,Soil moisture retrieval was successful,Freeze/thaw state retrieval was not successful,
TM01,25.4479389,-98.01216666666667,2017-01-13,h00v00,463.0,878.0,0.1330387,8.0,Soil moisture retrieval has recommended quality,Soil moisture retrieval was attempted,Soil moisture retrieval was successful,Freeze/thaw state retrieval was not successful,
TM01,25.4479389,-98.01216666666667,2017-01-14,h00v00,463.0,878.0,-9999.0,7.0,Soil moisture retrieval doesn't have recommended quality,Soil moisture retrieval was skipped,Soil moisture retrieval was not successful,Freeze/thaw state retrieval was successful,Not used
TM01,25.4479389,-98.01216666666667,2017-01-15,h00v00,463.0,878.0,0.225916,8.0,Soil moisture retrieval has recommended quality,Soil moisture retrieval was attempted,Soil moisture retrieval was successful,Freeze/thaw state retrieval was not successful,
TM01,25.4479389,-98.01216666666667,2017-01-16,h00v00,463.0,878.0,-9999.0,7.0,Soil moisture retrieval doesn't have recommended quality,Soil moisture retrieval was skipped,Soil moisture retrieval was not successful,Freeze/thaw state retrieval was successful,Not used
TM01,25.4479389,-98.01216666666667,2017-01-17,h00v00,463.0,878.0,-9999.0,7.0,Soil moisture retrieval doesn't have recommended quality,Soil moisture retrieval was skipped,Soil moisture retrieval was not successful,Freeze/thaw state retrieval was successful,Not used
TM01,25.4479389,-98.01216666666667,2017-01-18,h00v00,463.0,878.0,0.148927,8.0,Soil moisture retrieval has recommended quality,Soil moisture retrieval was attempted,Soil moisture retrieval was successful,Freeze/thaw state retrieval was not successful,
TM01,25.4479389,-98.01216666666667,2017-01-19,h00v00,463.0,878.0,-9999.0,7.0,Soil moisture retrieval doesn't have recommended quality,Soil moisture retrieval was skipped,Soil moisture retrieval was not successful,Freeze/thaw state retrieval was successful,Not used
TM01,25.4479389,-98.01216666666667,2017-01-20,h00v00,463.0,878.0,0.1432979,8.0,Soil moisture retrieval has recommended quality,Soil moisture retrieval was attempted,Soil moisture retrieval was successful,Freeze/thaw state retrieval was not successful,
TM01,25.4479389,-98.01216666666667,2017-01-21,h00v00,463.0,878.0,0.1403475,8.0,Soil moisture retrieval has recommended quality,Soil moisture retrieval was attempted,Soil moisture retrieval was successful,Freeze/thaw state retrieval was not successful,
TM01,25.4479389,-98.01216666666667,2017-01-22,h00v00,463.0,878.0,-9999.0,7.0,Soil moisture retrieval doesn't have recommended quality,Soil moisture retrieval was skipped,Soil moisture retrieval was not successful,Freeze/thaw state retrieval was successful,Not used
TM01,25.4479389,-98.01216666666667,2017-01-23,h00v00,463.0,878.0,0.1461975,8.0,Soil moisture retrieval has recommended quality,Soil moisture retrieval was attempted,Soil moisture retrieval was successful,Freeze/thaw state retrieval was not successful,
TM01,25.4479389,-98.01216666666667,2017-01-24,h00v00,463.0,878.0,-9999.0,7.0,Soil moisture retrieval doesn't have recommended quality,Soil moisture retrieval was skipped,Soil moisture retrieval was not successful,Freeze/thaw state retrieval was successful,Not used
TM01,25.4479389,-98.01216666666667,2017-01-25,h00v00,463.0,878.0,-9999.0,7.0,Soil moisture retrieval doesn't have recommended quality,Soil moisture retrieval was skipped,Soil moisture retrieval was not successful,Freeze/thaw state retrieval was successful,Not used
TM01,25.4479389,-98.01216666666667,2017-01-26,h00v00,463.0,878.0,0.148929,8.0,Soil moisture retrieval has recommended quality,Soil moisture retrieval was attempted,Soil moisture retrieval was successful,Freeze/thaw state retrieval was not successful,
TM01,25.4479389,-98.01216666666667,2017-01-27,h00v00,463.0,878.0,-9999.0,7.0,Soil moisture retrieval doesn't have recommended quality,Soil moisture retrieval was skipped,Soil moisture retrieval was not successful,Freeze/thaw state retrieval was successful,Not used
TM01,25.4479389,-98.01216666666667,2017-01-28,h00v00,463.0,878.0,0.3102995,8.0,Soil moisture retrieval has recommended quality,Soil moisture retrieval was attempted,Soil moisture retrieval was successful,Freeze/thaw state retrieval was not successful,
TM01,25.4479389,-98.01216666666667,2017-01-29,h00v00,463.0,878.0,0.2474432,8.0,Soil moisture retrieval has recommended quality,Soil moisture retrieval was attempted,Soil moisture retrieval was successful,Freeze/thaw state retrieval was not successful,
TM01,25.4479389,-98.01216666666667,2017-01-30,h00v00,463.0,878.0,-9999.0,7.0,Soil moisture retrieval doesn't have recommended quality,Soil moisture retrieval was skipped,Soil moisture retrieval was not successful,Freeze/thaw state retrieval was successful,Not used
TM01,25.4479389,-98.01216666666667,2017-01-31,h00v00,463.0,878.0,0.1910506,8.0,Soil moisture retrieval has recommended quality,Soil moisture retrieval was attempted,Soil moisture retrieval was successful,Freeze/thaw state retrieval was not successful,
TM01,25.4479389,-98.01216666666667,2017-02-01,h00v00,463.0,878.0,-9999.0,7.0,Soil moisture retrieval doesn't have recommended quality,Soil moisture retrieval was skipped,Soil moisture retrieval was not successful,Freeze/thaw state retrieval was successful,Not used
TM01,25.4479389,-98.01216666666667,2017-02-02,h00v00,463.0,878.0,-9999.0,7.0,Soil moisture retrieval doesn't have recommended quality,Soil moisture retrieval was skipped,Soil moisture retrieval was not successful,Freeze/thaw state retrieval was successful,Not used
TM01,25.4479389,-98.01216666666667,2017-02-03,h00v00,463.0,878.0,0.1409185,8.0,Soil moisture retrieval has recommended quality,Soil moisture retrieval was attempted,Soil moisture retrieval was successful,Freeze/thaw state retrieval was not successful,
TM01,25.4479389,-98.01216666666667,2017-02-04,h00v00,463.0,878.0,-9999.0,7.0,Soil moisture retrieval doesn't have recommended quality,Soil moisture retrieval was skipped,Soil moisture retrieval was not successful,Freeze/thaw state retrieval was successful,Not used
TM01,25.4479389,-98.01216666666667,2017-02-05,h00v00,463.0,878.0,0.4051686,13.0,Soil moisture retrieval doesn't have recommended quality,Soil moisture retrieval was attempted,Soil moisture retrieval was not successful,Freeze/thaw state retrieval was not successful,
TM01,25.4479389,-98.01216666666667,2017-02-06,h00v00,463.0,878.0,0.2986035,13.0,Soil moisture retrieval doesn't have recommended quality,Soil moisture retrieval was attempted,Soil moisture retrieval was not successful,Freeze/thaw state retrieval was not successful,
TM01,25.4479389,-98.01216666666667,2017-02-07,h00v00,463.0,878.0,-9999.0,7.0,Soil moisture retrieval doesn't have recommended quality,Soil moisture retrieval was skipped,Soil moisture retrieval was not successful,Freeze/thaw state retrieval was successful,Not used
TM01,25.4479389,-98.01216666666667,2017-02-08,h00v00,463.0,878.0,0.2219363,8.0,Soil moisture retrieval has recommended quality,Soil moisture retrieval was attempted,Soil moisture retrieval was successful,Freeze/thaw state retrieval was not successful,
TM01,25.4479389,-98.01216666666667,2017-02-09,h00v00,463.0,878.0,-9999.0,7.0,Soil moisture retrieval doesn't have recommended quality,Soil moisture retrieval was skipped,Soil moisture retrieval was not successful,Freeze/thaw state retrieval was successful,Not used
TM01,25.4479389,-98.01216666666667,2017-02-10,h00v00,463.0,878.0,-9999.0,7.0,Soil moisture retrieval doesn't have recommended quality,Soil moisture retrieval was skipped,Soil moisture retrieval was not successful,Freeze/thaw state retrieval was successful,Not used
TM01,25.4479389,-98.01216666666667,2017-02-11,h00v00,463.0,878.0,0.184222,8.0,Soil moisture retrieval has recommended quality,Soil moisture retrieval was attempted,Soil moisture retrieval was successful,Freeze/thaw state retrieval was not successful,
TM01,25.4479389,-98.01216666666667,2017-02-12,h00v00,463.0,878.0,-9999.0,7.0,Soil moisture retrieval doesn't have recommended quality,Soil moisture retrieval was skipped,Soil moisture retrieval was not successful,Freeze/thaw state retrieval was successful,Not used
TM01,25.4479389,-98.01216666666667,2017-02-13,h00v00,463.0,878.0,0.1588163,8.0,Soil moisture retrieval has recommended quality,Soil moisture retrieval was attempted,Soil moisture retrieval was successful,Freeze/thaw state retrieval was not successful,
TM01,25.4479389,-98.01216666666667,2017-02-14,h00v00,463.0,878.0,0.1433952,8.0,Soil moisture retrieval has recommended quality,Soil moisture retrieval was attempted,Soil moisture retrieval was successful,Freeze/thaw state retrieval was not successful,
TM01,25.4479389,-98.01216666666667,2017-02-15,h00v00,463.0,878.0,-9999.0,7.0,Soil moisture retrieval doesn't have recommended quality,Soil moisture retrieval was skipped,Soil moisture retrieval was not successful,Freeze/thaw state retrieval was successful,Not used
TM01,25.4479389,-98.01216666666667,2017-02-16,h00v00,463.0,878.0,0.1346641,8.0,Soil moisture retrieval has recommended quality,Soil moisture retrieval was attempted,Soil moisture retrieval was successful,Freeze/thaw state retrieval was not successful,
TM01,25.4479389,-98.01216666666667,2017-02-17,h00v00,463.0,878.0,-9999.0,7.0,Soil moisture retrieval doesn't have recommended quality,Soil moisture retrieval was skipped,Soil moisture retrieval was not successful,Freeze/thaw state retrieval was successful,Not used
TM01,25.4479389,-98.01216666666667,2017-02-18,h00v00,463.0,878.0,-9999.0,7.0,Soil moisture retrieval doesn't have recommended quality,Soil moisture retrieval was skipped,Soil moisture retrieval was not successful,Freeze/thaw state retrieval was successful,Not used
TM01,25.4479389,-98.01216666666667,2017-02-19,h00v00,463.0,878.0,0.1271924,8.0,Soil moisture retrieval has recommended quality,Soil moisture retrieval was attempted,Soil moisture retrieval was successful,Freeze/thaw state retrieval was not successful,
TM01,25.4479389,-98.01216666666667,2017-02-20,h00v00,463.0,878.0,-9999.0,7.0,Soil moisture retrieval doesn't have recommended quality,Soil moisture retrieval was skipped,Soil moisture retrieval was not successful,Freeze/thaw state retrieval was successful,Not used
TM01,25.4479389,-98.01216666666667,2017-02-21,h00v00,463.0,878.0,0.2624469,8.0,Soil moisture retrieval has recommended quality,Soil moisture retrieval was attempted,Soil moisture retrieval was successful,Freeze/thaw state retrieval was not successful,
TM01,25.4479389,-98.01216666666667,2017-02-22,h00v00,463.0,878.0,0.2103383,8.0,Soil moisture retrieval has recommended quality,Soil moisture retrieval was attempted,Soil moisture retrieval was successful,Freeze/thaw state retrieval was not successful,
TM01,25.4479389,-98.01216666666667,2017-02-23,h00v00,463.0,878.0,-9999.0,7.0,Soil moisture retrieval doesn't have recommended quality,Soil moisture retrieval was skipped,Soil moisture retrieval was not successful,Freeze/thaw state retrieval was successful,Not used
TM01,25.4479389,-98.01216666666667,2017-02-24,h00v00,463.0,878.0,0.1284684,8.0,Soil moisture retrieval has recommended quality,Soil moisture retrieval was attempted,Soil moisture retrieval was successful,Freeze/thaw state retrieval was not successful,
TM01,25.4479389,-98.01216666666667,2017-02-25,h00v00,463.0,878.0,-9999.0,7.0,Soil moisture retrieval doesn't have recommended quality,Soil moisture retrieval was skipped,Soil moisture retrieval was not successful,Freeze/thaw state retrieval was successful,Not used
TM01,25.4479389,-98.01216666666667,2017-02-26,h00v00,463.0,878.0,-9999.0,7.0,Soil moisture retrieval doesn't have recommended quality,Soil moisture retrieval was skipped,Soil moisture retrieval was not successful,Freeze/thaw state retrieval was successful,Not used
TM01,25.4479389,-98.01216666666667,2017-02-27,h00v00,463.0,878.0,0.1250534,8.0,Soil moisture retrieval has recommended quality,Soil moisture retrieval was attempted,Soil moisture retrieval was successful,Freeze/thaw state retrieval was not successful,
TM01,25.4479389,-98.01216666666667,2017-02-28,h00v00,463.0,878.0,-9999.0,7.0,Soil moisture retrieval doesn't have recommended quality,Soil moisture retrieval was skipped,Soil moisture retrieval was not successful,Freeze/thaw state retrieval was successful,Not used
TM01,25.4479389,-98.01216666666667,2017-03-01,h00v00,463.0,878.0,0.1210854,8.0,Soil moisture retrieval has recommended quality,Soil moisture retrieval was attempted,Soil moisture retrieval was successful,Freeze/thaw state retrieval was not successful,
TM01,25.4479389,-98.01216666666667,2017-03-02,h00v00,463.0,878.0,0.2577429,8.0,Soil moisture retrieval has recommended quality,Soil moisture retrieval was attempted,Soil moisture retrieval was successful,Freeze/thaw state retrieval was not successful,
TM01,25.4479389,-98.01216666666667,2017-03-03,h00v00,463.0,878.0,-9999.0,7.0,Soil moisture retrieval doesn't have recommended quality,Soil moisture retrieval was skipped,Soil moisture retrieval was not successful,Freeze/thaw state retrieval was successful,Not used
TM01,25.4479389,-98.01216666666667,2017-03-04,h00v00,463.0,878.0,0.1819437,8.0,Soil moisture retrieval has recommended quality,Soil moisture retrieval was attempted,Soil moisture retrieval was successful,Freeze/thaw state retrieval was not successful,
TM01,25.4479389,-98.01216666666667,2017-03-05,h00v00,463.0,878.0,-9999.0,7.0,Soil moisture retrieval doesn't have recommended quality,Soil moisture retrieval was skipped,Soil moisture retrieval was not successful,Freeze/thaw state retrieval was successful,Not used
TM01,25.4479389,-98.01216666666667,2017-03-06,h00v00,463.0,878.0,-9999.0,7.0,Soil moisture retrieval doesn't have recommended quality,Soil moisture retrieval was skipped,Soil moisture retrieval was not successful,Freeze/thaw state retrieval was successful,Not used
TM01,25.4479389,-98.01216666666667,2017-03-07,h00v00,463.0,878.0,0.2192396,8.0,Soil moisture retrieval has recommended quality,Soil moisture retrieval was attempted,Soil moisture retrieval was successful,Freeze/thaw state retrieval was not successful,
TM01,25.4479389,-98.01216666666667,2017-03-08,h00v00,463.0,878.0,-9999.0,7.0,Soil moisture retrieval doesn't have recommended quality,Soil moisture retrieval was skipped,Soil moisture retrieval was not successful,Freeze/thaw state retrieval was successful,Not used
TM01,25.4479389,-98.01216666666667,2017-03-09,h00v00,463.0,878.0,0.2716094,8.0,Soil moisture retrieval has recommended quality,Soil moisture retrieval was attempted,Soil moisture retrieval was successful,Freeze/thaw state retrieval was not successful,
TM01,25.4479389,-98.01216666666667,2017-03-10,h00v00,463.0,878.0,0.2932732,8.0,Soil moisture retrieval has recommended quality,Soil moisture retrieval was attempted,Soil moisture retrieval was successful,Freeze/thaw state retrieval was not successful,
TM01,25.4479389,-98.01216666666667,2017-03-11,h00v00,463.0,878.0,-9999.0,7.0,Soil moisture retrieval doesn't have recommended quality,Soil moisture retrieval was skipped,Soil moisture retrieval was not successful,Freeze/thaw state retrieval was successful,Not used
TM01,25.4479389,-98.01216666666667,2017-03-12,h00v00,463.0,878.0,0.2598931,8.0,Soil moisture retrieval has recommended quality,Soil moisture retrieval was attempted,Soil moisture retrieval was successful,Freeze/thaw state retrieval was not successful,
TM01,25.4479389,-98.01216666666667,2017-03-13,h00v00,463.0,878.0,-9999.0,7.0,Soil moisture retrieval doesn't have recommended quality,Soil moisture retrieval was skipped,Soil moisture retrieval was not successful,Freeze/thaw state retrieval was successful,Not used
TM01,25.4479389,-98.01216666666667,2017-03-14,h00v00,463.0,878.0,-9999.0,7.0,Soil moisture retrieval doesn't have recommended quality,Soil moisture retrieval was skipped,Soil moisture retrieval was not successful,Freeze/thaw state retrieval was successful,Not used
TM01,25.4479389,-98.01216666666667,2017-03-15,h00v00,463.0,878.0,0.2165748,8.0,Soil moisture retrieval has recommended quality,Soil moisture retrieval was attempted,Soil moisture retrieval was successful,Freeze/thaw state retrieval was not successful,
TM01,25.4479389,-98.01216666666667,2017-03-16,h00v00,463.0,878.0,-9999.0,7.0,Soil moisture retrieval doesn't have recommended quality,Soil moisture retrieval was skipped,Soil moisture retrieval was not successful,Freeze/thaw state retrieval was successful,Not used
TM01,25.4479389,-98.01216666666667,2017-03-17,h00v00,463.0,878.0,0.1684826,8.0,Soil moisture retrieval has recommended quality,Soil moisture retrieval was attempted,Soil moisture retrieval was successful,Freeze/thaw state retrieval was not successful,
TM01,25.4479389,-98.01216666666667,2017-03-18,h00v00,463.0,878.0,0.1515675,8.0,Soil moisture retrieval has recommended quality,Soil moisture retrieval was attempted,Soil moisture retrieval was successful,Freeze/thaw state retrieval was not successful,
TM01,25.4479389,-98.01216666666667,2017-03-19,h00v00,463.0,878.0,-9999.0,7.0,Soil moisture retrieval doesn't have recommended quality,Soil moisture retrieval was skipped,Soil moisture retrieval was not successful,Freeze/thaw state retrieval was successful,Not used
TM01,25.4479389,-98.01216666666667,2017-03-20,h00v00,463.0,878.0,0.1557278,8.0,Soil moisture retrieval has recommended quality,Soil moisture retrieval was attempted,Soil moisture retrieval was successful,Freeze/thaw state retrieval was not successful,
TM01,25.4479389,-98.01216666666667,2017-03-21,h00v00,463.0,878.0,-9999.0,7.0,Soil moisture retrieval doesn't have recommended quality,Soil moisture retrieval was skipped,Soil moisture retrieval was not successful,Freeze/thaw state retrieval was successful,Not used
TM01,25.4479389,-98.01216666666667,2017-03-22,h00v00,463.0,878.0,-9999.0,7.0,Soil moisture retrieval doesn't have recommended quality,Soil moisture retrieval was skipped,Soil moisture retrieval was not successful,Freeze/thaw state retrieval was successful,Not used
TM01,25.4479389,-98.01216666666667,2017-03-23,h00v00,463.0,878.0,0.1396576,8.0,Soil moisture retrieval has recommended quality,Soil moisture retrieval was attempted,Soil moisture retrieval was successful,Freeze/thaw state retrieval was not successful,
TM01,25.4479389,-98.01216666666667,2017-03-24,h00v00,463.0,878.0,-9999.0,7.0,Soil moisture retrieval doesn't have recommended quality,Soil moisture retrieval was skipped,Soil moisture retrieval was not successful,Freeze/thaw state retrieval was successful,Not used
TM01,25.4479389,-98.01216666666667,2017-03-25,h00v00,463.0,878.0,0.1421204,8.0,Soil moisture retrieval has recommended quality,Soil moisture retrieval was attempted,Soil moisture retrieval was successful,Freeze/thaw state retrieval was not successful,
TM01,25.4479389,-98.01216666666667,2017-03-26,h00v00,463.0,878.0,0.1314342,8.0,Soil moisture retrieval has recommended quality,Soil moisture retrieval was attempted,Soil moisture retrieval was successful,Freeze/thaw state retrieval was not successful,
TM01,25.4479389,-98.01216666666667,2017-03-27,h00v00,463.0,878.0,-9999.0,7.0,Soil moisture retrieval doesn't have recommended quality,Soil moisture retrieval was skipped,Soil moisture retrieval was not successful,Freeze/thaw state retrieval was successful,Not used
TM01,25.4479389,-98.01216666666667,2017-03-28,h00v00,463.0,878.0,0.1276982,8.0,Soil moisture retrieval has recommended quality,Soil moisture retrieval was attempted,Soil moisture retrieval was successful,Freeze/thaw state retrieval was not successful,
TM01,25.4479389,-98.01216666666667,2017-03-29,h00v00,463.0,878.0,-9999.0,7.0,Soil moisture retrieval doesn't have recommended quality,Soil moisture retrieval was skipped,Soil moisture retrieval was not successful,Freeze/thaw state retrieval was successful,Not used
TM01,25.4479389,-98.01216666666667,2017-03-30,h00v00,463.0,878.0,-9999.0,7.0,Soil moisture retrieval doesn't have recommended quality,Soil moisture retrieval was skipped,Soil moisture retrieval was not successful,Freeze/thaw state retrieval was successful,Not used
TM01,25.4479389,-98.01216666666667,2017-03-31,h00v00,463.0,878.0,0.1364476,8.0,Soil moisture retrieval has recommended quality,Soil moisture retrieval was attempted,Soil moisture retrieval was successful,Freeze/thaw state retrieval was not successful,
TM01,25.4479389,-98.01216666666667,2017-04-01,h00v00,463.0,878.0,-9999.0,7.0,Soil moisture retrieval doesn't have recommended quality,Soil moisture retrieval was skipped,Soil moisture retrieval was not successful,Freeze/thaw state retrieval was successful,Not used
TM01,25.4479389,-98.01216666666667,2017-04-02,h00v00,463.0,878.0,0.1285902,8.0,Soil moisture retrieval has recommended quality,Soil moisture retrieval was attempted,Soil moisture retrieval was successful,Freeze/thaw state retrieval was not successful,
TM01,25.4479389,-98.01216666666667,2017-04-03,h00v00,463.0,878.0,0.1311727,8.0,Soil moisture retrieval has recommended quality,Soil moisture retrieval was attempted,Soil moisture retrieval was successful,Freeze/thaw state retrieval was not successful,
TM01,25.4479389,-98.01216666666667,2017-04-04,h00v00,463.0,878.0,-9999.0,7.0,Soil moisture retrieval doesn't have recommended quality,Soil moisture retrieval was skipped,Soil moisture retrieval was not successful,Freeze/thaw state retrieval was successful,Not used
TM01,25.4479389,-98.01216666666667,2017-04-05,h00v00,463.0,878.0,0.1338101,8.0,Soil moisture retrieval has recommended quality,Soil moisture retrieval was attempted,Soil moisture retrieval was successful,Freeze/thaw state retrieval was not successful,
TM01,25.4479389,-98.01216666666667,2017-04-06,h00v00,463.0,878.0,-9999.0,7.0,Soil moisture retrieval doesn't have recommended quality,Soil moisture retrieval was skipped,Soil moisture retrieval was not successful,Freeze/thaw state retrieval was successful,Not used
TM01,25.4479389,-98.01216666666667,2017-04-07,h00v00,463.0,878.0,-9999.0,7.0,Soil moisture retrieval doesn't have recommended quality,Soil moisture retrieval was skipped,Soil moisture retrieval was not successful,Freeze/thaw state retrieval was successful,Not used
TM01,25.4479389,-98.01216666666667,2017-04-08,h00v00,463.0,878.0,0.1434776,8.0,Soil moisture retrieval has recommended quality,Soil moisture retrieval was attempted,Soil moisture retrieval was successful,Freeze/thaw state retrieval was not successful,
TM01,25.4479389,-98.01216666666667,2017-04-09,h00v00,463.0,878.0,-9999.0,7.0,Soil moisture retrieval doesn't have recommended quality,Soil moisture retrieval was skipped,Soil moisture retrieval was not successful,Freeze/thaw state retrieval was successful,Not used
TM01,25.4479389,-98.01216666666667,2017-04-10,h00v00,463.0,878.0,0.1315446,8.0,Soil moisture retrieval has recommended quality,Soil moisture retrieval was attempted,Soil moisture retrieval was successful,Freeze/thaw state retrieval was not successful,
TM01,25.4479389,-98.01216666666667,2017-04-11,h00v00,463.0,878.0,0.1188543,8.0,Soil moisture retrieval has recommended quality,Soil moisture retrieval was attempted,Soil moisture retrieval was successful,Freeze/thaw state retrieval was not successful,
TM01,25.4479389,-98.01216666666667,2017-04-12,h00v00,463.0,878.0,-9999.0,7.0,Soil moisture retrieval doesn't have recommended quality,Soil moisture retrieval was skipped,Soil moisture retrieval was not successful,Freeze/thaw state retrieval was successful,Not used
TM01,25.4479389,-98.01216666666667,2017-04-13,h00v00,463.0,878.0,0.1987397,8.0,Soil moisture retrieval has recommended quality,Soil moisture retrieval was attempted,Soil moisture retrieval was successful,Freeze/thaw state retrieval was not successful,
TM01,25.4479389,-98.01216666666667,2017-04-14,h00v00,463.0,878.0,-9999.0,7.0,Soil moisture retrieval doesn't have recommended quality,Soil moisture retrieval was skipped,Soil moisture retrieval was not successful,Freeze/thaw state retrieval was successful,Not used
TM01,25.4479389,-98.01216666666667,2017-04-15,h00v00,463.0,878.0,-9999.0,7.0,Soil moisture retrieval doesn't have recommended quality,Soil moisture retrieval was skipped,Soil moisture retrieval was not successful,Freeze/thaw state retrieval was successful,Not used
TM01,25.4479389,-98.01216666666667,2017-04-16,h00v00,463.0,878.0,0.1553319,8.0,Soil moisture retrieval has recommended quality,Soil moisture retrieval was attempted,Soil moisture retrieval was successful,Freeze/thaw state retrieval was not successful,
TM01,25.4479389,-98.01216666666667,2017-04-17,h00v00,463.0,878.0,-9999.0,7.0,Soil moisture retrieval doesn't have recommended quality,Soil moisture retrieval was skipped,Soil moisture retrieval was not successful,Freeze/thaw state retrieval was successful,Not used
TM01,25.4479389,-98.01216666666667,2017-04-18,h00v00,463.0,878.0,0.3154218,8.0,Soil moisture retrieval has recommended quality,Soil moisture retrieval was attempted,Soil moisture retrieval was successful,Freeze/thaw state retrieval was not successful,
TM01,25.4479389,-98.01216666666667,2017-04-19,h00v00,463.0,878.0,0.2620981,8.0,Soil moisture retrieval has recommended quality,Soil moisture retrieval was attempted,Soil moisture retrieval was successful,Freeze/thaw state retrieval was not successful,
TM01,25.4479389,-98.01216666666667,2017-04-20,h00v00,463.0,878.0,-9999.0,7.0,Soil moisture retrieval doesn't have recommended quality,Soil moisture retrieval was skipped,Soil moisture retrieval was not successful,Freeze/thaw state retrieval was successful,Not used
TM01,25.4479389,-98.01216666666667,2017-04-21,h00v00,463.0,878.0,0.1928217,8.0,Soil moisture retrieval has recommended quality,Soil moisture retrieval was attempted,Soil moisture retrieval was successful,Freeze/thaw state retrieval was not successful,
TM01,25.4479389,-98.01216666666667,2017-04-22,h00v00,463.0,878.0,-9999.0,7.0,Soil moisture retrieval doesn't have recommended quality,Soil moisture retrieval was skipped,Soil moisture retrieval was not successful,Freeze/thaw state retrieval was successful,Not used
TM01,25.4479389,-98.01216666666667,2017-04-23,h00v00,463.0,878.0,-9999.0,7.0,Soil moisture retrieval doesn't have recommended quality,Soil moisture retrieval was skipped,Soil moisture retrieval was not successful,Freeze/thaw state retrieval was successful,Not used
TM01,25.4479389,-98.01216666666667,2017-04-24,h00v00,463.0,878.0,0.1678229,8.0,Soil moisture retrieval has recommended quality,Soil moisture retrieval was attempted,Soil moisture retrieval was successful,Freeze/thaw state retrieval was not successful,
TM01,25.4479389,-98.01216666666667,2017-04-25,h00v00,463.0,878.0,-9999.0,7.0,Soil moisture retrieval doesn't have recommended quality,Soil moisture retrieval was skipped,Soil moisture retrieval was not successful,Freeze/thaw state retrieval was successful,Not used
TM01,25.4479389,-98.01216666666667,2017-04-26,h00v00,463.0,878.0,0.1378642,8.0,Soil moisture retrieval has recommended quality,Soil moisture retrieval was attempted,Soil moisture retrieval was successful,Freeze/thaw state retrieval was not successful,
TM01,25.4479389,-98.01216666666667,2017-04-27,h00v00,463.0,878.0,0.1375502,8.0,Soil moisture retrieval has recommended quality,Soil moisture retrieval was attempted,Soil moisture retrieval was successful,Freeze/thaw state retrieval was not successful,
TM01,25.4479389,-98.01216666666667,2017-04-28,h00v00,463.0,878.0,-9999.0,7.0,Soil moisture retrieval doesn't have recommended quality,Soil moisture retrieval was skipped,Soil moisture retrieval was not successful,Freeze/thaw state retrieval was successful,Not used
TM01,25.4479389,-98.01216666666667,2017-04-29,h00v00,463.0,878.0,0.1400653,8.0,Soil moisture retrieval has recommended quality,Soil moisture retrieval was attempted,Soil moisture retrieval was successful,Freeze/thaw state retrieval was not successful,
TM01,25.4479389,-98.01216666666667,2017-04-30,h00v00,463.0,878.0,-9999.0,7.0,Soil moisture retrieval doesn't have recommended quality,Soil moisture retrieval was skipped,Soil moisture retrieval was not successful,Freeze/thaw state retrieval was successful,Not used
TM01,25.4479389,-98.01216666666667,2017-05-01,h00v00,463.0,878.0,-9999.0,7.0,Soil moisture retrieval doesn't have recommended quality,Soil moisture retrieval was skipped,Soil moisture retrieval was not successful,Freeze/thaw state retrieval was successful,Not used
TM01,25.4479389,-98.01216666666667,2017-05-02,h00v00,463.0,878.0,0.1467324,8.0,Soil moisture retrieval has recommended quality,Soil moisture retrieval was attempted,Soil moisture retrieval was successful,Freeze/thaw state retrieval was not successful,
TM01,25.4479389,-98.01216666666667,2017-05-03,h00v00,463.0,878.0,-9999.0,7.0,Soil moisture retrieval doesn't have recommended quality,Soil moisture retrieval was skipped,Soil moisture retrieval was not successful,Freeze/thaw state retrieval was successful,Not used
TM01,25.4479389,-98.01216666666667,2017-05-04,h00v00,463.0,878.0,0.2715225,8.0,Soil moisture retrieval has recommended quality,Soil moisture retrieval was attempted,Soil moisture retrieval was successful,Freeze/thaw state retrieval was not successful,
TM01,25.4479389,-98.01216666666667,2017-05-05,h00v00,463.0,878.0,0.1876625,8.0,Soil moisture retrieval has recommended quality,Soil moisture retrieval was attempted,Soil moisture retrieval was successful,Freeze/thaw state retrieval was not successful,
TM01,25.4479389,-98.01216666666667,2017-05-06,h00v00,463.0,878.0,-9999.0,7.0,Soil moisture retrieval doesn't have recommended quality,Soil moisture retrieval was skipped,Soil moisture retrieval was not successful,Freeze/thaw state retrieval was successful,Not used
TM01,25.4479389,-98.01216666666667,2017-05-07,h00v00,463.0,878.0,0.1479325,8.0,Soil moisture retrieval has recommended quality,Soil moisture retrieval was attempted,Soil moisture retrieval was successful,Freeze/thaw state retrieval was not successful,
TM01,25.4479389,-98.01216666666667,2017-05-08,h00v00,463.0,878.0,-9999.0,7.0,Soil moisture retrieval doesn't have recommended quality,Soil moisture retrieval was skipped,Soil moisture retrieval was not successful,Freeze/thaw state retrieval was successful,Not used
TM01,25.4479389,-98.01216666666667,2017-05-09,h00v00,463.0,878.0,-9999.0,7.0,Soil moisture retrieval doesn't have recommended quality,Soil moisture retrieval was skipped,Soil moisture retrieval was not successful,Freeze/thaw state retrieval was successful,Not used
TM01,25.4479389,-98.01216666666667,2017-05-10,h00v00,463.0,878.0,0.1301072,8.0,Soil moisture retrieval has recommended quality,Soil moisture retrieval was attempted,Soil moisture retrieval was successful,Freeze/thaw state retrieval was not successful,
TM01,25.4479389,-98.01216666666667,2017-05-11,h00v00,463.0,878.0,-9999.0,7.0,Soil moisture retrieval doesn't have recommended quality,Soil moisture retrieval was skipped,Soil moisture retrieval was not successful,Freeze/thaw state retrieval was successful,Not used
TM01,25.4479389,-98.01216666666667,2017-05-12,h00v00,463.0,878.0,0.1252431,8.0,Soil moisture retrieval has recommended quality,Soil moisture retrieval was attempted,Soil moisture retrieval was successful,Freeze/thaw state retrieval was not successful,
TM01,25.4479389,-98.01216666666667,2017-05-13,h00v00,463.0,878.0,0.1380937,8.0,Soil moisture retrieval has recommended quality,Soil moisture retrieval was attempted,Soil moisture retrieval was successful,Freeze/thaw state retrieval was not successful,
TM01,25.4479389,-98.01216666666667,2017-05-14,h00v00,463.0,878.0,-9999.0,7.0,Soil moisture retrieval doesn't have recommended quality,Soil moisture retrieval was skipped,Soil moisture retrieval was not successful,Freeze/thaw state retrieval was successful,Not used
TM01,25.4479389,-98.01216666666667,2017-05-15,h00v00,463.0,878.0,0.1027072,8.0,Soil moisture retrieval has recommended quality,Soil moisture retrieval was attempted,Soil moisture retrieval was successful,Freeze/thaw state retrieval was not successful,
TM01,25.4479389,-98.01216666666667,2017-05-16,h00v00,463.0,878.0,-9999.0,7.0,Soil moisture retrieval doesn't have recommended quality,Soil moisture retrieval was skipped,Soil moisture retrieval was not successful,Freeze/thaw state retrieval was successful,Not used
TM01,25.4479389,-98.01216666666667,2017-05-17,h00v00,463.0,878.0,-9999.0,7.0,Soil moisture retrieval doesn't have recommended quality,Soil moisture retrieval was skipped,Soil moisture retrieval was not successful,Freeze/thaw state retrieval was successful,Not used
TM01,25.4479389,-98.01216666666667,2017-05-18,h00v00,463.0,878.0,0.1098639,8.0,Soil moisture retrieval has recommended quality,Soil moisture retrieval was attempted,Soil moisture retrieval was successful,Freeze/thaw state retrieval was not successful,
TM01,25.4479389,-98.01216666666667,2017-05-19,h00v00,463.0,878.0,-9999.0,7.0,Soil moisture retrieval doesn't have recommended quality,Soil moisture retrieval was skipped,Soil moisture retrieval was not successful,Freeze/thaw state retrieval was successful,Not used
TM01,25.4479389,-98.01216666666667,2017-05-20,h00v00,463.0,878.0,0.1108993,8.0,Soil moisture retrieval has recommended quality,Soil moisture retrieval was attempted,Soil moisture retrieval was successful,Freeze/thaw state retrieval was not successful,
TM01,25.4479389,-98.01216666666667,2017-05-21,h00v00,463.0,878.0,0.0973167,8.0,Soil moisture retrieval has recommended quality,Soil moisture retrieval was attempted,Soil moisture retrieval was successful,Freeze/thaw state retrieval was not successful,
TM01,25.4479389,-98.01216666666667,2017-05-22,h00v00,463.0,878.0,-9999.0,7.0,Soil moisture retrieval doesn't have recommended quality,Soil moisture retrieval was skipped,Soil moisture retrieval was not successful,Freeze/thaw state retrieval was successful,Not used
TM01,25.4479389,-98.01216666666667,2017-05-23,h00v00,463.0,878.0,0.1156701,9.0,Soil moisture retrieval doesn't have recommended quality,Soil moisture retrieval was attempted,Soil moisture retrieval was successful,Freeze/thaw state retrieval was not successful,
TM01,25.4479389,-98.01216666666667,2017-05-24,h00v00,463.0,878.0,-9999.0,7.0,Soil moisture retrieval doesn't have recommended quality,Soil moisture retrieval was skipped,Soil moisture retrieval was not successful,Freeze/thaw state retrieval was successful,Not used
TM01,25.4479389,-98.01216666666667,2017-05-25,h00v00,463.0,878.0,-9999.0,7.0,Soil moisture retrieval doesn't have recommended quality,Soil moisture retrieval was skipped,Soil moisture retrieval was not successful,Freeze/thaw state retrieval was successful,Not used
TM01,25.4479389,-98.01216666666667,2017-05-26,h00v00,463.0,878.0,0.1780774,8.0,Soil moisture retrieval has recommended quality,Soil moisture retrieval was attempted,Soil moisture retrieval was successful,Freeze/thaw state retrieval was not successful,
TM01,25.4479389,-98.01216666666667,2017-05-27,h00v00,463.0,878.0,-9999.0,7.0,Soil moisture retrieval doesn't have recommended quality,Soil moisture retrieval was skipped,Soil moisture retrieval was not successful,Freeze/thaw state retrieval was successful,Not used
TM01,25.4479389,-98.01216666666667,2017-05-28,h00v00,463.0,878.0,0.1474092,8.0,Soil moisture retrieval has recommended quality,Soil moisture retrieval was attempted,Soil moisture retrieval was successful,Freeze/thaw state retrieval was not successful,
TM01,25.4479389,-98.01216666666667,2017-05-29,h00v00,463.0,878.0,0.4051686,13.0,Soil moisture retrieval doesn't have recommended quality,Soil moisture retrieval was attempted,Soil moisture retrieval was not successful,Freeze/thaw state retrieval was not successful,
TM01,25.4479389,-98.01216666666667,2017-05-30,h00v00,463.0,878.0,-9999.0,7.0,Soil moisture retrieval doesn't have recommended quality,Soil moisture retrieval was skipped,Soil moisture retrieval was not successful,Freeze/thaw state retrieval was successful,Not used
TM01,25.4479389,-98.01216666666667,2017-05-31,h00v00,463.0,878.0,0.2808848,13.0,Soil moisture retrieval doesn't have recommended quality,Soil moisture retrieval was attempted,Soil moisture retrieval was not successful,Freeze/thaw state retrieval was not successful,
TM01,25.4479389,-98.01216666666667,2017-06-01,h00v00,463.0,878.0,-9999.0,7.0,Soil moisture retrieval doesn't have recommended quality,Soil moisture retrieval was skipped,Soil moisture retrieval was not successful,Freeze/thaw state retrieval was successful,Not used
TM01,25.4479389,-98.01216666666667,2017-06-02,h00v00,463.0,878.0,-9999.0,7.0,Soil moisture retrieval doesn't have recommended quality,Soil moisture retrieval was skipped,Soil moisture retrieval was not successful,Freeze/thaw state retrieval was successful,Not used
TM01,25.4479389,-98.01216666666667,2017-06-03,h00v00,463.0,878.0,0.2179828,13.0,Soil moisture retrieval doesn't have recommended quality,Soil moisture retrieval was attempted,Soil moisture retrieval was not successful,Freeze/thaw state retrieval was not successful,
TM01,25.4479389,-98.01216666666667,2017-06-04,h00v00,463.0,878.0,-9999.0,7.0,Soil moisture retrieval doesn't have recommended quality,Soil moisture retrieval was skipped,Soil moisture retrieval was not successful,Freeze/thaw state retrieval was successful,Not used
TM01,25.4479389,-98.01216666666667,2017-06-05,h00v00,463.0,878.0,0.1959323,8.0,Soil moisture retrieval has recommended quality,Soil moisture retrieval was attempted,Soil moisture retrieval was successful,Freeze/thaw state retrieval was not successful,
TM01,25.4479389,-98.01216666666667,2017-06-06,h00v00,463.0,878.0,0.2658332,13.0,Soil moisture retrieval doesn't have recommended quality,Soil moisture retrieval was attempted,Soil moisture retrieval was not successful,Freeze/thaw state retrieval was not successful,
TM01,25.4479389,-98.01216666666667,2017-06-07,h00v00,463.0,878.0,-9999.0,7.0,Soil moisture retrieval doesn't have recommended quality,Soil moisture retrieval was skipped,Soil moisture retrieval was not successful,Freeze/thaw state retrieval was successful,Not used
TM01,25.4479389,-98.01216666666667,2017-06-08,h00v00,463.0,878.0,0.1570166,8.0,Soil moisture retrieval has recommended quality,Soil moisture retrieval was attempted,Soil moisture retrieval was successful,Freeze/thaw state retrieval was not successful,
TM01,25.4479389,-98.01216666666667,2017-06-09,h00v00,463.0,878.0,-9999.0,7.0,Soil moisture retrieval doesn't have recommended quality,Soil moisture retrieval was skipped,Soil moisture retrieval was not successful,Freeze/thaw state retrieval was successful,Not used
TM01,25.4479389,-98.01216666666667,2017-06-10,h00v00,463.0,878.0,-9999.0,7.0,Soil moisture retrieval doesn't have recommended quality,Soil moisture retrieval was skipped,Soil moisture retrieval was not successful,Freeze/thaw state retrieval was successful,Not used
TM01,25.4479389,-98.01216666666667,2017-06-11,h00v00,463.0,878.0,0.1292881,8.0,Soil moisture retrieval has recommended quality,Soil moisture retrieval was attempted,Soil moisture retrieval was successful,Freeze/thaw state retrieval was not successful,
TM01,25.4479389,-98.01216666666667,2017-06-12,h00v00,463.0,878.0,-9999.0,7.0,Soil moisture retrieval doesn't have recommended quality,Soil moisture retrieval was skipped,Soil moisture retrieval was not successful,Freeze/thaw state retrieval was successful,Not used
TM01,25.4479389,-98.01216666666667,2017-06-13,h00v00,463.0,878.0,0.1313833,8.0,Soil moisture retrieval has recommended quality,Soil moisture retrieval was attempted,Soil moisture retrieval was successful,Freeze/thaw state retrieval was not successful,
TM01,25.4479389,-98.01216666666667,2017-06-14,h00v00,463.0,878.0,0.1228839,8.0,Soil moisture retrieval has recommended quality,Soil moisture retrieval was attempted,Soil moisture retrieval was successful,Freeze/thaw state retrieval was not successful,
TM01,25.4479389,-98.01216666666667,2017-06-15,h00v00,463.0,878.0,-9999.0,7.0,Soil moisture retrieval doesn't have recommended quality,Soil moisture retrieval was skipped,Soil moisture retrieval was not successful,Freeze/thaw state retrieval was successful,Not used
TM01,25.4479389,-98.01216666666667,2017-06-16,h00v00,463.0,878.0,0.1161285,8.0,Soil moisture retrieval has recommended quality,Soil moisture retrieval was attempted,Soil moisture retrieval was successful,Freeze/thaw state retrieval was not successful,
TM01,25.4479389,-98.01216666666667,2017-06-17,h00v00,463.0,878.0,-9999.0,7.0,Soil moisture retrieval doesn't have recommended quality,Soil moisture retrieval was skipped,Soil moisture retrieval was not successful,Freeze/thaw state retrieval was successful,Not used
TM01,25.4479389,-98.01216666666667,2017-06-18,h00v00,463.0,878.0,-9999.0,7.0,Soil moisture retrieval doesn't have recommended quality,Soil moisture retrieval was skipped,Soil moisture retrieval was not successful,Freeze/thaw state retrieval was successful,Not used
TM01,25.4479389,-98.01216666666667,2017-06-19,h00v00,463.0,878.0,0.1105723,8.0,Soil moisture retrieval has recommended quality,Soil moisture retrieval was attempted,Soil moisture retrieval was successful,Freeze/thaw state retrieval was not successful,
TM01,25.4479389,-98.01216666666667,2017-06-20,h00v00,463.0,878.0,-9999.0,7.0,Soil moisture retrieval doesn't have recommended quality,Soil moisture retrieval was skipped,Soil moisture retrieval was not successful,Freeze/thaw state retrieval was successful,Not used
TM01,25.4479389,-98.01216666666667,2017-06-21,h00v00,463.0,878.0,0.1267899,8.0,Soil moisture retrieval has recommended quality,Soil moisture retrieval was attempted,Soil moisture retrieval was successful,Freeze/thaw state retrieval was not successful,
TM01,25.4479389,-98.01216666666667,2017-06-22,h00v00,463.0,878.0,0.1116907,8.0,Soil moisture retrieval has recommended quality,Soil moisture retrieval was attempted,Soil moisture retrieval was successful,Freeze/thaw state retrieval was not successful,
TM01,25.4479389,-98.01216666666667,2017-06-23,h00v00,463.0,878.0,-9999.0,7.0,Soil moisture retrieval doesn't have recommended quality,Soil moisture retrieval was skipped,Soil moisture retrieval was not successful,Freeze/thaw state retrieval was successful,Not used
TM01,25.4479389,-98.01216666666667,2017-06-24,h00v00,463.0,878.0,0.1027466,8.0,Soil moisture retrieval has recommended quality,Soil moisture retrieval was attempted,Soil moisture retrieval was successful,Freeze/thaw state retrieval was not successful,
TM01,25.4479389,-98.01216666666667,2017-06-25,h00v00,463.0,878.0,-9999.0,7.0,Soil moisture retrieval doesn't have recommended quality,Soil moisture retrieval was skipped,Soil moisture retrieval was not successful,Freeze/thaw state retrieval was successful,Not used
TM01,25.4479389,-98.01216666666667,2017-06-26,h00v00,463.0,878.0,-9999.0,7.0,Soil moisture retrieval doesn't have recommended quality,Soil moisture retrieval was skipped,Soil moisture retrieval was not successful,Freeze/thaw state retrieval was successful,Not used
TM01,25.4479389,-98.01216666666667,2017-06-27,h00v00,463.0,878.0,0.2247438,8.0,Soil moisture retrieval has recommended quality,Soil moisture retrieval was attempted,Soil moisture retrieval was successful,Freeze/thaw state retrieval was not successful,
TM01,25.4479389,-98.01216666666667,2017-06-28,h00v00,463.0,878.0,-9999.0,7.0,Soil moisture retrieval doesn't have recommended quality,Soil moisture retrieval was skipped,Soil moisture retrieval was not successful,Freeze/thaw state retrieval was successful,Not used
TM01,25.4479389,-98.01216666666667,2017-06-29,h00v00,463.0,878.0,0.2686525,8.0,Soil moisture retrieval has recommended quality,Soil moisture retrieval was attempted,Soil moisture retrieval was successful,Freeze/thaw state retrieval was not successful,
TM01,25.4479389,-98.01216666666667,2017-06-30,h00v00,463.0,878.0,0.1889395,8.0,Soil moisture retrieval has recommended quality,Soil moisture retrieval was attempted,Soil moisture retrieval was successful,Freeze/thaw state retrieval was not successful,
TM01,25.4479389,-98.01216666666667,2017-07-01,h00v00,463.0,878.0,-9999.0,7.0,Soil moisture retrieval doesn't have recommended quality,Soil moisture retrieval was skipped,Soil moisture retrieval was not successful,Freeze/thaw state retrieval was successful,Not used
TM01,25.4479389,-98.01216666666667,2017-07-02,h00v00,463.0,878.0,0.1549546,8.0,Soil moisture retrieval has recommended quality,Soil moisture retrieval was attempted,Soil moisture retrieval was successful,Freeze/thaw state retrieval was not successful,
TM01,25.4479389,-98.01216666666667,2017-07-03,h00v00,463.0,878.0,-9999.0,7.0,Soil moisture retrieval doesn't have recommended quality,Soil moisture retrieval was skipped,Soil moisture retrieval was not successful,Freeze/thaw state retrieval was successful,Not used
TM01,25.4479389,-98.01216666666667,2017-07-04,h00v00,463.0,878.0,-9999.0,7.0,Soil moisture retrieval doesn't have recommended quality,Soil moisture retrieval was skipped,Soil moisture retrieval was not successful,Freeze/thaw state retrieval was successful,Not used
TM01,25.4479389,-98.01216666666667,2017-07-05,h00v00,463.0,878.0,0.1322752,8.0,Soil moisture retrieval has recommended quality,Soil moisture retrieval was attempted,Soil moisture retrieval was successful,Freeze/thaw state retrieval was not successful,
TM01,25.4479389,-98.01216666666667,2017-07-06,h00v00,463.0,878.0,-9999.0,7.0,Soil moisture retrieval doesn't have recommended quality,Soil moisture retrieval was skipped,Soil moisture retrieval was not successful,Freeze/thaw state retrieval was successful,Not used
TM01,25.4479389,-98.01216666666667,2017-07-07,h00v00,463.0,878.0,0.2007076,8.0,Soil moisture retrieval has recommended quality,Soil moisture retrieval was attempted,Soil moisture retrieval was successful,Freeze/thaw state retrieval was not successful,
TM01,25.4479389,-98.01216666666667,2017-07-08,h00v00,463.0,878.0,0.2268701,8.0,Soil moisture retrieval has recommended quality,Soil moisture retrieval was attempted,Soil moisture retrieval was successful,Freeze/thaw state retrieval was not successful,
TM01,25.4479389,-98.01216666666667,2017-07-09,h00v00,463.0,878.0,-9999.0,7.0,Soil moisture retrieval doesn't have recommended quality,Soil moisture retrieval was skipped,Soil moisture retrieval was not successful,Freeze/thaw state retrieval was successful,Not used
TM01,25.4479389,-98.01216666666667,2017-07-10,h00v00,463.0,878.0,0.2099524,8.0,Soil moisture retrieval has recommended quality,Soil moisture retrieval was attempted,Soil moisture retrieval was successful,Freeze/thaw state retrieval was not successful,
TM01,25.4479389,-98.01216666666667,2017-07-11,h00v00,463.0,878.0,-9999.0,7.0,Soil moisture retrieval doesn't have recommended quality,Soil moisture retrieval was skipped,Soil moisture retrieval was not successful,Freeze/thaw state retrieval was successful,Not used
TM01,25.4479389,-98.01216666666667,2017-07-12,h00v00,463.0,878.0,-9999.0,7.0,Soil moisture retrieval doesn't have recommended quality,Soil moisture retrieval was skipped,Soil moisture retrieval was not successful,Freeze/thaw state retrieval was successful,Not used
TM01,25.4479389,-98.01216666666667,2017-07-13,h00v00,463.0,878.0,0.1970585,8.0,Soil moisture retrieval has recommended quality,Soil moisture retrieval was attempted,Soil moisture retrieval was successful,Freeze/thaw state retrieval was not successful,
TM01,25.4479389,-98.01216666666667,2017-07-14,h00v00,463.0,878.0,-9999.0,7.0,Soil moisture retrieval doesn't have recommended quality,Soil moisture retrieval was skipped,Soil moisture retrieval was not successful,Freeze/thaw state retrieval was successful,Not used
TM01,25.4479389,-98.01216666666667,2017-07-15,h00v00,463.0,878.0,0.1359859,8.0,Soil moisture retrieval has recommended quality,Soil moisture retrieval was attempted,Soil moisture retrieval was successful,Freeze/thaw state retrieval was not successful,
TM01,25.4479389,-98.01216666666667,2017-07-16,h00v00,463.0,878.0,0.1170001,8.0,Soil moisture retrieval has recommended quality,Soil moisture retrieval was attempted,Soil moisture retrieval was successful,Freeze/thaw state retrieval was not successful,
TM01,25.4479389,-98.01216666666667,2017-07-17,h00v00,463.0,878.0,-9999.0,7.0,Soil moisture retrieval doesn't have recommended quality,Soil moisture retrieval was skipped,Soil moisture retrieval was not successful,Freeze/thaw state retrieval was successful,Not used
TM01,25.4479389,-98.01216666666667,2017-07-18,h00v00,463.0,878.0,0.1323386,8.0,Soil moisture retrieval has recommended quality,Soil moisture retrieval was attempted,Soil moisture retrieval was successful,Freeze/thaw state retrieval was not successful,
TM01,25.4479389,-98.01216666666667,2017-07-19,h00v00,463.0,878.0,-9999.0,7.0,Soil moisture retrieval doesn't have recommended quality,Soil moisture retrieval was skipped,Soil moisture retrieval was not successful,Freeze/thaw state retrieval was successful,Not used
TM01,25.4479389,-98.01216666666667,2017-07-20,h00v00,463.0,878.0,-9999.0,7.0,Soil moisture retrieval doesn't have recommended quality,Soil moisture retrieval was skipped,Soil moisture retrieval was not successful,Freeze/thaw state retrieval was successful,Not used
TM01,25.4479389,-98.01216666666667,2017-07-21,h00v00,463.0,878.0,0.1134763,8.0,Soil moisture retrieval has recommended quality,Soil moisture retrieval was attempted,Soil moisture retrieval was successful,Freeze/thaw state retrieval was not successful,
TM01,25.4479389,-98.01216666666667,2017-07-22,h00v00,463.0,878.0,-9999.0,7.0,Soil moisture retrieval doesn't have recommended quality,Soil moisture retrieval was skipped,Soil moisture retrieval was not successful,Freeze/thaw state retrieval was successful,Not used
TM01,25.4479389,-98.01216666666667,2017-07-23,h00v00,463.0,878.0,0.1214682,8.0,Soil moisture retrieval has recommended quality,Soil moisture retrieval was attempted,Soil moisture retrieval was successful,Freeze/thaw state retrieval was not successful,
TM01,25.4479389,-98.01216666666667,2017-07-24,h00v00,463.0,878.0,0.0956995,8.0,Soil moisture retrieval has recommended quality,Soil moisture retrieval was attempted,Soil moisture retrieval was successful,Freeze/thaw state retrieval was not successful,
TM01,25.4479389,-98.01216666666667,2017-07-25,h00v00,463.0,878.0,-9999.0,7.0,Soil moisture retrieval doesn't have recommended quality,Soil moisture retrieval was skipped,Soil moisture retrieval was not successful,Freeze/thaw state retrieval was successful,Not used
TM01,25.4479389,-98.01216666666667,2017-07-26,h00v00,463.0,878.0,0.1046095,8.0,Soil moisture retrieval has recommended quality,Soil moisture retrieval was attempted,Soil moisture retrieval was successful,Freeze/thaw state retrieval was not successful,
TM01,25.4479389,-98.01216666666667,2017-07-27,h00v00,463.0,878.0,-9999.0,7.0,Soil moisture retrieval doesn't have recommended quality,Soil moisture retrieval was skipped,Soil moisture retrieval was not successful,Freeze/thaw state retrieval was successful,Not used
TM01,25.4479389,-98.01216666666667,2017-07-28,h00v00,463.0,878.0,-9999.0,7.0,Soil moisture retrieval doesn't have recommended quality,Soil moisture retrieval was skipped,Soil moisture retrieval was not successful,Freeze/thaw state retrieval was successful,Not used
TM01,25.4479389,-98.01216666666667,2017-07-29,h00v00,463.0,878.0,0.109353,8.0,Soil moisture retrieval has recommended quality,Soil moisture retrieval was attempted,Soil moisture retrieval was successful,Freeze/thaw state retrieval was not successful,
TM01,25.4479389,-98.01216666666667,2017-07-30,h00v00,463.0,878.0,-9999.0,7.0,Soil moisture retrieval doesn't have recommended quality,Soil moisture retrieval was skipped,Soil moisture retrieval was not successful,Freeze/thaw state retrieval was successful,Not used
TM01,25.4479389,-98.01216666666667,2017-07-31,h00v00,463.0,878.0,0.1180842,8.0,Soil moisture retrieval has recommended quality,Soil moisture retrieval was attempted,Soil moisture retrieval was successful,Freeze/thaw state retrieval was not successful,
TM01,25.4479389,-98.01216666666667,2017-08-01,h00v00,463.0,878.0,0.0894988,8.0,Soil moisture retrieval has recommended quality,Soil moisture retrieval was attempted,Soil moisture retrieval was successful,Freeze/thaw state retrieval was not successful,
TM01,25.4479389,-98.01216666666667,2017-08-02,h00v00,463.0,878.0,-9999.0,7.0,Soil moisture retrieval doesn't have recommended quality,Soil moisture retrieval was skipped,Soil moisture retrieval was not successful,Freeze/thaw state retrieval was successful,Not used
TM01,25.4479389,-98.01216666666667,2017-08-03,h00v00,463.0,878.0,0.1006726,8.0,Soil moisture retrieval has recommended quality,Soil moisture retrieval was attempted,Soil moisture retrieval was successful,Freeze/thaw state retrieval was not successful,
TM01,25.4479389,-98.01216666666667,2017-08-04,h00v00,463.0,878.0,-9999.0,7.0,Soil moisture retrieval doesn't have recommended quality,Soil moisture retrieval was skipped,Soil moisture retrieval was not successful,Freeze/thaw state retrieval was successful,Not used
TM01,25.4479389,-98.01216666666667,2017-08-05,h00v00,463.0,878.0,-9999.0,7.0,Soil moisture retrieval doesn't have recommended quality,Soil moisture retrieval was skipped,Soil moisture retrieval was not successful,Freeze/thaw state retrieval was successful,Not used
TM01,25.4479389,-98.01216666666667,2017-08-06,h00v00,463.0,878.0,0.1212309,8.0,Soil moisture retrieval has recommended quality,Soil moisture retrieval was attempted,Soil moisture retrieval was successful,Freeze/thaw state retrieval was not successful,
TM01,25.4479389,-98.01216666666667,2017-08-07,h00v00,463.0,878.0,-9999.0,7.0,Soil moisture retrieval doesn't have recommended quality,Soil moisture retrieval was skipped,Soil moisture retrieval was not successful,Freeze/thaw state retrieval was successful,Not used
TM01,25.4479389,-98.01216666666667,2017-08-08,h00v00,463.0,878.0,0.1265245,8.0,Soil moisture retrieval has recommended quality,Soil moisture retrieval was attempted,Soil moisture retrieval was successful,Freeze/thaw state retrieval was not successful,
TM01,25.4479389,-98.01216666666667,2017-08-09,h00v00,463.0,878.0,0.0978138,8.0,Soil moisture retrieval has recommended quality,Soil moisture retrieval was attempted,Soil moisture retrieval was successful,Freeze/thaw state retrieval was not successful,
TM01,25.4479389,-98.01216666666667,2017-08-10,h00v00,463.0,878.0,-9999.0,7.0,Soil moisture retrieval doesn't have recommended quality,Soil moisture retrieval was skipped,Soil moisture retrieval was not successful,Freeze/thaw state retrieval was successful,Not used
TM01,25.4479389,-98.01216666666667,2017-08-11,h00v00,463.0,878.0,0.3406899,8.0,Soil moisture retrieval has recommended quality,Soil moisture retrieval was attempted,Soil moisture retrieval was successful,Freeze/thaw state retrieval was not successful,
TM01,25.4479389,-98.01216666666667,2017-08-12,h00v00,463.0,878.0,-9999.0,7.0,Soil moisture retrieval doesn't have recommended quality,Soil moisture retrieval was skipped,Soil moisture retrieval was not successful,Freeze/thaw state retrieval was successful,Not used
TM01,25.4479389,-98.01216666666667,2017-08-13,h00v00,463.0,878.0,-9999.0,7.0,Soil moisture retrieval doesn't have recommended quality,Soil moisture retrieval was skipped,Soil moisture retrieval was not successful,Freeze/thaw state retrieval was successful,Not used
TM01,25.4479389,-98.01216666666667,2017-08-14,h00v00,463.0,878.0,0.1221713,8.0,Soil moisture retrieval has recommended quality,Soil moisture retrieval was attempted,Soil moisture retrieval was successful,Freeze/thaw state retrieval was not successful,
TM01,25.4479389,-98.01216666666667,2017-08-15,h00v00,463.0,878.0,-9999.0,7.0,Soil moisture retrieval doesn't have recommended quality,Soil moisture retrieval was skipped,Soil moisture retrieval was not successful,Freeze/thaw state retrieval was successful,Not used
TM01,25.4479389,-98.01216666666667,2017-08-16,h00v00,463.0,878.0,0.1310627,8.0,Soil moisture retrieval has recommended quality,Soil moisture retrieval was attempted,Soil moisture retrieval was successful,Freeze/thaw state retrieval was not successful,
TM01,25.4479389,-98.01216666666667,2017-08-17,h00v00,463.0,878.0,0.1112421,8.0,Soil moisture retrieval has recommended quality,Soil moisture retrieval was attempted,Soil moisture retrieval was successful,Freeze/thaw state retrieval was not successful,
TM01,25.4479389,-98.01216666666667,2017-08-18,h00v00,463.0,878.0,-9999.0,7.0,Soil moisture retrieval doesn't have recommended quality,Soil moisture retrieval was skipped,Soil moisture retrieval was not successful,Freeze/thaw state retrieval was successful,Not used
TM01,25.4479389,-98.01216666666667,2017-08-19,h00v00,463.0,878.0,0.1090818,8.0,Soil moisture retrieval has recommended quality,Soil moisture retrieval was attempted,Soil moisture retrieval was successful,Freeze/thaw state retrieval was not successful,
TM01,25.4479389,-98.01216666666667,2017-08-20,h00v00,463.0,878.0,-9999.0,7.0,Soil moisture retrieval doesn't have recommended quality,Soil moisture retrieval was skipped,Soil moisture retrieval was not successful,Freeze/thaw state retrieval was successful,Not used
TM01,25.4479389,-98.01216666666667,2017-08-21,h00v00,463.0,878.0,-9999.0,7.0,Soil moisture retrieval doesn't have recommended quality,Soil moisture retrieval was skipped,Soil moisture retrieval was not successful,Freeze/thaw state retrieval was successful,Not used
TM01,25.4479389,-98.01216666666667,2017-08-22,h00v00,463.0,878.0,0.1389653,8.0,Soil moisture retrieval has recommended quality,Soil moisture retrieval was attempted,Soil moisture retrieval was successful,Freeze/thaw state retrieval was not successful,
TM01,25.4479389,-98.01216666666667,2017-08-23,h00v00,463.0,878.0,-9999.0,7.0,Soil moisture retrieval doesn't have recommended quality,Soil moisture retrieval was skipped,Soil moisture retrieval was not successful,Freeze/thaw state retrieval was successful,Not used
TM01,25.4479389,-98.01216666666667,2017-08-24,h00v00,463.0,878.0,0.2261121,8.0,Soil moisture retrieval has recommended quality,Soil moisture retrieval was attempted,Soil moisture retrieval was successful,Freeze/thaw state retrieval was not successful,
TM01,25.4479389,-98.01216666666667,2017-08-25,h00v00,463.0,878.0,0.166092,8.0,Soil moisture retrieval has recommended quality,Soil moisture retrieval was attempted,Soil moisture retrieval was successful,Freeze/thaw state retrieval was not successful,
TM01,25.4479389,-98.01216666666667,2017-08-26,h00v00,463.0,878.0,-9999.0,7.0,Soil moisture retrieval doesn't have recommended quality,Soil moisture retrieval was skipped,Soil moisture retrieval was not successful,Freeze/thaw state retrieval was successful,Not used
TM01,25.4479389,-98.01216666666667,2017-08-27,h00v00,463.0,878.0,0.1674657,8.0,Soil moisture retrieval has recommended quality,Soil moisture retrieval was attempted,Soil moisture retrieval was successful,Freeze/thaw state retrieval was not successful,
TM01,25.4479389,-98.01216666666667,2017-08-28,h00v00,463.0,878.0,-9999.0,7.0,Soil moisture retrieval doesn't have recommended quality,Soil moisture retrieval was skipped,Soil moisture retrieval was not successful,Freeze/thaw state retrieval was successful,Not used
TM01,25.4479389,-98.01216666666667,2017-08-29,h00v00,463.0,878.0,-9999.0,7.0,Soil moisture retrieval doesn't have recommended quality,Soil moisture retrieval was skipped,Soil moisture retrieval was not successful,Freeze/thaw state retrieval was successful,Not used
TM01,25.4479389,-98.01216666666667,2017-08-30,h00v00,463.0,878.0,0.1354595,8.0,Soil moisture retrieval has recommended quality,Soil moisture retrieval was attempted,Soil moisture retrieval was successful,Freeze/thaw state retrieval was not successful,
TM01,25.4479389,-98.01216666666667,2017-08-31,h00v00,463.0,878.0,-9999.0,7.0,Soil moisture retrieval doesn't have recommended quality,Soil moisture retrieval was skipped,Soil moisture retrieval was not successful,Freeze/thaw state retrieval was successful,Not used
TM01,25.4479389,-98.01216666666667,2017-09-01,h00v00,463.0,878.0,0.1303289,8.0,Soil moisture retrieval has recommended quality,Soil moisture retrieval was attempted,Soil moisture retrieval was successful,Freeze/thaw state retrieval was not successful,
TM01,25.4479389,-98.01216666666667,2017-09-02,h00v00,463.0,878.0,0.1580298,8.0,Soil moisture retrieval has recommended quality,Soil moisture retrieval was attempted,Soil moisture retrieval was successful,Freeze/thaw state retrieval was not successful,
TM01,25.4479389,-98.01216666666667,2017-09-03,h00v00,463.0,878.0,-9999.0,7.0,Soil moisture retrieval doesn't have recommended quality,Soil moisture retrieval was skipped,Soil moisture retrieval was not successful,Freeze/thaw state retrieval was successful,Not used
TM01,25.4479389,-98.01216666666667,2017-09-04,h00v00,463.0,878.0,0.2479746,8.0,Soil moisture retrieval has recommended quality,Soil moisture retrieval was attempted,Soil moisture retrieval was successful,Freeze/thaw state retrieval was not successful,
TM01,25.4479389,-98.01216666666667,2017-09-05,h00v00,463.0,878.0,-9999.0,7.0,Soil moisture retrieval doesn't have recommended quality,Soil moisture retrieval was skipped,Soil moisture retrieval was not successful,Freeze/thaw state retrieval was successful,Not used
TM01,25.4479389,-98.01216666666667,2017-09-06,h00v00,463.0,878.0,-9999.0,7.0,Soil moisture retrieval doesn't have recommended quality,Soil moisture retrieval was skipped,Soil moisture retrieval was not successful,Freeze/thaw state retrieval was successful,Not used
TM01,25.4479389,-98.01216666666667,2017-09-07,h00v00,463.0,878.0,0.2063221,8.0,Soil moisture retrieval has recommended quality,Soil moisture retrieval was attempted,Soil moisture retrieval was successful,Freeze/thaw state retrieval was not successful,
TM01,25.4479389,-98.01216666666667,2017-09-08,h00v00,463.0,878.0,-9999.0,7.0,Soil moisture retrieval doesn't have recommended quality,Soil moisture retrieval was skipped,Soil moisture retrieval was not successful,Freeze/thaw state retrieval was successful,Not used
TM01,25.4479389,-98.01216666666667,2017-09-09,h00v00,463.0,878.0,0.3118506,13.0,Soil moisture retrieval doesn't have recommended quality,Soil moisture retrieval was attempted,Soil moisture retrieval was not successful,Freeze/thaw state retrieval was not successful,
TM01,25.4479389,-98.01216666666667,2017-09-10,h00v00,463.0,878.0,0.2379705,8.0,Soil moisture retrieval has recommended quality,Soil moisture retrieval was attempted,Soil moisture retrieval was successful,Freeze/thaw state retrieval was not successful,
TM01,25.4479389,-98.01216666666667,2017-09-11,h00v00,463.0,878.0,-9999.0,7.0,Soil moisture retrieval doesn't have recommended quality,Soil moisture retrieval was skipped,Soil moisture retrieval was not successful,Freeze/thaw state retrieval was successful,Not used
TM01,25.4479389,-98.01216666666667,2017-09-12,h00v00,463.0,878.0,0.1605641,8.0,Soil moisture retrieval has recommended quality,Soil moisture retrieval was attempted,Soil moisture retrieval was successful,Freeze/thaw state retrieval was not successful,
TM01,25.4479389,-98.01216666666667,2017-09-13,h00v00,463.0,878.0,-9999.0,7.0,Soil moisture retrieval doesn't have recommended quality,Soil moisture retrieval was skipped,Soil moisture retrieval was not successful,Freeze/thaw state retrieval was successful,Not used
TM01,25.4479389,-98.01216666666667,2017-09-14,h00v00,463.0,878.0,-9999.0,7.0,Soil moisture retrieval doesn't have recommended quality,Soil moisture retrieval was skipped,Soil moisture retrieval was not successful,Freeze/thaw state retrieval was successful,Not used
TM01,25.4479389,-98.01216666666667,2017-09-15,h00v00,463.0,878.0,0.1238018,8.0,Soil moisture retrieval has recommended quality,Soil moisture retrieval was attempted,Soil moisture retrieval was successful,Freeze/thaw state retrieval was not successful,
TM01,25.4479389,-98.01216666666667,2017-09-16,h00v00,463.0,878.0,-9999.0,7.0,Soil moisture retrieval doesn't have recommended quality,Soil moisture retrieval was skipped,Soil moisture retrieval was not successful,Freeze/thaw state retrieval was successful,Not used
TM01,25.4479389,-98.01216666666667,2017-09-17,h00v00,463.0,878.0,0.1293044,8.0,Soil moisture retrieval has recommended quality,Soil moisture retrieval was attempted,Soil moisture retrieval was successful,Freeze/thaw state retrieval was not successful,
TM01,25.4479389,-98.01216666666667,2017-09-18,h00v00,463.0,878.0,0.1144642,8.0,Soil moisture retrieval has recommended quality,Soil moisture retrieval was attempted,Soil moisture retrieval was successful,Freeze/thaw state retrieval was not successful,
TM01,25.4479389,-98.01216666666667,2017-09-19,h00v00,463.0,878.0,-9999.0,7.0,Soil moisture retrieval doesn't have recommended quality,Soil moisture retrieval was skipped,Soil moisture retrieval was not successful,Freeze/thaw state retrieval was successful,Not used
TM01,25.4479389,-98.01216666666667,2017-09-20,h00v00,463.0,878.0,0.1198562,8.0,Soil moisture retrieval has recommended quality,Soil moisture retrieval was attempted,Soil moisture retrieval was successful,Freeze/thaw state retrieval was not successful,
TM01,25.4479389,-98.01216666666667,2017-09-21,h00v00,463.0,878.0,-9999.0,7.0,Soil moisture retrieval doesn't have recommended quality,Soil moisture retrieval was skipped,Soil moisture retrieval was not successful,Freeze/thaw state retrieval was successful,Not used
TM01,25.4479389,-98.01216666666667,2017-09-22,h00v00,463.0,878.0,-9999.0,7.0,Soil moisture retrieval doesn't have recommended quality,Soil moisture retrieval was skipped,Soil moisture retrieval was not successful,Freeze/thaw state retrieval was successful,Not used
TM01,25.4479389,-98.01216666666667,2017-09-23,h00v00,463.0,878.0,0.184695,8.0,Soil moisture retrieval has recommended quality,Soil moisture retrieval was attempted,Soil moisture retrieval was successful,Freeze/thaw state retrieval was not successful,
TM01,25.4479389,-98.01216666666667,2017-09-24,h00v00,463.0,878.0,-9999.0,7.0,Soil moisture retrieval doesn't have recommended quality,Soil moisture retrieval was skipped,Soil moisture retrieval was not successful,Freeze/thaw state retrieval was successful,Not used
TM01,25.4479389,-98.01216666666667,2017-09-25,h00v00,463.0,878.0,0.157806,8.0,Soil moisture retrieval has recommended quality,Soil moisture retrieval was attempted,Soil moisture retrieval was successful,Freeze/thaw state retrieval was not successful,
TM01,25.4479389,-98.01216666666667,2017-09-26,h00v00,463.0,878.0,0.2183018,8.0,Soil moisture retrieval has recommended quality,Soil moisture retrieval was attempted,Soil moisture retrieval was successful,Freeze/thaw state retrieval was not successful,
TM01,25.4479389,-98.01216666666667,2017-09-27,h00v00,463.0,878.0,-9999.0,7.0,Soil moisture retrieval doesn't have recommended quality,Soil moisture retrieval was skipped,Soil moisture retrieval was not successful,Freeze/thaw state retrieval was successful,Not used
TM01,25.4479389,-98.01216666666667,2017-09-28,h00v00,463.0,878.0,0.2752484,13.0,Soil moisture retrieval doesn't have recommended quality,Soil moisture retrieval was attempted,Soil moisture retrieval was not successful,Freeze/thaw state retrieval was not successful,
TM01,25.4479389,-98.01216666666667,2017-09-29,h00v00,463.0,878.0,-9999.0,7.0,Soil moisture retrieval doesn't have recommended quality,Soil moisture retrieval was skipped,Soil moisture retrieval was not successful,Freeze/thaw state retrieval was successful,Not used
TM01,25.4479389,-98.01216666666667,2017-09-30,h00v00,463.0,878.0,-9999.0,7.0,Soil moisture retrieval doesn't have recommended quality,Soil moisture retrieval was skipped,Soil moisture retrieval was not successful,Freeze/thaw state retrieval was successful,Not used
TM01,25.4479389,-98.01216666666667,2017-10-01,h00v00,463.0,878.0,0.3715171,13.0,Soil moisture retrieval doesn't have recommended quality,Soil moisture retrieval was attempted,Soil moisture retrieval was not successful,Freeze/thaw state retrieval was not successful,
TM01,25.4479389,-98.01216666666667,2017-10-02,h00v00,463.0,878.0,-9999.0,7.0,Soil moisture retrieval doesn't have recommended quality,Soil moisture retrieval was skipped,Soil moisture retrieval was not successful,Freeze/thaw state retrieval was successful,Not used
TM01,25.4479389,-98.01216666666667,2017-10-03,h00v00,463.0,878.0,0.2914482,8.0,Soil moisture retrieval has recommended quality,Soil moisture retrieval was attempted,Soil moisture retrieval was successful,Freeze/thaw state retrieval was not successful,
TM01,25.4479389,-98.01216666666667,2017-10-04,h00v00,463.0,878.0,0.4051686,13.0,Soil moisture retrieval doesn't have recommended quality,Soil moisture retrieval was attempted,Soil moisture retrieval was not successful,Freeze/thaw state retrieval was not successful,
TM01,25.4479389,-98.01216666666667,2017-10-05,h00v00,463.0,878.0,-9999.0,7.0,Soil moisture retrieval doesn't have recommended quality,Soil moisture retrieval was skipped,Soil moisture retrieval was not successful,Freeze/thaw state retrieval was successful,Not used
TM01,25.4479389,-98.01216666666667,2017-10-06,h00v00,463.0,878.0,0.4051686,13.0,Soil moisture retrieval doesn't have recommended quality,Soil moisture retrieval was attempted,Soil moisture retrieval was not successful,Freeze/thaw state retrieval was not successful,
TM01,25.4479389,-98.01216666666667,2017-10-07,h00v00,463.0,878.0,-9999.0,7.0,Soil moisture retrieval doesn't have recommended quality,Soil moisture retrieval was skipped,Soil moisture retrieval was not successful,Freeze/thaw state retrieval was successful,Not used
TM01,25.4479389,-98.01216666666667,2017-10-08,h00v00,463.0,878.0,-9999.0,7.0,Soil moisture retrieval doesn't have recommended quality,Soil moisture retrieval was skipped,Soil moisture retrieval was not successful,Freeze/thaw state retrieval was successful,Not used
TM01,25.4479389,-98.01216666666667,2017-10-09,h00v00,463.0,878.0,0.2599224,13.0,Soil moisture retrieval doesn't have recommended quality,Soil moisture retrieval was attempted,Soil moisture retrieval was not successful,Freeze/thaw state retrieval was not successful,
TM01,25.4479389,-98.01216666666667,2017-10-10,h00v00,463.0,878.0,-9999.0,7.0,Soil moisture retrieval doesn't have recommended quality,Soil moisture retrieval was skipped,Soil moisture retrieval was not successful,Freeze/thaw state retrieval was successful,Not used
TM01,25.4479389,-98.01216666666667,2017-10-11,h00v00,463.0,878.0,0.4051686,13.0,Soil moisture retrieval doesn't have recommended quality,Soil moisture retrieval was attempted,Soil moisture retrieval was not successful,Freeze/thaw state retrieval was not successful,
TM01,25.4479389,-98.01216666666667,2017-10-12,h00v00,463.0,878.0,0.4051686,13.0,Soil moisture retrieval doesn't have recommended quality,Soil moisture retrieval was attempted,Soil moisture retrieval was not successful,Freeze/thaw state retrieval was not successful,
TM01,25.4479389,-98.01216666666667,2017-10-13,h00v00,463.0,878.0,-9999.0,7.0,Soil moisture retrieval doesn't have recommended quality,Soil moisture retrieval was skipped,Soil moisture retrieval was not successful,Freeze/thaw state retrieval was successful,Not used
TM01,25.4479389,-98.01216666666667,2017-10-14,h00v00,463.0,878.0,0.4051686,13.0,Soil moisture retrieval doesn't have recommended quality,Soil moisture retrieval was attempted,Soil moisture retrieval was not successful,Freeze/thaw state retrieval was not successful,
TM01,25.4479389,-98.01216666666667,2017-10-15,h00v00,463.0,878.0,-9999.0,7.0,Soil moisture retrieval doesn't have recommended quality,Soil moisture retrieval was skipped,Soil moisture retrieval was not successful,Freeze/thaw state retrieval was successful,Not used
TM01,25.4479389,-98.01216666666667,2017-10-16,h00v00,463.0,878.0,-9999.0,7.0,Soil moisture retrieval doesn't have recommended quality,Soil moisture retrieval was skipped,Soil moisture retrieval was not successful,Freeze/thaw state retrieval was successful,Not used
TM01,25.4479389,-98.01216666666667,2017-10-17,h00v00,463.0,878.0,0.2905595,13.0,Soil moisture retrieval doesn't have recommended quality,Soil moisture retrieval was attempted,Soil moisture retrieval was not successful,Freeze/thaw state retrieval was not successful,
TM01,25.4479389,-98.01216666666667,2017-10-18,h00v00,463.0,878.0,-9999.0,7.0,Soil moisture retrieval doesn't have recommended quality,Soil moisture retrieval was skipped,Soil moisture retrieval was not successful,Freeze/thaw state retrieval was successful,Not used
TM01,25.4479389,-98.01216666666667,2017-10-19,h00v00,463.0,878.0,0.2490022,8.0,Soil moisture retrieval has recommended quality,Soil moisture retrieval was attempted,Soil moisture retrieval was successful,Freeze/thaw state retrieval was not successful,
TM01,25.4479389,-98.01216666666667,2017-10-20,h00v00,463.0,878.0,0.200512,8.0,Soil moisture retrieval has recommended quality,Soil moisture retrieval was attempted,Soil moisture retrieval was successful,Freeze/thaw state retrieval was not successful,
TM01,25.4479389,-98.01216666666667,2017-10-21,h00v00,463.0,878.0,-9999.0,7.0,Soil moisture retrieval doesn't have recommended quality,Soil moisture retrieval was skipped,Soil moisture retrieval was not successful,Freeze/thaw state retrieval was successful,Not used
TM01,25.4479389,-98.01216666666667,2017-10-22,h00v00,463.0,878.0,0.1817985,8.0,Soil moisture retrieval has recommended quality,Soil moisture retrieval was attempted,Soil moisture retrieval was successful,Freeze/thaw state retrieval was not successful,
TM01,25.4479389,-98.01216666666667,2017-10-23,h00v00,463.0,878.0,-9999.0,7.0,Soil moisture retrieval doesn't have recommended quality,Soil moisture retrieval was skipped,Soil moisture retrieval was not successful,Freeze/thaw state retrieval was successful,Not used
TM01,25.4479389,-98.01216666666667,2017-10-24,h00v00,463.0,878.0,-9999.0,7.0,Soil moisture retrieval doesn't have recommended quality,Soil moisture retrieval was skipped,Soil moisture retrieval was not successful,Freeze/thaw state retrieval was successful,Not used
TM01,25.4479389,-98.01216666666667,2017-10-25,h00v00,463.0,878.0,0.2222785,8.0,Soil moisture retrieval has recommended quality,Soil moisture retrieval was attempted,Soil moisture retrieval was successful,Freeze/thaw state retrieval was not successful,
TM01,25.4479389,-98.01216666666667,2017-10-26,h00v00,463.0,878.0,-9999.0,7.0,Soil moisture retrieval doesn't have recommended quality,Soil moisture retrieval was skipped,Soil moisture retrieval was not successful,Freeze/thaw state retrieval was successful,Not used
TM01,25.4479389,-98.01216666666667,2017-10-27,h00v00,463.0,878.0,0.1626739,8.0,Soil moisture retrieval has recommended quality,Soil moisture retrieval was attempted,Soil moisture retrieval was successful,Freeze/thaw state retrieval was not successful,
TM01,25.4479389,-98.01216666666667,2017-10-28,h00v00,463.0,878.0,0.1600197,8.0,Soil moisture retrieval has recommended quality,Soil moisture retrieval was attempted,Soil moisture retrieval was successful,Freeze/thaw state retrieval was not successful,
TM01,25.4479389,-98.01216666666667,2017-10-29,h00v00,463.0,878.0,-9999.0,7.0,Soil moisture retrieval doesn't have recommended quality,Soil moisture retrieval was skipped,Soil moisture retrieval was not successful,Freeze/thaw state retrieval was successful,Not used
TM01,25.4479389,-98.01216666666667,2017-10-30,h00v00,463.0,878.0,0.1363717,8.0,Soil moisture retrieval has recommended quality,Soil moisture retrieval was attempted,Soil moisture retrieval was successful,Freeze/thaw state retrieval was not successful,
TM01,25.4479389,-98.01216666666667,2017-10-31,h00v00,463.0,878.0,-9999.0,7.0,Soil moisture retrieval doesn't have recommended quality,Soil moisture retrieval was skipped,Soil moisture retrieval was not successful,Freeze/thaw state retrieval was successful,Not used
TM01,25.4479389,-98.01216666666667,2017-11-01,h00v00,463.0,878.0,-9999.0,7.0,Soil moisture retrieval doesn't have recommended quality,Soil moisture retrieval was skipped,Soil moisture retrieval was not successful,Freeze/thaw state retrieval was successful,Not used
TM01,25.4479389,-98.01216666666667,2017-11-02,h00v00,463.0,878.0,0.1313455,8.0,Soil moisture retrieval has recommended quality,Soil moisture retrieval was attempted,Soil moisture retrieval was successful,Freeze/thaw state retrieval was not successful,
TM01,25.4479389,-98.01216666666667,2017-11-03,h00v00,463.0,878.0,-9999.0,7.0,Soil moisture retrieval doesn't have recommended quality,Soil moisture retrieval was skipped,Soil moisture retrieval was not successful,Freeze/thaw state retrieval was successful,Not used
TM01,25.4479389,-98.01216666666667,2017-11-04,h00v00,463.0,878.0,0.1231962,8.0,Soil moisture retrieval has recommended quality,Soil moisture retrieval was attempted,Soil moisture retrieval was successful,Freeze/thaw state retrieval was not successful,
TM01,25.4479389,-98.01216666666667,2017-11-05,h00v00,463.0,878.0,0.1270029,8.0,Soil moisture retrieval has recommended quality,Soil moisture retrieval was attempted,Soil moisture retrieval was successful,Freeze/thaw state retrieval was not successful,
TM01,25.4479389,-98.01216666666667,2017-11-06,h00v00,463.0,878.0,-9999.0,7.0,Soil moisture retrieval doesn't have recommended quality,Soil moisture retrieval was skipped,Soil moisture retrieval was not successful,Freeze/thaw state retrieval was successful,Not used
TM01,25.4479389,-98.01216666666667,2017-11-07,h00v00,463.0,878.0,0.1363122,8.0,Soil moisture retrieval has recommended quality,Soil moisture retrieval was attempted,Soil moisture retrieval was successful,Freeze/thaw state retrieval was not successful,
TM01,25.4479389,-98.01216666666667,2017-11-08,h00v00,463.0,878.0,-9999.0,7.0,Soil moisture retrieval doesn't have recommended quality,Soil moisture retrieval was skipped,Soil moisture retrieval was not successful,Freeze/thaw state retrieval was successful,Not used
TM01,25.4479389,-98.01216666666667,2017-11-09,h00v00,463.0,878.0,-9999.0,7.0,Soil moisture retrieval doesn't have recommended quality,Soil moisture retrieval was skipped,Soil moisture retrieval was not successful,Freeze/thaw state retrieval was successful,Not used
TM01,25.4479389,-98.01216666666667,2017-11-10,h00v00,463.0,878.0,0.2237167,8.0,Soil moisture retrieval has recommended quality,Soil moisture retrieval was attempted,Soil moisture retrieval was successful,Freeze/thaw state retrieval was not successful,
TM01,25.4479389,-98.01216666666667,2017-11-11,h00v00,463.0,878.0,-9999.0,7.0,Soil moisture retrieval doesn't have recommended quality,Soil moisture retrieval was skipped,Soil moisture retrieval was not successful,Freeze/thaw state retrieval was successful,Not used
TM01,25.4479389,-98.01216666666667,2017-11-12,h00v00,463.0,878.0,0.287425,13.0,Soil moisture retrieval doesn't have recommended quality,Soil moisture retrieval was attempted,Soil moisture retrieval was not successful,Freeze/thaw state retrieval was not successful,
TM01,25.4479389,-98.01216666666667,2017-11-13,h00v00,463.0,878.0,0.378048,13.0,Soil moisture retrieval doesn't have recommended quality,Soil moisture retrieval was attempted,Soil moisture retrieval was not successful,Freeze/thaw state retrieval was not successful,
TM01,25.4479389,-98.01216666666667,2017-11-14,h00v00,463.0,878.0,-9999.0,7.0,Soil moisture retrieval doesn't have recommended quality,Soil moisture retrieval was skipped,Soil moisture retrieval was not successful,Freeze/thaw state retrieval was successful,Not used
TM01,25.4479389,-98.01216666666667,2017-11-15,h00v00,463.0,878.0,0.3521789,13.0,Soil moisture retrieval doesn't have recommended quality,Soil moisture retrieval was attempted,Soil moisture retrieval was not successful,Freeze/thaw state retrieval was not successful,
TM01,25.4479389,-98.01216666666667,2017-11-16,h00v00,463.0,878.0,-9999.0,7.0,Soil moisture retrieval doesn't have recommended quality,Soil moisture retrieval was skipped,Soil moisture retrieval was not successful,Freeze/thaw state retrieval was successful,Not used
TM01,25.4479389,-98.01216666666667,2017-11-17,h00v00,463.0,878.0,-9999.0,7.0,Soil moisture retrieval doesn't have recommended quality,Soil moisture retrieval was skipped,Soil moisture retrieval was not successful,Freeze/thaw state retrieval was successful,Not used
TM01,25.4479389,-98.01216666666667,2017-11-18,h00v00,463.0,878.0,0.2379583,13.0,Soil moisture retrieval doesn't have recommended quality,Soil moisture retrieval was attempted,Soil moisture retrieval was not successful,Freeze/thaw state retrieval was not successful,
TM01,25.4479389,-98.01216666666667,2017-11-19,h00v00,463.0,878.0,-9999.0,7.0,Soil moisture retrieval doesn't have recommended quality,Soil moisture retrieval was skipped,Soil moisture retrieval was not successful,Freeze/thaw state retrieval was successful,Not used
TM01,25.4479389,-98.01216666666667,2017-11-20,h00v00,463.0,878.0,0.2275839,8.0,Soil moisture retrieval has recommended quality,Soil moisture retrieval was attempted,Soil moisture retrieval was successful,Freeze/thaw state retrieval was not successful,
TM01,25.4479389,-98.01216666666667,2017-11-21,h00v00,463.0,878.0,0.2066236,8.0,Soil moisture retrieval has recommended quality,Soil moisture retrieval was attempted,Soil moisture retrieval was successful,Freeze/thaw state retrieval was not successful,
TM01,25.4479389,-98.01216666666667,2017-11-22,h00v00,463.0,878.0,-9999.0,7.0,Soil moisture retrieval doesn't have recommended quality,Soil moisture retrieval was skipped,Soil moisture retrieval was not successful,Freeze/thaw state retrieval was successful,Not used
TM01,25.4479389,-98.01216666666667,2017-11-23,h00v00,463.0,878.0,0.1748099,8.0,Soil moisture retrieval has recommended quality,Soil moisture retrieval was attempted,Soil moisture retrieval was successful,Freeze/thaw state retrieval was not successful,
TM01,25.4479389,-98.01216666666667,2017-11-24,h00v00,463.0,878.0,-9999.0,7.0,Soil moisture retrieval doesn't have recommended quality,Soil moisture retrieval was skipped,Soil moisture retrieval was not successful,Freeze/thaw state retrieval was successful,Not used
TM01,25.4479389,-98.01216666666667,2017-11-25,h00v00,463.0,878.0,-9999.0,7.0,Soil moisture retrieval doesn't have recommended quality,Soil moisture retrieval was skipped,Soil moisture retrieval was not successful,Freeze/thaw state retrieval was successful,Not used
TM01,25.4479389,-98.01216666666667,2017-11-26,h00v00,463.0,878.0,0.1507898,8.0,Soil moisture retrieval has recommended quality,Soil moisture retrieval was attempted,Soil moisture retrieval was successful,Freeze/thaw state retrieval was not successful,
TM01,25.4479389,-98.01216666666667,2017-11-27,h00v00,463.0,878.0,-9999.0,7.0,Soil moisture retrieval doesn't have recommended quality,Soil moisture retrieval was skipped,Soil moisture retrieval was not successful,Freeze/thaw state retrieval was successful,Not used
TM01,25.4479389,-98.01216666666667,2017-11-28,h00v00,463.0,878.0,0.1760017,8.0,Soil moisture retrieval has recommended quality,Soil moisture retrieval was attempted,Soil moisture retrieval was successful,Freeze/thaw state retrieval was not successful,
TM01,25.4479389,-98.01216666666667,2017-11-29,h00v00,463.0,878.0,0.1366985,8.0,Soil moisture retrieval has recommended quality,Soil moisture retrieval was attempted,Soil moisture retrieval was successful,Freeze/thaw state retrieval was not successful,
TM01,25.4479389,-98.01216666666667,2017-11-30,h00v00,463.0,878.0,-9999.0,7.0,Soil moisture retrieval doesn't have recommended quality,Soil moisture retrieval was skipped,Soil moisture retrieval was not successful,Freeze/thaw state retrieval was successful,Not used
TM01,25.4479389,-98.01216666666667,2017-12-01,h00v00,463.0,878.0,0.1533852,8.0,Soil moisture retrieval has recommended quality,Soil moisture retrieval was attempted,Soil moisture retrieval was successful,Freeze/thaw state retrieval was not successful,
TM01,25.4479389,-98.01216666666667,2017-12-02,h00v00,463.0,878.0,-9999.0,7.0,Soil moisture retrieval doesn't have recommended quality,Soil moisture retrieval was skipped,Soil moisture retrieval was not successful,Freeze/thaw state retrieval was successful,Not used
TM01,25.4479389,-98.01216666666667,2017-12-03,h00v00,463.0,878.0,-9999.0,7.0,Soil moisture retrieval doesn't have recommended quality,Soil moisture retrieval was skipped,Soil moisture retrieval was not successful,Freeze/thaw state retrieval was successful,Not used
TM01,25.4479389,-98.01216666666667,2017-12-04,h00v00,463.0,878.0,0.1381803,8.0,Soil moisture retrieval has recommended quality,Soil moisture retrieval was attempted,Soil moisture retrieval was successful,Freeze/thaw state retrieval was not successful,
TM01,25.4479389,-98.01216666666667,2017-12-05,h00v00,463.0,878.0,-9999.0,7.0,Soil moisture retrieval doesn't have recommended quality,Soil moisture retrieval was skipped,Soil moisture retrieval was not successful,Freeze/thaw state retrieval was successful,Not used
TM01,25.4479389,-98.01216666666667,2017-12-06,h00v00,463.0,878.0,0.1514024,8.0,Soil moisture retrieval has recommended quality,Soil moisture retrieval was attempted,Soil moisture retrieval was successful,Freeze/thaw state retrieval was not successful,
TM01,25.4479389,-98.01216666666667,2017-12-07,h00v00,463.0,878.0,0.3087542,13.0,Soil moisture retrieval doesn't have recommended quality,Soil moisture retrieval was attempted,Soil moisture retrieval was not successful,Freeze/thaw state retrieval was not successful,
TM01,25.4479389,-98.01216666666667,2017-12-08,h00v00,463.0,878.0,-9999.0,7.0,Soil moisture retrieval doesn't have recommended quality,Soil moisture retrieval was skipped,Soil moisture retrieval was not successful,Freeze/thaw state retrieval was successful,Not used
TM01,25.4479389,-98.01216666666667,2017-12-09,h00v00,463.0,878.0,0.3163309,13.0,Soil moisture retrieval doesn't have recommended quality,Soil moisture retrieval was attempted,Soil moisture retrieval was not successful,Freeze/thaw state retrieval was not successful,
TM01,25.4479389,-98.01216666666667,2017-12-10,h00v00,463.0,878.0,-9999.0,7.0,Soil moisture retrieval doesn't have recommended quality,Soil moisture retrieval was skipped,Soil moisture retrieval was not successful,Freeze/thaw state retrieval was successful,Not used
TM01,25.4479389,-98.01216666666667,2017-12-11,h00v00,463.0,878.0,-9999.0,7.0,Soil moisture retrieval doesn't have recommended quality,Soil moisture retrieval was skipped,Soil moisture retrieval was not successful,Freeze/thaw state retrieval was successful,Not used
TM01,25.4479389,-98.01216666666667,2017-12-12,h00v00,463.0,878.0,0.192541,8.0,Soil moisture retrieval has recommended quality,Soil moisture retrieval was attempted,Soil moisture retrieval was successful,Freeze/thaw state retrieval was not successful,
TM01,25.4479389,-98.01216666666667,2017-12-13,h00v00,463.0,878.0,-9999.0,7.0,Soil moisture retrieval doesn't have recommended quality,Soil moisture retrieval was skipped,Soil moisture retrieval was not successful,Freeze/thaw state retrieval was successful,Not used
TM01,25.4479389,-98.01216666666667,2017-12-14,h00v00,463.0,878.0,0.175155,8.0,Soil moisture retrieval has recommended quality,Soil moisture retrieval was attempted,Soil moisture retrieval was successful,Freeze/thaw state retrieval was not successful,
TM01,25.4479389,-98.01216666666667,2017-12-15,h00v00,463.0,878.0,0.1500071,8.0,Soil moisture retrieval has recommended quality,Soil moisture retrieval was attempted,Soil moisture retrieval was successful,Freeze/thaw state retrieval was not successful,
TM01,25.4479389,-98.01216666666667,2017-12-16,h00v00,463.0,878.0,-9999.0,7.0,Soil moisture retrieval doesn't have recommended quality,Soil moisture retrieval was skipped,Soil moisture retrieval was not successful,Freeze/thaw state retrieval was successful,Not used
TM01,25.4479389,-98.01216666666667,2017-12-17,h00v00,463.0,878.0,0.2231857,13.0,Soil moisture retrieval doesn't have recommended quality,Soil moisture retrieval was attempted,Soil moisture retrieval was not successful,Freeze/thaw state retrieval was not successful,
TM01,25.4479389,-98.01216666666667,2017-12-18,h00v00,463.0,878.0,-9999.0,7.0,Soil moisture retrieval doesn't have recommended quality,Soil moisture retrieval was skipped,Soil moisture retrieval was not successful,Freeze/thaw state retrieval was successful,Not used
TM01,25.4479389,-98.01216666666667,2017-12-19,h00v00,463.0,878.0,-9999.0,7.0,Soil moisture retrieval doesn't have recommended quality,Soil moisture retrieval was skipped,Soil moisture retrieval was not successful,Freeze/thaw state retrieval was successful,Not used
TM01,25.4479389,-98.01216666666667,2017-12-20,h00v00,463.0,878.0,0.1599178,8.0,Soil moisture retrieval has recommended quality,Soil moisture retrieval was attempted,Soil moisture retrieval was successful,Freeze/thaw state retrieval was not successful,
TM01,25.4479389,-98.01216666666667,2017-12-21,h00v00,463.0,878.0,-9999.0,7.0,Soil moisture retrieval doesn't have recommended quality,Soil moisture retrieval was skipped,Soil moisture retrieval was not successful,Freeze/thaw state retrieval was successful,Not used
TM01,25.4479389,-98.01216666666667,2017-12-22,h00v00,463.0,878.0,0.1344008,8.0,Soil moisture retrieval has recommended quality,Soil moisture retrieval was attempted,Soil moisture retrieval was successful,Freeze/thaw state retrieval was not successful,
TM01,25.4479389,-98.01216666666667,2017-12-23,h00v00,463.0,878.0,0.1372604,8.0,Soil moisture retrieval has recommended quality,Soil moisture retrieval was attempted,Soil moisture retrieval was successful,Freeze/thaw state retrieval was not successful,
TM01,25.4479389,-98.01216666666667,2017-12-24,h00v00,463.0,878.0,-9999.0,7.0,Soil moisture retrieval doesn't have recommended quality,Soil moisture retrieval was skipped,Soil moisture retrieval was not successful,Freeze/thaw state retrieval was successful,Not used
TM01,25.4479389,-98.01216666666667,2017-12-25,h00v00,463.0,878.0,0.1114938,8.0,Soil moisture retrieval has recommended quality,Soil moisture retrieval was attempted,Soil moisture retrieval was successful,Freeze/thaw state retrieval was not successful,
TM01,25.4479389,-98.01216666666667,2017-12-26,h00v00,463.0,878.0,-9999.0,7.0,Soil moisture retrieval doesn't have recommended quality,Soil moisture retrieval was skipped,Soil moisture retrieval was not successful,Freeze/thaw state retrieval was successful,Not used
TM01,25.4479389,-98.01216666666667,2017-12-27,h00v00,463.0,878.0,-9999.0,7.0,Soil moisture retrieval doesn't have recommended quality,Soil moisture retrieval was skipped,Soil moisture retrieval was not successful,Freeze/thaw state retrieval was successful,Not used
TM01,25.4479389,-98.01216666666667,2017-12-28,h00v00,463.0,878.0,0.1369993,8.0,Soil moisture retrieval has recommended quality,Soil moisture retrieval was attempted,Soil moisture retrieval was successful,Freeze/thaw state retrieval was not successful,
TM01,25.4479389,-98.01216666666667,2017-12-29,h00v00,463.0,878.0,-9999.0,7.0,Soil moisture retrieval doesn't have recommended quality,Soil moisture retrieval was skipped,Soil moisture retrieval was not successful,Freeze/thaw state retrieval was successful,Not used
TM01,25.4479389,-98.01216666666667,2017-12-30,h00v00,463.0,878.0,0.1545434,8.0,Soil moisture retrieval has recommended quality,Soil moisture retrieval was attempted,Soil moisture retrieval was successful,Freeze/thaw state retrieval was not successful,
TM01,25.4479389,-98.01216666666667,2017-12-31,h00v00,463.0,878.0,0.1457162,8.0,Soil moisture retrieval has recommended quality,Soil moisture retrieval was attempted,Soil moisture retrieval was successful,Freeze/thaw state retrieval was not successful,
TM01,25.4479389,-98.01216666666667,2018-01-01,h00v00,463.0,878.0,-9999.0,7.0,Soil moisture retrieval doesn't have recommended quality,Soil moisture retrieval was skipped,Soil moisture retrieval was not successful,Freeze/thaw state retrieval was successful,Not used
TM01,25.4479389,-98.01216666666667,2018-01-02,h00v00,463.0,878.0,0.2469248,8.0,Soil moisture retrieval has recommended quality,Soil moisture retrieval was attempted,Soil moisture retrieval was successful,Freeze/thaw state retrieval was not successful,
TM01,25.4479389,-98.01216666666667,2018-01-03,h00v00,463.0,878.0,-9999.0,7.0,Soil moisture retrieval doesn't have recommended quality,Soil moisture retrieval was skipped,Soil moisture retrieval was not successful,Freeze/thaw state retrieval was successful,Not used
TM01,25.4479389,-98.01216666666667,2018-01-04,h00v00,463.0,878.0,-9999.0,7.0,Soil moisture retrieval doesn't have recommended quality,Soil moisture retrieval was skipped,Soil moisture retrieval was not successful,Freeze/thaw state retrieval was successful,Not used
TM01,25.4479389,-98.01216666666667,2018-01-05,h00v00,463.0,878.0,0.1618111,13.0,Soil moisture retrieval doesn't have recommended quality,Soil moisture retrieval was attempted,Soil moisture retrieval was not successful,Freeze/thaw state retrieval was not successful,
TM01,25.4479389,-98.01216666666667,2018-01-06,h00v00,463.0,878.0,-9999.0,7.0,Soil moisture retrieval doesn't have recommended quality,Soil moisture retrieval was skipped,Soil moisture retrieval was not successful,Freeze/thaw state retrieval was successful,Not used
TM01,25.4479389,-98.01216666666667,2018-01-07,h00v00,463.0,878.0,0.1344024,8.0,Soil moisture retrieval has recommended quality,Soil moisture retrieval was attempted,Soil moisture retrieval was successful,Freeze/thaw state retrieval was not successful,
TM01,25.4479389,-98.01216666666667,2018-01-08,h00v00,463.0,878.0,0.1108322,8.0,Soil moisture retrieval has recommended quality,Soil moisture retrieval was attempted,Soil moisture retrieval was successful,Freeze/thaw state retrieval was not successful,
TM01,25.4479389,-98.01216666666667,2018-01-09,h00v00,463.0,878.0,-9999.0,7.0,Soil moisture retrieval doesn't have recommended quality,Soil moisture retrieval was skipped,Soil moisture retrieval was not successful,Freeze/thaw state retrieval was successful,Not used
TM01,25.4479389,-98.01216666666667,2018-01-10,h00v00,463.0,878.0,0.1058087,8.0,Soil moisture retrieval has recommended quality,Soil moisture retrieval was attempted,Soil moisture retrieval was successful,Freeze/thaw state retrieval was not successful,
TM01,25.4479389,-98.01216666666667,2018-01-11,h00v00,463.0,878.0,-9999.0,7.0,Soil moisture retrieval doesn't have recommended quality,Soil moisture retrieval was skipped,Soil moisture retrieval was not successful,Freeze/thaw state retrieval was successful,Not used
TM01,25.4479389,-98.01216666666667,2018-01-12,h00v00,463.0,878.0,-9999.0,7.0,Soil moisture retrieval doesn't have recommended quality,Soil moisture retrieval was skipped,Soil moisture retrieval was not successful,Freeze/thaw state retrieval was successful,Not used
TM01,25.4479389,-98.01216666666667,2018-01-13,h00v00,463.0,878.0,0.1025611,8.0,Soil moisture retrieval has recommended quality,Soil moisture retrieval was attempted,Soil moisture retrieval was successful,Freeze/thaw state retrieval was not successful,
TM01,25.4479389,-98.01216666666667,2018-01-14,h00v00,463.0,878.0,-9999.0,7.0,Soil moisture retrieval doesn't have recommended quality,Soil moisture retrieval was skipped,Soil moisture retrieval was not successful,Freeze/thaw state retrieval was successful,Not used
TM01,25.4479389,-98.01216666666667,2018-01-15,h00v00,463.0,878.0,0.0895001,8.0,Soil moisture retrieval has recommended quality,Soil moisture retrieval was attempted,Soil moisture retrieval was successful,Freeze/thaw state retrieval was not successful,
TM01,25.4479389,-98.01216666666667,2018-01-16,h00v00,463.0,878.0,0.0820495,8.0,Soil moisture retrieval has recommended quality,Soil moisture retrieval was attempted,Soil moisture retrieval was successful,Freeze/thaw state retrieval was not successful,
TM01,25.4479389,-98.01216666666667,2018-01-17,h00v00,463.0,878.0,-9999.0,7.0,Soil moisture retrieval doesn't have recommended quality,Soil moisture retrieval was skipped,Soil moisture retrieval was not successful,Freeze/thaw state retrieval was successful,Not used
TM01,25.4479389,-98.01216666666667,2018-01-18,h00v00,463.0,878.0,0.1741976,8.0,Soil moisture retrieval has recommended quality,Soil moisture retrieval was attempted,Soil moisture retrieval was successful,Freeze/thaw state retrieval was not successful,
TM01,25.4479389,-98.01216666666667,2018-01-19,h00v00,463.0,878.0,-9999.0,7.0,Soil moisture retrieval doesn't have recommended quality,Soil moisture retrieval was skipped,Soil moisture retrieval was not successful,Freeze/thaw state retrieval was successful,Not used
TM01,25.4479389,-98.01216666666667,2018-01-20,h00v00,463.0,878.0,-9999.0,7.0,Soil moisture retrieval doesn't have recommended quality,Soil moisture retrieval was skipped,Soil moisture retrieval was not successful,Freeze/thaw state retrieval was successful,Not used
TM01,25.4479389,-98.01216666666667,2018-01-21,h00v00,463.0,878.0,-9999.0,7.0,Soil moisture retrieval doesn't have recommended quality,Soil moisture retrieval was skipped,Soil moisture retrieval was not successful,Freeze/thaw state retrieval was successful,Not used
TM01,25.4479389,-98.01216666666667,2018-01-22,h00v00,463.0,878.0,-9999.0,7.0,Soil moisture retrieval doesn't have recommended quality,Soil moisture retrieval was skipped,Soil moisture retrieval was not successful,Freeze/thaw state retrieval was successful,Not used
TM01,25.4479389,-98.01216666666667,2018-01-23,h00v00,463.0,878.0,0.1533161,8.0,Soil moisture retrieval has recommended quality,Soil moisture retrieval was attempted,Soil moisture retrieval was successful,Freeze/thaw state retrieval was not successful,
TM01,25.4479389,-98.01216666666667,2018-01-24,h00v00,463.0,878.0,0.251121,13.0,Soil moisture retrieval doesn't have recommended quality,Soil moisture retrieval was attempted,Soil moisture retrieval was not successful,Freeze/thaw state retrieval was not successful,
TM01,25.4479389,-98.01216666666667,2018-01-25,h00v00,463.0,878.0,-9999.0,7.0,Soil moisture retrieval doesn't have recommended quality,Soil moisture retrieval was skipped,Soil moisture retrieval was not successful,Freeze/thaw state retrieval was successful,Not used
TM01,25.4479389,-98.01216666666667,2018-01-26,h00v00,463.0,878.0,0.2641505,13.0,Soil moisture retrieval doesn't have recommended quality,Soil moisture retrieval was attempted,Soil moisture retrieval was not successful,Freeze/thaw state retrieval was not successful,
TM01,25.4479389,-98.01216666666667,2018-01-27,h00v00,463.0,878.0,-9999.0,7.0,Soil moisture retrieval doesn't have recommended quality,Soil moisture retrieval was skipped,Soil moisture retrieval was not successful,Freeze/thaw state retrieval was successful,Not used
TM01,25.4479389,-98.01216666666667,2018-01-28,h00v00,463.0,878.0,-9999.0,7.0,Soil moisture retrieval doesn't have recommended quality,Soil moisture retrieval was skipped,Soil moisture retrieval was not successful,Freeze/thaw state retrieval was successful,Not used
TM01,25.4479389,-98.01216666666667,2018-01-29,h00v00,463.0,878.0,0.3155946,13.0,Soil moisture retrieval doesn't have recommended quality,Soil moisture retrieval was attempted,Soil moisture retrieval was not successful,Freeze/thaw state retrieval was not successful,
TM01,25.4479389,-98.01216666666667,2018-01-30,h00v00,463.0,878.0,-9999.0,7.0,Soil moisture retrieval doesn't have recommended quality,Soil moisture retrieval was skipped,Soil moisture retrieval was not successful,Freeze/thaw state retrieval was successful,Not used
TM01,25.4479389,-98.01216666666667,2018-01-31,h00v00,463.0,878.0,0.2310692,8.0,Soil moisture retrieval has recommended quality,Soil moisture retrieval was attempted,Soil moisture retrieval was successful,Freeze/thaw state retrieval was not successful,
TM01,25.4479389,-98.01216666666667,2018-02-01,h00v00,463.0,878.0,0.1693248,8.0,Soil moisture retrieval has recommended quality,Soil moisture retrieval was attempted,Soil moisture retrieval was successful,Freeze/thaw state retrieval was not successful,
TM01,25.4479389,-98.01216666666667,2018-02-02,h00v00,463.0,878.0,-9999.0,7.0,Soil moisture retrieval doesn't have recommended quality,Soil moisture retrieval was skipped,Soil moisture retrieval was not successful,Freeze/thaw state retrieval was successful,Not used
TM01,25.4479389,-98.01216666666667,2018-02-03,h00v00,463.0,878.0,0.1605343,8.0,Soil moisture retrieval has recommended quality,Soil moisture retrieval was attempted,Soil moisture retrieval was successful,Freeze/thaw state retrieval was not successful,
TM01,25.4479389,-98.01216666666667,2018-02-04,h00v00,463.0,878.0,-9999.0,7.0,Soil moisture retrieval doesn't have recommended quality,Soil moisture retrieval was skipped,Soil moisture retrieval was not successful,Freeze/thaw state retrieval was successful,Not used
TM01,25.4479389,-98.01216666666667,2018-02-05,h00v00,463.0,878.0,-9999.0,7.0,Soil moisture retrieval doesn't have recommended quality,Soil moisture retrieval was skipped,Soil moisture retrieval was not successful,Freeze/thaw state retrieval was successful,Not used
TM01,25.4479389,-98.01216666666667,2018-02-06,h00v00,463.0,878.0,0.136088,8.0,Soil moisture retrieval has recommended quality,Soil moisture retrieval was attempted,Soil moisture retrieval was successful,Freeze/thaw state retrieval was not successful,
TM01,25.4479389,-98.01216666666667,2018-02-07,h00v00,463.0,878.0,-9999.0,7.0,Soil moisture retrieval doesn't have recommended quality,Soil moisture retrieval was skipped,Soil moisture retrieval was not successful,Freeze/thaw state retrieval was successful,Not used
TM01,25.4479389,-98.01216666666667,2018-02-08,h00v00,463.0,878.0,-9999.0,7.0,Soil moisture retrieval doesn't have recommended quality,Soil moisture retrieval was skipped,Soil moisture retrieval was not successful,Freeze/thaw state retrieval was successful,Not used
TM01,25.4479389,-98.01216666666667,2018-02-09,h00v00,463.0,878.0,0.2671489,8.0,Soil moisture retrieval has recommended quality,Soil moisture retrieval was attempted,Soil moisture retrieval was successful,Freeze/thaw state retrieval was not successful,
TM01,25.4479389,-98.01216666666667,2018-02-10,h00v00,463.0,878.0,-9999.0,7.0,Soil moisture retrieval doesn't have recommended quality,Soil moisture retrieval was skipped,Soil moisture retrieval was not successful,Freeze/thaw state retrieval was successful,Not used
TM01,25.4479389,-98.01216666666667,2018-02-11,h00v00,463.0,878.0,0.1809261,8.0,Soil moisture retrieval has recommended quality,Soil moisture retrieval was attempted,Soil moisture retrieval was successful,Freeze/thaw state retrieval was not successful,
TM01,25.4479389,-98.01216666666667,2018-02-12,h00v00,463.0,878.0,-9999.0,7.0,Soil moisture retrieval doesn't have recommended quality,Soil moisture retrieval was skipped,Soil moisture retrieval was not successful,Freeze/thaw state retrieval was successful,Not used
TM01,25.4479389,-98.01216666666667,2018-02-13,h00v00,463.0,878.0,-9999.0,7.0,Soil moisture retrieval doesn't have recommended quality,Soil moisture retrieval was skipped,Soil moisture retrieval was not successful,Freeze/thaw state retrieval was successful,Not used
TM01,25.4479389,-98.01216666666667,2018-02-14,h00v00,463.0,878.0,0.1920792,8.0,Soil moisture retrieval has recommended quality,Soil moisture retrieval was attempted,Soil moisture retrieval was successful,Freeze/thaw state retrieval was not successful,
TM01,25.4479389,-98.01216666666667,2018-02-15,h00v00,463.0,878.0,-9999.0,7.0,Soil moisture retrieval doesn't have recommended quality,Soil moisture retrieval was skipped,Soil moisture retrieval was not successful,Freeze/thaw state retrieval was successful,Not used
TM01,25.4479389,-98.01216666666667,2018-02-16,h00v00,463.0,878.0,0.14579,8.0,Soil moisture retrieval has recommended quality,Soil moisture retrieval was attempted,Soil moisture retrieval was successful,Freeze/thaw state retrieval was not successful,
TM01,25.4479389,-98.01216666666667,2018-02-17,h00v00,463.0,878.0,0.1087808,8.0,Soil moisture retrieval has recommended quality,Soil moisture retrieval was attempted,Soil moisture retrieval was successful,Freeze/thaw state retrieval was not successful,
TM01,25.4479389,-98.01216666666667,2018-02-18,h00v00,463.0,878.0,-9999.0,7.0,Soil moisture retrieval doesn't have recommended quality,Soil moisture retrieval was skipped,Soil moisture retrieval was not successful,Freeze/thaw state retrieval was successful,Not used
TM01,25.4479389,-98.01216666666667,2018-02-19,h00v00,463.0,878.0,0.1040381,8.0,Soil moisture retrieval has recommended quality,Soil moisture retrieval was attempted,Soil moisture retrieval was successful,Freeze/thaw state retrieval was not successful,
TM01,25.4479389,-98.01216666666667,2018-02-20,h00v00,463.0,878.0,-9999.0,7.0,Soil moisture retrieval doesn't have recommended quality,Soil moisture retrieval was skipped,Soil moisture retrieval was not successful,Freeze/thaw state retrieval was successful,Not used
TM01,25.4479389,-98.01216666666667,2018-02-21,h00v00,463.0,878.0,-9999.0,7.0,Soil moisture retrieval doesn't have recommended quality,Soil moisture retrieval was skipped,Soil moisture retrieval was not successful,Freeze/thaw state retrieval was successful,Not used
TM01,25.4479389,-98.01216666666667,2018-02-22,h00v00,463.0,878.0,0.1376963,8.0,Soil moisture retrieval has recommended quality,Soil moisture retrieval was attempted,Soil moisture retrieval was successful,Freeze/thaw state retrieval was not successful,
TM01,25.4479389,-98.01216666666667,2018-02-23,h00v00,463.0,878.0,-9999.0,7.0,Soil moisture retrieval doesn't have recommended quality,Soil moisture retrieval was skipped,Soil moisture retrieval was not successful,Freeze/thaw state retrieval was successful,Not used
TM01,25.4479389,-98.01216666666667,2018-02-24,h00v00,463.0,878.0,0.1255657,8.0,Soil moisture retrieval has recommended quality,Soil moisture retrieval was attempted,Soil moisture retrieval was successful,Freeze/thaw state retrieval was not successful,
TM01,25.4479389,-98.01216666666667,2018-02-25,h00v00,463.0,878.0,0.0869258,8.0,Soil moisture retrieval has recommended quality,Soil moisture retrieval was attempted,Soil moisture retrieval was successful,Freeze/thaw state retrieval was not successful,
TM01,25.4479389,-98.01216666666667,2018-02-26,h00v00,463.0,878.0,-9999.0,7.0,Soil moisture retrieval doesn't have recommended quality,Soil moisture retrieval was skipped,Soil moisture retrieval was not successful,Freeze/thaw state retrieval was successful,Not used
TM01,25.4479389,-98.01216666666667,2018-02-27,h00v00,463.0,878.0,0.301605,13.0,Soil moisture retrieval doesn't have recommended quality,Soil moisture retrieval was attempted,Soil moisture retrieval was not successful,Freeze/thaw state retrieval was not successful,
TM01,25.4479389,-98.01216666666667,2018-02-28,h00v00,463.0,878.0,-9999.0,7.0,Soil moisture retrieval doesn't have recommended quality,Soil moisture retrieval was skipped,Soil moisture retrieval was not successful,Freeze/thaw state retrieval was successful,Not used
TM01,25.4479389,-98.01216666666667,2018-03-01,h00v00,463.0,878.0,-9999.0,7.0,Soil moisture retrieval doesn't have recommended quality,Soil moisture retrieval was skipped,Soil moisture retrieval was not successful,Freeze/thaw state retrieval was successful,Not used
TM01,25.4479389,-98.01216666666667,2018-03-02,h00v00,463.0,878.0,0.150768,8.0,Soil moisture retrieval has recommended quality,Soil moisture retrieval was attempted,Soil moisture retrieval was successful,Freeze/thaw state retrieval was not successful,
TM01,25.4479389,-98.01216666666667,2018-03-03,h00v00,463.0,878.0,-9999.0,7.0,Soil moisture retrieval doesn't have recommended quality,Soil moisture retrieval was skipped,Soil moisture retrieval was not successful,Freeze/thaw state retrieval was successful,Not used
TM01,25.4479389,-98.01216666666667,2018-03-04,h00v00,463.0,878.0,0.1358382,8.0,Soil moisture retrieval has recommended quality,Soil moisture retrieval was attempted,Soil moisture retrieval was successful,Freeze/thaw state retrieval was not successful,
TM01,25.4479389,-98.01216666666667,2018-03-05,h00v00,463.0,878.0,0.1151848,8.0,Soil moisture retrieval has recommended quality,Soil moisture retrieval was attempted,Soil moisture retrieval was successful,Freeze/thaw state retrieval was not successful,
TM01,25.4479389,-98.01216666666667,2018-03-06,h00v00,463.0,878.0,-9999.0,7.0,Soil moisture retrieval doesn't have recommended quality,Soil moisture retrieval was skipped,Soil moisture retrieval was not successful,Freeze/thaw state retrieval was successful,Not used
TM01,25.4479389,-98.01216666666667,2018-03-07,h00v00,463.0,878.0,0.219508,9.0,Soil moisture retrieval doesn't have recommended quality,Soil moisture retrieval was attempted,Soil moisture retrieval was successful,Freeze/thaw state retrieval was not successful,
TM01,25.4479389,-98.01216666666667,2018-03-08,h00v00,463.0,878.0,-9999.0,7.0,Soil moisture retrieval doesn't have recommended quality,Soil moisture retrieval was skipped,Soil moisture retrieval was not successful,Freeze/thaw state retrieval was successful,Not used
TM01,25.4479389,-98.01216666666667,2018-03-09,h00v00,463.0,878.0,-9999.0,7.0,Soil moisture retrieval doesn't have recommended quality,Soil moisture retrieval was skipped,Soil moisture retrieval was not successful,Freeze/thaw state retrieval was successful,Not used
TM01,25.4479389,-98.01216666666667,2018-03-10,h00v00,463.0,878.0,0.1456887,8.0,Soil moisture retrieval has recommended quality,Soil moisture retrieval was attempted,Soil moisture retrieval was successful,Freeze/thaw state retrieval was not successful,
TM01,25.4479389,-98.01216666666667,2018-03-11,h00v00,463.0,878.0,-9999.0,7.0,Soil moisture retrieval doesn't have recommended quality,Soil moisture retrieval was skipped,Soil moisture retrieval was not successful,Freeze/thaw state retrieval was successful,Not used
TM01,25.4479389,-98.01216666666667,2018-03-12,h00v00,463.0,878.0,0.1708949,8.0,Soil moisture retrieval has recommended quality,Soil moisture retrieval was attempted,Soil moisture retrieval was successful,Freeze/thaw state retrieval was not successful,
TM01,25.4479389,-98.01216666666667,2018-03-13,h00v00,463.0,878.0,0.1328611,8.0,Soil moisture retrieval has recommended quality,Soil moisture retrieval was attempted,Soil moisture retrieval was successful,Freeze/thaw state retrieval was not successful,
TM01,25.4479389,-98.01216666666667,2018-03-14,h00v00,463.0,878.0,-9999.0,7.0,Soil moisture retrieval doesn't have recommended quality,Soil moisture retrieval was skipped,Soil moisture retrieval was not successful,Freeze/thaw state retrieval was successful,Not used
TM01,25.4479389,-98.01216666666667,2018-03-15,h00v00,463.0,878.0,0.1114473,8.0,Soil moisture retrieval has recommended quality,Soil moisture retrieval was attempted,Soil moisture retrieval was successful,Freeze/thaw state retrieval was not successful,
TM01,25.4479389,-98.01216666666667,2018-03-16,h00v00,463.0,878.0,-9999.0,7.0,Soil moisture retrieval doesn't have recommended quality,Soil moisture retrieval was skipped,Soil moisture retrieval was not successful,Freeze/thaw state retrieval was successful,Not used
TM01,25.4479389,-98.01216666666667,2018-03-17,h00v00,463.0,878.0,-9999.0,7.0,Soil moisture retrieval doesn't have recommended quality,Soil moisture retrieval was skipped,Soil moisture retrieval was not successful,Freeze/thaw state retrieval was successful,Not used
TM01,25.4479389,-98.01216666666667,2018-03-18,h00v00,463.0,878.0,0.1011399,8.0,Soil moisture retrieval has recommended quality,Soil moisture retrieval was attempted,Soil moisture retrieval was successful,Freeze/thaw state retrieval was not successful,
TM01,25.4479389,-98.01216666666667,2018-03-19,h00v00,463.0,878.0,-9999.0,7.0,Soil moisture retrieval doesn't have recommended quality,Soil moisture retrieval was skipped,Soil moisture retrieval was not successful,Freeze/thaw state retrieval was successful,Not used
TM01,25.4479389,-98.01216666666667,2018-03-20,h00v00,463.0,878.0,0.1346894,8.0,Soil moisture retrieval has recommended quality,Soil moisture retrieval was attempted,Soil moisture retrieval was successful,Freeze/thaw state retrieval was not successful,
TM01,25.4479389,-98.01216666666667,2018-03-21,h00v00,463.0,878.0,0.0953374,8.0,Soil moisture retrieval has recommended quality,Soil moisture retrieval was attempted,Soil moisture retrieval was successful,Freeze/thaw state retrieval was not successful,
TM01,25.4479389,-98.01216666666667,2018-03-22,h00v00,463.0,878.0,-9999.0,7.0,Soil moisture retrieval doesn't have recommended quality,Soil moisture retrieval was skipped,Soil moisture retrieval was not successful,Freeze/thaw state retrieval was successful,Not used
TM01,25.4479389,-98.01216666666667,2018-03-23,h00v00,463.0,878.0,0.1158119,8.0,Soil moisture retrieval has recommended quality,Soil moisture retrieval was attempted,Soil moisture retrieval was successful,Freeze/thaw state retrieval was not successful,
TM01,25.4479389,-98.01216666666667,2018-03-24,h00v00,463.0,878.0,-9999.0,7.0,Soil moisture retrieval doesn't have recommended quality,Soil moisture retrieval was skipped,Soil moisture retrieval was not successful,Freeze/thaw state retrieval was successful,Not used
TM01,25.4479389,-98.01216666666667,2018-03-25,h00v00,463.0,878.0,-9999.0,7.0,Soil moisture retrieval doesn't have recommended quality,Soil moisture retrieval was skipped,Soil moisture retrieval was not successful,Freeze/thaw state retrieval was successful,Not used
TM01,25.4479389,-98.01216666666667,2018-03-26,h00v00,463.0,878.0,0.1131546,8.0,Soil moisture retrieval has recommended quality,Soil moisture retrieval was attempted,Soil moisture retrieval was successful,Freeze/thaw state retrieval was not successful,
TM01,25.4479389,-98.01216666666667,2018-03-27,h00v00,463.0,878.0,-9999.0,7.0,Soil moisture retrieval doesn't have recommended quality,Soil moisture retrieval was skipped,Soil moisture retrieval was not successful,Freeze/thaw state retrieval was successful,Not used
TM01,25.4479389,-98.01216666666667,2018-03-28,h00v00,463.0,878.0,0.1179004,8.0,Soil moisture retrieval has recommended quality,Soil moisture retrieval was attempted,Soil moisture retrieval was successful,Freeze/thaw state retrieval was not successful,
TM01,25.4479389,-98.01216666666667,2018-03-29,h00v00,463.0,878.0,0.1780774,8.0,Soil moisture retrieval has recommended quality,Soil moisture retrieval was attempted,Soil moisture retrieval was successful,Freeze/thaw state retrieval was not successful,
TM01,25.4479389,-98.01216666666667,2018-03-30,h00v00,463.0,878.0,-9999.0,7.0,Soil moisture retrieval doesn't have recommended quality,Soil moisture retrieval was skipped,Soil moisture retrieval was not successful,Freeze/thaw state retrieval was successful,Not used
TM01,25.4479389,-98.01216666666667,2018-03-31,h00v00,463.0,878.0,0.1493856,8.0,Soil moisture retrieval has recommended quality,Soil moisture retrieval was attempted,Soil moisture retrieval was successful,Freeze/thaw state retrieval was not successful,
TM01,25.4479389,-98.01216666666667,2018-04-01,h00v00,463.0,878.0,-9999.0,7.0,Soil moisture retrieval doesn't have recommended quality,Soil moisture retrieval was skipped,Soil moisture retrieval was not successful,Freeze/thaw state retrieval was successful,Not used
TM01,25.4479389,-98.01216666666667,2018-04-02,h00v00,463.0,878.0,-9999.0,7.0,Soil moisture retrieval doesn't have recommended quality,Soil moisture retrieval was skipped,Soil moisture retrieval was not successful,Freeze/thaw state retrieval was successful,Not used
TM01,25.4479389,-98.01216666666667,2018-04-03,h00v00,463.0,878.0,0.1348764,8.0,Soil moisture retrieval has recommended quality,Soil moisture retrieval was attempted,Soil moisture retrieval was successful,Freeze/thaw state retrieval was not successful,
TM01,25.4479389,-98.01216666666667,2018-04-04,h00v00,463.0,878.0,-9999.0,7.0,Soil moisture retrieval doesn't have recommended quality,Soil moisture retrieval was skipped,Soil moisture retrieval was not successful,Freeze/thaw state retrieval was successful,Not used
TM01,25.4479389,-98.01216666666667,2018-04-05,h00v00,463.0,878.0,0.1608297,8.0,Soil moisture retrieval has recommended quality,Soil moisture retrieval was attempted,Soil moisture retrieval was successful,Freeze/thaw state retrieval was not successful,
TM01,25.4479389,-98.01216666666667,2018-04-06,h00v00,463.0,878.0,0.1174619,8.0,Soil moisture retrieval has recommended quality,Soil moisture retrieval was attempted,Soil moisture retrieval was successful,Freeze/thaw state retrieval was not successful,
TM01,25.4479389,-98.01216666666667,2018-04-07,h00v00,463.0,878.0,-9999.0,7.0,Soil moisture retrieval doesn't have recommended quality,Soil moisture retrieval was skipped,Soil moisture retrieval was not successful,Freeze/thaw state retrieval was successful,Not used
TM01,25.4479389,-98.01216666666667,2018-04-08,h00v00,463.0,878.0,0.1751833,8.0,Soil moisture retrieval has recommended quality,Soil moisture retrieval was attempted,Soil moisture retrieval was successful,Freeze/thaw state retrieval was not successful,
TM01,25.4479389,-98.01216666666667,2018-04-09,h00v00,463.0,878.0,-9999.0,7.0,Soil moisture retrieval doesn't have recommended quality,Soil moisture retrieval was skipped,Soil moisture retrieval was not successful,Freeze/thaw state retrieval was successful,Not used
TM01,25.4479389,-98.01216666666667,2018-04-10,h00v00,463.0,878.0,-9999.0,7.0,Soil moisture retrieval doesn't have recommended quality,Soil moisture retrieval was skipped,Soil moisture retrieval was not successful,Freeze/thaw state retrieval was successful,Not used
TM01,25.4479389,-98.01216666666667,2018-04-11,h00v00,463.0,878.0,0.2733524,8.0,Soil moisture retrieval has recommended quality,Soil moisture retrieval was attempted,Soil moisture retrieval was successful,Freeze/thaw state retrieval was not successful,
TM01,25.4479389,-98.01216666666667,2018-04-12,h00v00,463.0,878.0,-9999.0,7.0,Soil moisture retrieval doesn't have recommended quality,Soil moisture retrieval was skipped,Soil moisture retrieval was not successful,Freeze/thaw state retrieval was successful,Not used
TM01,25.4479389,-98.01216666666667,2018-04-13,h00v00,463.0,878.0,0.1761494,8.0,Soil moisture retrieval has recommended quality,Soil moisture retrieval was attempted,Soil moisture retrieval was successful,Freeze/thaw state retrieval was not successful,
TM01,25.4479389,-98.01216666666667,2018-04-14,h00v00,463.0,878.0,0.1765844,8.0,Soil moisture retrieval has recommended quality,Soil moisture retrieval was attempted,Soil moisture retrieval was successful,Freeze/thaw state retrieval was not successful,
TM01,25.4479389,-98.01216666666667,2018-04-15,h00v00,463.0,878.0,-9999.0,7.0,Soil moisture retrieval doesn't have recommended quality,Soil moisture retrieval was skipped,Soil moisture retrieval was not successful,Freeze/thaw state retrieval was successful,Not used
TM01,25.4479389,-98.01216666666667,2018-04-16,h00v00,463.0,878.0,0.1617091,8.0,Soil moisture retrieval has recommended quality,Soil moisture retrieval was attempted,Soil moisture retrieval was successful,Freeze/thaw state retrieval was not successful,
TM01,25.4479389,-98.01216666666667,2018-04-17,h00v00,463.0,878.0,-9999.0,7.0,Soil moisture retrieval doesn't have recommended quality,Soil moisture retrieval was skipped,Soil moisture retrieval was not successful,Freeze/thaw state retrieval was successful,Not used
TM01,25.4479389,-98.01216666666667,2018-04-18,h00v00,463.0,878.0,-9999.0,7.0,Soil moisture retrieval doesn't have recommended quality,Soil moisture retrieval was skipped,Soil moisture retrieval was not successful,Freeze/thaw state retrieval was successful,Not used
TM01,25.4479389,-98.01216666666667,2018-04-19,h00v00,463.0,878.0,0.1676539,8.0,Soil moisture retrieval has recommended quality,Soil moisture retrieval was attempted,Soil moisture retrieval was successful,Freeze/thaw state retrieval was not successful,
TM01,25.4479389,-98.01216666666667,2018-04-20,h00v00,463.0,878.0,-9999.0,7.0,Soil moisture retrieval doesn't have recommended quality,Soil moisture retrieval was skipped,Soil moisture retrieval was not successful,Freeze/thaw state retrieval was successful,Not used
TM01,25.4479389,-98.01216666666667,2018-04-21,h00v00,463.0,878.0,0.156956,8.0,Soil moisture retrieval has recommended quality,Soil moisture retrieval was attempted,Soil moisture retrieval was successful,Freeze/thaw state retrieval was not successful,
TM01,25.4479389,-98.01216666666667,2018-04-22,h00v00,463.0,878.0,0.1337043,8.0,Soil moisture retrieval has recommended quality,Soil moisture retrieval was attempted,Soil moisture retrieval was successful,Freeze/thaw state retrieval was not successful,
TM01,25.4479389,-98.01216666666667,2018-04-23,h00v00,463.0,878.0,-9999.0,7.0,Soil moisture retrieval doesn't have recommended quality,Soil moisture retrieval was skipped,Soil moisture retrieval was not successful,Freeze/thaw state retrieval was successful,Not used
TM01,25.4479389,-98.01216666666667,2018-04-24,h00v00,463.0,878.0,0.1549717,8.0,Soil moisture retrieval has recommended quality,Soil moisture retrieval was attempted,Soil moisture retrieval was successful,Freeze/thaw state retrieval was not successful,
TM01,25.4479389,-98.01216666666667,2018-04-25,h00v00,463.0,878.0,-9999.0,7.0,Soil moisture retrieval doesn't have recommended quality,Soil moisture retrieval was skipped,Soil moisture retrieval was not successful,Freeze/thaw state retrieval was successful,Not used
TM01,25.4479389,-98.01216666666667,2018-04-26,h00v00,463.0,878.0,-9999.0,7.0,Soil moisture retrieval doesn't have recommended quality,Soil moisture retrieval was skipped,Soil moisture retrieval was not successful,Freeze/thaw state retrieval was successful,Not used
TM01,25.4479389,-98.01216666666667,2018-04-27,h00v00,463.0,878.0,0.2472456,13.0,Soil moisture retrieval doesn't have recommended quality,Soil moisture retrieval was attempted,Soil moisture retrieval was not successful,Freeze/thaw state retrieval was not successful,
TM01,25.4479389,-98.01216666666667,2018-04-28,h00v00,463.0,878.0,-9999.0,7.0,Soil moisture retrieval doesn't have recommended quality,Soil moisture retrieval was skipped,Soil moisture retrieval was not successful,Freeze/thaw state retrieval was successful,Not used
TM01,25.4479389,-98.01216666666667,2018-04-29,h00v00,463.0,878.0,0.2982783,8.0,Soil moisture retrieval has recommended quality,Soil moisture retrieval was attempted,Soil moisture retrieval was successful,Freeze/thaw state retrieval was not successful,
TM01,25.4479389,-98.01216666666667,2018-04-30,h00v00,463.0,878.0,0.2591892,8.0,Soil moisture retrieval has recommended quality,Soil moisture retrieval was attempted,Soil moisture retrieval was successful,Freeze/thaw state retrieval was not successful,
TM01,25.4479389,-98.01216666666667,2018-05-01,h00v00,463.0,878.0,-9999.0,7.0,Soil moisture retrieval doesn't have recommended quality,Soil moisture retrieval was skipped,Soil moisture retrieval was not successful,Freeze/thaw state retrieval was successful,Not used
TM01,25.4479389,-98.01216666666667,2018-05-02,h00v00,463.0,878.0,0.1972119,8.0,Soil moisture retrieval has recommended quality,Soil moisture retrieval was attempted,Soil moisture retrieval was successful,Freeze/thaw state retrieval was not successful,
TM01,25.4479389,-98.01216666666667,2018-05-03,h00v00,463.0,878.0,-9999.0,7.0,Soil moisture retrieval doesn't have recommended quality,Soil moisture retrieval was skipped,Soil moisture retrieval was not successful,Freeze/thaw state retrieval was successful,Not used
TM01,25.4479389,-98.01216666666667,2018-05-04,h00v00,463.0,878.0,-9999.0,7.0,Soil moisture retrieval doesn't have recommended quality,Soil moisture retrieval was skipped,Soil moisture retrieval was not successful,Freeze/thaw state retrieval was successful,Not used
TM01,25.4479389,-98.01216666666667,2018-05-05,h00v00,463.0,878.0,-9999.0,7.0,Soil moisture retrieval doesn't have recommended quality,Soil moisture retrieval was skipped,Soil moisture retrieval was not successful,Freeze/thaw state retrieval was successful,Not used
TM01,25.4479389,-98.01216666666667,2018-05-06,h00v00,463.0,878.0,-9999.0,7.0,Soil moisture retrieval doesn't have recommended quality,Soil moisture retrieval was skipped,Soil moisture retrieval was not successful,Freeze/thaw state retrieval was successful,Not used
TM01,25.4479389,-98.01216666666667,2018-05-07,h00v00,463.0,878.0,0.176618,8.0,Soil moisture retrieval has recommended quality,Soil moisture retrieval was attempted,Soil moisture retrieval was successful,Freeze/thaw state retrieval was not successful,
TM01,25.4479389,-98.01216666666667,2018-05-08,h00v00,463.0,878.0,0.1524663,8.0,Soil moisture retrieval has recommended quality,Soil moisture retrieval was attempted,Soil moisture retrieval was successful,Freeze/thaw state retrieval was not successful,
TM01,25.4479389,-98.01216666666667,2018-05-09,h00v00,463.0,878.0,-9999.0,7.0,Soil moisture retrieval doesn't have recommended quality,Soil moisture retrieval was skipped,Soil moisture retrieval was not successful,Freeze/thaw state retrieval was successful,Not used
TM01,25.4479389,-98.01216666666667,2018-05-10,h00v00,463.0,878.0,0.1307663,8.0,Soil moisture retrieval has recommended quality,Soil moisture retrieval was attempted,Soil moisture retrieval was successful,Freeze/thaw state retrieval was not successful,
TM01,25.4479389,-98.01216666666667,2018-05-11,h00v00,463.0,878.0,-9999.0,7.0,Soil moisture retrieval doesn't have recommended quality,Soil moisture retrieval was skipped,Soil moisture retrieval was not successful,Freeze/thaw state retrieval was successful,Not used
TM01,25.4479389,-98.01216666666667,2018-05-12,h00v00,463.0,878.0,-9999.0,7.0,Soil moisture retrieval doesn't have recommended quality,Soil moisture retrieval was skipped,Soil moisture retrieval was not successful,Freeze/thaw state retrieval was successful,Not used
TM01,25.4479389,-98.01216666666667,2018-05-13,h00v00,463.0,878.0,0.1172706,8.0,Soil moisture retrieval has recommended quality,Soil moisture retrieval was attempted,Soil moisture retrieval was successful,Freeze/thaw state retrieval was not successful,
TM01,25.4479389,-98.01216666666667,2018-05-14,h00v00,463.0,878.0,-9999.0,7.0,Soil moisture retrieval doesn't have recommended quality,Soil moisture retrieval was skipped,Soil moisture retrieval was not successful,Freeze/thaw state retrieval was successful,Not used
TM01,25.4479389,-98.01216666666667,2018-05-15,h00v00,463.0,878.0,0.1163038,8.0,Soil moisture retrieval has recommended quality,Soil moisture retrieval was attempted,Soil moisture retrieval was successful,Freeze/thaw state retrieval was not successful,
TM01,25.4479389,-98.01216666666667,2018-05-16,h00v00,463.0,878.0,0.103656,8.0,Soil moisture retrieval has recommended quality,Soil moisture retrieval was attempted,Soil moisture retrieval was successful,Freeze/thaw state retrieval was not successful,
TM01,25.4479389,-98.01216666666667,2018-05-17,h00v00,463.0,878.0,-9999.0,7.0,Soil moisture retrieval doesn't have recommended quality,Soil moisture retrieval was skipped,Soil moisture retrieval was not successful,Freeze/thaw state retrieval was successful,Not used
TM01,25.4479389,-98.01216666666667,2018-05-18,h00v00,463.0,878.0,0.0963514,8.0,Soil moisture retrieval has recommended quality,Soil moisture retrieval was attempted,Soil moisture retrieval was successful,Freeze/thaw state retrieval was not successful,
TM01,25.4479389,-98.01216666666667,2018-05-19,h00v00,463.0,878.0,-9999.0,7.0,Soil moisture retrieval doesn't have recommended quality,Soil moisture retrieval was skipped,Soil moisture retrieval was not successful,Freeze/thaw state retrieval was successful,Not used
TM01,25.4479389,-98.01216666666667,2018-05-20,h00v00,463.0,878.0,-9999.0,7.0,Soil moisture retrieval doesn't have recommended quality,Soil moisture retrieval was skipped,Soil moisture retrieval was not successful,Freeze/thaw state retrieval was successful,Not used
TM01,25.4479389,-98.01216666666667,2018-05-21,h00v00,463.0,878.0,0.306385,8.0,Soil moisture retrieval has recommended quality,Soil moisture retrieval was attempted,Soil moisture retrieval was successful,Freeze/thaw state retrieval was not successful,
TM01,25.4479389,-98.01216666666667,2018-05-22,h00v00,463.0,878.0,-9999.0,7.0,Soil moisture retrieval doesn't have recommended quality,Soil moisture retrieval was skipped,Soil moisture retrieval was not successful,Freeze/thaw state retrieval was successful,Not used
TM01,25.4479389,-98.01216666666667,2018-05-23,h00v00,463.0,878.0,0.2166985,8.0,Soil moisture retrieval has recommended quality,Soil moisture retrieval was attempted,Soil moisture retrieval was successful,Freeze/thaw state retrieval was not successful,
TM01,25.4479389,-98.01216666666667,2018-05-24,h00v00,463.0,878.0,0.1679226,8.0,Soil moisture retrieval has recommended quality,Soil moisture retrieval was attempted,Soil moisture retrieval was successful,Freeze/thaw state retrieval was not successful,
TM01,25.4479389,-98.01216666666667,2018-05-25,h00v00,463.0,878.0,-9999.0,7.0,Soil moisture retrieval doesn't have recommended quality,Soil moisture retrieval was skipped,Soil moisture retrieval was not successful,Freeze/thaw state retrieval was successful,Not used
TM01,25.4479389,-98.01216666666667,2018-05-26,h00v00,463.0,878.0,0.1365892,8.0,Soil moisture retrieval has recommended quality,Soil moisture retrieval was attempted,Soil moisture retrieval was successful,Freeze/thaw state retrieval was not successful,
TM01,25.4479389,-98.01216666666667,2018-05-27,h00v00,463.0,878.0,-9999.0,7.0,Soil moisture retrieval doesn't have recommended quality,Soil moisture retrieval was skipped,Soil moisture retrieval was not successful,Freeze/thaw state retrieval was successful,Not used
TM01,25.4479389,-98.01216666666667,2018-05-28,h00v00,463.0,878.0,-9999.0,7.0,Soil moisture retrieval doesn't have recommended quality,Soil moisture retrieval was skipped,Soil moisture retrieval was not successful,Freeze/thaw state retrieval was successful,Not used
TM01,25.4479389,-98.01216666666667,2018-05-29,h00v00,463.0,878.0,-9999.0,7.0,Soil moisture retrieval doesn't have recommended quality,Soil moisture retrieval was skipped,Soil moisture retrieval was not successful,Freeze/thaw state retrieval was successful,Not used
TM01,25.4479389,-98.01216666666667,2018-05-30,h00v00,463.0,878.0,-9999.0,7.0,Soil moisture retrieval doesn't have recommended quality,Soil moisture retrieval was skipped,Soil moisture retrieval was not successful,Freeze/thaw state retrieval was successful,Not used
TM01,25.4479389,-98.01216666666667,2018-05-31,h00v00,463.0,878.0,0.1264272,8.0,Soil moisture retrieval has recommended quality,Soil moisture retrieval was attempted,Soil moisture retrieval was successful,Freeze/thaw state retrieval was not successful,
TM01,25.4479389,-98.01216666666667,2018-06-01,h00v00,463.0,878.0,0.1048761,8.0,Soil moisture retrieval has recommended quality,Soil moisture retrieval was attempted,Soil moisture retrieval was successful,Freeze/thaw state retrieval was not successful,
TM01,25.4479389,-98.01216666666667,2018-06-02,h00v00,463.0,878.0,-9999.0,7.0,Soil moisture retrieval doesn't have recommended quality,Soil moisture retrieval was skipped,Soil moisture retrieval was not successful,Freeze/thaw state retrieval was successful,Not used
TM01,25.4479389,-98.01216666666667,2018-06-03,h00v00,463.0,878.0,0.1093442,8.0,Soil moisture retrieval has recommended quality,Soil moisture retrieval was attempted,Soil moisture retrieval was successful,Freeze/thaw state retrieval was not successful,
TM01,25.4479389,-98.01216666666667,2018-06-04,h00v00,463.0,878.0,-9999.0,7.0,Soil moisture retrieval doesn't have recommended quality,Soil moisture retrieval was skipped,Soil moisture retrieval was not successful,Freeze/thaw state retrieval was successful,Not used
TM01,25.4479389,-98.01216666666667,2018-06-05,h00v00,463.0,878.0,-9999.0,7.0,Soil moisture retrieval doesn't have recommended quality,Soil moisture retrieval was skipped,Soil moisture retrieval was not successful,Freeze/thaw state retrieval was successful,Not used
TM01,25.4479389,-98.01216666666667,2018-06-06,h00v00,463.0,878.0,0.1098982,8.0,Soil moisture retrieval has recommended quality,Soil moisture retrieval was attempted,Soil moisture retrieval was successful,Freeze/thaw state retrieval was not successful,
TM01,25.4479389,-98.01216666666667,2018-06-07,h00v00,463.0,878.0,-9999.0,7.0,Soil moisture retrieval doesn't have recommended quality,Soil moisture retrieval was skipped,Soil moisture retrieval was not successful,Freeze/thaw state retrieval was successful,Not used
TM01,25.4479389,-98.01216666666667,2018-06-08,h00v00,463.0,878.0,0.1193086,8.0,Soil moisture retrieval has recommended quality,Soil moisture retrieval was attempted,Soil moisture retrieval was successful,Freeze/thaw state retrieval was not successful,
TM01,25.4479389,-98.01216666666667,2018-06-09,h00v00,463.0,878.0,0.1405355,8.0,Soil moisture retrieval has recommended quality,Soil moisture retrieval was attempted,Soil moisture retrieval was successful,Freeze/thaw state retrieval was not successful,
TM01,25.4479389,-98.01216666666667,2018-06-10,h00v00,463.0,878.0,-9999.0,7.0,Soil moisture retrieval doesn't have recommended quality,Soil moisture retrieval was skipped,Soil moisture retrieval was not successful,Freeze/thaw state retrieval was successful,Not used
TM01,25.4479389,-98.01216666666667,2018-06-11,h00v00,463.0,878.0,0.126702,8.0,Soil moisture retrieval has recommended quality,Soil moisture retrieval was attempted,Soil moisture retrieval was successful,Freeze/thaw state retrieval was not successful,
TM01,25.4479389,-98.01216666666667,2018-06-12,h00v00,463.0,878.0,-9999.0,7.0,Soil moisture retrieval doesn't have recommended quality,Soil moisture retrieval was skipped,Soil moisture retrieval was not successful,Freeze/thaw state retrieval was successful,Not used
TM01,25.4479389,-98.01216666666667,2018-06-13,h00v00,463.0,878.0,-9999.0,7.0,Soil moisture retrieval doesn't have recommended quality,Soil moisture retrieval was skipped,Soil moisture retrieval was not successful,Freeze/thaw state retrieval was successful,Not used
TM01,25.4479389,-98.01216666666667,2018-06-14,h00v00,463.0,878.0,0.1737242,8.0,Soil moisture retrieval has recommended quality,Soil moisture retrieval was attempted,Soil moisture retrieval was successful,Freeze/thaw state retrieval was not successful,
TM01,25.4479389,-98.01216666666667,2018-06-15,h00v00,463.0,878.0,-9999.0,7.0,Soil moisture retrieval doesn't have recommended quality,Soil moisture retrieval was skipped,Soil moisture retrieval was not successful,Freeze/thaw state retrieval was successful,Not used
TM01,25.4479389,-98.01216666666667,2018-06-16,h00v00,463.0,878.0,-9999.0,7.0,Soil moisture retrieval doesn't have recommended quality,Soil moisture retrieval was skipped,Soil moisture retrieval was not successful,Freeze/thaw state retrieval was successful,Not used
TM01,25.4479389,-98.01216666666667,2018-06-17,h00v00,463.0,878.0,0.1344394,8.0,Soil moisture retrieval has recommended quality,Soil moisture retrieval was attempted,Soil moisture retrieval was successful,Freeze/thaw state retrieval was not successful,
TM01,25.4479389,-98.01216666666667,2018-06-18,h00v00,463.0,878.0,-9999.0,7.0,Soil moisture retrieval doesn't have recommended quality,Soil moisture retrieval was skipped,Soil moisture retrieval was not successful,Freeze/thaw state retrieval was successful,Not used
TM01,25.4479389,-98.01216666666667,2018-06-19,h00v00,463.0,878.0,0.2370367,8.0,Soil moisture retrieval has recommended quality,Soil moisture retrieval was attempted,Soil moisture retrieval was successful,Freeze/thaw state retrieval was not successful,
TM01,25.4479389,-98.01216666666667,2018-06-20,h00v00,463.0,878.0,-9999.0,7.0,Soil moisture retrieval doesn't have recommended quality,Soil moisture retrieval was skipped,Soil moisture retrieval was not successful,Freeze/thaw state retrieval was successful,Not used
TM01,25.4479389,-98.01216666666667,2018-06-21,h00v00,463.0,878.0,-9999.0,7.0,Soil moisture retrieval doesn't have recommended quality,Soil moisture retrieval was skipped,Soil moisture retrieval was not successful,Freeze/thaw state retrieval was successful,Not used
TM01,25.4479389,-98.01216666666667,2018-06-22,h00v00,463.0,878.0,0.4051686,13.0,Soil moisture retrieval doesn't have recommended quality,Soil moisture retrieval was attempted,Soil moisture retrieval was not successful,Freeze/thaw state retrieval was not successful,
TM01,25.4479389,-98.01216666666667,2018-06-23,h00v00,463.0,878.0,-9999.0,7.0,Soil moisture retrieval doesn't have recommended quality,Soil moisture retrieval was skipped,Soil moisture retrieval was not successful,Freeze/thaw state retrieval was successful,Not used
TM01,25.4479389,-98.01216666666667,2018-06-24,h00v00,463.0,878.0,0.2682888,13.0,Soil moisture retrieval doesn't have recommended quality,Soil moisture retrieval was attempted,Soil moisture retrieval was not successful,Freeze/thaw state retrieval was not successful,
TM01,25.4479389,-98.01216666666667,2018-06-25,h00v00,463.0,878.0,0.2177818,13.0,Soil moisture retrieval doesn't have recommended quality,Soil moisture retrieval was attempted,Soil moisture retrieval was not successful,Freeze/thaw state retrieval was not successful,
TM01,25.4479389,-98.01216666666667,2018-06-26,h00v00,463.0,878.0,-9999.0,7.0,Soil moisture retrieval doesn't have recommended quality,Soil moisture retrieval was skipped,Soil moisture retrieval was not successful,Freeze/thaw state retrieval was successful,Not used
TM01,25.4479389,-98.01216666666667,2018-06-27,h00v00,463.0,878.0,-9999.0,7.0,Soil moisture retrieval doesn't have recommended quality,Soil moisture retrieval was skipped,Soil moisture retrieval was not successful,Freeze/thaw state retrieval was successful,Not used
TM01,25.4479389,-98.01216666666667,2018-06-28,h00v00,463.0,878.0,-9999.0,7.0,Soil moisture retrieval doesn't have recommended quality,Soil moisture retrieval was skipped,Soil moisture retrieval was not successful,Freeze/thaw state retrieval was successful,Not used
TM01,25.4479389,-98.01216666666667,2018-06-29,h00v00,463.0,878.0,-9999.0,7.0,Soil moisture retrieval doesn't have recommended quality,Soil moisture retrieval was skipped,Soil moisture retrieval was not successful,Freeze/thaw state retrieval was successful,Not used
TM01,25.4479389,-98.01216666666667,2018-06-30,h00v00,463.0,878.0,0.132168,8.0,Soil moisture retrieval has recommended quality,Soil moisture retrieval was attempted,Soil moisture retrieval was successful,Freeze/thaw state retrieval was not successful,
TM01,25.4479389,-98.01216666666667,2018-07-01,h00v00,463.0,878.0,-9999.0,7.0,Soil moisture retrieval doesn't have recommended quality,Soil moisture retrieval was skipped,Soil moisture retrieval was not successful,Freeze/thaw state retrieval was successful,Not used
TM01,25.4479389,-98.01216666666667,2018-07-02,h00v00,463.0,878.0,0.1222555,8.0,Soil moisture retrieval has recommended quality,Soil moisture retrieval was attempted,Soil moisture retrieval was successful,Freeze/thaw state retrieval was not successful,
TM01,25.4479389,-98.01216666666667,2018-07-03,h00v00,463.0,878.0,0.0989196,8.0,Soil moisture retrieval has recommended quality,Soil moisture retrieval was attempted,Soil moisture retrieval was successful,Freeze/thaw state retrieval was not successful,
TM01,25.4479389,-98.01216666666667,2018-07-04,h00v00,463.0,878.0,-9999.0,7.0,Soil moisture retrieval doesn't have recommended quality,Soil moisture retrieval was skipped,Soil moisture retrieval was not successful,Freeze/thaw state retrieval was successful,Not used
TM01,25.4479389,-98.01216666666667,2018-07-05,h00v00,463.0,878.0,0.1361937,8.0,Soil moisture retrieval has recommended quality,Soil moisture retrieval was attempted,Soil moisture retrieval was successful,Freeze/thaw state retrieval was not successful,
TM01,25.4479389,-98.01216666666667,2018-07-06,h00v00,463.0,878.0,-9999.0,7.0,Soil moisture retrieval doesn't have recommended quality,Soil moisture retrieval was skipped,Soil moisture retrieval was not successful,Freeze/thaw state retrieval was successful,Not used
TM01,25.4479389,-98.01216666666667,2018-07-07,h00v00,463.0,878.0,-9999.0,7.0,Soil moisture retrieval doesn't have recommended quality,Soil moisture retrieval was skipped,Soil moisture retrieval was not successful,Freeze/thaw state retrieval was successful,Not used
TM01,25.4479389,-98.01216666666667,2018-07-08,h00v00,463.0,878.0,0.2622186,13.0,Soil moisture retrieval doesn't have recommended quality,Soil moisture retrieval was attempted,Soil moisture retrieval was not successful,Freeze/thaw state retrieval was not successful,
TM01,25.4479389,-98.01216666666667,2018-07-09,h00v00,463.0,878.0,-9999.0,7.0,Soil moisture retrieval doesn't have recommended quality,Soil moisture retrieval was skipped,Soil moisture retrieval was not successful,Freeze/thaw state retrieval was successful,Not used
TM01,25.4479389,-98.01216666666667,2018-07-10,h00v00,463.0,878.0,0.1727137,8.0,Soil moisture retrieval has recommended quality,Soil moisture retrieval was attempted,Soil moisture retrieval was successful,Freeze/thaw state retrieval was not successful,
TM01,25.4479389,-98.01216666666667,2018-07-11,h00v00,463.0,878.0,0.1322013,8.0,Soil moisture retrieval has recommended quality,Soil moisture retrieval was attempted,Soil moisture retrieval was successful,Freeze/thaw state retrieval was not successful,
TM01,25.4479389,-98.01216666666667,2018-07-12,h00v00,463.0,878.0,-9999.0,7.0,Soil moisture retrieval doesn't have recommended quality,Soil moisture retrieval was skipped,Soil moisture retrieval was not successful,Freeze/thaw state retrieval was successful,Not used
TM01,25.4479389,-98.01216666666667,2018-07-13,h00v00,463.0,878.0,0.1191941,8.0,Soil moisture retrieval has recommended quality,Soil moisture retrieval was attempted,Soil moisture retrieval was successful,Freeze/thaw state retrieval was not successful,
TM01,25.4479389,-98.01216666666667,2018-07-14,h00v00,463.0,878.0,-9999.0,7.0,Soil moisture retrieval doesn't have recommended quality,Soil moisture retrieval was skipped,Soil moisture retrieval was not successful,Freeze/thaw state retrieval was successful,Not used
TM01,25.4479389,-98.01216666666667,2018-07-15,h00v00,463.0,878.0,-9999.0,7.0,Soil moisture retrieval doesn't have recommended quality,Soil moisture retrieval was skipped,Soil moisture retrieval was not successful,Freeze/thaw state retrieval was successful,Not used
TM01,25.4479389,-98.01216666666667,2018-07-16,h00v00,463.0,878.0,0.1124005,8.0,Soil moisture retrieval has recommended quality,Soil moisture retrieval was attempted,Soil moisture retrieval was successful,Freeze/thaw state retrieval was not successful,
TM01,25.4479389,-98.01216666666667,2018-07-17,h00v00,463.0,878.0,-9999.0,7.0,Soil moisture retrieval doesn't have recommended quality,Soil moisture retrieval was skipped,Soil moisture retrieval was not successful,Freeze/thaw state retrieval was successful,Not used
TM01,25.4479389,-98.01216666666667,2018-07-18,h00v00,463.0,878.0,0.1136511,8.0,Soil moisture retrieval has recommended quality,Soil moisture retrieval was attempted,Soil moisture retrieval was successful,Freeze/thaw state retrieval was not successful,
TM01,25.4479389,-98.01216666666667,2018-07-19,h00v00,463.0,878.0,0.0963963,8.0,Soil moisture retrieval has recommended quality,Soil moisture retrieval was attempted,Soil moisture retrieval was successful,Freeze/thaw state retrieval was not successful,
TM01,25.4479389,-98.01216666666667,2018-07-20,h00v00,463.0,878.0,-9999.0,7.0,Soil moisture retrieval doesn't have recommended quality,Soil moisture retrieval was skipped,Soil moisture retrieval was not successful,Freeze/thaw state retrieval was successful,Not used
TM01,25.4479389,-98.01216666666667,2018-07-21,h00v00,463.0,878.0,0.1028223,8.0,Soil moisture retrieval has recommended quality,Soil moisture retrieval was attempted,Soil moisture retrieval was successful,Freeze/thaw state retrieval was not successful,
TM01,25.4479389,-98.01216666666667,2018-07-22,h00v00,463.0,878.0,-9999.0,7.0,Soil moisture retrieval doesn't have recommended quality,Soil moisture retrieval was skipped,Soil moisture retrieval was not successful,Freeze/thaw state retrieval was successful,Not used
TM01,25.4479389,-98.01216666666667,2018-07-23,h00v00,463.0,878.0,-9999.0,7.0,Soil moisture retrieval doesn't have recommended quality,Soil moisture retrieval was skipped,Soil moisture retrieval was not successful,Freeze/thaw state retrieval was successful,Not used
TM01,25.4479389,-98.01216666666667,2018-07-24,h00v00,463.0,878.0,0.1142642,8.0,Soil moisture retrieval has recommended quality,Soil moisture retrieval was attempted,Soil moisture retrieval was successful,Freeze/thaw state retrieval was not successful,
TM01,25.4479389,-98.01216666666667,2018-07-25,h00v00,463.0,878.0,-9999.0,7.0,Soil moisture retrieval doesn't have recommended quality,Soil moisture retrieval was skipped,Soil moisture retrieval was not successful,Freeze/thaw state retrieval was successful,Not used
TM01,25.4479389,-98.01216666666667,2018-07-26,h00v00,463.0,878.0,0.1238838,8.0,Soil moisture retrieval has recommended quality,Soil moisture retrieval was attempted,Soil moisture retrieval was successful,Freeze/thaw state retrieval was not successful,
TM01,25.4479389,-98.01216666666667,2018-07-27,h00v00,463.0,878.0,0.0952736,8.0,Soil moisture retrieval has recommended quality,Soil moisture retrieval was attempted,Soil moisture retrieval was successful,Freeze/thaw state retrieval was not successful,
TM01,25.4479389,-98.01216666666667,2018-07-28,h00v00,463.0,878.0,-9999.0,7.0,Soil moisture retrieval doesn't have recommended quality,Soil moisture retrieval was skipped,Soil moisture retrieval was not successful,Freeze/thaw state retrieval was successful,Not used
TM01,25.4479389,-98.01216666666667,2018-07-29,h00v00,463.0,878.0,0.0910366,8.0,Soil moisture retrieval has recommended quality,Soil moisture retrieval was attempted,Soil moisture retrieval was successful,Freeze/thaw state retrieval was not successful,
TM01,25.4479389,-98.01216666666667,2018-07-30,h00v00,463.0,878.0,-9999.0,7.0,Soil moisture retrieval doesn't have recommended quality,Soil moisture retrieval was skipped,Soil moisture retrieval was not successful,Freeze/thaw state retrieval was successful,Not used
TM01,25.4479389,-98.01216666666667,2018-07-31,h00v00,463.0,878.0,-9999.0,7.0,Soil moisture retrieval doesn't have recommended quality,Soil moisture retrieval was skipped,Soil moisture retrieval was not successful,Freeze/thaw state retrieval was successful,Not used
TM01,25.4479389,-98.01216666666667,2018-08-01,h00v00,463.0,878.0,0.12438,8.0,Soil moisture retrieval has recommended quality,Soil moisture retrieval was attempted,Soil moisture retrieval was successful,Freeze/thaw state retrieval was not successful,
TM01,25.4479389,-98.01216666666667,2018-08-02,h00v00,463.0,878.0,-9999.0,7.0,Soil moisture retrieval doesn't have recommended quality,Soil moisture retrieval was skipped,Soil moisture retrieval was not successful,Freeze/thaw state retrieval was successful,Not used
TM01,25.4479389,-98.01216666666667,2018-08-03,h00v00,463.0,878.0,0.1124019,8.0,Soil moisture retrieval has recommended quality,Soil moisture retrieval was attempted,Soil moisture retrieval was successful,Freeze/thaw state retrieval was not successful,
TM01,25.4479389,-98.01216666666667,2018-08-04,h00v00,463.0,878.0,0.0967979,8.0,Soil moisture retrieval has recommended quality,Soil moisture retrieval was attempted,Soil moisture retrieval was successful,Freeze/thaw state retrieval was not successful,
TM01,25.4479389,-98.01216666666667,2018-08-05,h00v00,463.0,878.0,-9999.0,7.0,Soil moisture retrieval doesn't have recommended quality,Soil moisture retrieval was skipped,Soil moisture retrieval was not successful,Freeze/thaw state retrieval was successful,Not used
TM01,25.4479389,-98.01216666666667,2018-08-06,h00v00,463.0,878.0,0.1780452,8.0,Soil moisture retrieval has recommended quality,Soil moisture retrieval was attempted,Soil moisture retrieval was successful,Freeze/thaw state retrieval was not successful,
TM01,25.4479389,-98.01216666666667,2018-08-07,h00v00,463.0,878.0,-9999.0,7.0,Soil moisture retrieval doesn't have recommended quality,Soil moisture retrieval was skipped,Soil moisture retrieval was not successful,Freeze/thaw state retrieval was successful,Not used
TM01,25.4479389,-98.01216666666667,2018-08-08,h00v00,463.0,878.0,-9999.0,7.0,Soil moisture retrieval doesn't have recommended quality,Soil moisture retrieval was skipped,Soil moisture retrieval was not successful,Freeze/thaw state retrieval was successful,Not used
TM01,25.4479389,-98.01216666666667,2018-08-09,h00v00,463.0,878.0,0.1052112,8.0,Soil moisture retrieval has recommended quality,Soil moisture retrieval was attempted,Soil moisture retrieval was successful,Freeze/thaw state retrieval was not successful,
TM01,25.4479389,-98.01216666666667,2018-08-10,h00v00,463.0,878.0,-9999.0,7.0,Soil moisture retrieval doesn't have recommended quality,Soil moisture retrieval was skipped,Soil moisture retrieval was not successful,Freeze/thaw state retrieval was successful,Not used
TM01,25.4479389,-98.01216666666667,2018-08-11,h00v00,463.0,878.0,0.0964993,8.0,Soil moisture retrieval has recommended quality,Soil moisture retrieval was attempted,Soil moisture retrieval was successful,Freeze/thaw state retrieval was not successful,
TM01,25.4479389,-98.01216666666667,2018-08-12,h00v00,463.0,878.0,0.0953728,8.0,Soil moisture retrieval has recommended quality,Soil moisture retrieval was attempted,Soil moisture retrieval was successful,Freeze/thaw state retrieval was not successful,
TM01,25.4479389,-98.01216666666667,2018-08-13,h00v00,463.0,878.0,-9999.0,7.0,Soil moisture retrieval doesn't have recommended quality,Soil moisture retrieval was skipped,Soil moisture retrieval was not successful,Freeze/thaw state retrieval was successful,Not used
TM01,25.4479389,-98.01216666666667,2018-08-14,h00v00,463.0,878.0,0.1138453,8.0,Soil moisture retrieval has recommended quality,Soil moisture retrieval was attempted,Soil moisture retrieval was successful,Freeze/thaw state retrieval was not successful,
TM01,25.4479389,-98.01216666666667,2018-08-15,h00v00,463.0,878.0,-9999.0,7.0,Soil moisture retrieval doesn't have recommended quality,Soil moisture retrieval was skipped,Soil moisture retrieval was not successful,Freeze/thaw state retrieval was successful,Not used
TM01,25.4479389,-98.01216666666667,2018-08-16,h00v00,463.0,878.0,-9999.0,7.0,Soil moisture retrieval doesn't have recommended quality,Soil moisture retrieval was skipped,Soil moisture retrieval was not successful,Freeze/thaw state retrieval was successful,Not used
TM01,25.4479389,-98.01216666666667,2018-08-17,h00v00,463.0,878.0,0.1068979,8.0,Soil moisture retrieval has recommended quality,Soil moisture retrieval was attempted,Soil moisture retrieval was successful,Freeze/thaw state retrieval was not successful,
TM01,25.4479389,-98.01216666666667,2018-08-18,h00v00,463.0,878.0,-9999.0,7.0,Soil moisture retrieval doesn't have recommended quality,Soil moisture retrieval was skipped,Soil moisture retrieval was not successful,Freeze/thaw state retrieval was successful,Not used
TM01,25.4479389,-98.01216666666667,2018-08-19,h00v00,463.0,878.0,0.1058275,8.0,Soil moisture retrieval has recommended quality,Soil moisture retrieval was attempted,Soil moisture retrieval was successful,Freeze/thaw state retrieval was not successful,
TM01,25.4479389,-98.01216666666667,2018-08-20,h00v00,463.0,878.0,0.0914745,8.0,Soil moisture retrieval has recommended quality,Soil moisture retrieval was attempted,Soil moisture retrieval was successful,Freeze/thaw state retrieval was not successful,
TM01,25.4479389,-98.01216666666667,2018-08-21,h00v00,463.0,878.0,-9999.0,7.0,Soil moisture retrieval doesn't have recommended quality,Soil moisture retrieval was skipped,Soil moisture retrieval was not successful,Freeze/thaw state retrieval was successful,Not used
TM01,25.4479389,-98.01216666666667,2018-08-22,h00v00,463.0,878.0,0.0932369,8.0,Soil moisture retrieval has recommended quality,Soil moisture retrieval was attempted,Soil moisture retrieval was successful,Freeze/thaw state retrieval was not successful,
TM01,25.4479389,-98.01216666666667,2018-08-23,h00v00,463.0,878.0,-9999.0,7.0,Soil moisture retrieval doesn't have recommended quality,Soil moisture retrieval was skipped,Soil moisture retrieval was not successful,Freeze/thaw state retrieval was successful,Not used
TM01,25.4479389,-98.01216666666667,2018-08-24,h00v00,463.0,878.0,-9999.0,7.0,Soil moisture retrieval doesn't have recommended quality,Soil moisture retrieval was skipped,Soil moisture retrieval was not successful,Freeze/thaw state retrieval was successful,Not used
TM01,25.4479389,-98.01216666666667,2018-08-25,h00v00,463.0,878.0,0.0958567,8.0,Soil moisture retrieval has recommended quality,Soil moisture retrieval was attempted,Soil moisture retrieval was successful,Freeze/thaw state retrieval was not successful,
TM01,25.4479389,-98.01216666666667,2018-08-26,h00v00,463.0,878.0,-9999.0,7.0,Soil moisture retrieval doesn't have recommended quality,Soil moisture retrieval was skipped,Soil moisture retrieval was not successful,Freeze/thaw state retrieval was successful,Not used
TM01,25.4479389,-98.01216666666667,2018-08-27,h00v00,463.0,878.0,0.1088651,8.0,Soil moisture retrieval has recommended quality,Soil moisture retrieval was attempted,Soil moisture retrieval was successful,Freeze/thaw state retrieval was not successful,
TM01,25.4479389,-98.01216666666667,2018-08-28,h00v00,463.0,878.0,0.0903868,8.0,Soil moisture retrieval has recommended quality,Soil moisture retrieval was attempted,Soil moisture retrieval was successful,Freeze/thaw state retrieval was not successful,
TM01,25.4479389,-98.01216666666667,2018-08-29,h00v00,463.0,878.0,-9999.0,7.0,Soil moisture retrieval doesn't have recommended quality,Soil moisture retrieval was skipped,Soil moisture retrieval was not successful,Freeze/thaw state retrieval was successful,Not used
TM01,25.4479389,-98.01216666666667,2018-08-30,h00v00,463.0,878.0,0.0955104,8.0,Soil moisture retrieval has recommended quality,Soil moisture retrieval was attempted,Soil moisture retrieval was successful,Freeze/thaw state retrieval was not successful,
TM01,25.4479389,-98.01216666666667,2018-08-31,h00v00,463.0,878.0,-9999.0,7.0,Soil moisture retrieval doesn't have recommended quality,Soil moisture retrieval was skipped,Soil moisture retrieval was not successful,Freeze/thaw state retrieval was successful,Not used
TM01,25.4479389,-98.01216666666667,2018-09-01,h00v00,463.0,878.0,-9999.0,7.0,Soil moisture retrieval doesn't have recommended quality,Soil moisture retrieval was skipped,Soil moisture retrieval was not successful,Freeze/thaw state retrieval was successful,Not used
TM01,25.4479389,-98.01216666666667,2018-09-02,h00v00,463.0,878.0,0.1055572,8.0,Soil moisture retrieval has recommended quality,Soil moisture retrieval was attempted,Soil moisture retrieval was successful,Freeze/thaw state retrieval was not successful,
TM01,25.4479389,-98.01216666666667,2018-09-03,h00v00,463.0,878.0,-9999.0,7.0,Soil moisture retrieval doesn't have recommended quality,Soil moisture retrieval was skipped,Soil moisture retrieval was not successful,Freeze/thaw state retrieval was successful,Not used
TM01,25.4479389,-98.01216666666667,2018-09-04,h00v00,463.0,878.0,0.1187692,8.0,Soil moisture retrieval has recommended quality,Soil moisture retrieval was attempted,Soil moisture retrieval was successful,Freeze/thaw state retrieval was not successful,
TM01,25.4479389,-98.01216666666667,2018-09-05,h00v00,463.0,878.0,0.1435877,8.0,Soil moisture retrieval has recommended quality,Soil moisture retrieval was attempted,Soil moisture retrieval was successful,Freeze/thaw state retrieval was not successful,
TM01,25.4479389,-98.01216666666667,2018-09-06,h00v00,463.0,878.0,-9999.0,7.0,Soil moisture retrieval doesn't have recommended quality,Soil moisture retrieval was skipped,Soil moisture retrieval was not successful,Freeze/thaw state retrieval was successful,Not used
TM01,25.4479389,-98.01216666666667,2018-09-07,h00v00,463.0,878.0,0.2443786,8.0,Soil moisture retrieval has recommended quality,Soil moisture retrieval was attempted,Soil moisture retrieval was successful,Freeze/thaw state retrieval was not successful,
TM01,25.4479389,-98.01216666666667,2018-09-08,h00v00,463.0,878.0,-9999.0,7.0,Soil moisture retrieval doesn't have recommended quality,Soil moisture retrieval was skipped,Soil moisture retrieval was not successful,Freeze/thaw state retrieval was successful,Not used
TM01,25.4479389,-98.01216666666667,2018-09-09,h00v00,463.0,878.0,-9999.0,7.0,Soil moisture retrieval doesn't have recommended quality,Soil moisture retrieval was skipped,Soil moisture retrieval was not successful,Freeze/thaw state retrieval was successful,Not used
TM01,25.4479389,-98.01216666666667,2018-09-10,h00v00,463.0,878.0,0.3515845,9.0,Soil moisture retrieval doesn't have recommended quality,Soil moisture retrieval was attempted,Soil moisture retrieval was successful,Freeze/thaw state retrieval was not successful,
TM01,25.4479389,-98.01216666666667,2018-09-11,h00v00,463.0,878.0,-9999.0,7.0,Soil moisture retrieval doesn't have recommended quality,Soil moisture retrieval was skipped,Soil moisture retrieval was not successful,Freeze/thaw state retrieval was successful,Not used
TM01,25.4479389,-98.01216666666667,2018-09-12,h00v00,463.0,878.0,0.4051686,13.0,Soil moisture retrieval doesn't have recommended quality,Soil moisture retrieval was attempted,Soil moisture retrieval was not successful,Freeze/thaw state retrieval was not successful,
TM01,25.4479389,-98.01216666666667,2018-09-13,h00v00,463.0,878.0,0.4051686,13.0,Soil moisture retrieval doesn't have recommended quality,Soil moisture retrieval was attempted,Soil moisture retrieval was not successful,Freeze/thaw state retrieval was not successful,
TM01,25.4479389,-98.01216666666667,2018-09-14,h00v00,463.0,878.0,-9999.0,7.0,Soil moisture retrieval doesn't have recommended quality,Soil moisture retrieval was skipped,Soil moisture retrieval was not successful,Freeze/thaw state retrieval was successful,Not used
TM01,25.4479389,-98.01216666666667,2018-09-15,h00v00,463.0,878.0,0.3952405,13.0,Soil moisture retrieval doesn't have recommended quality,Soil moisture retrieval was attempted,Soil moisture retrieval was not successful,Freeze/thaw state retrieval was not successful,
TM01,25.4479389,-98.01216666666667,2018-09-16,h00v00,463.0,878.0,-9999.0,7.0,Soil moisture retrieval doesn't have recommended quality,Soil moisture retrieval was skipped,Soil moisture retrieval was not successful,Freeze/thaw state retrieval was successful,Not used
TM01,25.4479389,-98.01216666666667,2018-09-17,h00v00,463.0,878.0,-9999.0,7.0,Soil moisture retrieval doesn't have recommended quality,Soil moisture retrieval was skipped,Soil moisture retrieval was not successful,Freeze/thaw state retrieval was successful,Not used
TM01,25.4479389,-98.01216666666667,2018-09-18,h00v00,463.0,878.0,0.295672,13.0,Soil moisture retrieval doesn't have recommended quality,Soil moisture retrieval was attempted,Soil moisture retrieval was not successful,Freeze/thaw state retrieval was not successful,
TM01,25.4479389,-98.01216666666667,2018-09-19,h00v00,463.0,878.0,-9999.0,7.0,Soil moisture retrieval doesn't have recommended quality,Soil moisture retrieval was skipped,Soil moisture retrieval was not successful,Freeze/thaw state retrieval was successful,Not used
TM01,25.4479389,-98.01216666666667,2018-09-20,h00v00,463.0,878.0,0.2499128,8.0,Soil moisture retrieval has recommended quality,Soil moisture retrieval was attempted,Soil moisture retrieval was successful,Freeze/thaw state retrieval was not successful,
TM01,25.4479389,-98.01216666666667,2018-09-21,h00v00,463.0,878.0,0.2283196,8.0,Soil moisture retrieval has recommended quality,Soil moisture retrieval was attempted,Soil moisture retrieval was successful,Freeze/thaw state retrieval was not successful,
TM01,25.4479389,-98.01216666666667,2018-09-22,h00v00,463.0,878.0,-9999.0,7.0,Soil moisture retrieval doesn't have recommended quality,Soil moisture retrieval was skipped,Soil moisture retrieval was not successful,Freeze/thaw state retrieval was successful,Not used
TM01,25.4479389,-98.01216666666667,2018-09-23,h00v00,463.0,878.0,0.4051686,13.0,Soil moisture retrieval doesn't have recommended quality,Soil moisture retrieval was attempted,Soil moisture retrieval was not successful,Freeze/thaw state retrieval was not successful,
TM01,25.4479389,-98.01216666666667,2018-09-24,h00v00,463.0,878.0,-9999.0,7.0,Soil moisture retrieval doesn't have recommended quality,Soil moisture retrieval was skipped,Soil moisture retrieval was not successful,Freeze/thaw state retrieval was successful,Not used
TM01,25.4479389,-98.01216666666667,2018-09-25,h00v00,463.0,878.0,-9999.0,7.0,Soil moisture retrieval doesn't have recommended quality,Soil moisture retrieval was skipped,Soil moisture retrieval was not successful,Freeze/thaw state retrieval was successful,Not used
TM01,25.4479389,-98.01216666666667,2018-09-26,h00v00,463.0,878.0,0.2306364,8.0,Soil moisture retrieval has recommended quality,Soil moisture retrieval was attempted,Soil moisture retrieval was successful,Freeze/thaw state retrieval was not successful,
TM01,25.4479389,-98.01216666666667,2018-09-27,h00v00,463.0,878.0,-9999.0,7.0,Soil moisture retrieval doesn't have recommended quality,Soil moisture retrieval was skipped,Soil moisture retrieval was not successful,Freeze/thaw state retrieval was successful,Not used
TM01,25.4479389,-98.01216666666667,2018-09-28,h00v00,463.0,878.0,0.3568792,13.0,Soil moisture retrieval doesn't have recommended quality,Soil moisture retrieval was attempted,Soil moisture retrieval was not successful,Freeze/thaw state retrieval was not successful,
TM01,25.4479389,-98.01216666666667,2018-09-29,h00v00,463.0,878.0,0.2770497,13.0,Soil moisture retrieval doesn't have recommended quality,Soil moisture retrieval was attempted,Soil moisture retrieval was not successful,Freeze/thaw state retrieval was not successful,
TM01,25.4479389,-98.01216666666667,2018-09-30,h00v00,463.0,878.0,-9999.0,7.0,Soil moisture retrieval doesn't have recommended quality,Soil moisture retrieval was skipped,Soil moisture retrieval was not successful,Freeze/thaw state retrieval was successful,Not used
TM01,25.4479389,-98.01216666666667,2018-10-01,h00v00,463.0,878.0,0.3449526,13.0,Soil moisture retrieval doesn't have recommended quality,Soil moisture retrieval was attempted,Soil moisture retrieval was not successful,Freeze/thaw state retrieval was not successful,
TM01,25.4479389,-98.01216666666667,2018-10-02,h00v00,463.0,878.0,-9999.0,7.0,Soil moisture retrieval doesn't have recommended quality,Soil moisture retrieval was skipped,Soil moisture retrieval was not successful,Freeze/thaw state retrieval was successful,Not used
TM01,25.4479389,-98.01216666666667,2018-10-03,h00v00,463.0,878.0,-9999.0,7.0,Soil moisture retrieval doesn't have recommended quality,Soil moisture retrieval was skipped,Soil moisture retrieval was not successful,Freeze/thaw state retrieval was successful,Not used
TM01,25.4479389,-98.01216666666667,2018-10-04,h00v00,463.0,878.0,0.2402733,8.0,Soil moisture retrieval has recommended quality,Soil moisture retrieval was attempted,Soil moisture retrieval was successful,Freeze/thaw state retrieval was not successful,
TM01,25.4479389,-98.01216666666667,2018-10-05,h00v00,463.0,878.0,-9999.0,7.0,Soil moisture retrieval doesn't have recommended quality,Soil moisture retrieval was skipped,Soil moisture retrieval was not successful,Freeze/thaw state retrieval was successful,Not used
TM01,25.4479389,-98.01216666666667,2018-10-06,h00v00,463.0,878.0,0.2153992,8.0,Soil moisture retrieval has recommended quality,Soil moisture retrieval was attempted,Soil moisture retrieval was successful,Freeze/thaw state retrieval was not successful,
TM01,25.4479389,-98.01216666666667,2018-10-07,h00v00,463.0,878.0,0.1848373,8.0,Soil moisture retrieval has recommended quality,Soil moisture retrieval was attempted,Soil moisture retrieval was successful,Freeze/thaw state retrieval was not successful,
TM01,25.4479389,-98.01216666666667,2018-10-08,h00v00,463.0,878.0,-9999.0,7.0,Soil moisture retrieval doesn't have recommended quality,Soil moisture retrieval was skipped,Soil moisture retrieval was not successful,Freeze/thaw state retrieval was successful,Not used
TM01,25.4479389,-98.01216666666667,2018-10-09,h00v00,463.0,878.0,0.1637119,8.0,Soil moisture retrieval has recommended quality,Soil moisture retrieval was attempted,Soil moisture retrieval was successful,Freeze/thaw state retrieval was not successful,
TM01,25.4479389,-98.01216666666667,2018-10-10,h00v00,463.0,878.0,-9999.0,7.0,Soil moisture retrieval doesn't have recommended quality,Soil moisture retrieval was skipped,Soil moisture retrieval was not successful,Freeze/thaw state retrieval was successful,Not used
TM01,25.4479389,-98.01216666666667,2018-10-11,h00v00,463.0,878.0,-9999.0,7.0,Soil moisture retrieval doesn't have recommended quality,Soil moisture retrieval was skipped,Soil moisture retrieval was not successful,Freeze/thaw state retrieval was successful,Not used
TM01,25.4479389,-98.01216666666667,2018-10-12,h00v00,463.0,878.0,0.4051686,13.0,Soil moisture retrieval doesn't have recommended quality,Soil moisture retrieval was attempted,Soil moisture retrieval was not successful,Freeze/thaw state retrieval was not successful,
TM01,25.4479389,-98.01216666666667,2018-10-13,h00v00,463.0,878.0,-9999.0,7.0,Soil moisture retrieval doesn't have recommended quality,Soil moisture retrieval was skipped,Soil moisture retrieval was not successful,Freeze/thaw state retrieval was successful,Not used
TM01,25.4479389,-98.01216666666667,2018-10-14,h00v00,463.0,878.0,0.3401115,13.0,Soil moisture retrieval doesn't have recommended quality,Soil moisture retrieval was attempted,Soil moisture retrieval was not successful,Freeze/thaw state retrieval was not successful,
TM01,25.4479389,-98.01216666666667,2018-10-15,h00v00,463.0,878.0,0.4051686,13.0,Soil moisture retrieval doesn't have recommended quality,Soil moisture retrieval was attempted,Soil moisture retrieval was not successful,Freeze/thaw state retrieval was not successful,
TM01,25.4479389,-98.01216666666667,2018-10-16,h00v00,463.0,878.0,-9999.0,7.0,Soil moisture retrieval doesn't have recommended quality,Soil moisture retrieval was skipped,Soil moisture retrieval was not successful,Freeze/thaw state retrieval was successful,Not used
TM01,25.4479389,-98.01216666666667,2018-10-17,h00v00,463.0,878.0,0.4051686,13.0,Soil moisture retrieval doesn't have recommended quality,Soil moisture retrieval was attempted,Soil moisture retrieval was not successful,Freeze/thaw state retrieval was not successful,
TM01,25.4479389,-98.01216666666667,2018-10-18,h00v00,463.0,878.0,-9999.0,7.0,Soil moisture retrieval doesn't have recommended quality,Soil moisture retrieval was skipped,Soil moisture retrieval was not successful,Freeze/thaw state retrieval was successful,Not used
TM01,25.4479389,-98.01216666666667,2018-10-19,h00v00,463.0,878.0,-9999.0,7.0,Soil moisture retrieval doesn't have recommended quality,Soil moisture retrieval was skipped,Soil moisture retrieval was not successful,Freeze/thaw state retrieval was successful,Not used
TM01,25.4479389,-98.01216666666667,2018-10-20,h00v00,463.0,878.0,0.4007734,13.0,Soil moisture retrieval doesn't have recommended quality,Soil moisture retrieval was attempted,Soil moisture retrieval was not successful,Freeze/thaw state retrieval was not successful,
TM01,25.4479389,-98.01216666666667,2018-10-21,h00v00,463.0,878.0,-9999.0,7.0,Soil moisture retrieval doesn't have recommended quality,Soil moisture retrieval was skipped,Soil moisture retrieval was not successful,Freeze/thaw state retrieval was successful,Not used
TM01,25.4479389,-98.01216666666667,2018-10-22,h00v00,463.0,878.0,0.4051686,13.0,Soil moisture retrieval doesn't have recommended quality,Soil moisture retrieval was attempted,Soil moisture retrieval was not successful,Freeze/thaw state retrieval was not successful,
TM01,25.4479389,-98.01216666666667,2018-10-23,h00v00,463.0,878.0,0.4051686,13.0,Soil moisture retrieval doesn't have recommended quality,Soil moisture retrieval was attempted,Soil moisture retrieval was not successful,Freeze/thaw state retrieval was not successful,
TM01,25.4479389,-98.01216666666667,2018-10-24,h00v00,463.0,878.0,-9999.0,7.0,Soil moisture retrieval doesn't have recommended quality,Soil moisture retrieval was skipped,Soil moisture retrieval was not successful,Freeze/thaw state retrieval was successful,Not used
TM01,25.4479389,-98.01216666666667,2018-10-25,h00v00,463.0,878.0,0.4051686,13.0,Soil moisture retrieval doesn't have recommended quality,Soil moisture retrieval was attempted,Soil moisture retrieval was not successful,Freeze/thaw state retrieval was not successful,
TM01,25.4479389,-98.01216666666667,2018-10-26,h00v00,463.0,878.0,-9999.0,7.0,Soil moisture retrieval doesn't have recommended quality,Soil moisture retrieval was skipped,Soil moisture retrieval was not successful,Freeze/thaw state retrieval was successful,Not used
TM01,25.4479389,-98.01216666666667,2018-10-27,h00v00,463.0,878.0,-9999.0,7.0,Soil moisture retrieval doesn't have recommended quality,Soil moisture retrieval was skipped,Soil moisture retrieval was not successful,Freeze/thaw state retrieval was successful,Not used
TM01,25.4479389,-98.01216666666667,2018-10-28,h00v00,463.0,878.0,0.3093996,13.0,Soil moisture retrieval doesn't have recommended quality,Soil moisture retrieval was attempted,Soil moisture retrieval was not successful,Freeze/thaw state retrieval was not successful,
TM01,25.4479389,-98.01216666666667,2018-10-29,h00v00,463.0,878.0,-9999.0,7.0,Soil moisture retrieval doesn't have recommended quality,Soil moisture retrieval was skipped,Soil moisture retrieval was not successful,Freeze/thaw state retrieval was successful,Not used
TM01,25.4479389,-98.01216666666667,2018-10-30,h00v00,463.0,878.0,0.2417819,8.0,Soil moisture retrieval has recommended quality,Soil moisture retrieval was attempted,Soil moisture retrieval was successful,Freeze/thaw state retrieval was not successful,
TM01,25.4479389,-98.01216666666667,2018-10-31,h00v00,463.0,878.0,0.2018795,8.0,Soil moisture retrieval has recommended quality,Soil moisture retrieval was attempted,Soil moisture retrieval was successful,Freeze/thaw state retrieval was not successful,
TM01,25.4479389,-98.01216666666667,2018-11-01,h00v00,463.0,878.0,-9999.0,7.0,Soil moisture retrieval doesn't have recommended quality,Soil moisture retrieval was skipped,Soil moisture retrieval was not successful,Freeze/thaw state retrieval was successful,Not used
TM01,25.4479389,-98.01216666666667,2018-11-02,h00v00,463.0,878.0,0.2127036,8.0,Soil moisture retrieval has recommended quality,Soil moisture retrieval was attempted,Soil moisture retrieval was successful,Freeze/thaw state retrieval was not successful,
TM01,25.4479389,-98.01216666666667,2018-11-03,h00v00,463.0,878.0,-9999.0,7.0,Soil moisture retrieval doesn't have recommended quality,Soil moisture retrieval was skipped,Soil moisture retrieval was not successful,Freeze/thaw state retrieval was successful,Not used
TM01,25.4479389,-98.01216666666667,2018-11-04,h00v00,463.0,878.0,-9999.0,7.0,Soil moisture retrieval doesn't have recommended quality,Soil moisture retrieval was skipped,Soil moisture retrieval was not successful,Freeze/thaw state retrieval was successful,Not used
TM01,25.4479389,-98.01216666666667,2018-11-05,h00v00,463.0,878.0,0.1844041,8.0,Soil moisture retrieval has recommended quality,Soil moisture retrieval was attempted,Soil moisture retrieval was successful,Freeze/thaw state retrieval was not successful,
TM01,25.4479389,-98.01216666666667,2018-11-06,h00v00,463.0,878.0,-9999.0,7.0,Soil moisture retrieval doesn't have recommended quality,Soil moisture retrieval was skipped,Soil moisture retrieval was not successful,Freeze/thaw state retrieval was successful,Not used
TM01,25.4479389,-98.01216666666667,2018-11-07,h00v00,463.0,878.0,0.1598184,8.0,Soil moisture retrieval has recommended quality,Soil moisture retrieval was attempted,Soil moisture retrieval was successful,Freeze/thaw state retrieval was not successful,
TM01,25.4479389,-98.01216666666667,2018-11-08,h00v00,463.0,878.0,0.1459544,8.0,Soil moisture retrieval has recommended quality,Soil moisture retrieval was attempted,Soil moisture retrieval was successful,Freeze/thaw state retrieval was not successful,
TM01,25.4479389,-98.01216666666667,2018-11-09,h00v00,463.0,878.0,-9999.0,7.0,Soil moisture retrieval doesn't have recommended quality,Soil moisture retrieval was skipped,Soil moisture retrieval was not successful,Freeze/thaw state retrieval was successful,Not used
TM01,25.4479389,-98.01216666666667,2018-11-10,h00v00,463.0,878.0,0.2486611,8.0,Soil moisture retrieval has recommended quality,Soil moisture retrieval was attempted,Soil moisture retrieval was successful,Freeze/thaw state retrieval was not successful,
TM01,25.4479389,-98.01216666666667,2018-11-11,h00v00,463.0,878.0,-9999.0,7.0,Soil moisture retrieval doesn't have recommended quality,Soil moisture retrieval was skipped,Soil moisture retrieval was not successful,Freeze/thaw state retrieval was successful,Not used
TM01,25.4479389,-98.01216666666667,2018-11-12,h00v00,463.0,878.0,-9999.0,7.0,Soil moisture retrieval doesn't have recommended quality,Soil moisture retrieval was skipped,Soil moisture retrieval was not successful,Freeze/thaw state retrieval was successful,Not used
TM01,25.4479389,-98.01216666666667,2018-11-13,h00v00,463.0,878.0,0.2500118,13.0,Soil moisture retrieval doesn't have recommended quality,Soil moisture retrieval was attempted,Soil moisture retrieval was not successful,Freeze/thaw state retrieval was not successful,
TM01,25.4479389,-98.01216666666667,2018-11-14,h00v00,463.0,878.0,-9999.0,7.0,Soil moisture retrieval doesn't have recommended quality,Soil moisture retrieval was skipped,Soil moisture retrieval was not successful,Freeze/thaw state retrieval was successful,Not used
TM01,25.4479389,-98.01216666666667,2018-11-15,h00v00,463.0,878.0,0.2003052,8.0,Soil moisture retrieval has recommended quality,Soil moisture retrieval was attempted,Soil moisture retrieval was successful,Freeze/thaw state retrieval was not successful,
TM01,25.4479389,-98.01216666666667,2018-11-16,h00v00,463.0,878.0,0.156673,8.0,Soil moisture retrieval has recommended quality,Soil moisture retrieval was attempted,Soil moisture retrieval was successful,Freeze/thaw state retrieval was not successful,
TM01,25.4479389,-98.01216666666667,2018-11-17,h00v00,463.0,878.0,-9999.0,7.0,Soil moisture retrieval doesn't have recommended quality,Soil moisture retrieval was skipped,Soil moisture retrieval was not successful,Freeze/thaw state retrieval was successful,Not used
TM01,25.4479389,-98.01216666666667,2018-11-18,h00v00,463.0,878.0,0.1336202,8.0,Soil moisture retrieval has recommended quality,Soil moisture retrieval was attempted,Soil moisture retrieval was successful,Freeze/thaw state retrieval was not successful,
TM01,25.4479389,-98.01216666666667,2018-11-19,h00v00,463.0,878.0,-9999.0,7.0,Soil moisture retrieval doesn't have recommended quality,Soil moisture retrieval was skipped,Soil moisture retrieval was not successful,Freeze/thaw state retrieval was successful,Not used
TM01,25.4479389,-98.01216666666667,2018-11-20,h00v00,463.0,878.0,-9999.0,7.0,Soil moisture retrieval doesn't have recommended quality,Soil moisture retrieval was skipped,Soil moisture retrieval was not successful,Freeze/thaw state retrieval was successful,Not used
TM01,25.4479389,-98.01216666666667,2018-11-21,h00v00,463.0,878.0,0.2348185,13.0,Soil moisture retrieval doesn't have recommended quality,Soil moisture retrieval was attempted,Soil moisture retrieval was not successful,Freeze/thaw state retrieval was not successful,
TM01,25.4479389,-98.01216666666667,2018-11-22,h00v00,463.0,878.0,-9999.0,7.0,Soil moisture retrieval doesn't have recommended quality,Soil moisture retrieval was skipped,Soil moisture retrieval was not successful,Freeze/thaw state retrieval was successful,Not used
TM01,25.4479389,-98.01216666666667,2018-11-23,h00v00,463.0,878.0,0.2520528,8.0,Soil moisture retrieval has recommended quality,Soil moisture retrieval was attempted,Soil moisture retrieval was successful,Freeze/thaw state retrieval was not successful,
TM01,25.4479389,-98.01216666666667,2018-11-24,h00v00,463.0,878.0,0.2223876,8.0,Soil moisture retrieval has recommended quality,Soil moisture retrieval was attempted,Soil moisture retrieval was successful,Freeze/thaw state retrieval was not successful,
TM01,25.4479389,-98.01216666666667,2018-11-25,h00v00,463.0,878.0,-9999.0,7.0,Soil moisture retrieval doesn't have recommended quality,Soil moisture retrieval was skipped,Soil moisture retrieval was not successful,Freeze/thaw state retrieval was successful,Not used
TM01,25.4479389,-98.01216666666667,2018-11-26,h00v00,463.0,878.0,0.202159,8.0,Soil moisture retrieval has recommended quality,Soil moisture retrieval was attempted,Soil moisture retrieval was successful,Freeze/thaw state retrieval was not successful,
TM01,25.4479389,-98.01216666666667,2018-11-27,h00v00,463.0,878.0,-9999.0,7.0,Soil moisture retrieval doesn't have recommended quality,Soil moisture retrieval was skipped,Soil moisture retrieval was not successful,Freeze/thaw state retrieval was successful,Not used
TM01,25.4479389,-98.01216666666667,2018-11-28,h00v00,463.0,878.0,-9999.0,7.0,Soil moisture retrieval doesn't have recommended quality,Soil moisture retrieval was skipped,Soil moisture retrieval was not successful,Freeze/thaw state retrieval was successful,Not used
TM01,25.4479389,-98.01216666666667,2018-11-29,h00v00,463.0,878.0,0.265311,13.0,Soil moisture retrieval doesn't have recommended quality,Soil moisture retrieval was attempted,Soil moisture retrieval was not successful,Freeze/thaw state retrieval was not successful,
TM01,25.4479389,-98.01216666666667,2018-11-30,h00v00,463.0,878.0,-9999.0,7.0,Soil moisture retrieval doesn't have recommended quality,Soil moisture retrieval was skipped,Soil moisture retrieval was not successful,Freeze/thaw state retrieval was successful,Not used
TM01,25.4479389,-98.01216666666667,2018-12-01,h00v00,463.0,878.0,0.1896786,8.0,Soil moisture retrieval has recommended quality,Soil moisture retrieval was attempted,Soil moisture retrieval was successful,Freeze/thaw state retrieval was not successful,
TM01,25.4479389,-98.01216666666667,2018-12-02,h00v00,463.0,878.0,0.1696453,8.0,Soil moisture retrieval has recommended quality,Soil moisture retrieval was attempted,Soil moisture retrieval was successful,Freeze/thaw state retrieval was not successful,
TM01,25.4479389,-98.01216666666667,2018-12-03,h00v00,463.0,878.0,-9999.0,7.0,Soil moisture retrieval doesn't have recommended quality,Soil moisture retrieval was skipped,Soil moisture retrieval was not successful,Freeze/thaw state retrieval was successful,Not used
TM01,25.4479389,-98.01216666666667,2018-12-04,h00v00,463.0,878.0,0.13692,8.0,Soil moisture retrieval has recommended quality,Soil moisture retrieval was attempted,Soil moisture retrieval was successful,Freeze/thaw state retrieval was not successful,
TM01,25.4479389,-98.01216666666667,2018-12-05,h00v00,463.0,878.0,-9999.0,7.0,Soil moisture retrieval doesn't have recommended quality,Soil moisture retrieval was skipped,Soil moisture retrieval was not successful,Freeze/thaw state retrieval was successful,Not used
TM01,25.4479389,-98.01216666666667,2018-12-06,h00v00,463.0,878.0,-9999.0,7.0,Soil moisture retrieval doesn't have recommended quality,Soil moisture retrieval was skipped,Soil moisture retrieval was not successful,Freeze/thaw state retrieval was successful,Not used
TM01,25.4479389,-98.01216666666667,2018-12-07,h00v00,463.0,878.0,0.1098854,8.0,Soil moisture retrieval has recommended quality,Soil moisture retrieval was attempted,Soil moisture retrieval was successful,Freeze/thaw state retrieval was not successful,
TM01,25.4479389,-98.01216666666667,2018-12-08,h00v00,463.0,878.0,-9999.0,7.0,Soil moisture retrieval doesn't have recommended quality,Soil moisture retrieval was skipped,Soil moisture retrieval was not successful,Freeze/thaw state retrieval was successful,Not used
TM01,25.4479389,-98.01216666666667,2018-12-09,h00v00,463.0,878.0,0.2143721,8.0,Soil moisture retrieval has recommended quality,Soil moisture retrieval was attempted,Soil moisture retrieval was successful,Freeze/thaw state retrieval was not successful,
TM01,25.4479389,-98.01216666666667,2018-12-10,h00v00,463.0,878.0,0.1713967,8.0,Soil moisture retrieval has recommended quality,Soil moisture retrieval was attempted,Soil moisture retrieval was successful,Freeze/thaw state retrieval was not successful,
TM01,25.4479389,-98.01216666666667,2018-12-11,h00v00,463.0,878.0,-9999.0,7.0,Soil moisture retrieval doesn't have recommended quality,Soil moisture retrieval was skipped,Soil moisture retrieval was not successful,Freeze/thaw state retrieval was successful,Not used
TM01,25.4479389,-98.01216666666667,2018-12-12,h00v00,463.0,878.0,0.1164616,8.0,Soil moisture retrieval has recommended quality,Soil moisture retrieval was attempted,Soil moisture retrieval was successful,Freeze/thaw state retrieval was not successful,
TM01,25.4479389,-98.01216666666667,2018-12-13,h00v00,463.0,878.0,-9999.0,7.0,Soil moisture retrieval doesn't have recommended quality,Soil moisture retrieval was skipped,Soil moisture retrieval was not successful,Freeze/thaw state retrieval was successful,Not used
TM01,25.4479389,-98.01216666666667,2018-12-14,h00v00,463.0,878.0,-9999.0,7.0,Soil moisture retrieval doesn't have recommended quality,Soil moisture retrieval was skipped,Soil moisture retrieval was not successful,Freeze/thaw state retrieval was successful,Not used
TM01,25.4479389,-98.01216666666667,2018-12-15,h00v00,463.0,878.0,0.112153,8.0,Soil moisture retrieval has recommended quality,Soil moisture retrieval was attempted,Soil moisture retrieval was successful,Freeze/thaw state retrieval was not successful,
TM01,25.4479389,-98.01216666666667,2018-12-16,h00v00,463.0,878.0,-9999.0,7.0,Soil moisture retrieval doesn't have recommended quality,Soil moisture retrieval was skipped,Soil moisture retrieval was not successful,Freeze/thaw state retrieval was successful,Not used
TM01,25.4479389,-98.01216666666667,2018-12-17,h00v00,463.0,878.0,0.1154658,8.0,Soil moisture retrieval has recommended quality,Soil moisture retrieval was attempted,Soil moisture retrieval was successful,Freeze/thaw state retrieval was not successful,
TM01,25.4479389,-98.01216666666667,2018-12-18,h00v00,463.0,878.0,0.1041705,8.0,Soil moisture retrieval has recommended quality,Soil moisture retrieval was attempted,Soil moisture retrieval was successful,Freeze/thaw state retrieval was not successful,
TM01,25.4479389,-98.01216666666667,2018-12-19,h00v00,463.0,878.0,-9999.0,7.0,Soil moisture retrieval doesn't have recommended quality,Soil moisture retrieval was skipped,Soil moisture retrieval was not successful,Freeze/thaw state retrieval was successful,Not used
TM01,25.4479389,-98.01216666666667,2018-12-20,h00v00,463.0,878.0,0.1094883,8.0,Soil moisture retrieval has recommended quality,Soil moisture retrieval was attempted,Soil moisture retrieval was successful,Freeze/thaw state retrieval was not successful,
TM01,25.4479389,-98.01216666666667,2018-12-21,h00v00,463.0,878.0,-9999.0,7.0,Soil moisture retrieval doesn't have recommended quality,Soil moisture retrieval was skipped,Soil moisture retrieval was not successful,Freeze/thaw state retrieval was successful,Not used
TM01,25.4479389,-98.01216666666667,2018-12-22,h00v00,463.0,878.0,-9999.0,7.0,Soil moisture retrieval doesn't have recommended quality,Soil moisture retrieval was skipped,Soil moisture retrieval was not successful,Freeze/thaw state retrieval was successful,Not used
TM01,25.4479389,-98.01216666666667,2018-12-23,h00v00,463.0,878.0,0.1223835,8.0,Soil moisture retrieval has recommended quality,Soil moisture retrieval was attempted,Soil moisture retrieval was successful,Freeze/thaw state retrieval was not successful,
TM01,25.4479389,-98.01216666666667,2018-12-24,h00v00,463.0,878.0,-9999.0,7.0,Soil moisture retrieval doesn't have recommended quality,Soil moisture retrieval was skipped,Soil moisture retrieval was not successful,Freeze/thaw state retrieval was successful,Not used
TM01,25.4479389,-98.01216666666667,2018-12-25,h00v00,463.0,878.0,0.1138369,8.0,Soil moisture retrieval has recommended quality,Soil moisture retrieval was attempted,Soil moisture retrieval was successful,Freeze/thaw state retrieval was not successful,
TM01,25.4479389,-98.01216666666667,2018-12-26,h00v00,463.0,878.0,0.158654,8.0,Soil moisture retrieval has recommended quality,Soil moisture retrieval was attempted,Soil moisture retrieval was successful,Freeze/thaw state retrieval was not successful,
TM01,25.4479389,-98.01216666666667,2018-12-27,h00v00,463.0,878.0,-9999.0,7.0,Soil moisture retrieval doesn't have recommended quality,Soil moisture retrieval was skipped,Soil moisture retrieval was not successful,Freeze/thaw state retrieval was successful,Not used
TM01,25.4479389,-98.01216666666667,2018-12-28,h00v00,463.0,878.0,0.1300631,8.0,Soil moisture retrieval has recommended quality,Soil moisture retrieval was attempted,Soil moisture retrieval was successful,Freeze/thaw state retrieval was not successful,
TM01,25.4479389,-98.01216666666667,2018-12-29,h00v00,463.0,878.0,-9999.0,7.0,Soil moisture retrieval doesn't have recommended quality,Soil moisture retrieval was skipped,Soil moisture retrieval was not successful,Freeze/thaw state retrieval was successful,Not used
TM01,25.4479389,-98.01216666666667,2018-12-30,h00v00,463.0,878.0,-9999.0,7.0,Soil moisture retrieval doesn't have recommended quality,Soil moisture retrieval was skipped,Soil moisture retrieval was not successful,Freeze/thaw state retrieval was successful,Not used
TM01,25.4479389,-98.01216666666667,2018-12-31,h00v00,463.0,878.0,0.1192212,8.0,Soil moisture retrieval has recommended quality,Soil moisture retrieval was attempted,Soil moisture retrieval was successful,Freeze/thaw state retrieval was not successful,
TM01,25.4479389,-98.01216666666667,2019-01-01,h00v00,463.0,878.0,-9999.0,7.0,Soil moisture retrieval doesn't have recommended quality,Soil moisture retrieval was skipped,Soil moisture retrieval was not successful,Freeze/thaw state retrieval was successful,Not used
TM01,25.4479389,-98.01216666666667,2019-01-02,h00v00,463.0,878.0,0.2104096,8.0,Soil moisture retrieval has recommended quality,Soil moisture retrieval was attempted,Soil moisture retrieval was successful,Freeze/thaw state retrieval was not successful,
TM01,25.4479389,-98.01216666666667,2019-01-03,h00v00,463.0,878.0,0.1886773,8.0,Soil moisture retrieval has recommended quality,Soil moisture retrieval was attempted,Soil moisture retrieval was successful,Freeze/thaw state retrieval was not successful,
TM01,25.4479389,-98.01216666666667,2019-01-04,h00v00,463.0,878.0,-9999.0,7.0,Soil moisture retrieval doesn't have recommended quality,Soil moisture retrieval was skipped,Soil moisture retrieval was not successful,Freeze/thaw state retrieval was successful,Not used
TM01,25.4479389,-98.01216666666667,2019-01-05,h00v00,463.0,878.0,0.1484846,8.0,Soil moisture retrieval has recommended quality,Soil moisture retrieval was attempted,Soil moisture retrieval was successful,Freeze/thaw state retrieval was not successful,
TM01,25.4479389,-98.01216666666667,2019-01-06,h00v00,463.0,878.0,-9999.0,7.0,Soil moisture retrieval doesn't have recommended quality,Soil moisture retrieval was skipped,Soil moisture retrieval was not successful,Freeze/thaw state retrieval was successful,Not used
TM01,25.4479389,-98.01216666666667,2019-01-07,h00v00,463.0,878.0,-9999.0,7.0,Soil moisture retrieval doesn't have recommended quality,Soil moisture retrieval was skipped,Soil moisture retrieval was not successful,Freeze/thaw state retrieval was successful,Not used
TM01,25.4479389,-98.01216666666667,2019-01-08,h00v00,463.0,878.0,0.1220837,8.0,Soil moisture retrieval has recommended quality,Soil moisture retrieval was attempted,Soil moisture retrieval was successful,Freeze/thaw state retrieval was not successful,
TM01,25.4479389,-98.01216666666667,2019-01-09,h00v00,463.0,878.0,-9999.0,7.0,Soil moisture retrieval doesn't have recommended quality,Soil moisture retrieval was skipped,Soil moisture retrieval was not successful,Freeze/thaw state retrieval was successful,Not used
TM01,25.4479389,-98.01216666666667,2019-01-10,h00v00,463.0,878.0,0.1094949,8.0,Soil moisture retrieval has recommended quality,Soil moisture retrieval was attempted,Soil moisture retrieval was successful,Freeze/thaw state retrieval was not successful,
TM01,25.4479389,-98.01216666666667,2019-01-11,h00v00,463.0,878.0,0.1042619,8.0,Soil moisture retrieval has recommended quality,Soil moisture retrieval was attempted,Soil moisture retrieval was successful,Freeze/thaw state retrieval was not successful,
TM01,25.4479389,-98.01216666666667,2019-01-12,h00v00,463.0,878.0,-9999.0,7.0,Soil moisture retrieval doesn't have recommended quality,Soil moisture retrieval was skipped,Soil moisture retrieval was not successful,Freeze/thaw state retrieval was successful,Not used
TM01,25.4479389,-98.01216666666667,2019-01-13,h00v00,463.0,878.0,0.1306647,8.0,Soil moisture retrieval has recommended quality,Soil moisture retrieval was attempted,Soil moisture retrieval was successful,Freeze/thaw state retrieval was not successful,
TM01,25.4479389,-98.01216666666667,2019-01-14,h00v00,463.0,878.0,-9999.0,7.0,Soil moisture retrieval doesn't have recommended quality,Soil moisture retrieval was skipped,Soil moisture retrieval was not successful,Freeze/thaw state retrieval was successful,Not used
TM01,25.4479389,-98.01216666666667,2019-01-15,h00v00,463.0,878.0,-9999.0,7.0,Soil moisture retrieval doesn't have recommended quality,Soil moisture retrieval was skipped,Soil moisture retrieval was not successful,Freeze/thaw state retrieval was successful,Not used
TM01,25.4479389,-98.01216666666667,2019-01-16,h00v00,463.0,878.0,0.2294215,13.0,Soil moisture retrieval doesn't have recommended quality,Soil moisture retrieval was attempted,Soil moisture retrieval was not successful,Freeze/thaw state retrieval was not successful,
TM01,25.4479389,-98.01216666666667,2019-01-17,h00v00,463.0,878.0,-9999.0,7.0,Soil moisture retrieval doesn't have recommended quality,Soil moisture retrieval was skipped,Soil moisture retrieval was not successful,Freeze/thaw state retrieval was successful,Not used
TM01,25.4479389,-98.01216666666667,2019-01-18,h00v00,463.0,878.0,0.1738161,8.0,Soil moisture retrieval has recommended quality,Soil moisture retrieval was attempted,Soil moisture retrieval was successful,Freeze/thaw state retrieval was not successful,
TM01,25.4479389,-98.01216666666667,2019-01-19,h00v00,463.0,878.0,0.1607776,8.0,Soil moisture retrieval has recommended quality,Soil moisture retrieval was attempted,Soil moisture retrieval was successful,Freeze/thaw state retrieval was not successful,
TM01,25.4479389,-98.01216666666667,2019-01-20,h00v00,463.0,878.0,-9999.0,7.0,Soil moisture retrieval doesn't have recommended quality,Soil moisture retrieval was skipped,Soil moisture retrieval was not successful,Freeze/thaw state retrieval was successful,Not used
TM01,25.4479389,-98.01216666666667,2019-01-21,h00v00,463.0,878.0,0.1400181,8.0,Soil moisture retrieval has recommended quality,Soil moisture retrieval was attempted,Soil moisture retrieval was successful,Freeze/thaw state retrieval was not successful,
TM01,25.4479389,-98.01216666666667,2019-01-22,h00v00,463.0,878.0,-9999.0,7.0,Soil moisture retrieval doesn't have recommended quality,Soil moisture retrieval was skipped,Soil moisture retrieval was not successful,Freeze/thaw state retrieval was successful,Not used
TM01,25.4479389,-98.01216666666667,2019-01-23,h00v00,463.0,878.0,-9999.0,7.0,Soil moisture retrieval doesn't have recommended quality,Soil moisture retrieval was skipped,Soil moisture retrieval was not successful,Freeze/thaw state retrieval was successful,Not used
TM01,25.4479389,-98.01216666666667,2019-01-24,h00v00,463.0,878.0,0.1483907,8.0,Soil moisture retrieval has recommended quality,Soil moisture retrieval was attempted,Soil moisture retrieval was successful,Freeze/thaw state retrieval was not successful,
TM01,25.4479389,-98.01216666666667,2019-01-25,h00v00,463.0,878.0,-9999.0,7.0,Soil moisture retrieval doesn't have recommended quality,Soil moisture retrieval was skipped,Soil moisture retrieval was not successful,Freeze/thaw state retrieval was successful,Not used
TM01,25.4479389,-98.01216666666667,2019-01-26,h00v00,463.0,878.0,0.1453869,8.0,Soil moisture retrieval has recommended quality,Soil moisture retrieval was attempted,Soil moisture retrieval was successful,Freeze/thaw state retrieval was not successful,
TM01,25.4479389,-98.01216666666667,2019-01-27,h00v00,463.0,878.0,0.2885678,13.0,Soil moisture retrieval doesn't have recommended quality,Soil moisture retrieval was attempted,Soil moisture retrieval was not successful,Freeze/thaw state retrieval was not successful,
TM01,25.4479389,-98.01216666666667,2019-01-28,h00v00,463.0,878.0,-9999.0,7.0,Soil moisture retrieval doesn't have recommended quality,Soil moisture retrieval was skipped,Soil moisture retrieval was not successful,Freeze/thaw state retrieval was successful,Not used
TM01,25.4479389,-98.01216666666667,2019-01-29,h00v00,463.0,878.0,0.1970212,8.0,Soil moisture retrieval has recommended quality,Soil moisture retrieval was attempted,Soil moisture retrieval was successful,Freeze/thaw state retrieval was not successful,
TM01,25.4479389,-98.01216666666667,2019-01-30,h00v00,463.0,878.0,-9999.0,7.0,Soil moisture retrieval doesn't have recommended quality,Soil moisture retrieval was skipped,Soil moisture retrieval was not successful,Freeze/thaw state retrieval was successful,Not used
TM01,25.4479389,-98.01216666666667,2019-01-31,h00v00,463.0,878.0,-9999.0,7.0,Soil moisture retrieval doesn't have recommended quality,Soil moisture retrieval was skipped,Soil moisture retrieval was not successful,Freeze/thaw state retrieval was successful,Not used
TM01,25.4479389,-98.01216666666667,2019-02-01,h00v00,463.0,878.0,0.2156956,13.0,Soil moisture retrieval doesn't have recommended quality,Soil moisture retrieval was attempted,Soil moisture retrieval was not successful,Freeze/thaw state retrieval was not successful,
TM01,25.4479389,-98.01216666666667,2019-02-02,h00v00,463.0,878.0,-9999.0,7.0,Soil moisture retrieval doesn't have recommended quality,Soil moisture retrieval was skipped,Soil moisture retrieval was not successful,Freeze/thaw state retrieval was successful,Not used
TM01,25.4479389,-98.01216666666667,2019-02-03,h00v00,463.0,878.0,0.1773097,8.0,Soil moisture retrieval has recommended quality,Soil moisture retrieval was attempted,Soil moisture retrieval was successful,Freeze/thaw state retrieval was not successful,
TM01,25.4479389,-98.01216666666667,2019-02-04,h00v00,463.0,878.0,0.1570793,8.0,Soil moisture retrieval has recommended quality,Soil moisture retrieval was attempted,Soil moisture retrieval was successful,Freeze/thaw state retrieval was not successful,
TM01,25.4479389,-98.01216666666667,2019-02-05,h00v00,463.0,878.0,-9999.0,7.0,Soil moisture retrieval doesn't have recommended quality,Soil moisture retrieval was skipped,Soil moisture retrieval was not successful,Freeze/thaw state retrieval was successful,Not used
TM01,25.4479389,-98.01216666666667,2019-02-06,h00v00,463.0,878.0,0.1436987,8.0,Soil moisture retrieval has recommended quality,Soil moisture retrieval was attempted,Soil moisture retrieval was successful,Freeze/thaw state retrieval was not successful,
TM01,25.4479389,-98.01216666666667,2019-02-07,h00v00,463.0,878.0,-9999.0,7.0,Soil moisture retrieval doesn't have recommended quality,Soil moisture retrieval was skipped,Soil moisture retrieval was not successful,Freeze/thaw state retrieval was successful,Not used
TM01,25.4479389,-98.01216666666667,2019-02-08,h00v00,463.0,878.0,-9999.0,7.0,Soil moisture retrieval doesn't have recommended quality,Soil moisture retrieval was skipped,Soil moisture retrieval was not successful,Freeze/thaw state retrieval was successful,Not used
TM01,25.4479389,-98.01216666666667,2019-02-09,h00v00,463.0,878.0,0.2894528,13.0,Soil moisture retrieval doesn't have recommended quality,Soil moisture retrieval was attempted,Soil moisture retrieval was not successful,Freeze/thaw state retrieval was not successful,
TM01,25.4479389,-98.01216666666667,2019-02-10,h00v00,463.0,878.0,-9999.0,7.0,Soil moisture retrieval doesn't have recommended quality,Soil moisture retrieval was skipped,Soil moisture retrieval was not successful,Freeze/thaw state retrieval was successful,Not used
TM01,25.4479389,-98.01216666666667,2019-02-11,h00v00,463.0,878.0,0.1942479,8.0,Soil moisture retrieval has recommended quality,Soil moisture retrieval was attempted,Soil moisture retrieval was successful,Freeze/thaw state retrieval was not successful,
TM01,25.4479389,-98.01216666666667,2019-02-12,h00v00,463.0,878.0,0.1611395,8.0,Soil moisture retrieval has recommended quality,Soil moisture retrieval was attempted,Soil moisture retrieval was successful,Freeze/thaw state retrieval was not successful,
TM01,25.4479389,-98.01216666666667,2019-02-13,h00v00,463.0,878.0,-9999.0,7.0,Soil moisture retrieval doesn't have recommended quality,Soil moisture retrieval was skipped,Soil moisture retrieval was not successful,Freeze/thaw state retrieval was successful,Not used
TM01,25.4479389,-98.01216666666667,2019-02-14,h00v00,463.0,878.0,0.1174612,8.0,Soil moisture retrieval has recommended quality,Soil moisture retrieval was attempted,Soil moisture retrieval was successful,Freeze/thaw state retrieval was not successful,
TM01,25.4479389,-98.01216666666667,2019-02-15,h00v00,463.0,878.0,-9999.0,7.0,Soil moisture retrieval doesn't have recommended quality,Soil moisture retrieval was skipped,Soil moisture retrieval was not successful,Freeze/thaw state retrieval was successful,Not used
TM01,25.4479389,-98.01216666666667,2019-02-16,h00v00,463.0,878.0,-9999.0,7.0,Soil moisture retrieval doesn't have recommended quality,Soil moisture retrieval was skipped,Soil moisture retrieval was not successful,Freeze/thaw state retrieval was successful,Not used
TM01,25.4479389,-98.01216666666667,2019-02-17,h00v00,463.0,878.0,0.0996332,8.0,Soil moisture retrieval has recommended quality,Soil moisture retrieval was attempted,Soil moisture retrieval was successful,Freeze/thaw state retrieval was not successful,
TM01,25.4479389,-98.01216666666667,2019-02-18,h00v00,463.0,878.0,-9999.0,7.0,Soil moisture retrieval doesn't have recommended quality,Soil moisture retrieval was skipped,Soil moisture retrieval was not successful,Freeze/thaw state retrieval was successful,Not used
TM01,25.4479389,-98.01216666666667,2019-02-19,h00v00,463.0,878.0,0.2434071,8.0,Soil moisture retrieval has recommended quality,Soil moisture retrieval was attempted,Soil moisture retrieval was successful,Freeze/thaw state retrieval was not successful,
TM01,25.4479389,-98.01216666666667,2019-02-20,h00v00,463.0,878.0,0.2320237,8.0,Soil moisture retrieval has recommended quality,Soil moisture retrieval was attempted,Soil moisture retrieval was successful,Freeze/thaw state retrieval was not successful,
TM01,25.4479389,-98.01216666666667,2019-02-21,h00v00,463.0,878.0,-9999.0,7.0,Soil moisture retrieval doesn't have recommended quality,Soil moisture retrieval was skipped,Soil moisture retrieval was not successful,Freeze/thaw state retrieval was successful,Not used
TM01,25.4479389,-98.01216666666667,2019-02-22,h00v00,463.0,878.0,0.1292944,8.0,Soil moisture retrieval has recommended quality,Soil moisture retrieval was attempted,Soil moisture retrieval was successful,Freeze/thaw state retrieval was not successful,
TM01,25.4479389,-98.01216666666667,2019-02-23,h00v00,463.0,878.0,-9999.0,7.0,Soil moisture retrieval doesn't have recommended quality,Soil moisture retrieval was skipped,Soil moisture retrieval was not successful,Freeze/thaw state retrieval was successful,Not used
TM01,25.4479389,-98.01216666666667,2019-02-24,h00v00,463.0,878.0,-9999.0,7.0,Soil moisture retrieval doesn't have recommended quality,Soil moisture retrieval was skipped,Soil moisture retrieval was not successful,Freeze/thaw state retrieval was successful,Not used
TM01,25.4479389,-98.01216666666667,2019-02-25,h00v00,463.0,878.0,0.0972798,8.0,Soil moisture retrieval has recommended quality,Soil moisture retrieval was attempted,Soil moisture retrieval was successful,Freeze/thaw state retrieval was not successful,
TM01,25.4479389,-98.01216666666667,2019-02-26,h00v00,463.0,878.0,-9999.0,7.0,Soil moisture retrieval doesn't have recommended quality,Soil moisture retrieval was skipped,Soil moisture retrieval was not successful,Freeze/thaw state retrieval was successful,Not used
TM01,25.4479389,-98.01216666666667,2019-02-27,h00v00,463.0,878.0,0.09848,8.0,Soil moisture retrieval has recommended quality,Soil moisture retrieval was attempted,Soil moisture retrieval was successful,Freeze/thaw state retrieval was not successful,
TM01,25.4479389,-98.01216666666667,2019-02-28,h00v00,463.0,878.0,0.0908518,8.0,Soil moisture retrieval has recommended quality,Soil moisture retrieval was attempted,Soil moisture retrieval was successful,Freeze/thaw state retrieval was not successful,
TM01,25.4479389,-98.01216666666667,2019-03-01,h00v00,463.0,878.0,-9999.0,7.0,Soil moisture retrieval doesn't have recommended quality,Soil moisture retrieval was skipped,Soil moisture retrieval was not successful,Freeze/thaw state retrieval was successful,Not used
TM01,25.4479389,-98.01216666666667,2019-03-02,h00v00,463.0,878.0,0.1052188,8.0,Soil moisture retrieval has recommended quality,Soil moisture retrieval was attempted,Soil moisture retrieval was successful,Freeze/thaw state retrieval was not successful,
TM01,25.4479389,-98.01216666666667,2019-03-03,h00v00,463.0,878.0,-9999.0,7.0,Soil moisture retrieval doesn't have recommended quality,Soil moisture retrieval was skipped,Soil moisture retrieval was not successful,Freeze/thaw state retrieval was successful,Not used
TM01,25.4479389,-98.01216666666667,2019-03-04,h00v00,463.0,878.0,-9999.0,7.0,Soil moisture retrieval doesn't have recommended quality,Soil moisture retrieval was skipped,Soil moisture retrieval was not successful,Freeze/thaw state retrieval was successful,Not used
TM01,25.4479389,-98.01216666666667,2019-03-05,h00v00,463.0,878.0,0.1924896,8.0,Soil moisture retrieval has recommended quality,Soil moisture retrieval was attempted,Soil moisture retrieval was successful,Freeze/thaw state retrieval was not successful,
TM01,25.4479389,-98.01216666666667,2019-03-06,h00v00,463.0,878.0,-9999.0,7.0,Soil moisture retrieval doesn't have recommended quality,Soil moisture retrieval was skipped,Soil moisture retrieval was not successful,Freeze/thaw state retrieval was successful,Not used
TM01,25.4479389,-98.01216666666667,2019-03-07,h00v00,463.0,878.0,0.1275183,8.0,Soil moisture retrieval has recommended quality,Soil moisture retrieval was attempted,Soil moisture retrieval was successful,Freeze/thaw state retrieval was not successful,
TM01,25.4479389,-98.01216666666667,2019-03-08,h00v00,463.0,878.0,0.0869454,8.0,Soil moisture retrieval has recommended quality,Soil moisture retrieval was attempted,Soil moisture retrieval was successful,Freeze/thaw state retrieval was not successful,
TM01,25.4479389,-98.01216666666667,2019-03-09,h00v00,463.0,878.0,-9999.0,7.0,Soil moisture retrieval doesn't have recommended quality,Soil moisture retrieval was skipped,Soil moisture retrieval was not successful,Freeze/thaw state retrieval was successful,Not used
TM01,25.4479389,-98.01216666666667,2019-03-10,h00v00,463.0,878.0,0.1072045,8.0,Soil moisture retrieval has recommended quality,Soil moisture retrieval was attempted,Soil moisture retrieval was successful,Freeze/thaw state retrieval was not successful,
TM01,25.4479389,-98.01216666666667,2019-03-11,h00v00,463.0,878.0,-9999.0,7.0,Soil moisture retrieval doesn't have recommended quality,Soil moisture retrieval was skipped,Soil moisture retrieval was not successful,Freeze/thaw state retrieval was successful,Not used
TM01,25.4479389,-98.01216666666667,2019-03-12,h00v00,463.0,878.0,-9999.0,7.0,Soil moisture retrieval doesn't have recommended quality,Soil moisture retrieval was skipped,Soil moisture retrieval was not successful,Freeze/thaw state retrieval was successful,Not used
TM01,25.4479389,-98.01216666666667,2019-03-13,h00v00,463.0,878.0,0.1073004,8.0,Soil moisture retrieval has recommended quality,Soil moisture retrieval was attempted,Soil moisture retrieval was successful,Freeze/thaw state retrieval was not successful,
TM01,25.4479389,-98.01216666666667,2019-03-14,h00v00,463.0,878.0,-9999.0,7.0,Soil moisture retrieval doesn't have recommended quality,Soil moisture retrieval was skipped,Soil moisture retrieval was not successful,Freeze/thaw state retrieval was successful,Not used
TM01,25.4479389,-98.01216666666667,2019-03-15,h00v00,463.0,878.0,0.2352726,9.0,Soil moisture retrieval doesn't have recommended quality,Soil moisture retrieval was attempted,Soil moisture retrieval was successful,Freeze/thaw state retrieval was not successful,
TM01,25.4479389,-98.01216666666667,2019-03-16,h00v00,463.0,878.0,0.2877778,13.0,Soil moisture retrieval doesn't have recommended quality,Soil moisture retrieval was attempted,Soil moisture retrieval was not successful,Freeze/thaw state retrieval was not successful,
TM01,25.4479389,-98.01216666666667,2019-03-17,h00v00,463.0,878.0,-9999.0,7.0,Soil moisture retrieval doesn't have recommended quality,Soil moisture retrieval was skipped,Soil moisture retrieval was not successful,Freeze/thaw state retrieval was successful,Not used
TM01,25.4479389,-98.01216666666667,2019-03-18,h00v00,463.0,878.0,0.3016753,13.0,Soil moisture retrieval doesn't have recommended quality,Soil moisture retrieval was attempted,Soil moisture retrieval was not successful,Freeze/thaw state retrieval was not successful,
TM01,25.4479389,-98.01216666666667,2019-03-19,h00v00,463.0,878.0,-9999.0,7.0,Soil moisture retrieval doesn't have recommended quality,Soil moisture retrieval was skipped,Soil moisture retrieval was not successful,Freeze/thaw state retrieval was successful,Not used
TM01,25.4479389,-98.01216666666667,2019-03-20,h00v00,463.0,878.0,-9999.0,7.0,Soil moisture retrieval doesn't have recommended quality,Soil moisture retrieval was skipped,Soil moisture retrieval was not successful,Freeze/thaw state retrieval was successful,Not used
TM01,25.4479389,-98.01216666666667,2019-03-21,h00v00,463.0,878.0,0.2815833,13.0,Soil moisture retrieval doesn't have recommended quality,Soil moisture retrieval was attempted,Soil moisture retrieval was not successful,Freeze/thaw state retrieval was not successful,
TM01,25.4479389,-98.01216666666667,2019-03-22,h00v00,463.0,878.0,-9999.0,7.0,Soil moisture retrieval doesn't have recommended quality,Soil moisture retrieval was skipped,Soil moisture retrieval was not successful,Freeze/thaw state retrieval was successful,Not used
TM01,25.4479389,-98.01216666666667,2019-03-23,h00v00,463.0,878.0,0.1971237,8.0,Soil moisture retrieval has recommended quality,Soil moisture retrieval was attempted,Soil moisture retrieval was successful,Freeze/thaw state retrieval was not successful,
TM01,25.4479389,-98.01216666666667,2019-03-24,h00v00,463.0,878.0,0.1667415,8.0,Soil moisture retrieval has recommended quality,Soil moisture retrieval was attempted,Soil moisture retrieval was successful,Freeze/thaw state retrieval was not successful,
TM01,25.4479389,-98.01216666666667,2019-03-25,h00v00,463.0,878.0,-9999.0,7.0,Soil moisture retrieval doesn't have recommended quality,Soil moisture retrieval was skipped,Soil moisture retrieval was not successful,Freeze/thaw state retrieval was successful,Not used
TM01,25.4479389,-98.01216666666667,2019-03-26,h00v00,463.0,878.0,0.1403934,8.0,Soil moisture retrieval has recommended quality,Soil moisture retrieval was attempted,Soil moisture retrieval was successful,Freeze/thaw state retrieval was not successful,
TM01,25.4479389,-98.01216666666667,2019-03-27,h00v00,463.0,878.0,-9999.0,7.0,Soil moisture retrieval doesn't have recommended quality,Soil moisture retrieval was skipped,Soil moisture retrieval was not successful,Freeze/thaw state retrieval was successful,Not used
TM01,25.4479389,-98.01216666666667,2019-03-28,h00v00,463.0,878.0,-9999.0,7.0,Soil moisture retrieval doesn't have recommended quality,Soil moisture retrieval was skipped,Soil moisture retrieval was not successful,Freeze/thaw state retrieval was successful,Not used
TM01,25.4479389,-98.01216666666667,2019-03-29,h00v00,463.0,878.0,0.1111697,8.0,Soil moisture retrieval has recommended quality,Soil moisture retrieval was attempted,Soil moisture retrieval was successful,Freeze/thaw state retrieval was not successful,
TM01,25.4479389,-98.01216666666667,2019-03-30,h00v00,463.0,878.0,-9999.0,7.0,Soil moisture retrieval doesn't have recommended quality,Soil moisture retrieval was skipped,Soil moisture retrieval was not successful,Freeze/thaw state retrieval was successful,Not used
TM01,25.4479389,-98.01216666666667,2019-03-31,h00v00,463.0,878.0,0.3390124,8.0,Soil moisture retrieval has recommended quality,Soil moisture retrieval was attempted,Soil moisture retrieval was successful,Freeze/thaw state retrieval was not successful,
TM01,25.4479389,-98.01216666666667,2019-04-01,h00v00,463.0,878.0,0.2793251,8.0,Soil moisture retrieval has recommended quality,Soil moisture retrieval was attempted,Soil moisture retrieval was successful,Freeze/thaw state retrieval was not successful,
TM01,25.4479389,-98.01216666666667,2019-04-02,h00v00,463.0,878.0,-9999.0,7.0,Soil moisture retrieval doesn't have recommended quality,Soil moisture retrieval was skipped,Soil moisture retrieval was not successful,Freeze/thaw state retrieval was successful,Not used
TM01,25.4479389,-98.01216666666667,2019-04-03,h00v00,463.0,878.0,0.2011519,8.0,Soil moisture retrieval has recommended quality,Soil moisture retrieval was attempted,Soil moisture retrieval was successful,Freeze/thaw state retrieval was not successful,
TM01,25.4479389,-98.01216666666667,2019-04-04,h00v00,463.0,878.0,-9999.0,7.0,Soil moisture retrieval doesn't have recommended quality,Soil moisture retrieval was skipped,Soil moisture retrieval was not successful,Freeze/thaw state retrieval was successful,Not used
TM01,25.4479389,-98.01216666666667,2019-04-05,h00v00,463.0,878.0,-9999.0,7.0,Soil moisture retrieval doesn't have recommended quality,Soil moisture retrieval was skipped,Soil moisture retrieval was not successful,Freeze/thaw state retrieval was successful,Not used
TM01,25.4479389,-98.01216666666667,2019-04-06,h00v00,463.0,878.0,0.1153437,8.0,Soil moisture retrieval has recommended quality,Soil moisture retrieval was attempted,Soil moisture retrieval was successful,Freeze/thaw state retrieval was not successful,
TM01,25.4479389,-98.01216666666667,2019-04-07,h00v00,463.0,878.0,-9999.0,7.0,Soil moisture retrieval doesn't have recommended quality,Soil moisture retrieval was skipped,Soil moisture retrieval was not successful,Freeze/thaw state retrieval was successful,Not used
TM01,25.4479389,-98.01216666666667,2019-04-08,h00v00,463.0,878.0,0.1983492,8.0,Soil moisture retrieval has recommended quality,Soil moisture retrieval was attempted,Soil moisture retrieval was successful,Freeze/thaw state retrieval was not successful,
TM01,25.4479389,-98.01216666666667,2019-04-09,h00v00,463.0,878.0,0.1384577,8.0,Soil moisture retrieval has recommended quality,Soil moisture retrieval was attempted,Soil moisture retrieval was successful,Freeze/thaw state retrieval was not successful,
TM01,25.4479389,-98.01216666666667,2019-04-10,h00v00,463.0,878.0,-9999.0,7.0,Soil moisture retrieval doesn't have recommended quality,Soil moisture retrieval was skipped,Soil moisture retrieval was not successful,Freeze/thaw state retrieval was successful,Not used
TM01,25.4479389,-98.01216666666667,2019-04-11,h00v00,463.0,878.0,0.1258958,8.0,Soil moisture retrieval has recommended quality,Soil moisture retrieval was attempted,Soil moisture retrieval was successful,Freeze/thaw state retrieval was not successful,
TM01,25.4479389,-98.01216666666667,2019-04-12,h00v00,463.0,878.0,-9999.0,7.0,Soil moisture retrieval doesn't have recommended quality,Soil moisture retrieval was skipped,Soil moisture retrieval was not successful,Freeze/thaw state retrieval was successful,Not used
TM01,25.4479389,-98.01216666666667,2019-04-13,h00v00,463.0,878.0,-9999.0,7.0,Soil moisture retrieval doesn't have recommended quality,Soil moisture retrieval was skipped,Soil moisture retrieval was not successful,Freeze/thaw state retrieval was successful,Not used
TM01,25.4479389,-98.01216666666667,2019-04-14,h00v00,463.0,878.0,0.1450523,8.0,Soil moisture retrieval has recommended quality,Soil moisture retrieval was attempted,Soil moisture retrieval was successful,Freeze/thaw state retrieval was not successful,
TM01,25.4479389,-98.01216666666667,2019-04-15,h00v00,463.0,878.0,-9999.0,7.0,Soil moisture retrieval doesn't have recommended quality,Soil moisture retrieval was skipped,Soil moisture retrieval was not successful,Freeze/thaw state retrieval was successful,Not used
TM01,25.4479389,-98.01216666666667,2019-04-16,h00v00,463.0,878.0,0.1226416,8.0,Soil moisture retrieval has recommended quality,Soil moisture retrieval was attempted,Soil moisture retrieval was successful,Freeze/thaw state retrieval was not successful,
TM01,25.4479389,-98.01216666666667,2019-04-17,h00v00,463.0,878.0,0.1138589,8.0,Soil moisture retrieval has recommended quality,Soil moisture retrieval was attempted,Soil moisture retrieval was successful,Freeze/thaw state retrieval was not successful,
TM01,25.4479389,-98.01216666666667,2019-04-18,h00v00,463.0,878.0,-9999.0,7.0,Soil moisture retrieval doesn't have recommended quality,Soil moisture retrieval was skipped,Soil moisture retrieval was not successful,Freeze/thaw state retrieval was successful,Not used
TM01,25.4479389,-98.01216666666667,2019-04-19,h00v00,463.0,878.0,0.1418035,8.0,Soil moisture retrieval has recommended quality,Soil moisture retrieval was attempted,Soil moisture retrieval was successful,Freeze/thaw state retrieval was not successful,
TM01,25.4479389,-98.01216666666667,2019-04-20,h00v00,463.0,878.0,-9999.0,7.0,Soil moisture retrieval doesn't have recommended quality,Soil moisture retrieval was skipped,Soil moisture retrieval was not successful,Freeze/thaw state retrieval was successful,Not used
TM01,25.4479389,-98.01216666666667,2019-04-21,h00v00,463.0,878.0,-9999.0,7.0,Soil moisture retrieval doesn't have recommended quality,Soil moisture retrieval was skipped,Soil moisture retrieval was not successful,Freeze/thaw state retrieval was successful,Not used
TM01,25.4479389,-98.01216666666667,2019-04-22,h00v00,463.0,878.0,0.126701,8.0,Soil moisture retrieval has recommended quality,Soil moisture retrieval was attempted,Soil moisture retrieval was successful,Freeze/thaw state retrieval was not successful,
TM01,25.4479389,-98.01216666666667,2019-04-23,h00v00,463.0,878.0,-9999.0,7.0,Soil moisture retrieval doesn't have recommended quality,Soil moisture retrieval was skipped,Soil moisture retrieval was not successful,Freeze/thaw state retrieval was successful,Not used
TM01,25.4479389,-98.01216666666667,2019-04-24,h00v00,463.0,878.0,0.1292627,8.0,Soil moisture retrieval has recommended quality,Soil moisture retrieval was attempted,Soil moisture retrieval was successful,Freeze/thaw state retrieval was not successful,
TM01,25.4479389,-98.01216666666667,2019-04-25,h00v00,463.0,878.0,0.2301245,8.0,Soil moisture retrieval has recommended quality,Soil moisture retrieval was attempted,Soil moisture retrieval was successful,Freeze/thaw state retrieval was not successful,
TM01,25.4479389,-98.01216666666667,2019-04-26,h00v00,463.0,878.0,-9999.0,7.0,Soil moisture retrieval doesn't have recommended quality,Soil moisture retrieval was skipped,Soil moisture retrieval was not successful,Freeze/thaw state retrieval was successful,Not used
TM01,25.4479389,-98.01216666666667,2019-04-27,h00v00,463.0,878.0,0.1533975,8.0,Soil moisture retrieval has recommended quality,Soil moisture retrieval was attempted,Soil moisture retrieval was successful,Freeze/thaw state retrieval was not successful,
TM01,25.4479389,-98.01216666666667,2019-04-28,h00v00,463.0,878.0,-9999.0,7.0,Soil moisture retrieval doesn't have recommended quality,Soil moisture retrieval was skipped,Soil moisture retrieval was not successful,Freeze/thaw state retrieval was successful,Not used
TM01,25.4479389,-98.01216666666667,2019-04-29,h00v00,463.0,878.0,-9999.0,7.0,Soil moisture retrieval doesn't have recommended quality,Soil moisture retrieval was skipped,Soil moisture retrieval was not successful,Freeze/thaw state retrieval was successful,Not used
TM01,25.4479389,-98.01216666666667,2019-04-30,h00v00,463.0,878.0,0.1327669,8.0,Soil moisture retrieval has recommended quality,Soil moisture retrieval was attempted,Soil moisture retrieval was successful,Freeze/thaw state retrieval was not successful,
TM01,25.4479389,-98.01216666666667,2019-05-01,h00v00,463.0,878.0,-9999.0,7.0,Soil moisture retrieval doesn't have recommended quality,Soil moisture retrieval was skipped,Soil moisture retrieval was not successful,Freeze/thaw state retrieval was successful,Not used
TM01,25.4479389,-98.01216666666667,2019-05-02,h00v00,463.0,878.0,0.127681,8.0,Soil moisture retrieval has recommended quality,Soil moisture retrieval was attempted,Soil moisture retrieval was successful,Freeze/thaw state retrieval was not successful,
TM01,25.4479389,-98.01216666666667,2019-05-03,h00v00,463.0,878.0,0.1310627,8.0,Soil moisture retrieval has recommended quality,Soil moisture retrieval was attempted,Soil moisture retrieval was successful,Freeze/thaw state retrieval was not successful,
TM01,25.4479389,-98.01216666666667,2019-05-04,h00v00,463.0,878.0,-9999.0,7.0,Soil moisture retrieval doesn't have recommended quality,Soil moisture retrieval was skipped,Soil moisture retrieval was not successful,Freeze/thaw state retrieval was successful,Not used
TM01,25.4479389,-98.01216666666667,2019-05-05,h00v00,463.0,878.0,-9999.0,7.0,Soil moisture retrieval doesn't have recommended quality,Soil moisture retrieval was skipped,Soil moisture retrieval was not successful,Freeze/thaw state retrieval was successful,Not used
TM01,25.4479389,-98.01216666666667,2019-05-06,h00v00,463.0,878.0,-9999.0,7.0,Soil moisture retrieval doesn't have recommended quality,Soil moisture retrieval was skipped,Soil moisture retrieval was not successful,Freeze/thaw state retrieval was successful,Not used
TM01,25.4479389,-98.01216666666667,2019-05-07,h00v00,463.0,878.0,-9999.0,7.0,Soil moisture retrieval doesn't have recommended quality,Soil moisture retrieval was skipped,Soil moisture retrieval was not successful,Freeze/thaw state retrieval was successful,Not used
TM01,25.4479389,-98.01216666666667,2019-05-08,h00v00,463.0,878.0,0.1339512,8.0,Soil moisture retrieval has recommended quality,Soil moisture retrieval was attempted,Soil moisture retrieval was successful,Freeze/thaw state retrieval was not successful,
TM01,25.4479389,-98.01216666666667,2019-05-09,h00v00,463.0,878.0,-9999.0,7.0,Soil moisture retrieval doesn't have recommended quality,Soil moisture retrieval was skipped,Soil moisture retrieval was not successful,Freeze/thaw state retrieval was successful,Not used
TM01,25.4479389,-98.01216666666667,2019-05-10,h00v00,463.0,878.0,0.1379035,8.0,Soil moisture retrieval has recommended quality,Soil moisture retrieval was attempted,Soil moisture retrieval was successful,Freeze/thaw state retrieval was not successful,
TM01,25.4479389,-98.01216666666667,2019-05-11,h00v00,463.0,878.0,0.2354067,8.0,Soil moisture retrieval has recommended quality,Soil moisture retrieval was attempted,Soil moisture retrieval was successful,Freeze/thaw state retrieval was not successful,
TM01,25.4479389,-98.01216666666667,2019-05-12,h00v00,463.0,878.0,-9999.0,7.0,Soil moisture retrieval doesn't have recommended quality,Soil moisture retrieval was skipped,Soil moisture retrieval was not successful,Freeze/thaw state retrieval was successful,Not used
TM01,25.4479389,-98.01216666666667,2019-05-13,h00v00,463.0,878.0,0.1753541,8.0,Soil moisture retrieval has recommended quality,Soil moisture retrieval was attempted,Soil moisture retrieval was successful,Freeze/thaw state retrieval was not successful,
TM01,25.4479389,-98.01216666666667,2019-05-14,h00v00,463.0,878.0,-9999.0,7.0,Soil moisture retrieval doesn't have recommended quality,Soil moisture retrieval was skipped,Soil moisture retrieval was not successful,Freeze/thaw state retrieval was successful,Not used
TM01,25.4479389,-98.01216666666667,2019-05-15,h00v00,463.0,878.0,-9999.0,7.0,Soil moisture retrieval doesn't have recommended quality,Soil moisture retrieval was skipped,Soil moisture retrieval was not successful,Freeze/thaw state retrieval was successful,Not used
TM01,25.4479389,-98.01216666666667,2019-05-16,h00v00,463.0,878.0,0.2543036,13.0,Soil moisture retrieval doesn't have recommended quality,Soil moisture retrieval was attempted,Soil moisture retrieval was not successful,Freeze/thaw state retrieval was not successful,
TM01,25.4479389,-98.01216666666667,2019-05-17,h00v00,463.0,878.0,-9999.0,7.0,Soil moisture retrieval doesn't have recommended quality,Soil moisture retrieval was skipped,Soil moisture retrieval was not successful,Freeze/thaw state retrieval was successful,Not used
TM01,25.4479389,-98.01216666666667,2019-05-18,h00v00,463.0,878.0,0.196284,8.0,Soil moisture retrieval has recommended quality,Soil moisture retrieval was attempted,Soil moisture retrieval was successful,Freeze/thaw state retrieval was not successful,
TM01,25.4479389,-98.01216666666667,2019-05-19,h00v00,463.0,878.0,-9999.0,7.0,Soil moisture retrieval doesn't have recommended quality,Soil moisture retrieval was skipped,Soil moisture retrieval was not successful,Freeze/thaw state retrieval was successful,Not used
TM01,25.4479389,-98.01216666666667,2019-05-20,h00v00,463.0,878.0,-9999.0,7.0,Soil moisture retrieval doesn't have recommended quality,Soil moisture retrieval was skipped,Soil moisture retrieval was not successful,Freeze/thaw state retrieval was successful,Not used
TM01,25.4479389,-98.01216666666667,2019-05-21,h00v00,463.0,878.0,0.137177,8.0,Soil moisture retrieval has recommended quality,Soil moisture retrieval was attempted,Soil moisture retrieval was successful,Freeze/thaw state retrieval was not successful,
TM01,25.4479389,-98.01216666666667,2019-05-22,h00v00,463.0,878.0,-9999.0,7.0,Soil moisture retrieval doesn't have recommended quality,Soil moisture retrieval was skipped,Soil moisture retrieval was not successful,Freeze/thaw state retrieval was successful,Not used
TM01,25.4479389,-98.01216666666667,2019-05-23,h00v00,463.0,878.0,-9999.0,7.0,Soil moisture retrieval doesn't have recommended quality,Soil moisture retrieval was skipped,Soil moisture retrieval was not successful,Freeze/thaw state retrieval was successful,Not used
TM01,25.4479389,-98.01216666666667,2019-05-24,h00v00,463.0,878.0,0.1325498,8.0,Soil moisture retrieval has recommended quality,Soil moisture retrieval was attempted,Soil moisture retrieval was successful,Freeze/thaw state retrieval was not successful,
TM01,25.4479389,-98.01216666666667,2019-05-25,h00v00,463.0,878.0,-9999.0,7.0,Soil moisture retrieval doesn't have recommended quality,Soil moisture retrieval was skipped,Soil moisture retrieval was not successful,Freeze/thaw state retrieval was successful,Not used
TM01,25.4479389,-98.01216666666667,2019-05-26,h00v00,463.0,878.0,0.1129507,8.0,Soil moisture retrieval has recommended quality,Soil moisture retrieval was attempted,Soil moisture retrieval was successful,Freeze/thaw state retrieval was not successful,
TM01,25.4479389,-98.01216666666667,2019-05-27,h00v00,463.0,878.0,0.1087618,8.0,Soil moisture retrieval has recommended quality,Soil moisture retrieval was attempted,Soil moisture retrieval was successful,Freeze/thaw state retrieval was not successful,
TM01,25.4479389,-98.01216666666667,2019-05-28,h00v00,463.0,878.0,-9999.0,7.0,Soil moisture retrieval doesn't have recommended quality,Soil moisture retrieval was skipped,Soil moisture retrieval was not successful,Freeze/thaw state retrieval was successful,Not used
TM01,25.4479389,-98.01216666666667,2019-05-29,h00v00,463.0,878.0,0.1102201,8.0,Soil moisture retrieval has recommended quality,Soil moisture retrieval was attempted,Soil moisture retrieval was successful,Freeze/thaw state retrieval was not successful,
TM01,25.4479389,-98.01216666666667,2019-05-30,h00v00,463.0,878.0,-9999.0,7.0,Soil moisture retrieval doesn't have recommended quality,Soil moisture retrieval was skipped,Soil moisture retrieval was not successful,Freeze/thaw state retrieval was successful,Not used
TM01,25.4479389,-98.01216666666667,2019-05-31,h00v00,463.0,878.0,-9999.0,7.0,Soil moisture retrieval doesn't have recommended quality,Soil moisture retrieval was skipped,Soil moisture retrieval was not successful,Freeze/thaw state retrieval was successful,Not used
TM01,25.4479389,-98.01216666666667,2019-06-01,h00v00,463.0,878.0,0.1137168,8.0,Soil moisture retrieval has recommended quality,Soil moisture retrieval was attempted,Soil moisture retrieval was successful,Freeze/thaw state retrieval was not successful,
TM01,25.4479389,-98.01216666666667,2019-06-02,h00v00,463.0,878.0,-9999.0,7.0,Soil moisture retrieval doesn't have recommended quality,Soil moisture retrieval was skipped,Soil moisture retrieval was not successful,Freeze/thaw state retrieval was successful,Not used
TM01,25.4479389,-98.01216666666667,2019-06-03,h00v00,463.0,878.0,0.1246426,8.0,Soil moisture retrieval has recommended quality,Soil moisture retrieval was attempted,Soil moisture retrieval was successful,Freeze/thaw state retrieval was not successful,
TM01,25.4479389,-98.01216666666667,2019-06-04,h00v00,463.0,878.0,0.1485994,8.0,Soil moisture retrieval has recommended quality,Soil moisture retrieval was attempted,Soil moisture retrieval was successful,Freeze/thaw state retrieval was not successful,
TM01,25.4479389,-98.01216666666667,2019-06-05,h00v00,463.0,878.0,-9999.0,7.0,Soil moisture retrieval doesn't have recommended quality,Soil moisture retrieval was skipped,Soil moisture retrieval was not successful,Freeze/thaw state retrieval was successful,Not used
TM01,25.4479389,-98.01216666666667,2019-06-06,h00v00,463.0,878.0,0.1603045,8.0,Soil moisture retrieval has recommended quality,Soil moisture retrieval was attempted,Soil moisture retrieval was successful,Freeze/thaw state retrieval was not successful,
TM01,25.4479389,-98.01216666666667,2019-06-07,h00v00,463.0,878.0,-9999.0,7.0,Soil moisture retrieval doesn't have recommended quality,Soil moisture retrieval was skipped,Soil moisture retrieval was not successful,Freeze/thaw state retrieval was successful,Not used
TM01,25.4479389,-98.01216666666667,2019-06-08,h00v00,463.0,878.0,-9999.0,7.0,Soil moisture retrieval doesn't have recommended quality,Soil moisture retrieval was skipped,Soil moisture retrieval was not successful,Freeze/thaw state retrieval was successful,Not used
TM01,25.4479389,-98.01216666666667,2019-06-09,h00v00,463.0,878.0,0.1150279,8.0,Soil moisture retrieval has recommended quality,Soil moisture retrieval was attempted,Soil moisture retrieval was successful,Freeze/thaw state retrieval was not successful,
TM01,25.4479389,-98.01216666666667,2019-06-10,h00v00,463.0,878.0,-9999.0,7.0,Soil moisture retrieval doesn't have recommended quality,Soil moisture retrieval was skipped,Soil moisture retrieval was not successful,Freeze/thaw state retrieval was successful,Not used
TM01,25.4479389,-98.01216666666667,2019-06-11,h00v00,463.0,878.0,0.2689288,8.0,Soil moisture retrieval has recommended quality,Soil moisture retrieval was attempted,Soil moisture retrieval was successful,Freeze/thaw state retrieval was not successful,
TM01,25.4479389,-98.01216666666667,2019-06-12,h00v00,463.0,878.0,0.2998111,13.0,Soil moisture retrieval doesn't have recommended quality,Soil moisture retrieval was attempted,Soil moisture retrieval was not successful,Freeze/thaw state retrieval was not successful,
TM01,25.4479389,-98.01216666666667,2019-06-13,h00v00,463.0,878.0,-9999.0,7.0,Soil moisture retrieval doesn't have recommended quality,Soil moisture retrieval was skipped,Soil moisture retrieval was not successful,Freeze/thaw state retrieval was successful,Not used
TM01,25.4479389,-98.01216666666667,2019-06-14,h00v00,463.0,878.0,0.2006883,8.0,Soil moisture retrieval has recommended quality,Soil moisture retrieval was attempted,Soil moisture retrieval was successful,Freeze/thaw state retrieval was not successful,
TM01,25.4479389,-98.01216666666667,2019-06-15,h00v00,463.0,878.0,-9999.0,7.0,Soil moisture retrieval doesn't have recommended quality,Soil moisture retrieval was skipped,Soil moisture retrieval was not successful,Freeze/thaw state retrieval was successful,Not used
TM01,25.4479389,-98.01216666666667,2019-06-16,h00v00,463.0,878.0,-9999.0,7.0,Soil moisture retrieval doesn't have recommended quality,Soil moisture retrieval was skipped,Soil moisture retrieval was not successful,Freeze/thaw state retrieval was successful,Not used
TM01,25.4479389,-98.01216666666667,2019-06-17,h00v00,463.0,878.0,0.1133368,8.0,Soil moisture retrieval has recommended quality,Soil moisture retrieval was attempted,Soil moisture retrieval was successful,Freeze/thaw state retrieval was not successful,
TM01,25.4479389,-98.01216666666667,2019-06-18,h00v00,463.0,878.0,-9999.0,7.0,Soil moisture retrieval doesn't have recommended quality,Soil moisture retrieval was skipped,Soil moisture retrieval was not successful,Freeze/thaw state retrieval was successful,Not used
TM01,25.4479389,-98.01216666666667,2019-06-19,h00v00,463.0,878.0,0.1110936,8.0,Soil moisture retrieval has recommended quality,Soil moisture retrieval was attempted,Soil moisture retrieval was successful,Freeze/thaw state retrieval was not successful,
TM01,25.4479389,-98.01216666666667,2019-07-23,h00v00,463.0,878.0,-9999.0,7.0,Soil moisture retrieval doesn't have recommended quality,Soil moisture retrieval was skipped,Soil moisture retrieval was not successful,Freeze/thaw state retrieval was successful,Not used
TM01,25.4479389,-98.01216666666667,2019-07-24,h00v00,463.0,878.0,0.1931174,8.0,Soil moisture retrieval has recommended quality,Soil moisture retrieval was attempted,Soil moisture retrieval was successful,Freeze/thaw state retrieval was not successful,
TM01,25.4479389,-98.01216666666667,2019-07-25,h00v00,463.0,878.0,-9999.0,7.0,Soil moisture retrieval doesn't have recommended quality,Soil moisture retrieval was skipped,Soil moisture retrieval was not successful,Freeze/thaw state retrieval was successful,Not used
TM01,25.4479389,-98.01216666666667,2019-07-26,h00v00,463.0,878.0,-9999.0,7.0,Soil moisture retrieval doesn't have recommended quality,Soil moisture retrieval was skipped,Soil moisture retrieval was not successful,Freeze/thaw state retrieval was successful,Not used
TM01,25.4479389,-98.01216666666667,2019-07-27,h00v00,463.0,878.0,0.1947931,8.0,Soil moisture retrieval has recommended quality,Soil moisture retrieval was attempted,Soil moisture retrieval was successful,Freeze/thaw state retrieval was not successful,
TM01,25.4479389,-98.01216666666667,2019-07-28,h00v00,463.0,878.0,-9999.0,7.0,Soil moisture retrieval doesn't have recommended quality,Soil moisture retrieval was skipped,Soil moisture retrieval was not successful,Freeze/thaw state retrieval was successful,Not used
TM01,25.4479389,-98.01216666666667,2019-07-29,h00v00,463.0,878.0,0.1223614,8.0,Soil moisture retrieval has recommended quality,Soil moisture retrieval was attempted,Soil moisture retrieval was successful,Freeze/thaw state retrieval was not successful,
TM01,25.4479389,-98.01216666666667,2019-07-30,h00v00,463.0,878.0,-9999.0,7.0,Soil moisture retrieval doesn't have recommended quality,Soil moisture retrieval was skipped,Soil moisture retrieval was not successful,Freeze/thaw state retrieval was successful,Not used
TM01,25.4479389,-98.01216666666667,2019-07-31,h00v00,463.0,878.0,-9999.0,7.0,Soil moisture retrieval doesn't have recommended quality,Soil moisture retrieval was skipped,Soil moisture retrieval was not successful,Freeze/thaw state retrieval was successful,Not used
TM01,25.4479389,-98.01216666666667,2019-08-01,h00v00,463.0,878.0,0.1127355,8.0,Soil moisture retrieval has recommended quality,Soil moisture retrieval was attempted,Soil moisture retrieval was successful,Freeze/thaw state retrieval was not successful,
TM01,25.4479389,-98.01216666666667,2019-08-02,h00v00,463.0,878.0,-9999.0,7.0,Soil moisture retrieval doesn't have recommended quality,Soil moisture retrieval was skipped,Soil moisture retrieval was not successful,Freeze/thaw state retrieval was successful,Not used
TM01,25.4479389,-98.01216666666667,2019-08-03,h00v00,463.0,878.0,-9999.0,7.0,Soil moisture retrieval doesn't have recommended quality,Soil moisture retrieval was skipped,Soil moisture retrieval was not successful,Freeze/thaw state retrieval was successful,Not used
TM01,25.4479389,-98.01216666666667,2019-08-04,h00v00,463.0,878.0,0.1173867,8.0,Soil moisture retrieval has recommended quality,Soil moisture retrieval was attempted,Soil moisture retrieval was successful,Freeze/thaw state retrieval was not successful,
TM01,25.4479389,-98.01216666666667,2019-08-05,h00v00,463.0,878.0,-9999.0,7.0,Soil moisture retrieval doesn't have recommended quality,Soil moisture retrieval was skipped,Soil moisture retrieval was not successful,Freeze/thaw state retrieval was successful,Not used
TM01,25.4479389,-98.01216666666667,2019-08-06,h00v00,463.0,878.0,-9999.0,7.0,Soil moisture retrieval doesn't have recommended quality,Soil moisture retrieval was skipped,Soil moisture retrieval was not successful,Freeze/thaw state retrieval was successful,Not used
TM01,25.4479389,-98.01216666666667,2019-08-07,h00v00,463.0,878.0,0.083122,8.0,Soil moisture retrieval has recommended quality,Soil moisture retrieval was attempted,Soil moisture retrieval was successful,Freeze/thaw state retrieval was not successful,
TM01,25.4479389,-98.01216666666667,2019-08-08,h00v00,463.0,878.0,-9999.0,7.0,Soil moisture retrieval doesn't have recommended quality,Soil moisture retrieval was skipped,Soil moisture retrieval was not successful,Freeze/thaw state retrieval was successful,Not used
TM01,25.4479389,-98.01216666666667,2019-08-09,h00v00,463.0,878.0,0.0991559,8.0,Soil moisture retrieval has recommended quality,Soil moisture retrieval was attempted,Soil moisture retrieval was successful,Freeze/thaw state retrieval was not successful,
TM01,25.4479389,-98.01216666666667,2019-08-10,h00v00,463.0,878.0,-9999.0,7.0,Soil moisture retrieval doesn't have recommended quality,Soil moisture retrieval was skipped,Soil moisture retrieval was not successful,Freeze/thaw state retrieval was successful,Not used
TM01,25.4479389,-98.01216666666667,2019-08-11,h00v00,463.0,878.0,-9999.0,7.0,Soil moisture retrieval doesn't have recommended quality,Soil moisture retrieval was skipped,Soil moisture retrieval was not successful,Freeze/thaw state retrieval was successful,Not used
TM01,25.4479389,-98.01216666666667,2019-08-12,h00v00,463.0,878.0,0.0939811,8.0,Soil moisture retrieval has recommended quality,Soil moisture retrieval was attempted,Soil moisture retrieval was successful,Freeze/thaw state retrieval was not successful,
TM01,25.4479389,-98.01216666666667,2019-08-13,h00v00,463.0,878.0,-9999.0,7.0,Soil moisture retrieval doesn't have recommended quality,Soil moisture retrieval was skipped,Soil moisture retrieval was not successful,Freeze/thaw state retrieval was successful,Not used
TM01,25.4479389,-98.01216666666667,2019-08-14,h00v00,463.0,878.0,0.1079576,8.0,Soil moisture retrieval has recommended quality,Soil moisture retrieval was attempted,Soil moisture retrieval was successful,Freeze/thaw state retrieval was not successful,
TM01,25.4479389,-98.01216666666667,2019-08-15,h00v00,463.0,878.0,0.0833676,8.0,Soil moisture retrieval has recommended quality,Soil moisture retrieval was attempted,Soil moisture retrieval was successful,Freeze/thaw state retrieval was not successful,
TM01,25.4479389,-98.01216666666667,2019-08-16,h00v00,463.0,878.0,-9999.0,7.0,Soil moisture retrieval doesn't have recommended quality,Soil moisture retrieval was skipped,Soil moisture retrieval was not successful,Freeze/thaw state retrieval was successful,Not used
TM01,25.4479389,-98.01216666666667,2019-08-17,h00v00,463.0,878.0,0.0970554,8.0,Soil moisture retrieval has recommended quality,Soil moisture retrieval was attempted,Soil moisture retrieval was successful,Freeze/thaw state retrieval was not successful,
TM01,25.4479389,-98.01216666666667,2019-08-18,h00v00,463.0,878.0,-9999.0,7.0,Soil moisture retrieval doesn't have recommended quality,Soil moisture retrieval was skipped,Soil moisture retrieval was not successful,Freeze/thaw state retrieval was successful,Not used
TM01,25.4479389,-98.01216666666667,2019-08-19,h00v00,463.0,878.0,-9999.0,7.0,Soil moisture retrieval doesn't have recommended quality,Soil moisture retrieval was skipped,Soil moisture retrieval was not successful,Freeze/thaw state retrieval was successful,Not used
TM01,25.4479389,-98.01216666666667,2019-08-20,h00v00,463.0,878.0,0.1022388,8.0,Soil moisture retrieval has recommended quality,Soil moisture retrieval was attempted,Soil moisture retrieval was successful,Freeze/thaw state retrieval was not successful,
TM01,25.4479389,-98.01216666666667,2019-08-21,h00v00,463.0,878.0,-9999.0,7.0,Soil moisture retrieval doesn't have recommended quality,Soil moisture retrieval was skipped,Soil moisture retrieval was not successful,Freeze/thaw state retrieval was successful,Not used
TM01,25.4479389,-98.01216666666667,2019-08-22,h00v00,463.0,878.0,0.099927,8.0,Soil moisture retrieval has recommended quality,Soil moisture retrieval was attempted,Soil moisture retrieval was successful,Freeze/thaw state retrieval was not successful,
TM01,25.4479389,-98.01216666666667,2019-08-23,h00v00,463.0,878.0,0.082714,8.0,Soil moisture retrieval has recommended quality,Soil moisture retrieval was attempted,Soil moisture retrieval was successful,Freeze/thaw state retrieval was not successful,
TM01,25.4479389,-98.01216666666667,2019-08-24,h00v00,463.0,878.0,-9999.0,7.0,Soil moisture retrieval doesn't have recommended quality,Soil moisture retrieval was skipped,Soil moisture retrieval was not successful,Freeze/thaw state retrieval was successful,Not used
TM01,25.4479389,-98.01216666666667,2019-08-25,h00v00,463.0,878.0,0.0959389,8.0,Soil moisture retrieval has recommended quality,Soil moisture retrieval was attempted,Soil moisture retrieval was successful,Freeze/thaw state retrieval was not successful,
TM01,25.4479389,-98.01216666666667,2019-08-26,h00v00,463.0,878.0,-9999.0,7.0,Soil moisture retrieval doesn't have recommended quality,Soil moisture retrieval was skipped,Soil moisture retrieval was not successful,Freeze/thaw state retrieval was successful,Not used
TM01,25.4479389,-98.01216666666667,2019-08-27,h00v00,463.0,878.0,-9999.0,7.0,Soil moisture retrieval doesn't have recommended quality,Soil moisture retrieval was skipped,Soil moisture retrieval was not successful,Freeze/thaw state retrieval was successful,Not used
TM01,25.4479389,-98.01216666666667,2019-08-28,h00v00,463.0,878.0,0.1035787,8.0,Soil moisture retrieval has recommended quality,Soil moisture retrieval was attempted,Soil moisture retrieval was successful,Freeze/thaw state retrieval was not successful,
TM01,25.4479389,-98.01216666666667,2019-08-29,h00v00,463.0,878.0,-9999.0,7.0,Soil moisture retrieval doesn't have recommended quality,Soil moisture retrieval was skipped,Soil moisture retrieval was not successful,Freeze/thaw state retrieval was successful,Not used
TM01,25.4479389,-98.01216666666667,2019-08-30,h00v00,463.0,878.0,0.1097189,8.0,Soil moisture retrieval has recommended quality,Soil moisture retrieval was attempted,Soil moisture retrieval was successful,Freeze/thaw state retrieval was not successful,
TM01,25.4479389,-98.01216666666667,2019-08-31,h00v00,463.0,878.0,0.0835149,8.0,Soil moisture retrieval has recommended quality,Soil moisture retrieval was attempted,Soil moisture retrieval was successful,Freeze/thaw state retrieval was not successful,
TM01,25.4479389,-98.01216666666667,2019-09-01,h00v00,463.0,878.0,-9999.0,7.0,Soil moisture retrieval doesn't have recommended quality,Soil moisture retrieval was skipped,Soil moisture retrieval was not successful,Freeze/thaw state retrieval was successful,Not used
TM01,25.4479389,-98.01216666666667,2019-09-02,h00v00,463.0,878.0,0.118317,8.0,Soil moisture retrieval has recommended quality,Soil moisture retrieval was attempted,Soil moisture retrieval was successful,Freeze/thaw state retrieval was not successful,
TM01,25.4479389,-98.01216666666667,2019-09-03,h00v00,463.0,878.0,-9999.0,7.0,Soil moisture retrieval doesn't have recommended quality,Soil moisture retrieval was skipped,Soil moisture retrieval was not successful,Freeze/thaw state retrieval was successful,Not used
TM01,25.4479389,-98.01216666666667,2019-09-04,h00v00,463.0,878.0,-9999.0,7.0,Soil moisture retrieval doesn't have recommended quality,Soil moisture retrieval was skipped,Soil moisture retrieval was not successful,Freeze/thaw state retrieval was successful,Not used
TM01,25.4479389,-98.01216666666667,2019-09-05,h00v00,463.0,878.0,0.4051686,13.0,Soil moisture retrieval doesn't have recommended quality,Soil moisture retrieval was attempted,Soil moisture retrieval was not successful,Freeze/thaw state retrieval was not successful,
TM01,25.4479389,-98.01216666666667,2019-09-06,h00v00,463.0,878.0,-9999.0,7.0,Soil moisture retrieval doesn't have recommended quality,Soil moisture retrieval was skipped,Soil moisture retrieval was not successful,Freeze/thaw state retrieval was successful,Not used
TM01,25.4479389,-98.01216666666667,2019-09-07,h00v00,463.0,878.0,0.4051686,13.0,Soil moisture retrieval doesn't have recommended quality,Soil moisture retrieval was attempted,Soil moisture retrieval was not successful,Freeze/thaw state retrieval was not successful,
TM01,25.4479389,-98.01216666666667,2019-09-08,h00v00,463.0,878.0,0.3363239,8.0,Soil moisture retrieval has recommended quality,Soil moisture retrieval was attempted,Soil moisture retrieval was successful,Freeze/thaw state retrieval was not successful,
TM01,25.4479389,-98.01216666666667,2019-09-09,h00v00,463.0,878.0,-9999.0,7.0,Soil moisture retrieval doesn't have recommended quality,Soil moisture retrieval was skipped,Soil moisture retrieval was not successful,Freeze/thaw state retrieval was successful,Not used
TM01,25.4479389,-98.01216666666667,2019-09-10,h00v00,463.0,878.0,0.2989134,13.0,Soil moisture retrieval doesn't have recommended quality,Soil moisture retrieval was attempted,Soil moisture retrieval was not successful,Freeze/thaw state retrieval was not successful,
TM01,25.4479389,-98.01216666666667,2019-09-11,h00v00,463.0,878.0,-9999.0,7.0,Soil moisture retrieval doesn't have recommended quality,Soil moisture retrieval was skipped,Soil moisture retrieval was not successful,Freeze/thaw state retrieval was successful,Not used
TM01,25.4479389,-98.01216666666667,2019-09-12,h00v00,463.0,878.0,-9999.0,7.0,Soil moisture retrieval doesn't have recommended quality,Soil moisture retrieval was skipped,Soil moisture retrieval was not successful,Freeze/thaw state retrieval was successful,Not used
TM01,25.4479389,-98.01216666666667,2019-09-13,h00v00,463.0,878.0,0.2908361,13.0,Soil moisture retrieval doesn't have recommended quality,Soil moisture retrieval was attempted,Soil moisture retrieval was not successful,Freeze/thaw state retrieval was not successful,
TM01,25.4479389,-98.01216666666667,2019-09-14,h00v00,463.0,878.0,-9999.0,7.0,Soil moisture retrieval doesn't have recommended quality,Soil moisture retrieval was skipped,Soil moisture retrieval was not successful,Freeze/thaw state retrieval was successful,Not used
TM01,25.4479389,-98.01216666666667,2019-09-15,h00v00,463.0,878.0,0.3024865,13.0,Soil moisture retrieval doesn't have recommended quality,Soil moisture retrieval was attempted,Soil moisture retrieval was not successful,Freeze/thaw state retrieval was not successful,
TM01,25.4479389,-98.01216666666667,2019-09-16,h00v00,463.0,878.0,0.2736659,8.0,Soil moisture retrieval has recommended quality,Soil moisture retrieval was attempted,Soil moisture retrieval was successful,Freeze/thaw state retrieval was not successful,
TM01,25.4479389,-98.01216666666667,2019-09-17,h00v00,463.0,878.0,-9999.0,7.0,Soil moisture retrieval doesn't have recommended quality,Soil moisture retrieval was skipped,Soil moisture retrieval was not successful,Freeze/thaw state retrieval was successful,Not used
TM01,25.4479389,-98.01216666666667,2019-09-18,h00v00,463.0,878.0,0.2298535,8.0,Soil moisture retrieval has recommended quality,Soil moisture retrieval was attempted,Soil moisture retrieval was successful,Freeze/thaw state retrieval was not successful,
TM01,25.4479389,-98.01216666666667,2019-09-19,h00v00,463.0,878.0,-9999.0,7.0,Soil moisture retrieval doesn't have recommended quality,Soil moisture retrieval was skipped,Soil moisture retrieval was not successful,Freeze/thaw state retrieval was successful,Not used
TM01,25.4479389,-98.01216666666667,2019-09-20,h00v00,463.0,878.0,-9999.0,7.0,Soil moisture retrieval doesn't have recommended quality,Soil moisture retrieval was skipped,Soil moisture retrieval was not successful,Freeze/thaw state retrieval was successful,Not used
TM01,25.4479389,-98.01216666666667,2019-09-21,h00v00,463.0,878.0,0.167948,8.0,Soil moisture retrieval has recommended quality,Soil moisture retrieval was attempted,Soil moisture retrieval was successful,Freeze/thaw state retrieval was not successful,
TM01,25.4479389,-98.01216666666667,2019-09-22,h00v00,463.0,878.0,-9999.0,7.0,Soil moisture retrieval doesn't have recommended quality,Soil moisture retrieval was skipped,Soil moisture retrieval was not successful,Freeze/thaw state retrieval was successful,Not used
TM01,25.4479389,-98.01216666666667,2019-09-23,h00v00,463.0,878.0,0.1624012,8.0,Soil moisture retrieval has recommended quality,Soil moisture retrieval was attempted,Soil moisture retrieval was successful,Freeze/thaw state retrieval was not successful,
TM01,25.4479389,-98.01216666666667,2019-09-24,h00v00,463.0,878.0,0.1560654,8.0,Soil moisture retrieval has recommended quality,Soil moisture retrieval was attempted,Soil moisture retrieval was successful,Freeze/thaw state retrieval was not successful,
TM01,25.4479389,-98.01216666666667,2019-09-25,h00v00,463.0,878.0,-9999.0,7.0,Soil moisture retrieval doesn't have recommended quality,Soil moisture retrieval was skipped,Soil moisture retrieval was not successful,Freeze/thaw state retrieval was successful,Not used
TM01,25.4479389,-98.01216666666667,2019-09-26,h00v00,463.0,878.0,0.1305323,8.0,Soil moisture retrieval has recommended quality,Soil moisture retrieval was attempted,Soil moisture retrieval was successful,Freeze/thaw state retrieval was not successful,
TM01,25.4479389,-98.01216666666667,2019-09-27,h00v00,463.0,878.0,-9999.0,7.0,Soil moisture retrieval doesn't have recommended quality,Soil moisture retrieval was skipped,Soil moisture retrieval was not successful,Freeze/thaw state retrieval was successful,Not used
TM01,25.4479389,-98.01216666666667,2019-09-28,h00v00,463.0,878.0,-9999.0,7.0,Soil moisture retrieval doesn't have recommended quality,Soil moisture retrieval was skipped,Soil moisture retrieval was not successful,Freeze/thaw state retrieval was successful,Not used
TM01,25.4479389,-98.01216666666667,2019-09-29,h00v00,463.0,878.0,0.3768233,13.0,Soil moisture retrieval doesn't have recommended quality,Soil moisture retrieval was attempted,Soil moisture retrieval was not successful,Freeze/thaw state retrieval was not successful,
TM01,25.4479389,-98.01216666666667,2019-09-30,h00v00,463.0,878.0,-9999.0,7.0,Soil moisture retrieval doesn't have recommended quality,Soil moisture retrieval was skipped,Soil moisture retrieval was not successful,Freeze/thaw state retrieval was successful,Not used
TM01,25.4479389,-98.01216666666667,2019-10-01,h00v00,463.0,878.0,0.4051686,13.0,Soil moisture retrieval doesn't have recommended quality,Soil moisture retrieval was attempted,Soil moisture retrieval was not successful,Freeze/thaw state retrieval was not successful,
TM01,25.4479389,-98.01216666666667,2019-10-02,h00v00,463.0,878.0,0.3765256,13.0,Soil moisture retrieval doesn't have recommended quality,Soil moisture retrieval was attempted,Soil moisture retrieval was not successful,Freeze/thaw state retrieval was not successful,
TM01,25.4479389,-98.01216666666667,2019-10-03,h00v00,463.0,878.0,-9999.0,7.0,Soil moisture retrieval doesn't have recommended quality,Soil moisture retrieval was skipped,Soil moisture retrieval was not successful,Freeze/thaw state retrieval was successful,Not used
TM01,25.4479389,-98.01216666666667,2019-10-04,h00v00,463.0,878.0,0.3419156,13.0,Soil moisture retrieval doesn't have recommended quality,Soil moisture retrieval was attempted,Soil moisture retrieval was not successful,Freeze/thaw state retrieval was not successful,
TM01,25.4479389,-98.01216666666667,2019-10-05,h00v00,463.0,878.0,-9999.0,7.0,Soil moisture retrieval doesn't have recommended quality,Soil moisture retrieval was skipped,Soil moisture retrieval was not successful,Freeze/thaw state retrieval was successful,Not used
TM01,25.4479389,-98.01216666666667,2019-10-06,h00v00,463.0,878.0,-9999.0,7.0,Soil moisture retrieval doesn't have recommended quality,Soil moisture retrieval was skipped,Soil moisture retrieval was not successful,Freeze/thaw state retrieval was successful,Not used
TM01,25.4479389,-98.01216666666667,2019-10-07,h00v00,463.0,878.0,0.2321528,8.0,Soil moisture retrieval has recommended quality,Soil moisture retrieval was attempted,Soil moisture retrieval was successful,Freeze/thaw state retrieval was not successful,
TM01,25.4479389,-98.01216666666667,2019-10-08,h00v00,463.0,878.0,-9999.0,7.0,Soil moisture retrieval doesn't have recommended quality,Soil moisture retrieval was skipped,Soil moisture retrieval was not successful,Freeze/thaw state retrieval was successful,Not used
TM01,25.4479389,-98.01216666666667,2019-10-09,h00v00,463.0,878.0,0.3494233,13.0,Soil moisture retrieval doesn't have recommended quality,Soil moisture retrieval was attempted,Soil moisture retrieval was not successful,Freeze/thaw state retrieval was not successful,
TM01,25.4479389,-98.01216666666667,2019-10-10,h00v00,463.0,878.0,0.2686972,13.0,Soil moisture retrieval doesn't have recommended quality,Soil moisture retrieval was attempted,Soil moisture retrieval was not successful,Freeze/thaw state retrieval was not successful,
TM01,25.4479389,-98.01216666666667,2019-10-11,h00v00,463.0,878.0,-9999.0,7.0,Soil moisture retrieval doesn't have recommended quality,Soil moisture retrieval was skipped,Soil moisture retrieval was not successful,Freeze/thaw state retrieval was successful,Not used
TM01,25.4479389,-98.01216666666667,2019-10-12,h00v00,463.0,878.0,0.2553775,13.0,Soil moisture retrieval doesn't have recommended quality,Soil moisture retrieval was attempted,Soil moisture retrieval was not successful,Freeze/thaw state retrieval was not successful,
TM01,25.4479389,-98.01216666666667,2019-10-13,h00v00,463.0,878.0,-9999.0,7.0,Soil moisture retrieval doesn't have recommended quality,Soil moisture retrieval was skipped,Soil moisture retrieval was not successful,Freeze/thaw state retrieval was successful,Not used
TM01,25.4479389,-98.01216666666667,2019-10-14,h00v00,463.0,878.0,-9999.0,7.0,Soil moisture retrieval doesn't have recommended quality,Soil moisture retrieval was skipped,Soil moisture retrieval was not successful,Freeze/thaw state retrieval was successful,Not used
TM01,25.4479389,-98.01216666666667,2019-10-15,h00v00,463.0,878.0,0.1862,8.0,Soil moisture retrieval has recommended quality,Soil moisture retrieval was attempted,Soil moisture retrieval was successful,Freeze/thaw state retrieval was not successful,
TM01,25.4479389,-98.01216666666667,2019-10-16,h00v00,463.0,878.0,-9999.0,7.0,Soil moisture retrieval doesn't have recommended quality,Soil moisture retrieval was skipped,Soil moisture retrieval was not successful,Freeze/thaw state retrieval was successful,Not used
TM01,25.4479389,-98.01216666666667,2019-10-17,h00v00,463.0,878.0,0.2257409,8.0,Soil moisture retrieval has recommended quality,Soil moisture retrieval was attempted,Soil moisture retrieval was successful,Freeze/thaw state retrieval was not successful,
TM01,25.4479389,-98.01216666666667,2019-10-18,h00v00,463.0,878.0,0.1663345,8.0,Soil moisture retrieval has recommended quality,Soil moisture retrieval was attempted,Soil moisture retrieval was successful,Freeze/thaw state retrieval was not successful,
TM01,25.4479389,-98.01216666666667,2019-10-19,h00v00,463.0,878.0,-9999.0,7.0,Soil moisture retrieval doesn't have recommended quality,Soil moisture retrieval was skipped,Soil moisture retrieval was not successful,Freeze/thaw state retrieval was successful,Not used
TM01,25.4479389,-98.01216666666667,2019-10-20,h00v00,463.0,878.0,0.1449064,8.0,Soil moisture retrieval has recommended quality,Soil moisture retrieval was attempted,Soil moisture retrieval was successful,Freeze/thaw state retrieval was not successful,
TM01,25.4479389,-98.01216666666667,2019-10-21,h00v00,463.0,878.0,-9999.0,7.0,Soil moisture retrieval doesn't have recommended quality,Soil moisture retrieval was skipped,Soil moisture retrieval was not successful,Freeze/thaw state retrieval was successful,Not used
TM01,25.4479389,-98.01216666666667,2019-10-22,h00v00,463.0,878.0,-9999.0,7.0,Soil moisture retrieval doesn't have recommended quality,Soil moisture retrieval was skipped,Soil moisture retrieval was not successful,Freeze/thaw state retrieval was successful,Not used
TM01,25.4479389,-98.01216666666667,2019-10-23,h00v00,463.0,878.0,0.4051686,13.0,Soil moisture retrieval doesn't have recommended quality,Soil moisture retrieval was attempted,Soil moisture retrieval was not successful,Freeze/thaw state retrieval was not successful,
TM01,25.4479389,-98.01216666666667,2019-10-24,h00v00,463.0,878.0,-9999.0,7.0,Soil moisture retrieval doesn't have recommended quality,Soil moisture retrieval was skipped,Soil moisture retrieval was not successful,Freeze/thaw state retrieval was successful,Not used
TM01,25.4479389,-98.01216666666667,2019-10-25,h00v00,463.0,878.0,0.3808355,13.0,Soil moisture retrieval doesn't have recommended quality,Soil moisture retrieval was attempted,Soil moisture retrieval was not successful,Freeze/thaw state retrieval was not successful,
TM01,25.4479389,-98.01216666666667,2019-10-26,h00v00,463.0,878.0,0.2943303,13.0,Soil moisture retrieval doesn't have recommended quality,Soil moisture retrieval was attempted,Soil moisture retrieval was not successful,Freeze/thaw state retrieval was not successful,
TM01,25.4479389,-98.01216666666667,2019-10-27,h00v00,463.0,878.0,-9999.0,7.0,Soil moisture retrieval doesn't have recommended quality,Soil moisture retrieval was skipped,Soil moisture retrieval was not successful,Freeze/thaw state retrieval was successful,Not used
TM01,25.4479389,-98.01216666666667,2019-10-28,h00v00,463.0,878.0,0.2116947,13.0,Soil moisture retrieval doesn't have recommended quality,Soil moisture retrieval was attempted,Soil moisture retrieval was not successful,Freeze/thaw state retrieval was not successful,
TM01,25.4479389,-98.01216666666667,2019-10-29,h00v00,463.0,878.0,-9999.0,7.0,Soil moisture retrieval doesn't have recommended quality,Soil moisture retrieval was skipped,Soil moisture retrieval was not successful,Freeze/thaw state retrieval was successful,Not used
TM01,25.4479389,-98.01216666666667,2019-10-30,h00v00,463.0,878.0,-9999.0,7.0,Soil moisture retrieval doesn't have recommended quality,Soil moisture retrieval was skipped,Soil moisture retrieval was not successful,Freeze/thaw state retrieval was successful,Not used
TM01,25.4479389,-98.01216666666667,2019-10-31,h00v00,463.0,878.0,0.2409316,13.0,Soil moisture retrieval doesn't have recommended quality,Soil moisture retrieval was attempted,Soil moisture retrieval was not successful,Freeze/thaw state retrieval was not successful,
TM01,25.4479389,-98.01216666666667,2019-11-01,h00v00,463.0,878.0,-9999.0,7.0,Soil moisture retrieval doesn't have recommended quality,Soil moisture retrieval was skipped,Soil moisture retrieval was not successful,Freeze/thaw state retrieval was successful,Not used
TM01,25.4479389,-98.01216666666667,2019-11-02,h00v00,463.0,878.0,0.1684967,8.0,Soil moisture retrieval has recommended quality,Soil moisture retrieval was attempted,Soil moisture retrieval was successful,Freeze/thaw state retrieval was not successful,
TM01,25.4479389,-98.01216666666667,2019-11-03,h00v00,463.0,878.0,0.1517639,8.0,Soil moisture retrieval has recommended quality,Soil moisture retrieval was attempted,Soil moisture retrieval was successful,Freeze/thaw state retrieval was not successful,
TM01,25.4479389,-98.01216666666667,2019-11-04,h00v00,463.0,878.0,-9999.0,7.0,Soil moisture retrieval doesn't have recommended quality,Soil moisture retrieval was skipped,Soil moisture retrieval was not successful,Freeze/thaw state retrieval was successful,Not used
TM01,25.4479389,-98.01216666666667,2019-11-05,h00v00,463.0,878.0,0.1424901,8.0,Soil moisture retrieval has recommended quality,Soil moisture retrieval was attempted,Soil moisture retrieval was successful,Freeze/thaw state retrieval was not successful,
TM01,25.4479389,-98.01216666666667,2019-11-06,h00v00,463.0,878.0,-9999.0,7.0,Soil moisture retrieval doesn't have recommended quality,Soil moisture retrieval was skipped,Soil moisture retrieval was not successful,Freeze/thaw state retrieval was successful,Not used
TM01,25.4479389,-98.01216666666667,2019-11-07,h00v00,463.0,878.0,-9999.0,7.0,Soil moisture retrieval doesn't have recommended quality,Soil moisture retrieval was skipped,Soil moisture retrieval was not successful,Freeze/thaw state retrieval was successful,Not used
TM01,25.4479389,-98.01216666666667,2019-11-08,h00v00,463.0,878.0,0.2178587,8.0,Soil moisture retrieval has recommended quality,Soil moisture retrieval was attempted,Soil moisture retrieval was successful,Freeze/thaw state retrieval was not successful,
TM01,25.4479389,-98.01216666666667,2019-11-09,h00v00,463.0,878.0,-9999.0,7.0,Soil moisture retrieval doesn't have recommended quality,Soil moisture retrieval was skipped,Soil moisture retrieval was not successful,Freeze/thaw state retrieval was successful,Not used
TM01,25.4479389,-98.01216666666667,2019-11-10,h00v00,463.0,878.0,0.1419416,8.0,Soil moisture retrieval has recommended quality,Soil moisture retrieval was attempted,Soil moisture retrieval was successful,Freeze/thaw state retrieval was not successful,
TM01,25.4479389,-98.01216666666667,2019-11-11,h00v00,463.0,878.0,0.116737,8.0,Soil moisture retrieval has recommended quality,Soil moisture retrieval was attempted,Soil moisture retrieval was successful,Freeze/thaw state retrieval was not successful,
TM01,25.4479389,-98.01216666666667,2019-11-12,h00v00,463.0,878.0,-9999.0,7.0,Soil moisture retrieval doesn't have recommended quality,Soil moisture retrieval was skipped,Soil moisture retrieval was not successful,Freeze/thaw state retrieval was successful,Not used
TM01,25.4479389,-98.01216666666667,2019-11-13,h00v00,463.0,878.0,0.4051686,13.0,Soil moisture retrieval doesn't have recommended quality,Soil moisture retrieval was attempted,Soil moisture retrieval was not successful,Freeze/thaw state retrieval was not successful,
TM01,25.4479389,-98.01216666666667,2019-11-14,h00v00,463.0,878.0,-9999.0,7.0,Soil moisture retrieval doesn't have recommended quality,Soil moisture retrieval was skipped,Soil moisture retrieval was not successful,Freeze/thaw state retrieval was successful,Not used
TM01,25.4479389,-98.01216666666667,2019-11-15,h00v00,463.0,878.0,-9999.0,7.0,Soil moisture retrieval doesn't have recommended quality,Soil moisture retrieval was skipped,Soil moisture retrieval was not successful,Freeze/thaw state retrieval was successful,Not used
TM01,25.4479389,-98.01216666666667,2019-11-16,h00v00,463.0,878.0,0.3871521,13.0,Soil moisture retrieval doesn't have recommended quality,Soil moisture retrieval was attempted,Soil moisture retrieval was not successful,Freeze/thaw state retrieval was not successful,
TM01,25.4479389,-98.01216666666667,2019-11-17,h00v00,463.0,878.0,-9999.0,7.0,Soil moisture retrieval doesn't have recommended quality,Soil moisture retrieval was skipped,Soil moisture retrieval was not successful,Freeze/thaw state retrieval was successful,Not used
TM01,25.4479389,-98.01216666666667,2019-11-18,h00v00,463.0,878.0,0.3027515,13.0,Soil moisture retrieval doesn't have recommended quality,Soil moisture retrieval was attempted,Soil moisture retrieval was not successful,Freeze/thaw state retrieval was not successful,
TM01,25.4479389,-98.01216666666667,2019-11-19,h00v00,463.0,878.0,0.2495557,13.0,Soil moisture retrieval doesn't have recommended quality,Soil moisture retrieval was attempted,Soil moisture retrieval was not successful,Freeze/thaw state retrieval was not successful,
TM01,25.4479389,-98.01216666666667,2019-11-20,h00v00,463.0,878.0,-9999.0,7.0,Soil moisture retrieval doesn't have recommended quality,Soil moisture retrieval was skipped,Soil moisture retrieval was not successful,Freeze/thaw state retrieval was successful,Not used
TM01,25.4479389,-98.01216666666667,2019-11-21,h00v00,463.0,878.0,0.1953612,13.0,Soil moisture retrieval doesn't have recommended quality,Soil moisture retrieval was attempted,Soil moisture retrieval was not successful,Freeze/thaw state retrieval was not successful,
TM01,25.4479389,-98.01216666666667,2019-11-22,h00v00,463.0,878.0,-9999.0,7.0,Soil moisture retrieval doesn't have recommended quality,Soil moisture retrieval was skipped,Soil moisture retrieval was not successful,Freeze/thaw state retrieval was successful,Not used
TM01,25.4479389,-98.01216666666667,2019-11-23,h00v00,463.0,878.0,-9999.0,7.0,Soil moisture retrieval doesn't have recommended quality,Soil moisture retrieval was skipped,Soil moisture retrieval was not successful,Freeze/thaw state retrieval was successful,Not used
TM01,25.4479389,-98.01216666666667,2019-11-24,h00v00,463.0,878.0,0.1949349,8.0,Soil moisture retrieval has recommended quality,Soil moisture retrieval was attempted,Soil moisture retrieval was successful,Freeze/thaw state retrieval was not successful,
TM01,25.4479389,-98.01216666666667,2019-11-25,h00v00,463.0,878.0,-9999.0,7.0,Soil moisture retrieval doesn't have recommended quality,Soil moisture retrieval was skipped,Soil moisture retrieval was not successful,Freeze/thaw state retrieval was successful,Not used
TM01,25.4479389,-98.01216666666667,2019-11-26,h00v00,463.0,878.0,0.1636101,8.0,Soil moisture retrieval has recommended quality,Soil moisture retrieval was attempted,Soil moisture retrieval was successful,Freeze/thaw state retrieval was not successful,
TM01,25.4479389,-98.01216666666667,2019-11-27,h00v00,463.0,878.0,0.1487004,8.0,Soil moisture retrieval has recommended quality,Soil moisture retrieval was attempted,Soil moisture retrieval was successful,Freeze/thaw state retrieval was not successful,
TM01,25.4479389,-98.01216666666667,2019-11-28,h00v00,463.0,878.0,-9999.0,7.0,Soil moisture retrieval doesn't have recommended quality,Soil moisture retrieval was skipped,Soil moisture retrieval was not successful,Freeze/thaw state retrieval was successful,Not used
TM01,25.4479389,-98.01216666666667,2019-11-29,h00v00,463.0,878.0,0.1497629,8.0,Soil moisture retrieval has recommended quality,Soil moisture retrieval was attempted,Soil moisture retrieval was successful,Freeze/thaw state retrieval was not successful,
TM01,25.4479389,-98.01216666666667,2019-11-30,h00v00,463.0,878.0,-9999.0,7.0,Soil moisture retrieval doesn't have recommended quality,Soil moisture retrieval was skipped,Soil moisture retrieval was not successful,Freeze/thaw state retrieval was successful,Not used
TM01,25.4479389,-98.01216666666667,2019-12-01,h00v00,463.0,878.0,-9999.0,7.0,Soil moisture retrieval doesn't have recommended quality,Soil moisture retrieval was skipped,Soil moisture retrieval was not successful,Freeze/thaw state retrieval was successful,Not used
TM01,25.4479389,-98.01216666666667,2019-12-02,h00v00,463.0,878.0,0.143232,8.0,Soil moisture retrieval has recommended quality,Soil moisture retrieval was attempted,Soil moisture retrieval was successful,Freeze/thaw state retrieval was not successful,
TM01,25.4479389,-98.01216666666667,2019-12-03,h00v00,463.0,878.0,-9999.0,7.0,Soil moisture retrieval doesn't have recommended quality,Soil moisture retrieval was skipped,Soil moisture retrieval was not successful,Freeze/thaw state retrieval was successful,Not used
TM01,25.4479389,-98.01216666666667,2019-12-04,h00v00,463.0,878.0,0.1445499,8.0,Soil moisture retrieval has recommended quality,Soil moisture retrieval was attempted,Soil moisture retrieval was successful,Freeze/thaw state retrieval was not successful,
TM01,25.4479389,-98.01216666666667,2019-12-05,h00v00,463.0,878.0,0.108133,8.0,Soil moisture retrieval has recommended quality,Soil moisture retrieval was attempted,Soil moisture retrieval was successful,Freeze/thaw state retrieval was not successful,
TM01,25.4479389,-98.01216666666667,2019-12-06,h00v00,463.0,878.0,-9999.0,7.0,Soil moisture retrieval doesn't have recommended quality,Soil moisture retrieval was skipped,Soil moisture retrieval was not successful,Freeze/thaw state retrieval was successful,Not used
TM01,25.4479389,-98.01216666666667,2019-12-07,h00v00,463.0,878.0,0.1451096,8.0,Soil moisture retrieval has recommended quality,Soil moisture retrieval was attempted,Soil moisture retrieval was successful,Freeze/thaw state retrieval was not successful,
TM01,25.4479389,-98.01216666666667,2019-12-08,h00v00,463.0,878.0,-9999.0,7.0,Soil moisture retrieval doesn't have recommended quality,Soil moisture retrieval was skipped,Soil moisture retrieval was not successful,Freeze/thaw state retrieval was successful,Not used
TM01,25.4479389,-98.01216666666667,2019-12-09,h00v00,463.0,878.0,-9999.0,7.0,Soil moisture retrieval doesn't have recommended quality,Soil moisture retrieval was skipped,Soil moisture retrieval was not successful,Freeze/thaw state retrieval was successful,Not used
TM01,25.4479389,-98.01216666666667,2019-12-10,h00v00,463.0,878.0,0.1233592,8.0,Soil moisture retrieval has recommended quality,Soil moisture retrieval was attempted,Soil moisture retrieval was successful,Freeze/thaw state retrieval was not successful,
TM01,25.4479389,-98.01216666666667,2019-12-11,h00v00,463.0,878.0,-9999.0,7.0,Soil moisture retrieval doesn't have recommended quality,Soil moisture retrieval was skipped,Soil moisture retrieval was not successful,Freeze/thaw state retrieval was successful,Not used
TM01,25.4479389,-98.01216666666667,2019-12-12,h00v00,463.0,878.0,-9999.0,7.0,Soil moisture retrieval doesn't have recommended quality,Soil moisture retrieval was skipped,Soil moisture retrieval was not successful,Freeze/thaw state retrieval was successful,Not used
TM01,25.4479389,-98.01216666666667,2019-12-13,h00v00,463.0,878.0,0.1139442,8.0,Soil moisture retrieval has recommended quality,Soil moisture retrieval was attempted,Soil moisture retrieval was successful,Freeze/thaw state retrieval was not successful,
TM01,25.4479389,-98.01216666666667,2019-12-14,h00v00,463.0,878.0,-9999.0,7.0,Soil moisture retrieval doesn't have recommended quality,Soil moisture retrieval was skipped,Soil moisture retrieval was not successful,Freeze/thaw state retrieval was successful,Not used
TM01,25.4479389,-98.01216666666667,2019-12-15,h00v00,463.0,878.0,0.1095955,8.0,Soil moisture retrieval has recommended quality,Soil moisture retrieval was attempted,Soil moisture retrieval was successful,Freeze/thaw state retrieval was not successful,
TM01,25.4479389,-98.01216666666667,2019-12-16,h00v00,463.0,878.0,-9999.0,7.0,Soil moisture retrieval doesn't have recommended quality,Soil moisture retrieval was skipped,Soil moisture retrieval was not successful,Freeze/thaw state retrieval was successful,Not used
TM01,25.4479389,-98.01216666666667,2019-12-17,h00v00,463.0,878.0,-9999.0,7.0,Soil moisture retrieval doesn't have recommended quality,Soil moisture retrieval was skipped,Soil moisture retrieval was not successful,Freeze/thaw state retrieval was successful,Not used
TM01,25.4479389,-98.01216666666667,2019-12-18,h00v00,463.0,878.0,0.1070403,8.0,Soil moisture retrieval has recommended quality,Soil moisture retrieval was attempted,Soil moisture retrieval was successful,Freeze/thaw state retrieval was not successful,
TM01,25.4479389,-98.01216666666667,2019-12-19,h00v00,463.0,878.0,-9999.0,7.0,Soil moisture retrieval doesn't have recommended quality,Soil moisture retrieval was skipped,Soil moisture retrieval was not successful,Freeze/thaw state retrieval was successful,Not used
TM01,25.4479389,-98.01216666666667,2019-12-20,h00v00,463.0,878.0,0.0849839,8.0,Soil moisture retrieval has recommended quality,Soil moisture retrieval was attempted,Soil moisture retrieval was successful,Freeze/thaw state retrieval was not successful,
TM01,25.4479389,-98.01216666666667,2019-12-21,h00v00,463.0,878.0,0.2472521,13.0,Soil moisture retrieval doesn't have recommended quality,Soil moisture retrieval was attempted,Soil moisture retrieval was not successful,Freeze/thaw state retrieval was not successful,
TM01,25.4479389,-98.01216666666667,2019-12-22,h00v00,463.0,878.0,-9999.0,7.0,Soil moisture retrieval doesn't have recommended quality,Soil moisture retrieval was skipped,Soil moisture retrieval was not successful,Freeze/thaw state retrieval was successful,Not used
TM01,25.4479389,-98.01216666666667,2019-12-23,h00v00,463.0,878.0,0.294233,13.0,Soil moisture retrieval doesn't have recommended quality,Soil moisture retrieval was attempted,Soil moisture retrieval was not successful,Freeze/thaw state retrieval was not successful,
TM01,25.4479389,-98.01216666666667,2019-12-24,h00v00,463.0,878.0,-9999.0,7.0,Soil moisture retrieval doesn't have recommended quality,Soil moisture retrieval was skipped,Soil moisture retrieval was not successful,Freeze/thaw state retrieval was successful,Not used
TM01,25.4479389,-98.01216666666667,2019-12-25,h00v00,463.0,878.0,-9999.0,7.0,Soil moisture retrieval doesn't have recommended quality,Soil moisture retrieval was skipped,Soil moisture retrieval was not successful,Freeze/thaw state retrieval was successful,Not used
TM01,25.4479389,-98.01216666666667,2019-12-26,h00v00,463.0,878.0,0.1946538,8.0,Soil moisture retrieval has recommended quality,Soil moisture retrieval was attempted,Soil moisture retrieval was successful,Freeze/thaw state retrieval was not successful,
TM01,25.4479389,-98.01216666666667,2019-12-27,h00v00,463.0,878.0,-9999.0,7.0,Soil moisture retrieval doesn't have recommended quality,Soil moisture retrieval was skipped,Soil moisture retrieval was not successful,Freeze/thaw state retrieval was successful,Not used
TM01,25.4479389,-98.01216666666667,2019-12-28,h00v00,463.0,878.0,0.1649217,8.0,Soil moisture retrieval has recommended quality,Soil moisture retrieval was attempted,Soil moisture retrieval was successful,Freeze/thaw state retrieval was not successful,
TM01,25.4479389,-98.01216666666667,2019-12-29,h00v00,463.0,878.0,0.1429453,8.0,Soil moisture retrieval has recommended quality,Soil moisture retrieval was attempted,Soil moisture retrieval was successful,Freeze/thaw state retrieval was not successful,
TM01,25.4479389,-98.01216666666667,2019-12-30,h00v00,463.0,878.0,-9999.0,7.0,Soil moisture retrieval doesn't have recommended quality,Soil moisture retrieval was skipped,Soil moisture retrieval was not successful,Freeze/thaw state retrieval was successful,Not used
TM01,25.4479389,-98.01216666666667,2019-12-31,h00v00,463.0,878.0,0.1395606,8.0,Soil moisture retrieval has recommended quality,Soil moisture retrieval was attempted,Soil moisture retrieval was successful,Freeze/thaw state retrieval was not successful,
TM01,25.4479389,-98.01216666666667,2020-01-01,h00v00,463.0,878.0,-9999.0,7.0,Soil moisture retrieval doesn't have recommended quality,Soil moisture retrieval was skipped,Soil moisture retrieval was not successful,Freeze/thaw state retrieval was successful,Not used
TM01,25.4479389,-98.01216666666667,2020-01-02,h00v00,463.0,878.0,-9999.0,7.0,Soil moisture retrieval doesn't have recommended quality,Soil moisture retrieval was skipped,Soil moisture retrieval was not successful,Freeze/thaw state retrieval was successful,Not used
TM01,25.4479389,-98.01216666666667,2020-01-03,h00v00,463.0,878.0,0.2769017,13.0,Soil moisture retrieval doesn't have recommended quality,Soil moisture retrieval was attempted,Soil moisture retrieval was not successful,Freeze/thaw state retrieval was not successful,
TM01,25.4479389,-98.01216666666667,2020-01-04,h00v00,463.0,878.0,-9999.0,7.0,Soil moisture retrieval doesn't have recommended quality,Soil moisture retrieval was skipped,Soil moisture retrieval was not successful,Freeze/thaw state retrieval was successful,Not used
TM01,25.4479389,-98.01216666666667,2020-01-05,h00v00,463.0,878.0,0.196961,8.0,Soil moisture retrieval has recommended quality,Soil moisture retrieval was attempted,Soil moisture retrieval was successful,Freeze/thaw state retrieval was not successful,
TM01,25.4479389,-98.01216666666667,2020-01-06,h00v00,463.0,878.0,0.1665623,8.0,Soil moisture retrieval has recommended quality,Soil moisture retrieval was attempted,Soil moisture retrieval was successful,Freeze/thaw state retrieval was not successful,
TM01,25.4479389,-98.01216666666667,2020-01-07,h00v00,463.0,878.0,-9999.0,7.0,Soil moisture retrieval doesn't have recommended quality,Soil moisture retrieval was skipped,Soil moisture retrieval was not successful,Freeze/thaw state retrieval was successful,Not used
TM01,25.4479389,-98.01216666666667,2020-01-08,h00v00,463.0,878.0,0.1548293,8.0,Soil moisture retrieval has recommended quality,Soil moisture retrieval was attempted,Soil moisture retrieval was successful,Freeze/thaw state retrieval was not successful,
TM01,25.4479389,-98.01216666666667,2020-01-09,h00v00,463.0,878.0,-9999.0,7.0,Soil moisture retrieval doesn't have recommended quality,Soil moisture retrieval was skipped,Soil moisture retrieval was not successful,Freeze/thaw state retrieval was successful,Not used
TM01,25.4479389,-98.01216666666667,2020-01-10,h00v00,463.0,878.0,-9999.0,7.0,Soil moisture retrieval doesn't have recommended quality,Soil moisture retrieval was skipped,Soil moisture retrieval was not successful,Freeze/thaw state retrieval was successful,Not used
TM01,25.4479389,-98.01216666666667,2020-01-11,h00v00,463.0,878.0,0.1266717,8.0,Soil moisture retrieval has recommended quality,Soil moisture retrieval was attempted,Soil moisture retrieval was successful,Freeze/thaw state retrieval was not successful,
TM01,25.4479389,-98.01216666666667,2020-01-12,h00v00,463.0,878.0,-9999.0,7.0,Soil moisture retrieval doesn't have recommended quality,Soil moisture retrieval was skipped,Soil moisture retrieval was not successful,Freeze/thaw state retrieval was successful,Not used
TM01,25.4479389,-98.01216666666667,2020-01-13,h00v00,463.0,878.0,0.0862003,8.0,Soil moisture retrieval has recommended quality,Soil moisture retrieval was attempted,Soil moisture retrieval was successful,Freeze/thaw state retrieval was not successful,
TM01,25.4479389,-98.01216666666667,2020-01-14,h00v00,463.0,878.0,0.0784735,8.0,Soil moisture retrieval has recommended quality,Soil moisture retrieval was attempted,Soil moisture retrieval was successful,Freeze/thaw state retrieval was not successful,
TM01,25.4479389,-98.01216666666667,2020-01-15,h00v00,463.0,878.0,-9999.0,7.0,Soil moisture retrieval doesn't have recommended quality,Soil moisture retrieval was skipped,Soil moisture retrieval was not successful,Freeze/thaw state retrieval was successful,Not used
TM01,25.4479389,-98.01216666666667,2020-01-16,h00v00,463.0,878.0,0.088911,8.0,Soil moisture retrieval has recommended quality,Soil moisture retrieval was attempted,Soil moisture retrieval was successful,Freeze/thaw state retrieval was not successful,
TM01,25.4479389,-98.01216666666667,2020-01-17,h00v00,463.0,878.0,-9999.0,7.0,Soil moisture retrieval doesn't have recommended quality,Soil moisture retrieval was skipped,Soil moisture retrieval was not successful,Freeze/thaw state retrieval was successful,Not used
TM01,25.4479389,-98.01216666666667,2020-01-18,h00v00,463.0,878.0,-9999.0,7.0,Soil moisture retrieval doesn't have recommended quality,Soil moisture retrieval was skipped,Soil moisture retrieval was not successful,Freeze/thaw state retrieval was successful,Not used
TM01,25.4479389,-98.01216666666667,2020-01-19,h00v00,463.0,878.0,0.1635868,8.0,Soil moisture retrieval has recommended quality,Soil moisture retrieval was attempted,Soil moisture retrieval was successful,Freeze/thaw state retrieval was not successful,
TM01,25.4479389,-98.01216666666667,2020-01-20,h00v00,463.0,878.0,-9999.0,7.0,Soil moisture retrieval doesn't have recommended quality,Soil moisture retrieval was skipped,Soil moisture retrieval was not successful,Freeze/thaw state retrieval was successful,Not used
TM01,25.4479389,-98.01216666666667,2020-01-21,h00v00,463.0,878.0,0.1326301,8.0,Soil moisture retrieval has recommended quality,Soil moisture retrieval was attempted,Soil moisture retrieval was successful,Freeze/thaw state retrieval was not successful,
TM01,25.4479389,-98.01216666666667,2020-01-22,h00v00,463.0,878.0,0.0933856,8.0,Soil moisture retrieval has recommended quality,Soil moisture retrieval was attempted,Soil moisture retrieval was successful,Freeze/thaw state retrieval was not successful,
TM01,25.4479389,-98.01216666666667,2020-01-23,h00v00,463.0,878.0,-9999.0,7.0,Soil moisture retrieval doesn't have recommended quality,Soil moisture retrieval was skipped,Soil moisture retrieval was not successful,Freeze/thaw state retrieval was successful,Not used
TM01,25.4479389,-98.01216666666667,2020-01-24,h00v00,463.0,878.0,0.1010631,8.0,Soil moisture retrieval has recommended quality,Soil moisture retrieval was attempted,Soil moisture retrieval was successful,Freeze/thaw state retrieval was not successful,
TM01,25.4479389,-98.01216666666667,2020-01-25,h00v00,463.0,878.0,-9999.0,7.0,Soil moisture retrieval doesn't have recommended quality,Soil moisture retrieval was skipped,Soil moisture retrieval was not successful,Freeze/thaw state retrieval was successful,Not used
TM01,25.4479389,-98.01216666666667,2020-01-26,h00v00,463.0,878.0,-9999.0,7.0,Soil moisture retrieval doesn't have recommended quality,Soil moisture retrieval was skipped,Soil moisture retrieval was not successful,Freeze/thaw state retrieval was successful,Not used
TM01,25.4479389,-98.01216666666667,2020-01-27,h00v00,463.0,878.0,0.0969193,8.0,Soil moisture retrieval has recommended quality,Soil moisture retrieval was attempted,Soil moisture retrieval was successful,Freeze/thaw state retrieval was not successful,
TM01,25.4479389,-98.01216666666667,2020-01-28,h00v00,463.0,878.0,-9999.0,7.0,Soil moisture retrieval doesn't have recommended quality,Soil moisture retrieval was skipped,Soil moisture retrieval was not successful,Freeze/thaw state retrieval was successful,Not used
TM01,25.4479389,-98.01216666666667,2020-01-29,h00v00,463.0,878.0,0.1059719,8.0,Soil moisture retrieval has recommended quality,Soil moisture retrieval was attempted,Soil moisture retrieval was successful,Freeze/thaw state retrieval was not successful,
TM01,25.4479389,-98.01216666666667,2020-01-30,h00v00,463.0,878.0,0.083059,8.0,Soil moisture retrieval has recommended quality,Soil moisture retrieval was attempted,Soil moisture retrieval was successful,Freeze/thaw state retrieval was not successful,
TM01,25.4479389,-98.01216666666667,2020-01-31,h00v00,463.0,878.0,-9999.0,7.0,Soil moisture retrieval doesn't have recommended quality,Soil moisture retrieval was skipped,Soil moisture retrieval was not successful,Freeze/thaw state retrieval was successful,Not used
TM01,25.4479389,-98.01216666666667,2020-02-01,h00v00,463.0,878.0,-9999.0,7.0,Soil moisture retrieval doesn't have recommended quality,Soil moisture retrieval was skipped,Soil moisture retrieval was not successful,Freeze/thaw state retrieval was successful,Not used
TM01,25.4479389,-98.01216666666667,2020-02-02,h00v00,463.0,878.0,-9999.0,7.0,Soil moisture retrieval doesn't have recommended quality,Soil moisture retrieval was skipped,Soil moisture retrieval was not successful,Freeze/thaw state retrieval was successful,Not used
TM01,25.4479389,-98.01216666666667,2020-02-03,h00v00,463.0,878.0,-9999.0,7.0,Soil moisture retrieval doesn't have recommended quality,Soil moisture retrieval was skipped,Soil moisture retrieval was not successful,Freeze/thaw state retrieval was successful,Not used
TM01,25.4479389,-98.01216666666667,2020-02-04,h00v00,463.0,878.0,0.1442538,8.0,Soil moisture retrieval has recommended quality,Soil moisture retrieval was attempted,Soil moisture retrieval was successful,Freeze/thaw state retrieval was not successful,
TM01,25.4479389,-98.01216666666667,2020-02-05,h00v00,463.0,878.0,-9999.0,7.0,Soil moisture retrieval doesn't have recommended quality,Soil moisture retrieval was skipped,Soil moisture retrieval was not successful,Freeze/thaw state retrieval was successful,Not used
TM01,25.4479389,-98.01216666666667,2020-02-06,h00v00,463.0,878.0,0.1564219,8.0,Soil moisture retrieval has recommended quality,Soil moisture retrieval was attempted,Soil moisture retrieval was successful,Freeze/thaw state retrieval was not successful,
TM01,25.4479389,-98.01216666666667,2020-02-07,h00v00,463.0,878.0,0.1020129,8.0,Soil moisture retrieval has recommended quality,Soil moisture retrieval was attempted,Soil moisture retrieval was successful,Freeze/thaw state retrieval was not successful,
TM01,25.4479389,-98.01216666666667,2020-02-08,h00v00,463.0,878.0,-9999.0,7.0,Soil moisture retrieval doesn't have recommended quality,Soil moisture retrieval was skipped,Soil moisture retrieval was not successful,Freeze/thaw state retrieval was successful,Not used
TM01,25.4479389,-98.01216666666667,2020-02-09,h00v00,463.0,878.0,0.1081719,8.0,Soil moisture retrieval has recommended quality,Soil moisture retrieval was attempted,Soil moisture retrieval was successful,Freeze/thaw state retrieval was not successful,
TM01,25.4479389,-98.01216666666667,2020-02-10,h00v00,463.0,878.0,-9999.0,7.0,Soil moisture retrieval doesn't have recommended quality,Soil moisture retrieval was skipped,Soil moisture retrieval was not successful,Freeze/thaw state retrieval was successful,Not used
TM01,25.4479389,-98.01216666666667,2020-02-11,h00v00,463.0,878.0,-9999.0,7.0,Soil moisture retrieval doesn't have recommended quality,Soil moisture retrieval was skipped,Soil moisture retrieval was not successful,Freeze/thaw state retrieval was successful,Not used
TM01,25.4479389,-98.01216666666667,2020-02-12,h00v00,463.0,878.0,0.1305109,8.0,Soil moisture retrieval has recommended quality,Soil moisture retrieval was attempted,Soil moisture retrieval was successful,Freeze/thaw state retrieval was not successful,
TM01,25.4479389,-98.01216666666667,2020-02-13,h00v00,463.0,878.0,-9999.0,7.0,Soil moisture retrieval doesn't have recommended quality,Soil moisture retrieval was skipped,Soil moisture retrieval was not successful,Freeze/thaw state retrieval was successful,Not used
TM01,25.4479389,-98.01216666666667,2020-02-14,h00v00,463.0,878.0,0.1201951,8.0,Soil moisture retrieval has recommended quality,Soil moisture retrieval was attempted,Soil moisture retrieval was successful,Freeze/thaw state retrieval was not successful,
TM01,25.4479389,-98.01216666666667,2020-02-15,h00v00,463.0,878.0,0.0886278,8.0,Soil moisture retrieval has recommended quality,Soil moisture retrieval was attempted,Soil moisture retrieval was successful,Freeze/thaw state retrieval was not successful,
TM01,25.4479389,-98.01216666666667,2020-02-16,h00v00,463.0,878.0,-9999.0,7.0,Soil moisture retrieval doesn't have recommended quality,Soil moisture retrieval was skipped,Soil moisture retrieval was not successful,Freeze/thaw state retrieval was successful,Not used
TM01,25.4479389,-98.01216666666667,2020-02-17,h00v00,463.0,878.0,0.0968576,8.0,Soil moisture retrieval has recommended quality,Soil moisture retrieval was attempted,Soil moisture retrieval was successful,Freeze/thaw state retrieval was not successful,
TM01,25.4479389,-98.01216666666667,2020-02-18,h00v00,463.0,878.0,-9999.0,7.0,Soil moisture retrieval doesn't have recommended quality,Soil moisture retrieval was skipped,Soil moisture retrieval was not successful,Freeze/thaw state retrieval was successful,Not used
TM01,25.4479389,-98.01216666666667,2020-02-19,h00v00,463.0,878.0,-9999.0,7.0,Soil moisture retrieval doesn't have recommended quality,Soil moisture retrieval was skipped,Soil moisture retrieval was not successful,Freeze/thaw state retrieval was successful,Not used
TM01,25.4479389,-98.01216666666667,2020-02-20,h00v00,463.0,878.0,0.1553989,8.0,Soil moisture retrieval has recommended quality,Soil moisture retrieval was attempted,Soil moisture retrieval was successful,Freeze/thaw state retrieval was not successful,
TM01,25.4479389,-98.01216666666667,2020-02-21,h00v00,463.0,878.0,-9999.0,7.0,Soil moisture retrieval doesn't have recommended quality,Soil moisture retrieval was skipped,Soil moisture retrieval was not successful,Freeze/thaw state retrieval was successful,Not used
TM01,25.4479389,-98.01216666666667,2020-02-22,h00v00,463.0,878.0,0.1328571,8.0,Soil moisture retrieval has recommended quality,Soil moisture retrieval was attempted,Soil moisture retrieval was successful,Freeze/thaw state retrieval was not successful,
TM01,25.4479389,-98.01216666666667,2020-02-23,h00v00,463.0,878.0,0.104683,8.0,Soil moisture retrieval has recommended quality,Soil moisture retrieval was attempted,Soil moisture retrieval was successful,Freeze/thaw state retrieval was not successful,
TM01,25.4479389,-98.01216666666667,2020-02-24,h00v00,463.0,878.0,-9999.0,7.0,Soil moisture retrieval doesn't have recommended quality,Soil moisture retrieval was skipped,Soil moisture retrieval was not successful,Freeze/thaw state retrieval was successful,Not used
TM01,25.4479389,-98.01216666666667,2020-02-25,h00v00,463.0,878.0,0.108729,8.0,Soil moisture retrieval has recommended quality,Soil moisture retrieval was attempted,Soil moisture retrieval was successful,Freeze/thaw state retrieval was not successful,
TM01,25.4479389,-98.01216666666667,2020-02-26,h00v00,463.0,878.0,-9999.0,7.0,Soil moisture retrieval doesn't have recommended quality,Soil moisture retrieval was skipped,Soil moisture retrieval was not successful,Freeze/thaw state retrieval was successful,Not used
TM01,25.4479389,-98.01216666666667,2020-02-27,h00v00,463.0,878.0,-9999.0,7.0,Soil moisture retrieval doesn't have recommended quality,Soil moisture retrieval was skipped,Soil moisture retrieval was not successful,Freeze/thaw state retrieval was successful,Not used
TM01,25.4479389,-98.01216666666667,2020-02-28,h00v00,463.0,878.0,0.0942228,8.0,Soil moisture retrieval has recommended quality,Soil moisture retrieval was attempted,Soil moisture retrieval was successful,Freeze/thaw state retrieval was not successful,
TM01,25.4479389,-98.01216666666667,2020-02-29,h00v00,463.0,878.0,-9999.0,7.0,Soil moisture retrieval doesn't have recommended quality,Soil moisture retrieval was skipped,Soil moisture retrieval was not successful,Freeze/thaw state retrieval was successful,Not used
TM01,25.4479389,-98.01216666666667,2020-03-01,h00v00,463.0,878.0,0.1037262,8.0,Soil moisture retrieval has recommended quality,Soil moisture retrieval was attempted,Soil moisture retrieval was successful,Freeze/thaw state retrieval was not successful,
TM01,25.4479389,-98.01216666666667,2020-03-02,h00v00,463.0,878.0,0.0925664,8.0,Soil moisture retrieval has recommended quality,Soil moisture retrieval was attempted,Soil moisture retrieval was successful,Freeze/thaw state retrieval was not successful,
TM01,25.4479389,-98.01216666666667,2020-03-03,h00v00,463.0,878.0,-9999.0,7.0,Soil moisture retrieval doesn't have recommended quality,Soil moisture retrieval was skipped,Soil moisture retrieval was not successful,Freeze/thaw state retrieval was successful,Not used
TM01,25.4479389,-98.01216666666667,2020-03-04,h00v00,463.0,878.0,0.1183058,8.0,Soil moisture retrieval has recommended quality,Soil moisture retrieval was attempted,Soil moisture retrieval was successful,Freeze/thaw state retrieval was not successful,
TM01,25.4479389,-98.01216666666667,2020-03-05,h00v00,463.0,878.0,-9999.0,7.0,Soil moisture retrieval doesn't have recommended quality,Soil moisture retrieval was skipped,Soil moisture retrieval was not successful,Freeze/thaw state retrieval was successful,Not used
TM01,25.4479389,-98.01216666666667,2020-03-06,h00v00,463.0,878.0,-9999.0,7.0,Soil moisture retrieval doesn't have recommended quality,Soil moisture retrieval was skipped,Soil moisture retrieval was not successful,Freeze/thaw state retrieval was successful,Not used
TM01,25.4479389,-98.01216666666667,2020-03-07,h00v00,463.0,878.0,0.1158509,8.0,Soil moisture retrieval has recommended quality,Soil moisture retrieval was attempted,Soil moisture retrieval was successful,Freeze/thaw state retrieval was not successful,
TM01,25.4479389,-98.01216666666667,2020-03-08,h00v00,463.0,878.0,-9999.0,7.0,Soil moisture retrieval doesn't have recommended quality,Soil moisture retrieval was skipped,Soil moisture retrieval was not successful,Freeze/thaw state retrieval was successful,Not used
TM01,25.4479389,-98.01216666666667,2020-03-09,h00v00,463.0,878.0,0.0950564,8.0,Soil moisture retrieval has recommended quality,Soil moisture retrieval was attempted,Soil moisture retrieval was successful,Freeze/thaw state retrieval was not successful,
TM01,25.4479389,-98.01216666666667,2020-03-10,h00v00,463.0,878.0,0.1001657,8.0,Soil moisture retrieval has recommended quality,Soil moisture retrieval was attempted,Soil moisture retrieval was successful,Freeze/thaw state retrieval was not successful,
TM01,25.4479389,-98.01216666666667,2020-03-11,h00v00,463.0,878.0,-9999.0,7.0,Soil moisture retrieval doesn't have recommended quality,Soil moisture retrieval was skipped,Soil moisture retrieval was not successful,Freeze/thaw state retrieval was successful,Not used
TM01,25.4479389,-98.01216666666667,2020-03-12,h00v00,463.0,878.0,0.1147111,8.0,Soil moisture retrieval has recommended quality,Soil moisture retrieval was attempted,Soil moisture retrieval was successful,Freeze/thaw state retrieval was not successful,
TM01,25.4479389,-98.01216666666667,2020-03-13,h00v00,463.0,878.0,-9999.0,7.0,Soil moisture retrieval doesn't have recommended quality,Soil moisture retrieval was skipped,Soil moisture retrieval was not successful,Freeze/thaw state retrieval was successful,Not used
TM01,25.4479389,-98.01216666666667,2020-03-14,h00v00,463.0,878.0,-9999.0,7.0,Soil moisture retrieval doesn't have recommended quality,Soil moisture retrieval was skipped,Soil moisture retrieval was not successful,Freeze/thaw state retrieval was successful,Not used
TM01,25.4479389,-98.01216666666667,2020-03-15,h00v00,463.0,878.0,0.1175297,8.0,Soil moisture retrieval has recommended quality,Soil moisture retrieval was attempted,Soil moisture retrieval was successful,Freeze/thaw state retrieval was not successful,
TM01,25.4479389,-98.01216666666667,2020-03-16,h00v00,463.0,878.0,-9999.0,7.0,Soil moisture retrieval doesn't have recommended quality,Soil moisture retrieval was skipped,Soil moisture retrieval was not successful,Freeze/thaw state retrieval was successful,Not used
TM01,25.4479389,-98.01216666666667,2020-03-17,h00v00,463.0,878.0,0.1557535,8.0,Soil moisture retrieval has recommended quality,Soil moisture retrieval was attempted,Soil moisture retrieval was successful,Freeze/thaw state retrieval was not successful,
TM01,25.4479389,-98.01216666666667,2020-03-18,h00v00,463.0,878.0,0.130964,8.0,Soil moisture retrieval has recommended quality,Soil moisture retrieval was attempted,Soil moisture retrieval was successful,Freeze/thaw state retrieval was not successful,
TM01,25.4479389,-98.01216666666667,2020-03-19,h00v00,463.0,878.0,-9999.0,7.0,Soil moisture retrieval doesn't have recommended quality,Soil moisture retrieval was skipped,Soil moisture retrieval was not successful,Freeze/thaw state retrieval was successful,Not used
TM01,25.4479389,-98.01216666666667,2020-03-20,h00v00,463.0,878.0,0.1279366,8.0,Soil moisture retrieval has recommended quality,Soil moisture retrieval was attempted,Soil moisture retrieval was successful,Freeze/thaw state retrieval was not successful,
TM01,25.4479389,-98.01216666666667,2020-03-21,h00v00,463.0,878.0,-9999.0,7.0,Soil moisture retrieval doesn't have recommended quality,Soil moisture retrieval was skipped,Soil moisture retrieval was not successful,Freeze/thaw state retrieval was successful,Not used
TM01,25.4479389,-98.01216666666667,2020-03-22,h00v00,463.0,878.0,-9999.0,7.0,Soil moisture retrieval doesn't have recommended quality,Soil moisture retrieval was skipped,Soil moisture retrieval was not successful,Freeze/thaw state retrieval was successful,Not used
TM01,25.4479389,-98.01216666666667,2020-03-23,h00v00,463.0,878.0,0.1546583,8.0,Soil moisture retrieval has recommended quality,Soil moisture retrieval was attempted,Soil moisture retrieval was successful,Freeze/thaw state retrieval was not successful,
TM01,25.4479389,-98.01216666666667,2020-03-24,h00v00,463.0,878.0,-9999.0,7.0,Soil moisture retrieval doesn't have recommended quality,Soil moisture retrieval was skipped,Soil moisture retrieval was not successful,Freeze/thaw state retrieval was successful,Not used
TM01,25.4479389,-98.01216666666667,2020-03-25,h00v00,463.0,878.0,0.1595062,8.0,Soil moisture retrieval has recommended quality,Soil moisture retrieval was attempted,Soil moisture retrieval was successful,Freeze/thaw state retrieval was not successful,
TM01,25.4479389,-98.01216666666667,2020-03-26,h00v00,463.0,878.0,0.1363919,8.0,Soil moisture retrieval has recommended quality,Soil moisture retrieval was attempted,Soil moisture retrieval was successful,Freeze/thaw state retrieval was not successful,
TM01,25.4479389,-98.01216666666667,2020-03-27,h00v00,463.0,878.0,-9999.0,7.0,Soil moisture retrieval doesn't have recommended quality,Soil moisture retrieval was skipped,Soil moisture retrieval was not successful,Freeze/thaw state retrieval was successful,Not used
TM01,25.4479389,-98.01216666666667,2020-03-28,h00v00,463.0,878.0,0.1317485,8.0,Soil moisture retrieval has recommended quality,Soil moisture retrieval was attempted,Soil moisture retrieval was successful,Freeze/thaw state retrieval was not successful,
TM01,25.4479389,-98.01216666666667,2020-03-29,h00v00,463.0,878.0,-9999.0,7.0,Soil moisture retrieval doesn't have recommended quality,Soil moisture retrieval was skipped,Soil moisture retrieval was not successful,Freeze/thaw state retrieval was successful,Not used
TM01,25.4479389,-98.01216666666667,2020-03-30,h00v00,463.0,878.0,-9999.0,7.0,Soil moisture retrieval doesn't have recommended quality,Soil moisture retrieval was skipped,Soil moisture retrieval was not successful,Freeze/thaw state retrieval was successful,Not used
TM01,25.4479389,-98.01216666666667,2020-03-31,h00v00,463.0,878.0,0.1508524,8.0,Soil moisture retrieval has recommended quality,Soil moisture retrieval was attempted,Soil moisture retrieval was successful,Freeze/thaw state retrieval was not successful,
TM01,25.4479389,-98.01216666666667,2020-04-01,h00v00,463.0,878.0,-9999.0,7.0,Soil moisture retrieval doesn't have recommended quality,Soil moisture retrieval was skipped,Soil moisture retrieval was not successful,Freeze/thaw state retrieval was successful,Not used
TM01,25.4479389,-98.01216666666667,2020-04-02,h00v00,463.0,878.0,0.1476245,8.0,Soil moisture retrieval has recommended quality,Soil moisture retrieval was attempted,Soil moisture retrieval was successful,Freeze/thaw state retrieval was not successful,
TM01,25.4479389,-98.01216666666667,2020-04-03,h00v00,463.0,878.0,0.1341003,8.0,Soil moisture retrieval has recommended quality,Soil moisture retrieval was attempted,Soil moisture retrieval was successful,Freeze/thaw state retrieval was not successful,
TM01,25.4479389,-98.01216666666667,2020-04-04,h00v00,463.0,878.0,-9999.0,7.0,Soil moisture retrieval doesn't have recommended quality,Soil moisture retrieval was skipped,Soil moisture retrieval was not successful,Freeze/thaw state retrieval was successful,Not used
TM01,25.4479389,-98.01216666666667,2020-04-05,h00v00,463.0,878.0,0.1823554,8.0,Soil moisture retrieval has recommended quality,Soil moisture retrieval was attempted,Soil moisture retrieval was successful,Freeze/thaw state retrieval was not successful,
TM01,25.4479389,-98.01216666666667,2020-04-06,h00v00,463.0,878.0,-9999.0,7.0,Soil moisture retrieval doesn't have recommended quality,Soil moisture retrieval was skipped,Soil moisture retrieval was not successful,Freeze/thaw state retrieval was successful,Not used
TM01,25.4479389,-98.01216666666667,2020-04-07,h00v00,463.0,878.0,-9999.0,7.0,Soil moisture retrieval doesn't have recommended quality,Soil moisture retrieval was skipped,Soil moisture retrieval was not successful,Freeze/thaw state retrieval was successful,Not used
TM01,25.4479389,-98.01216666666667,2020-04-08,h00v00,463.0,878.0,0.1751175,8.0,Soil moisture retrieval has recommended quality,Soil moisture retrieval was attempted,Soil moisture retrieval was successful,Freeze/thaw state retrieval was not successful,
TM01,25.4479389,-98.01216666666667,2020-04-09,h00v00,463.0,878.0,-9999.0,7.0,Soil moisture retrieval doesn't have recommended quality,Soil moisture retrieval was skipped,Soil moisture retrieval was not successful,Freeze/thaw state retrieval was successful,Not used
TM01,25.4479389,-98.01216666666667,2020-04-10,h00v00,463.0,878.0,0.2595565,8.0,Soil moisture retrieval has recommended quality,Soil moisture retrieval was attempted,Soil moisture retrieval was successful,Freeze/thaw state retrieval was not successful,
TM01,25.4479389,-98.01216666666667,2020-04-11,h00v00,463.0,878.0,0.3110017,8.0,Soil moisture retrieval has recommended quality,Soil moisture retrieval was attempted,Soil moisture retrieval was successful,Freeze/thaw state retrieval was not successful,
TM01,25.4479389,-98.01216666666667,2020-04-12,h00v00,463.0,878.0,-9999.0,7.0,Soil moisture retrieval doesn't have recommended quality,Soil moisture retrieval was skipped,Soil moisture retrieval was not successful,Freeze/thaw state retrieval was successful,Not used
TM01,25.4479389,-98.01216666666667,2020-04-13,h00v00,463.0,878.0,0.2340894,8.0,Soil moisture retrieval has recommended quality,Soil moisture retrieval was attempted,Soil moisture retrieval was successful,Freeze/thaw state retrieval was not successful,
TM01,25.4479389,-98.01216666666667,2020-04-14,h00v00,463.0,878.0,-9999.0,7.0,Soil moisture retrieval doesn't have recommended quality,Soil moisture retrieval was skipped,Soil moisture retrieval was not successful,Freeze/thaw state retrieval was successful,Not used
TM01,25.4479389,-98.01216666666667,2020-04-15,h00v00,463.0,878.0,-9999.0,7.0,Soil moisture retrieval doesn't have recommended quality,Soil moisture retrieval was skipped,Soil moisture retrieval was not successful,Freeze/thaw state retrieval was successful,Not used
TM01,25.4479389,-98.01216666666667,2020-04-16,h00v00,463.0,878.0,0.2007806,8.0,Soil moisture retrieval has recommended quality,Soil moisture retrieval was attempted,Soil moisture retrieval was successful,Freeze/thaw state retrieval was not successful,
TM01,25.4479389,-98.01216666666667,2020-04-17,h00v00,463.0,878.0,-9999.0,7.0,Soil moisture retrieval doesn't have recommended quality,Soil moisture retrieval was skipped,Soil moisture retrieval was not successful,Freeze/thaw state retrieval was successful,Not used
TM01,25.4479389,-98.01216666666667,2020-04-18,h00v00,463.0,878.0,0.2026872,8.0,Soil moisture retrieval has recommended quality,Soil moisture retrieval was attempted,Soil moisture retrieval was successful,Freeze/thaw state retrieval was not successful,
TM01,25.4479389,-98.01216666666667,2020-04-19,h00v00,463.0,878.0,0.2136457,8.0,Soil moisture retrieval has recommended quality,Soil moisture retrieval was attempted,Soil moisture retrieval was successful,Freeze/thaw state retrieval was not successful,
TM01,25.4479389,-98.01216666666667,2020-04-20,h00v00,463.0,878.0,-9999.0,7.0,Soil moisture retrieval doesn't have recommended quality,Soil moisture retrieval was skipped,Soil moisture retrieval was not successful,Freeze/thaw state retrieval was successful,Not used
TM01,25.4479389,-98.01216666666667,2020-04-21,h00v00,463.0,878.0,0.1534801,8.0,Soil moisture retrieval has recommended quality,Soil moisture retrieval was attempted,Soil moisture retrieval was successful,Freeze/thaw state retrieval was not successful,
TM01,25.4479389,-98.01216666666667,2020-04-22,h00v00,463.0,878.0,-9999.0,7.0,Soil moisture retrieval doesn't have recommended quality,Soil moisture retrieval was skipped,Soil moisture retrieval was not successful,Freeze/thaw state retrieval was successful,Not used
TM01,25.4479389,-98.01216666666667,2020-04-23,h00v00,463.0,878.0,-9999.0,7.0,Soil moisture retrieval doesn't have recommended quality,Soil moisture retrieval was skipped,Soil moisture retrieval was not successful,Freeze/thaw state retrieval was successful,Not used
TM01,25.4479389,-98.01216666666667,2020-04-24,h00v00,463.0,878.0,0.168069,8.0,Soil moisture retrieval has recommended quality,Soil moisture retrieval was attempted,Soil moisture retrieval was successful,Freeze/thaw state retrieval was not successful,
TM01,25.4479389,-98.01216666666667,2020-04-25,h00v00,463.0,878.0,-9999.0,7.0,Soil moisture retrieval doesn't have recommended quality,Soil moisture retrieval was skipped,Soil moisture retrieval was not successful,Freeze/thaw state retrieval was successful,Not used
TM01,25.4479389,-98.01216666666667,2020-04-26,h00v00,463.0,878.0,0.1442763,8.0,Soil moisture retrieval has recommended quality,Soil moisture retrieval was attempted,Soil moisture retrieval was successful,Freeze/thaw state retrieval was not successful,
TM01,25.4479389,-98.01216666666667,2020-04-27,h00v00,463.0,878.0,0.1292665,8.0,Soil moisture retrieval has recommended quality,Soil moisture retrieval was attempted,Soil moisture retrieval was successful,Freeze/thaw state retrieval was not successful,
TM01,25.4479389,-98.01216666666667,2020-04-28,h00v00,463.0,878.0,-9999.0,7.0,Soil moisture retrieval doesn't have recommended quality,Soil moisture retrieval was skipped,Soil moisture retrieval was not successful,Freeze/thaw state retrieval was successful,Not used
TM01,25.4479389,-98.01216666666667,2020-04-29,h00v00,463.0,878.0,0.132504,8.0,Soil moisture retrieval has recommended quality,Soil moisture retrieval was attempted,Soil moisture retrieval was successful,Freeze/thaw state retrieval was not successful,
TM01,25.4479389,-98.01216666666667,2020-04-30,h00v00,463.0,878.0,-9999.0,7.0,Soil moisture retrieval doesn't have recommended quality,Soil moisture retrieval was skipped,Soil moisture retrieval was not successful,Freeze/thaw state retrieval was successful,Not used
TM01,25.4479389,-98.01216666666667,2020-05-01,h00v00,463.0,878.0,-9999.0,7.0,Soil moisture retrieval doesn't have recommended quality,Soil moisture retrieval was skipped,Soil moisture retrieval was not successful,Freeze/thaw state retrieval was successful,Not used
TM01,25.4479389,-98.01216666666667,2020-05-02,h00v00,463.0,878.0,0.124759,8.0,Soil moisture retrieval has recommended quality,Soil moisture retrieval was attempted,Soil moisture retrieval was successful,Freeze/thaw state retrieval was not successful,
TM01,25.4479389,-98.01216666666667,2020-05-03,h00v00,463.0,878.0,-9999.0,7.0,Soil moisture retrieval doesn't have recommended quality,Soil moisture retrieval was skipped,Soil moisture retrieval was not successful,Freeze/thaw state retrieval was successful,Not used
TM01,25.4479389,-98.01216666666667,2020-05-04,h00v00,463.0,878.0,0.1297824,8.0,Soil moisture retrieval has recommended quality,Soil moisture retrieval was attempted,Soil moisture retrieval was successful,Freeze/thaw state retrieval was not successful,
TM01,25.4479389,-98.01216666666667,2020-05-05,h00v00,463.0,878.0,0.1174421,8.0,Soil moisture retrieval has recommended quality,Soil moisture retrieval was attempted,Soil moisture retrieval was successful,Freeze/thaw state retrieval was not successful,
TM01,25.4479389,-98.01216666666667,2020-05-06,h00v00,463.0,878.0,-9999.0,7.0,Soil moisture retrieval doesn't have recommended quality,Soil moisture retrieval was skipped,Soil moisture retrieval was not successful,Freeze/thaw state retrieval was successful,Not used
TM01,25.4479389,-98.01216666666667,2020-05-07,h00v00,463.0,878.0,0.1735107,8.0,Soil moisture retrieval has recommended quality,Soil moisture retrieval was attempted,Soil moisture retrieval was successful,Freeze/thaw state retrieval was not successful,
TM01,25.4479389,-98.01216666666667,2020-05-08,h00v00,463.0,878.0,-9999.0,7.0,Soil moisture retrieval doesn't have recommended quality,Soil moisture retrieval was skipped,Soil moisture retrieval was not successful,Freeze/thaw state retrieval was successful,Not used
TM01,25.4479389,-98.01216666666667,2020-05-09,h00v00,463.0,878.0,-9999.0,7.0,Soil moisture retrieval doesn't have recommended quality,Soil moisture retrieval was skipped,Soil moisture retrieval was not successful,Freeze/thaw state retrieval was successful,Not used
TM01,25.4479389,-98.01216666666667,2020-05-10,h00v00,463.0,878.0,0.2909045,13.0,Soil moisture retrieval doesn't have recommended quality,Soil moisture retrieval was attempted,Soil moisture retrieval was not successful,Freeze/thaw state retrieval was not successful,
TM01,25.4479389,-98.01216666666667,2020-05-11,h00v00,463.0,878.0,-9999.0,7.0,Soil moisture retrieval doesn't have recommended quality,Soil moisture retrieval was skipped,Soil moisture retrieval was not successful,Freeze/thaw state retrieval was successful,Not used
TM01,25.4479389,-98.01216666666667,2020-05-12,h00v00,463.0,878.0,0.2012237,8.0,Soil moisture retrieval has recommended quality,Soil moisture retrieval was attempted,Soil moisture retrieval was successful,Freeze/thaw state retrieval was not successful,
TM01,25.4479389,-98.01216666666667,2020-05-13,h00v00,463.0,878.0,0.1735882,8.0,Soil moisture retrieval has recommended quality,Soil moisture retrieval was attempted,Soil moisture retrieval was successful,Freeze/thaw state retrieval was not successful,
TM01,25.4479389,-98.01216666666667,2020-05-14,h00v00,463.0,878.0,-9999.0,7.0,Soil moisture retrieval doesn't have recommended quality,Soil moisture retrieval was skipped,Soil moisture retrieval was not successful,Freeze/thaw state retrieval was successful,Not used
TM01,25.4479389,-98.01216666666667,2020-05-15,h00v00,463.0,878.0,0.1488024,8.0,Soil moisture retrieval has recommended quality,Soil moisture retrieval was attempted,Soil moisture retrieval was successful,Freeze/thaw state retrieval was not successful,
TM01,25.4479389,-98.01216666666667,2020-05-16,h00v00,463.0,878.0,-9999.0,7.0,Soil moisture retrieval doesn't have recommended quality,Soil moisture retrieval was skipped,Soil moisture retrieval was not successful,Freeze/thaw state retrieval was successful,Not used
TM01,25.4479389,-98.01216666666667,2020-05-17,h00v00,463.0,878.0,-9999.0,7.0,Soil moisture retrieval doesn't have recommended quality,Soil moisture retrieval was skipped,Soil moisture retrieval was not successful,Freeze/thaw state retrieval was successful,Not used
TM01,25.4479389,-98.01216666666667,2020-05-18,h00v00,463.0,878.0,0.2033601,8.0,Soil moisture retrieval has recommended quality,Soil moisture retrieval was attempted,Soil moisture retrieval was successful,Freeze/thaw state retrieval was not successful,
TM01,25.4479389,-98.01216666666667,2020-05-19,h00v00,463.0,878.0,-9999.0,7.0,Soil moisture retrieval doesn't have recommended quality,Soil moisture retrieval was skipped,Soil moisture retrieval was not successful,Freeze/thaw state retrieval was successful,Not used
TM01,25.4479389,-98.01216666666667,2020-05-20,h00v00,463.0,878.0,0.1702449,8.0,Soil moisture retrieval has recommended quality,Soil moisture retrieval was attempted,Soil moisture retrieval was successful,Freeze/thaw state retrieval was not successful,
TM01,25.4479389,-98.01216666666667,2020-05-21,h00v00,463.0,878.0,0.1497852,8.0,Soil moisture retrieval has recommended quality,Soil moisture retrieval was attempted,Soil moisture retrieval was successful,Freeze/thaw state retrieval was not successful,
TM01,25.4479389,-98.01216666666667,2020-05-22,h00v00,463.0,878.0,-9999.0,7.0,Soil moisture retrieval doesn't have recommended quality,Soil moisture retrieval was skipped,Soil moisture retrieval was not successful,Freeze/thaw state retrieval was successful,Not used
TM01,25.4479389,-98.01216666666667,2020-05-23,h00v00,463.0,878.0,0.1763208,8.0,Soil moisture retrieval has recommended quality,Soil moisture retrieval was attempted,Soil moisture retrieval was successful,Freeze/thaw state retrieval was not successful,
TM01,25.4479389,-98.01216666666667,2020-05-24,h00v00,463.0,878.0,-9999.0,7.0,Soil moisture retrieval doesn't have recommended quality,Soil moisture retrieval was skipped,Soil moisture retrieval was not successful,Freeze/thaw state retrieval was successful,Not used
TM01,25.4479389,-98.01216666666667,2020-05-25,h00v00,463.0,878.0,-9999.0,7.0,Soil moisture retrieval doesn't have recommended quality,Soil moisture retrieval was skipped,Soil moisture retrieval was not successful,Freeze/thaw state retrieval was successful,Not used
TM01,25.4479389,-98.01216666666667,2020-05-26,h00v00,463.0,878.0,-9999.0,7.0,Soil moisture retrieval doesn't have recommended quality,Soil moisture retrieval was skipped,Soil moisture retrieval was not successful,Freeze/thaw state retrieval was successful,Not used
TM01,25.4479389,-98.01216666666667,2020-05-27,h00v00,463.0,878.0,-9999.0,7.0,Soil moisture retrieval doesn't have recommended quality,Soil moisture retrieval was skipped,Soil moisture retrieval was not successful,Freeze/thaw state retrieval was successful,Not used
TM01,25.4479389,-98.01216666666667,2020-05-28,h00v00,463.0,878.0,0.2466128,8.0,Soil moisture retrieval has recommended quality,Soil moisture retrieval was attempted,Soil moisture retrieval was successful,Freeze/thaw state retrieval was not successful,
TM01,25.4479389,-98.01216666666667,2020-05-29,h00v00,463.0,878.0,0.2530014,9.0,Soil moisture retrieval doesn't have recommended quality,Soil moisture retrieval was attempted,Soil moisture retrieval was successful,Freeze/thaw state retrieval was not successful,
TM01,25.4479389,-98.01216666666667,2020-05-30,h00v00,463.0,878.0,-9999.0,7.0,Soil moisture retrieval doesn't have recommended quality,Soil moisture retrieval was skipped,Soil moisture retrieval was not successful,Freeze/thaw state retrieval was successful,Not used
TM01,25.4479389,-98.01216666666667,2020-05-31,h00v00,463.0,878.0,0.2904552,13.0,Soil moisture retrieval doesn't have recommended quality,Soil moisture retrieval was attempted,Soil moisture retrieval was not successful,Freeze/thaw state retrieval was not successful,
TM01,25.4479389,-98.01216666666667,2020-06-01,h00v00,463.0,878.0,-9999.0,7.0,Soil moisture retrieval doesn't have recommended quality,Soil moisture retrieval was skipped,Soil moisture retrieval was not successful,Freeze/thaw state retrieval was successful,Not used
TM01,25.4479389,-98.01216666666667,2020-06-02,h00v00,463.0,878.0,-9999.0,7.0,Soil moisture retrieval doesn't have recommended quality,Soil moisture retrieval was skipped,Soil moisture retrieval was not successful,Freeze/thaw state retrieval was successful,Not used
TM01,25.4479389,-98.01216666666667,2020-06-03,h00v00,463.0,878.0,-9999.0,7.0,Soil moisture retrieval doesn't have recommended quality,Soil moisture retrieval was skipped,Soil moisture retrieval was not successful,Freeze/thaw state retrieval was successful,Not used
TM01,25.4479389,-98.01216666666667,2020-06-04,h00v00,463.0,878.0,-9999.0,7.0,Soil moisture retrieval doesn't have recommended quality,Soil moisture retrieval was skipped,Soil moisture retrieval was not successful,Freeze/thaw state retrieval was successful,Not used
TM01,25.4479389,-98.01216666666667,2020-06-05,h00v00,463.0,878.0,0.2700438,13.0,Soil moisture retrieval doesn't have recommended quality,Soil moisture retrieval was attempted,Soil moisture retrieval was not successful,Freeze/thaw state retrieval was not successful,
TM01,25.4479389,-98.01216666666667,2020-06-06,h00v00,463.0,878.0,0.2392696,8.0,Soil moisture retrieval has recommended quality,Soil moisture retrieval was attempted,Soil moisture retrieval was successful,Freeze/thaw state retrieval was not successful,
TM01,25.4479389,-98.01216666666667,2020-06-07,h00v00,463.0,878.0,-9999.0,7.0,Soil moisture retrieval doesn't have recommended quality,Soil moisture retrieval was skipped,Soil moisture retrieval was not successful,Freeze/thaw state retrieval was successful,Not used
TM01,25.4479389,-98.01216666666667,2020-06-08,h00v00,463.0,878.0,0.1754237,8.0,Soil moisture retrieval has recommended quality,Soil moisture retrieval was attempted,Soil moisture retrieval was successful,Freeze/thaw state retrieval was not successful,
TM01,25.4479389,-98.01216666666667,2020-06-09,h00v00,463.0,878.0,-9999.0,7.0,Soil moisture retrieval doesn't have recommended quality,Soil moisture retrieval was skipped,Soil moisture retrieval was not successful,Freeze/thaw state retrieval was successful,Not used
TM01,25.4479389,-98.01216666666667,2020-06-10,h00v00,463.0,878.0,-9999.0,7.0,Soil moisture retrieval doesn't have recommended quality,Soil moisture retrieval was skipped,Soil moisture retrieval was not successful,Freeze/thaw state retrieval was successful,Not used
TM01,25.4479389,-98.01216666666667,2020-06-11,h00v00,463.0,878.0,0.2424687,8.0,Soil moisture retrieval has recommended quality,Soil moisture retrieval was attempted,Soil moisture retrieval was successful,Freeze/thaw state retrieval was not successful,
TM01,25.4479389,-98.01216666666667,2020-06-12,h00v00,463.0,878.0,-9999.0,7.0,Soil moisture retrieval doesn't have recommended quality,Soil moisture retrieval was skipped,Soil moisture retrieval was not successful,Freeze/thaw state retrieval was successful,Not used
TM01,25.4479389,-98.01216666666667,2020-06-13,h00v00,463.0,878.0,-9999.0,7.0,Soil moisture retrieval doesn't have recommended quality,Soil moisture retrieval was skipped,Soil moisture retrieval was not successful,Freeze/thaw state retrieval was successful,Not used
TM01,25.4479389,-98.01216666666667,2020-06-14,h00v00,463.0,878.0,0.1656216,8.0,Soil moisture retrieval has recommended quality,Soil moisture retrieval was attempted,Soil moisture retrieval was successful,Freeze/thaw state retrieval was not successful,
TM01,25.4479389,-98.01216666666667,2020-06-15,h00v00,463.0,878.0,-9999.0,7.0,Soil moisture retrieval doesn't have recommended quality,Soil moisture retrieval was skipped,Soil moisture retrieval was not successful,Freeze/thaw state retrieval was successful,Not used
TM01,25.4479389,-98.01216666666667,2020-06-16,h00v00,463.0,878.0,0.1795394,8.0,Soil moisture retrieval has recommended quality,Soil moisture retrieval was attempted,Soil moisture retrieval was successful,Freeze/thaw state retrieval was not successful,
TM01,25.4479389,-98.01216666666667,2020-06-17,h00v00,463.0,878.0,-9999.0,7.0,Soil moisture retrieval doesn't have recommended quality,Soil moisture retrieval was skipped,Soil moisture retrieval was not successful,Freeze/thaw state retrieval was successful,Not used
TM01,25.4479389,-98.01216666666667,2020-06-18,h00v00,463.0,878.0,-9999.0,7.0,Soil moisture retrieval doesn't have recommended quality,Soil moisture retrieval was skipped,Soil moisture retrieval was not successful,Freeze/thaw state retrieval was successful,Not used
TM01,25.4479389,-98.01216666666667,2020-06-19,h00v00,463.0,878.0,0.1919103,8.0,Soil moisture retrieval has recommended quality,Soil moisture retrieval was attempted,Soil moisture retrieval was successful,Freeze/thaw state retrieval was not successful,
TM01,25.4479389,-98.01216666666667,2020-06-20,h00v00,463.0,878.0,-9999.0,7.0,Soil moisture retrieval doesn't have recommended quality,Soil moisture retrieval was skipped,Soil moisture retrieval was not successful,Freeze/thaw state retrieval was successful,Not used
TM01,25.4479389,-98.01216666666667,2020-06-21,h00v00,463.0,878.0,0.1738935,8.0,Soil moisture retrieval has recommended quality,Soil moisture retrieval was attempted,Soil moisture retrieval was successful,Freeze/thaw state retrieval was not successful,
TM01,25.4479389,-98.01216666666667,2020-06-22,h00v00,463.0,878.0,0.1476922,8.0,Soil moisture retrieval has recommended quality,Soil moisture retrieval was attempted,Soil moisture retrieval was successful,Freeze/thaw state retrieval was not successful,
TM01,25.4479389,-98.01216666666667,2020-06-23,h00v00,463.0,878.0,-9999.0,7.0,Soil moisture retrieval doesn't have recommended quality,Soil moisture retrieval was skipped,Soil moisture retrieval was not successful,Freeze/thaw state retrieval was successful,Not used
TM01,25.4479389,-98.01216666666667,2020-06-24,h00v00,463.0,878.0,0.141533,8.0,Soil moisture retrieval has recommended quality,Soil moisture retrieval was attempted,Soil moisture retrieval was successful,Freeze/thaw state retrieval was not successful,
TM01,25.4479389,-98.01216666666667,2020-06-25,h00v00,463.0,878.0,-9999.0,7.0,Soil moisture retrieval doesn't have recommended quality,Soil moisture retrieval was skipped,Soil moisture retrieval was not successful,Freeze/thaw state retrieval was successful,Not used
TM01,25.4479389,-98.01216666666667,2020-06-26,h00v00,463.0,878.0,-9999.0,7.0,Soil moisture retrieval doesn't have recommended quality,Soil moisture retrieval was skipped,Soil moisture retrieval was not successful,Freeze/thaw state retrieval was successful,Not used
TM01,25.4479389,-98.01216666666667,2020-06-27,h00v00,463.0,878.0,0.2908354,13.0,Soil moisture retrieval doesn't have recommended quality,Soil moisture retrieval was attempted,Soil moisture retrieval was not successful,Freeze/thaw state retrieval was not successful,
TM01,25.4479389,-98.01216666666667,2020-06-28,h00v00,463.0,878.0,-9999.0,7.0,Soil moisture retrieval doesn't have recommended quality,Soil moisture retrieval was skipped,Soil moisture retrieval was not successful,Freeze/thaw state retrieval was successful,Not used
TM01,25.4479389,-98.01216666666667,2020-06-29,h00v00,463.0,878.0,0.2058914,8.0,Soil moisture retrieval has recommended quality,Soil moisture retrieval was attempted,Soil moisture retrieval was successful,Freeze/thaw state retrieval was not successful,
TM01,25.4479389,-98.01216666666667,2020-06-30,h00v00,463.0,878.0,0.1556341,8.0,Soil moisture retrieval has recommended quality,Soil moisture retrieval was attempted,Soil moisture retrieval was successful,Freeze/thaw state retrieval was not successful,
TM01,25.4479389,-98.01216666666667,2020-07-01,h00v00,463.0,878.0,-9999.0,7.0,Soil moisture retrieval doesn't have recommended quality,Soil moisture retrieval was skipped,Soil moisture retrieval was not successful,Freeze/thaw state retrieval was successful,Not used
TM01,25.4479389,-98.01216666666667,2020-07-02,h00v00,463.0,878.0,0.1289595,8.0,Soil moisture retrieval has recommended quality,Soil moisture retrieval was attempted,Soil moisture retrieval was successful,Freeze/thaw state retrieval was not successful,
TM01,25.4479389,-98.01216666666667,2020-07-03,h00v00,463.0,878.0,-9999.0,7.0,Soil moisture retrieval doesn't have recommended quality,Soil moisture retrieval was skipped,Soil moisture retrieval was not successful,Freeze/thaw state retrieval was successful,Not used
TM01,25.4479389,-98.01216666666667,2020-07-04,h00v00,463.0,878.0,-9999.0,7.0,Soil moisture retrieval doesn't have recommended quality,Soil moisture retrieval was skipped,Soil moisture retrieval was not successful,Freeze/thaw state retrieval was successful,Not used
TM01,25.4479389,-98.01216666666667,2020-07-05,h00v00,463.0,878.0,0.1159242,8.0,Soil moisture retrieval has recommended quality,Soil moisture retrieval was attempted,Soil moisture retrieval was successful,Freeze/thaw state retrieval was not successful,
TM01,25.4479389,-98.01216666666667,2020-07-06,h00v00,463.0,878.0,-9999.0,7.0,Soil moisture retrieval doesn't have recommended quality,Soil moisture retrieval was skipped,Soil moisture retrieval was not successful,Freeze/thaw state retrieval was successful,Not used
TM01,25.4479389,-98.01216666666667,2020-07-07,h00v00,463.0,878.0,0.1097444,8.0,Soil moisture retrieval has recommended quality,Soil moisture retrieval was attempted,Soil moisture retrieval was successful,Freeze/thaw state retrieval was not successful,
TM01,25.4479389,-98.01216666666667,2020-07-08,h00v00,463.0,878.0,0.0931487,8.0,Soil moisture retrieval has recommended quality,Soil moisture retrieval was attempted,Soil moisture retrieval was successful,Freeze/thaw state retrieval was not successful,
TM01,25.4479389,-98.01216666666667,2020-07-09,h00v00,463.0,878.0,-9999.0,7.0,Soil moisture retrieval doesn't have recommended quality,Soil moisture retrieval was skipped,Soil moisture retrieval was not successful,Freeze/thaw state retrieval was successful,Not used
TM01,25.4479389,-98.01216666666667,2020-07-10,h00v00,463.0,878.0,0.0946244,8.0,Soil moisture retrieval has recommended quality,Soil moisture retrieval was attempted,Soil moisture retrieval was successful,Freeze/thaw state retrieval was not successful,
TM01,25.4479389,-98.01216666666667,2020-07-11,h00v00,463.0,878.0,-9999.0,7.0,Soil moisture retrieval doesn't have recommended quality,Soil moisture retrieval was skipped,Soil moisture retrieval was not successful,Freeze/thaw state retrieval was successful,Not used
TM01,25.4479389,-98.01216666666667,2020-07-12,h00v00,463.0,878.0,-9999.0,7.0,Soil moisture retrieval doesn't have recommended quality,Soil moisture retrieval was skipped,Soil moisture retrieval was not successful,Freeze/thaw state retrieval was successful,Not used
TM01,25.4479389,-98.01216666666667,2020-07-13,h00v00,463.0,878.0,0.1045058,8.0,Soil moisture retrieval has recommended quality,Soil moisture retrieval was attempted,Soil moisture retrieval was successful,Freeze/thaw state retrieval was not successful,
TM01,25.4479389,-98.01216666666667,2020-07-14,h00v00,463.0,878.0,-9999.0,7.0,Soil moisture retrieval doesn't have recommended quality,Soil moisture retrieval was skipped,Soil moisture retrieval was not successful,Freeze/thaw state retrieval was successful,Not used
TM01,25.4479389,-98.01216666666667,2020-07-15,h00v00,463.0,878.0,0.1140893,8.0,Soil moisture retrieval has recommended quality,Soil moisture retrieval was attempted,Soil moisture retrieval was successful,Freeze/thaw state retrieval was not successful,
TM01,25.4479389,-98.01216666666667,2020-07-16,h00v00,463.0,878.0,0.0792642,8.0,Soil moisture retrieval has recommended quality,Soil moisture retrieval was attempted,Soil moisture retrieval was successful,Freeze/thaw state retrieval was not successful,
TM01,25.4479389,-98.01216666666667,2020-07-17,h00v00,463.0,878.0,-9999.0,7.0,Soil moisture retrieval doesn't have recommended quality,Soil moisture retrieval was skipped,Soil moisture retrieval was not successful,Freeze/thaw state retrieval was successful,Not used
TM01,25.4479389,-98.01216666666667,2020-07-18,h00v00,463.0,878.0,0.1673519,8.0,Soil moisture retrieval has recommended quality,Soil moisture retrieval was attempted,Soil moisture retrieval was successful,Freeze/thaw state retrieval was not successful,
TM01,25.4479389,-98.01216666666667,2020-07-19,h00v00,463.0,878.0,-9999.0,7.0,Soil moisture retrieval doesn't have recommended quality,Soil moisture retrieval was skipped,Soil moisture retrieval was not successful,Freeze/thaw state retrieval was successful,Not used
TM01,25.4479389,-98.01216666666667,2020-07-20,h00v00,463.0,878.0,-9999.0,7.0,Soil moisture retrieval doesn't have recommended quality,Soil moisture retrieval was skipped,Soil moisture retrieval was not successful,Freeze/thaw state retrieval was successful,Not used
TM01,25.4479389,-98.01216666666667,2020-07-21,h00v00,463.0,878.0,0.0950886,8.0,Soil moisture retrieval has recommended quality,Soil moisture retrieval was attempted,Soil moisture retrieval was successful,Freeze/thaw state retrieval was not successful,
TM01,25.4479389,-98.01216666666667,2020-07-22,h00v00,463.0,878.0,-9999.0,7.0,Soil moisture retrieval doesn't have recommended quality,Soil moisture retrieval was skipped,Soil moisture retrieval was not successful,Freeze/thaw state retrieval was successful,Not used
TM01,25.4479389,-98.01216666666667,2020-07-23,h00v00,463.0,878.0,0.0958891,8.0,Soil moisture retrieval has recommended quality,Soil moisture retrieval was attempted,Soil moisture retrieval was successful,Freeze/thaw state retrieval was not successful,
TM01,25.4479389,-98.01216666666667,2020-07-24,h00v00,463.0,878.0,0.0913426,8.0,Soil moisture retrieval has recommended quality,Soil moisture retrieval was attempted,Soil moisture retrieval was successful,Freeze/thaw state retrieval was not successful,
TM01,25.4479389,-98.01216666666667,2020-07-25,h00v00,463.0,878.0,-9999.0,7.0,Soil moisture retrieval doesn't have recommended quality,Soil moisture retrieval was skipped,Soil moisture retrieval was not successful,Freeze/thaw state retrieval was successful,Not used
TM01,25.4479389,-98.01216666666667,2020-07-26,h00v00,463.0,878.0,0.4051686,13.0,Soil moisture retrieval doesn't have recommended quality,Soil moisture retrieval was attempted,Soil moisture retrieval was not successful,Freeze/thaw state retrieval was not successful,
TM01,25.4479389,-98.01216666666667,2020-07-27,h00v00,463.0,878.0,-9999.0,7.0,Soil moisture retrieval doesn't have recommended quality,Soil moisture retrieval was skipped,Soil moisture retrieval was not successful,Freeze/thaw state retrieval was successful,Not used
TM01,25.4479389,-98.01216666666667,2020-07-28,h00v00,463.0,878.0,-9999.0,7.0,Soil moisture retrieval doesn't have recommended quality,Soil moisture retrieval was skipped,Soil moisture retrieval was not successful,Freeze/thaw state retrieval was successful,Not used
TM01,25.4479389,-98.01216666666667,2020-07-29,h00v00,463.0,878.0,0.4051686,13.0,Soil moisture retrieval doesn't have recommended quality,Soil moisture retrieval was attempted,Soil moisture retrieval was not successful,Freeze/thaw state retrieval was not successful,
TM01,25.4479389,-98.01216666666667,2020-07-30,h00v00,463.0,878.0,-9999.0,7.0,Soil moisture retrieval doesn't have recommended quality,Soil moisture retrieval was skipped,Soil moisture retrieval was not successful,Freeze/thaw state retrieval was successful,Not used
TM01,25.4479389,-98.01216666666667,2020-07-31,h00v00,463.0,878.0,0.4017636,13.0,Soil moisture retrieval doesn't have recommended quality,Soil moisture retrieval was attempted,Soil moisture retrieval was not successful,Freeze/thaw state retrieval was not successful,
TM01,25.4479389,-98.01216666666667,2020-08-01,h00v00,463.0,878.0,0.3426223,13.0,Soil moisture retrieval doesn't have recommended quality,Soil moisture retrieval was attempted,Soil moisture retrieval was not successful,Freeze/thaw state retrieval was not successful,
TM01,25.4479389,-98.01216666666667,2020-08-02,h00v00,463.0,878.0,-9999.0,7.0,Soil moisture retrieval doesn't have recommended quality,Soil moisture retrieval was skipped,Soil moisture retrieval was not successful,Freeze/thaw state retrieval was successful,Not used
TM01,25.4479389,-98.01216666666667,2020-08-03,h00v00,463.0,878.0,0.3754578,13.0,Soil moisture retrieval doesn't have recommended quality,Soil moisture retrieval was attempted,Soil moisture retrieval was not successful,Freeze/thaw state retrieval was not successful,
TM01,25.4479389,-98.01216666666667,2020-08-04,h00v00,463.0,878.0,-9999.0,7.0,Soil moisture retrieval doesn't have recommended quality,Soil moisture retrieval was skipped,Soil moisture retrieval was not successful,Freeze/thaw state retrieval was successful,Not used
TM01,25.4479389,-98.01216666666667,2020-08-05,h00v00,463.0,878.0,-9999.0,7.0,Soil moisture retrieval doesn't have recommended quality,Soil moisture retrieval was skipped,Soil moisture retrieval was not successful,Freeze/thaw state retrieval was successful,Not used
TM01,25.4479389,-98.01216666666667,2020-08-06,h00v00,463.0,878.0,0.2376173,8.0,Soil moisture retrieval has recommended quality,Soil moisture retrieval was attempted,Soil moisture retrieval was successful,Freeze/thaw state retrieval was not successful,
TM01,25.4479389,-98.01216666666667,2020-08-07,h00v00,463.0,878.0,-9999.0,7.0,Soil moisture retrieval doesn't have recommended quality,Soil moisture retrieval was skipped,Soil moisture retrieval was not successful,Freeze/thaw state retrieval was successful,Not used
TM01,25.4479389,-98.01216666666667,2020-08-08,h00v00,463.0,878.0,0.2060106,8.0,Soil moisture retrieval has recommended quality,Soil moisture retrieval was attempted,Soil moisture retrieval was successful,Freeze/thaw state retrieval was not successful,
TM01,25.4479389,-98.01216666666667,2020-08-09,h00v00,463.0,878.0,0.179523,8.0,Soil moisture retrieval has recommended quality,Soil moisture retrieval was attempted,Soil moisture retrieval was successful,Freeze/thaw state retrieval was not successful,
TM01,25.4479389,-98.01216666666667,2020-08-10,h00v00,463.0,878.0,-9999.0,7.0,Soil moisture retrieval doesn't have recommended quality,Soil moisture retrieval was skipped,Soil moisture retrieval was not successful,Freeze/thaw state retrieval was successful,Not used
TM01,25.4479389,-98.01216666666667,2020-08-11,h00v00,463.0,878.0,0.1681816,8.0,Soil moisture retrieval has recommended quality,Soil moisture retrieval was attempted,Soil moisture retrieval was successful,Freeze/thaw state retrieval was not successful,
TM01,25.4479389,-98.01216666666667,2020-08-12,h00v00,463.0,878.0,-9999.0,7.0,Soil moisture retrieval doesn't have recommended quality,Soil moisture retrieval was skipped,Soil moisture retrieval was not successful,Freeze/thaw state retrieval was successful,Not used
TM01,25.4479389,-98.01216666666667,2020-08-13,h00v00,463.0,878.0,-9999.0,7.0,Soil moisture retrieval doesn't have recommended quality,Soil moisture retrieval was skipped,Soil moisture retrieval was not successful,Freeze/thaw state retrieval was successful,Not used
TM01,25.4479389,-98.01216666666667,2020-08-14,h00v00,463.0,878.0,0.1373726,8.0,Soil moisture retrieval has recommended quality,Soil moisture retrieval was attempted,Soil moisture retrieval was successful,Freeze/thaw state retrieval was not successful,
TM01,25.4479389,-98.01216666666667,2020-08-15,h00v00,463.0,878.0,-9999.0,7.0,Soil moisture retrieval doesn't have recommended quality,Soil moisture retrieval was skipped,Soil moisture retrieval was not successful,Freeze/thaw state retrieval was successful,Not used
TM01,25.4479389,-98.01216666666667,2020-08-16,h00v00,463.0,878.0,0.1276798,8.0,Soil moisture retrieval has recommended quality,Soil moisture retrieval was attempted,Soil moisture retrieval was successful,Freeze/thaw state retrieval was not successful,
TM01,25.4479389,-98.01216666666667,2020-08-17,h00v00,463.0,878.0,0.1060483,8.0,Soil moisture retrieval has recommended quality,Soil moisture retrieval was attempted,Soil moisture retrieval was successful,Freeze/thaw state retrieval was not successful,
TM01,25.4479389,-98.01216666666667,2020-08-18,h00v00,463.0,878.0,-9999.0,7.0,Soil moisture retrieval doesn't have recommended quality,Soil moisture retrieval was skipped,Soil moisture retrieval was not successful,Freeze/thaw state retrieval was successful,Not used
TM01,25.4479389,-98.01216666666667,2020-08-19,h00v00,463.0,878.0,0.1360831,8.0,Soil moisture retrieval has recommended quality,Soil moisture retrieval was attempted,Soil moisture retrieval was successful,Freeze/thaw state retrieval was not successful,
TM01,25.4479389,-98.01216666666667,2020-08-20,h00v00,463.0,878.0,-9999.0,7.0,Soil moisture retrieval doesn't have recommended quality,Soil moisture retrieval was skipped,Soil moisture retrieval was not successful,Freeze/thaw state retrieval was successful,Not used
TM01,25.4479389,-98.01216666666667,2020-08-21,h00v00,463.0,878.0,-9999.0,7.0,Soil moisture retrieval doesn't have recommended quality,Soil moisture retrieval was skipped,Soil moisture retrieval was not successful,Freeze/thaw state retrieval was successful,Not used
TM01,25.4479389,-98.01216666666667,2020-08-22,h00v00,463.0,878.0,0.1186725,8.0,Soil moisture retrieval has recommended quality,Soil moisture retrieval was attempted,Soil moisture retrieval was successful,Freeze/thaw state retrieval was not successful,
TM01,25.4479389,-98.01216666666667,2020-08-23,h00v00,463.0,878.0,-9999.0,7.0,Soil moisture retrieval doesn't have recommended quality,Soil moisture retrieval was skipped,Soil moisture retrieval was not successful,Freeze/thaw state retrieval was successful,Not used
TM01,25.4479389,-98.01216666666667,2020-08-24,h00v00,463.0,878.0,0.1567432,8.0,Soil moisture retrieval has recommended quality,Soil moisture retrieval was attempted,Soil moisture retrieval was successful,Freeze/thaw state retrieval was not successful,
TM01,25.4479389,-98.01216666666667,2020-08-25,h00v00,463.0,878.0,0.2180981,8.0,Soil moisture retrieval has recommended quality,Soil moisture retrieval was attempted,Soil moisture retrieval was successful,Freeze/thaw state retrieval was not successful,
TM01,25.4479389,-98.01216666666667,2020-08-26,h00v00,463.0,878.0,-9999.0,7.0,Soil moisture retrieval doesn't have recommended quality,Soil moisture retrieval was skipped,Soil moisture retrieval was not successful,Freeze/thaw state retrieval was successful,Not used
TM01,25.4479389,-98.01216666666667,2020-08-27,h00v00,463.0,878.0,0.1501338,8.0,Soil moisture retrieval has recommended quality,Soil moisture retrieval was attempted,Soil moisture retrieval was successful,Freeze/thaw state retrieval was not successful,
TM01,25.4479389,-98.01216666666667,2020-08-28,h00v00,463.0,878.0,-9999.0,7.0,Soil moisture retrieval doesn't have recommended quality,Soil moisture retrieval was skipped,Soil moisture retrieval was not successful,Freeze/thaw state retrieval was successful,Not used
TM01,25.4479389,-98.01216666666667,2020-08-29,h00v00,463.0,878.0,-9999.0,7.0,Soil moisture retrieval doesn't have recommended quality,Soil moisture retrieval was skipped,Soil moisture retrieval was not successful,Freeze/thaw state retrieval was successful,Not used
TM01,25.4479389,-98.01216666666667,2020-08-30,h00v00,463.0,878.0,0.1178066,8.0,Soil moisture retrieval has recommended quality,Soil moisture retrieval was attempted,Soil moisture retrieval was successful,Freeze/thaw state retrieval was not successful,
TM01,25.4479389,-98.01216666666667,2020-08-31,h00v00,463.0,878.0,-9999.0,7.0,Soil moisture retrieval doesn't have recommended quality,Soil moisture retrieval was skipped,Soil moisture retrieval was not successful,Freeze/thaw state retrieval was successful,Not used
TM01,25.4479389,-98.01216666666667,2020-09-01,h00v00,463.0,878.0,0.1153057,8.0,Soil moisture retrieval has recommended quality,Soil moisture retrieval was attempted,Soil moisture retrieval was successful,Freeze/thaw state retrieval was not successful,
TM01,25.4479389,-98.01216666666667,2020-09-02,h00v00,463.0,878.0,0.1072498,8.0,Soil moisture retrieval has recommended quality,Soil moisture retrieval was attempted,Soil moisture retrieval was successful,Freeze/thaw state retrieval was not successful,
TM01,25.4479389,-98.01216666666667,2020-09-03,h00v00,463.0,878.0,-9999.0,7.0,Soil moisture retrieval doesn't have recommended quality,Soil moisture retrieval was skipped,Soil moisture retrieval was not successful,Freeze/thaw state retrieval was successful,Not used
TM01,25.4479389,-98.01216666666667,2020-09-04,h00v00,463.0,878.0,0.1183418,8.0,Soil moisture retrieval has recommended quality,Soil moisture retrieval was attempted,Soil moisture retrieval was successful,Freeze/thaw state retrieval was not successful,
TM01,25.4479389,-98.01216666666667,2020-09-05,h00v00,463.0,878.0,-9999.0,7.0,Soil moisture retrieval doesn't have recommended quality,Soil moisture retrieval was skipped,Soil moisture retrieval was not successful,Freeze/thaw state retrieval was successful,Not used
TM01,25.4479389,-98.01216666666667,2020-09-06,h00v00,463.0,878.0,-9999.0,7.0,Soil moisture retrieval doesn't have recommended quality,Soil moisture retrieval was skipped,Soil moisture retrieval was not successful,Freeze/thaw state retrieval was successful,Not used
TM01,25.4479389,-98.01216666666667,2020-09-07,h00v00,463.0,878.0,0.340346,13.0,Soil moisture retrieval doesn't have recommended quality,Soil moisture retrieval was attempted,Soil moisture retrieval was not successful,Freeze/thaw state retrieval was not successful,
TM01,25.4479389,-98.01216666666667,2020-09-08,h00v00,463.0,878.0,-9999.0,7.0,Soil moisture retrieval doesn't have recommended quality,Soil moisture retrieval was skipped,Soil moisture retrieval was not successful,Freeze/thaw state retrieval was successful,Not used
TM01,25.4479389,-98.01216666666667,2020-09-09,h00v00,463.0,878.0,0.2033893,8.0,Soil moisture retrieval has recommended quality,Soil moisture retrieval was attempted,Soil moisture retrieval was successful,Freeze/thaw state retrieval was not successful,
TM01,25.4479389,-98.01216666666667,2020-09-10,h00v00,463.0,878.0,0.1675717,8.0,Soil moisture retrieval has recommended quality,Soil moisture retrieval was attempted,Soil moisture retrieval was successful,Freeze/thaw state retrieval was not successful,
TM01,25.4479389,-98.01216666666667,2020-09-11,h00v00,463.0,878.0,-9999.0,7.0,Soil moisture retrieval doesn't have recommended quality,Soil moisture retrieval was skipped,Soil moisture retrieval was not successful,Freeze/thaw state retrieval was successful,Not used
TM01,25.4479389,-98.01216666666667,2020-09-12,h00v00,463.0,878.0,0.180862,8.0,Soil moisture retrieval has recommended quality,Soil moisture retrieval was attempted,Soil moisture retrieval was successful,Freeze/thaw state retrieval was not successful,
TM01,25.4479389,-98.01216666666667,2020-09-13,h00v00,463.0,878.0,-9999.0,7.0,Soil moisture retrieval doesn't have recommended quality,Soil moisture retrieval was skipped,Soil moisture retrieval was not successful,Freeze/thaw state retrieval was successful,Not used
TM01,25.4479389,-98.01216666666667,2020-09-14,h00v00,463.0,878.0,-9999.0,7.0,Soil moisture retrieval doesn't have recommended quality,Soil moisture retrieval was skipped,Soil moisture retrieval was not successful,Freeze/thaw state retrieval was successful,Not used
TM01,25.4479389,-98.01216666666667,2020-09-15,h00v00,463.0,878.0,0.2083002,8.0,Soil moisture retrieval has recommended quality,Soil moisture retrieval was attempted,Soil moisture retrieval was successful,Freeze/thaw state retrieval was not successful,
TM01,25.4479389,-98.01216666666667,2020-09-16,h00v00,463.0,878.0,-9999.0,7.0,Soil moisture retrieval doesn't have recommended quality,Soil moisture retrieval was skipped,Soil moisture retrieval was not successful,Freeze/thaw state retrieval was successful,Not used
TM01,25.4479389,-98.01216666666667,2020-09-17,h00v00,463.0,878.0,0.2927661,8.0,Soil moisture retrieval has recommended quality,Soil moisture retrieval was attempted,Soil moisture retrieval was successful,Freeze/thaw state retrieval was not successful,
TM01,25.4479389,-98.01216666666667,2020-09-18,h00v00,463.0,878.0,0.3452493,13.0,Soil moisture retrieval doesn't have recommended quality,Soil moisture retrieval was attempted,Soil moisture retrieval was not successful,Freeze/thaw state retrieval was not successful,
TM01,25.4479389,-98.01216666666667,2020-09-19,h00v00,463.0,878.0,-9999.0,7.0,Soil moisture retrieval doesn't have recommended quality,Soil moisture retrieval was skipped,Soil moisture retrieval was not successful,Freeze/thaw state retrieval was successful,Not used
TM01,25.4479389,-98.01216666666667,2020-09-20,h00v00,463.0,878.0,0.2259677,8.0,Soil moisture retrieval has recommended quality,Soil moisture retrieval was attempted,Soil moisture retrieval was successful,Freeze/thaw state retrieval was not successful,
TM01,25.4479389,-98.01216666666667,2020-09-21,h00v00,463.0,878.0,-9999.0,7.0,Soil moisture retrieval doesn't have recommended quality,Soil moisture retrieval was skipped,Soil moisture retrieval was not successful,Freeze/thaw state retrieval was successful,Not used
TM01,25.4479389,-98.01216666666667,2020-09-22,h00v00,463.0,878.0,-9999.0,7.0,Soil moisture retrieval doesn't have recommended quality,Soil moisture retrieval was skipped,Soil moisture retrieval was not successful,Freeze/thaw state retrieval was successful,Not used
TM01,25.4479389,-98.01216666666667,2020-09-23,h00v00,463.0,878.0,0.1400545,8.0,Soil moisture retrieval has recommended quality,Soil moisture retrieval was attempted,Soil moisture retrieval was successful,Freeze/thaw state retrieval was not successful,
TM01,25.4479389,-98.01216666666667,2020-09-24,h00v00,463.0,878.0,-9999.0,7.0,Soil moisture retrieval doesn't have recommended quality,Soil moisture retrieval was skipped,Soil moisture retrieval was not successful,Freeze/thaw state retrieval was successful,Not used
TM01,25.4479389,-98.01216666666667,2020-09-25,h00v00,463.0,878.0,0.2292632,8.0,Soil moisture retrieval has recommended quality,Soil moisture retrieval was attempted,Soil moisture retrieval was successful,Freeze/thaw state retrieval was not successful,
TM01,25.4479389,-98.01216666666667,2020-09-26,h00v00,463.0,878.0,0.1864932,8.0,Soil moisture retrieval has recommended quality,Soil moisture retrieval was attempted,Soil moisture retrieval was successful,Freeze/thaw state retrieval was not successful,
TM01,25.4479389,-98.01216666666667,2020-09-27,h00v00,463.0,878.0,-9999.0,7.0,Soil moisture retrieval doesn't have recommended quality,Soil moisture retrieval was skipped,Soil moisture retrieval was not successful,Freeze/thaw state retrieval was successful,Not used
TM01,25.4479389,-98.01216666666667,2020-09-28,h00v00,463.0,878.0,0.1439062,8.0,Soil moisture retrieval has recommended quality,Soil moisture retrieval was attempted,Soil moisture retrieval was successful,Freeze/thaw state retrieval was not successful,
TM01,25.4479389,-98.01216666666667,2020-09-29,h00v00,463.0,878.0,-9999.0,7.0,Soil moisture retrieval doesn't have recommended quality,Soil moisture retrieval was skipped,Soil moisture retrieval was not successful,Freeze/thaw state retrieval was successful,Not used
TM01,25.4479389,-98.01216666666667,2020-09-30,h00v00,463.0,878.0,-9999.0,7.0,Soil moisture retrieval doesn't have recommended quality,Soil moisture retrieval was skipped,Soil moisture retrieval was not successful,Freeze/thaw state retrieval was successful,Not used
TM01,25.4479389,-98.01216666666667,2020-10-01,h00v00,463.0,878.0,0.1781967,8.0,Soil moisture retrieval has recommended quality,Soil moisture retrieval was attempted,Soil moisture retrieval was successful,Freeze/thaw state retrieval was not successful,
TM01,25.4479389,-98.01216666666667,2020-10-02,h00v00,463.0,878.0,-9999.0,7.0,Soil moisture retrieval doesn't have recommended quality,Soil moisture retrieval was skipped,Soil moisture retrieval was not successful,Freeze/thaw state retrieval was successful,Not used
TM01,25.4479389,-98.01216666666667,2020-10-03,h00v00,463.0,878.0,0.1550898,8.0,Soil moisture retrieval has recommended quality,Soil moisture retrieval was attempted,Soil moisture retrieval was successful,Freeze/thaw state retrieval was not successful,
TM01,25.4479389,-98.01216666666667,2020-10-04,h00v00,463.0,878.0,0.1346643,8.0,Soil moisture retrieval has recommended quality,Soil moisture retrieval was attempted,Soil moisture retrieval was successful,Freeze/thaw state retrieval was not successful,
TM01,25.4479389,-98.01216666666667,2020-10-05,h00v00,463.0,878.0,-9999.0,7.0,Soil moisture retrieval doesn't have recommended quality,Soil moisture retrieval was skipped,Soil moisture retrieval was not successful,Freeze/thaw state retrieval was successful,Not used
TM01,25.4479389,-98.01216666666667,2020-10-06,h00v00,463.0,878.0,-9999.0,7.0,Soil moisture retrieval doesn't have recommended quality,Soil moisture retrieval was skipped,Soil moisture retrieval was not successful,Freeze/thaw state retrieval was successful,Not used
TM01,25.4479389,-98.01216666666667,2020-10-07,h00v00,463.0,878.0,-9999.0,7.0,Soil moisture retrieval doesn't have recommended quality,Soil moisture retrieval was skipped,Soil moisture retrieval was not successful,Freeze/thaw state retrieval was successful,Not used
TM01,25.4479389,-98.01216666666667,2020-10-08,h00v00,463.0,878.0,-9999.0,7.0,Soil moisture retrieval doesn't have recommended quality,Soil moisture retrieval was skipped,Soil moisture retrieval was not successful,Freeze/thaw state retrieval was successful,Not used
TM01,25.4479389,-98.01216666666667,2020-10-09,h00v00,463.0,878.0,0.1152456,8.0,Soil moisture retrieval has recommended quality,Soil moisture retrieval was attempted,Soil moisture retrieval was successful,Freeze/thaw state retrieval was not successful,
TM01,25.4479389,-98.01216666666667,2020-10-10,h00v00,463.0,878.0,-9999.0,7.0,Soil moisture retrieval doesn't have recommended quality,Soil moisture retrieval was skipped,Soil moisture retrieval was not successful,Freeze/thaw state retrieval was successful,Not used
TM01,25.4479389,-98.01216666666667,2020-10-11,h00v00,463.0,878.0,0.1202519,8.0,Soil moisture retrieval has recommended quality,Soil moisture retrieval was attempted,Soil moisture retrieval was successful,Freeze/thaw state retrieval was not successful,
TM01,25.4479389,-98.01216666666667,2020-10-12,h00v00,463.0,878.0,0.1096958,8.0,Soil moisture retrieval has recommended quality,Soil moisture retrieval was attempted,Soil moisture retrieval was successful,Freeze/thaw state retrieval was not successful,
TM01,25.4479389,-98.01216666666667,2020-10-13,h00v00,463.0,878.0,-9999.0,7.0,Soil moisture retrieval doesn't have recommended quality,Soil moisture retrieval was skipped,Soil moisture retrieval was not successful,Freeze/thaw state retrieval was successful,Not used
TM01,25.4479389,-98.01216666666667,2020-10-14,h00v00,463.0,878.0,0.1065626,8.0,Soil moisture retrieval has recommended quality,Soil moisture retrieval was attempted,Soil moisture retrieval was successful,Freeze/thaw state retrieval was not successful,
TM01,25.4479389,-98.01216666666667,2020-10-15,h00v00,463.0,878.0,-9999.0,7.0,Soil moisture retrieval doesn't have recommended quality,Soil moisture retrieval was skipped,Soil moisture retrieval was not successful,Freeze/thaw state retrieval was successful,Not used
TM01,25.4479389,-98.01216666666667,2020-10-16,h00v00,463.0,878.0,-9999.0,7.0,Soil moisture retrieval doesn't have recommended quality,Soil moisture retrieval was skipped,Soil moisture retrieval was not successful,Freeze/thaw state retrieval was successful,Not used
TM01,25.4479389,-98.01216666666667,2020-10-17,h00v00,463.0,878.0,0.123882,8.0,Soil moisture retrieval has recommended quality,Soil moisture retrieval was attempted,Soil moisture retrieval was successful,Freeze/thaw state retrieval was not successful,
TM01,25.4479389,-98.01216666666667,2020-10-18,h00v00,463.0,878.0,-9999.0,7.0,Soil moisture retrieval doesn't have recommended quality,Soil moisture retrieval was skipped,Soil moisture retrieval was not successful,Freeze/thaw state retrieval was successful,Not used
TM01,25.4479389,-98.01216666666667,2020-10-19,h00v00,463.0,878.0,0.1262056,8.0,Soil moisture retrieval has recommended quality,Soil moisture retrieval was attempted,Soil moisture retrieval was successful,Freeze/thaw state retrieval was not successful,
TM01,25.4479389,-98.01216666666667,2020-10-20,h00v00,463.0,878.0,0.1093033,8.0,Soil moisture retrieval has recommended quality,Soil moisture retrieval was attempted,Soil moisture retrieval was successful,Freeze/thaw state retrieval was not successful,
TM01,25.4479389,-98.01216666666667,2020-10-21,h00v00,463.0,878.0,-9999.0,7.0,Soil moisture retrieval doesn't have recommended quality,Soil moisture retrieval was skipped,Soil moisture retrieval was not successful,Freeze/thaw state retrieval was successful,Not used
TM01,25.4479389,-98.01216666666667,2020-10-22,h00v00,463.0,878.0,0.1159761,8.0,Soil moisture retrieval has recommended quality,Soil moisture retrieval was attempted,Soil moisture retrieval was successful,Freeze/thaw state retrieval was not successful,
TM01,25.4479389,-98.01216666666667,2020-10-23,h00v00,463.0,878.0,-9999.0,7.0,Soil moisture retrieval doesn't have recommended quality,Soil moisture retrieval was skipped,Soil moisture retrieval was not successful,Freeze/thaw state retrieval was successful,Not used
TM01,25.4479389,-98.01216666666667,2020-10-24,h00v00,463.0,878.0,-9999.0,7.0,Soil moisture retrieval doesn't have recommended quality,Soil moisture retrieval was skipped,Soil moisture retrieval was not successful,Freeze/thaw state retrieval was successful,Not used
TM01,25.4479389,-98.01216666666667,2020-10-25,h00v00,463.0,878.0,0.1155031,8.0,Soil moisture retrieval has recommended quality,Soil moisture retrieval was attempted,Soil moisture retrieval was successful,Freeze/thaw state retrieval was not successful,
TM01,25.4479389,-98.01216666666667,2020-10-26,h00v00,463.0,878.0,-9999.0,7.0,Soil moisture retrieval doesn't have recommended quality,Soil moisture retrieval was skipped,Soil moisture retrieval was not successful,Freeze/thaw state retrieval was successful,Not used
TM01,25.4479389,-98.01216666666667,2020-10-27,h00v00,463.0,878.0,0.1354676,8.0,Soil moisture retrieval has recommended quality,Soil moisture retrieval was attempted,Soil moisture retrieval was successful,Freeze/thaw state retrieval was not successful,
TM01,25.4479389,-98.01216666666667,2020-10-28,h00v00,463.0,878.0,0.1318459,8.0,Soil moisture retrieval has recommended quality,Soil moisture retrieval was attempted,Soil moisture retrieval was successful,Freeze/thaw state retrieval was not successful,
TM01,25.4479389,-98.01216666666667,2020-10-29,h00v00,463.0,878.0,-9999.0,7.0,Soil moisture retrieval doesn't have recommended quality,Soil moisture retrieval was skipped,Soil moisture retrieval was not successful,Freeze/thaw state retrieval was successful,Not used
TM01,25.4479389,-98.01216666666667,2020-10-30,h00v00,463.0,878.0,0.0921846,8.0,Soil moisture retrieval has recommended quality,Soil moisture retrieval was attempted,Soil moisture retrieval was successful,Freeze/thaw state retrieval was not successful,
TM01,25.4479389,-98.01216666666667,2020-10-31,h00v00,463.0,878.0,-9999.0,7.0,Soil moisture retrieval doesn't have recommended quality,Soil moisture retrieval was skipped,Soil moisture retrieval was not successful,Freeze/thaw state retrieval was successful,Not used
TM01,25.4479389,-98.01216666666667,2020-11-01,h00v00,463.0,878.0,-9999.0,7.0,Soil moisture retrieval doesn't have recommended quality,Soil moisture retrieval was skipped,Soil moisture retrieval was not successful,Freeze/thaw state retrieval was successful,Not used
TM01,25.4479389,-98.01216666666667,2020-11-02,h00v00,463.0,878.0,0.1057935,8.0,Soil moisture retrieval has recommended quality,Soil moisture retrieval was attempted,Soil moisture retrieval was successful,Freeze/thaw state retrieval was not successful,
TM01,25.4479389,-98.01216666666667,2020-11-03,h00v00,463.0,878.0,-9999.0,7.0,Soil moisture retrieval doesn't have recommended quality,Soil moisture retrieval was skipped,Soil moisture retrieval was not successful,Freeze/thaw state retrieval was successful,Not used
TM01,25.4479389,-98.01216666666667,2020-11-04,h00v00,463.0,878.0,0.117443,8.0,Soil moisture retrieval has recommended quality,Soil moisture retrieval was attempted,Soil moisture retrieval was successful,Freeze/thaw state retrieval was not successful,
TM01,25.4479389,-98.01216666666667,2020-11-05,h00v00,463.0,878.0,0.1011163,8.0,Soil moisture retrieval has recommended quality,Soil moisture retrieval was attempted,Soil moisture retrieval was successful,Freeze/thaw state retrieval was not successful,
TM01,25.4479389,-98.01216666666667,2020-11-06,h00v00,463.0,878.0,-9999.0,7.0,Soil moisture retrieval doesn't have recommended quality,Soil moisture retrieval was skipped,Soil moisture retrieval was not successful,Freeze/thaw state retrieval was successful,Not used
TM01,25.4479389,-98.01216666666667,2020-11-07,h00v00,463.0,878.0,0.1092676,8.0,Soil moisture retrieval has recommended quality,Soil moisture retrieval was attempted,Soil moisture retrieval was successful,Freeze/thaw state retrieval was not successful,
TM01,25.4479389,-98.01216666666667,2020-11-08,h00v00,463.0,878.0,-9999.0,7.0,Soil moisture retrieval doesn't have recommended quality,Soil moisture retrieval was skipped,Soil moisture retrieval was not successful,Freeze/thaw state retrieval was successful,Not used
TM01,25.4479389,-98.01216666666667,2020-11-09,h00v00,463.0,878.0,-9999.0,7.0,Soil moisture retrieval doesn't have recommended quality,Soil moisture retrieval was skipped,Soil moisture retrieval was not successful,Freeze/thaw state retrieval was successful,Not used
TM01,25.4479389,-98.01216666666667,2020-11-10,h00v00,463.0,878.0,0.1012718,8.0,Soil moisture retrieval has recommended quality,Soil moisture retrieval was attempted,Soil moisture retrieval was successful,Freeze/thaw state retrieval was not successful,
TM01,25.4479389,-98.01216666666667,2020-11-11,h00v00,463.0,878.0,-9999.0,7.0,Soil moisture retrieval doesn't have recommended quality,Soil moisture retrieval was skipped,Soil moisture retrieval was not successful,Freeze/thaw state retrieval was successful,Not used
TM01,25.4479389,-98.01216666666667,2020-11-12,h00v00,463.0,878.0,0.1160648,8.0,Soil moisture retrieval has recommended quality,Soil moisture retrieval was attempted,Soil moisture retrieval was successful,Freeze/thaw state retrieval was not successful,
TM01,25.4479389,-98.01216666666667,2020-11-13,h00v00,463.0,878.0,-9999.0,7.0,Soil moisture retrieval doesn't have recommended quality,Soil moisture retrieval was skipped,Soil moisture retrieval was not successful,Freeze/thaw state retrieval was successful,Not used
TM01,25.4479389,-98.01216666666667,2020-11-14,h00v00,463.0,878.0,-9999.0,7.0,Soil moisture retrieval doesn't have recommended quality,Soil moisture retrieval was skipped,Soil moisture retrieval was not successful,Freeze/thaw state retrieval was successful,Not used
TM01,25.4479389,-98.01216666666667,2020-11-15,h00v00,463.0,878.0,0.1002609,8.0,Soil moisture retrieval has recommended quality,Soil moisture retrieval was attempted,Soil moisture retrieval was successful,Freeze/thaw state retrieval was not successful,
TM01,25.4479389,-98.01216666666667,2020-11-16,h00v00,463.0,878.0,-9999.0,7.0,Soil moisture retrieval doesn't have recommended quality,Soil moisture retrieval was skipped,Soil moisture retrieval was not successful,Freeze/thaw state retrieval was successful,Not used
TM01,25.4479389,-98.01216666666667,2020-11-17,h00v00,463.0,878.0,-9999.0,7.0,Soil moisture retrieval doesn't have recommended quality,Soil moisture retrieval was skipped,Soil moisture retrieval was not successful,Freeze/thaw state retrieval was successful,Not used
TM01,25.4479389,-98.01216666666667,2020-11-18,h00v00,463.0,878.0,0.1609218,8.0,Soil moisture retrieval has recommended quality,Soil moisture retrieval was attempted,Soil moisture retrieval was successful,Freeze/thaw state retrieval was not successful,
TM01,25.4479389,-98.01216666666667,2020-11-19,h00v00,463.0,878.0,-9999.0,7.0,Soil moisture retrieval doesn't have recommended quality,Soil moisture retrieval was skipped,Soil moisture retrieval was not successful,Freeze/thaw state retrieval was successful,Not used
TM01,25.4479389,-98.01216666666667,2020-11-20,h00v00,463.0,878.0,0.1638864,8.0,Soil moisture retrieval has recommended quality,Soil moisture retrieval was attempted,Soil moisture retrieval was successful,Freeze/thaw state retrieval was not successful,
TM01,25.4479389,-98.01216666666667,2020-11-21,h00v00,463.0,878.0,0.1309422,8.0,Soil moisture retrieval has recommended quality,Soil moisture retrieval was attempted,Soil moisture retrieval was successful,Freeze/thaw state retrieval was not successful,
TM01,25.4479389,-98.01216666666667,2020-11-22,h00v00,463.0,878.0,-9999.0,7.0,Soil moisture retrieval doesn't have recommended quality,Soil moisture retrieval was skipped,Soil moisture retrieval was not successful,Freeze/thaw state retrieval was successful,Not used
TM01,25.4479389,-98.01216666666667,2020-11-23,h00v00,463.0,878.0,0.1404752,8.0,Soil moisture retrieval has recommended quality,Soil moisture retrieval was attempted,Soil moisture retrieval was successful,Freeze/thaw state retrieval was not successful,
TM01,25.4479389,-98.01216666666667,2020-11-24,h00v00,463.0,878.0,-9999.0,7.0,Soil moisture retrieval doesn't have recommended quality,Soil moisture retrieval was skipped,Soil moisture retrieval was not successful,Freeze/thaw state retrieval was successful,Not used
TM01,25.4479389,-98.01216666666667,2020-11-25,h00v00,463.0,878.0,-9999.0,7.0,Soil moisture retrieval doesn't have recommended quality,Soil moisture retrieval was skipped,Soil moisture retrieval was not successful,Freeze/thaw state retrieval was successful,Not used
TM01,25.4479389,-98.01216666666667,2020-11-26,h00v00,463.0,878.0,0.1333592,8.0,Soil moisture retrieval has recommended quality,Soil moisture retrieval was attempted,Soil moisture retrieval was successful,Freeze/thaw state retrieval was not successful,
TM01,25.4479389,-98.01216666666667,2020-11-27,h00v00,463.0,878.0,-9999.0,7.0,Soil moisture retrieval doesn't have recommended quality,Soil moisture retrieval was skipped,Soil moisture retrieval was not successful,Freeze/thaw state retrieval was successful,Not used
TM01,25.4479389,-98.01216666666667,2020-11-28,h00v00,463.0,878.0,0.1408153,8.0,Soil moisture retrieval has recommended quality,Soil moisture retrieval was attempted,Soil moisture retrieval was successful,Freeze/thaw state retrieval was not successful,
TM01,25.4479389,-98.01216666666667,2020-11-29,h00v00,463.0,878.0,0.2375543,8.0,Soil moisture retrieval has recommended quality,Soil moisture retrieval was attempted,Soil moisture retrieval was successful,Freeze/thaw state retrieval was not successful,
TM01,25.4479389,-98.01216666666667,2020-11-30,h00v00,463.0,878.0,-9999.0,7.0,Soil moisture retrieval doesn't have recommended quality,Soil moisture retrieval was skipped,Soil moisture retrieval was not successful,Freeze/thaw state retrieval was successful,Not used
TM01,25.4479389,-98.01216666666667,2020-12-01,h00v00,463.0,878.0,0.1715976,8.0,Soil moisture retrieval has recommended quality,Soil moisture retrieval was attempted,Soil moisture retrieval was successful,Freeze/thaw state retrieval was not successful,
TM01,25.4479389,-98.01216666666667,2020-12-02,h00v00,463.0,878.0,-9999.0,7.0,Soil moisture retrieval doesn't have recommended quality,Soil moisture retrieval was skipped,Soil moisture retrieval was not successful,Freeze/thaw state retrieval was successful,Not used
TM01,25.4479389,-98.01216666666667,2020-12-03,h00v00,463.0,878.0,-9999.0,7.0,Soil moisture retrieval doesn't have recommended quality,Soil moisture retrieval was skipped,Soil moisture retrieval was not successful,Freeze/thaw state retrieval was successful,Not used
TM01,25.4479389,-98.01216666666667,2020-12-04,h00v00,463.0,878.0,0.1049321,8.0,Soil moisture retrieval has recommended quality,Soil moisture retrieval was attempted,Soil moisture retrieval was successful,Freeze/thaw state retrieval was not successful,
TM01,25.4479389,-98.01216666666667,2020-12-05,h00v00,463.0,878.0,-9999.0,7.0,Soil moisture retrieval doesn't have recommended quality,Soil moisture retrieval was skipped,Soil moisture retrieval was not successful,Freeze/thaw state retrieval was successful,Not used
TM01,25.4479389,-98.01216666666667,2020-12-06,h00v00,463.0,878.0,0.309084,13.0,Soil moisture retrieval doesn't have recommended quality,Soil moisture retrieval was attempted,Soil moisture retrieval was not successful,Freeze/thaw state retrieval was not successful,
TM01,25.4479389,-98.01216666666667,2020-12-07,h00v00,463.0,878.0,0.2537677,13.0,Soil moisture retrieval doesn't have recommended quality,Soil moisture retrieval was attempted,Soil moisture retrieval was not successful,Freeze/thaw state retrieval was not successful,
TM01,25.4479389,-98.01216666666667,2020-12-08,h00v00,463.0,878.0,-9999.0,7.0,Soil moisture retrieval doesn't have recommended quality,Soil moisture retrieval was skipped,Soil moisture retrieval was not successful,Freeze/thaw state retrieval was successful,Not used
TM01,25.4479389,-98.01216666666667,2020-12-09,h00v00,463.0,878.0,0.1888302,8.0,Soil moisture retrieval has recommended quality,Soil moisture retrieval was attempted,Soil moisture retrieval was successful,Freeze/thaw state retrieval was not successful,
TM01,25.4479389,-98.01216666666667,2020-12-10,h00v00,463.0,878.0,-9999.0,7.0,Soil moisture retrieval doesn't have recommended quality,Soil moisture retrieval was skipped,Soil moisture retrieval was not successful,Freeze/thaw state retrieval was successful,Not used
TM01,25.4479389,-98.01216666666667,2020-12-11,h00v00,463.0,878.0,-9999.0,7.0,Soil moisture retrieval doesn't have recommended quality,Soil moisture retrieval was skipped,Soil moisture retrieval was not successful,Freeze/thaw state retrieval was successful,Not used
TM01,25.4479389,-98.01216666666667,2020-12-12,h00v00,463.0,878.0,0.1298921,8.0,Soil moisture retrieval has recommended quality,Soil moisture retrieval was attempted,Soil moisture retrieval was successful,Freeze/thaw state retrieval was not successful,
TM01,25.4479389,-98.01216666666667,2020-12-13,h00v00,463.0,878.0,-9999.0,7.0,Soil moisture retrieval doesn't have recommended quality,Soil moisture retrieval was skipped,Soil moisture retrieval was not successful,Freeze/thaw state retrieval was successful,Not used
TM01,25.4479389,-98.01216666666667,2020-12-14,h00v00,463.0,878.0,0.1419505,8.0,Soil moisture retrieval has recommended quality,Soil moisture retrieval was attempted,Soil moisture retrieval was successful,Freeze/thaw state retrieval was not successful,
TM01,25.4479389,-98.01216666666667,2020-12-15,h00v00,463.0,878.0,0.111913,8.0,Soil moisture retrieval has recommended quality,Soil moisture retrieval was attempted,Soil moisture retrieval was successful,Freeze/thaw state retrieval was not successful,
TM01,25.4479389,-98.01216666666667,2020-12-16,h00v00,463.0,878.0,-9999.0,7.0,Soil moisture retrieval doesn't have recommended quality,Soil moisture retrieval was skipped,Soil moisture retrieval was not successful,Freeze/thaw state retrieval was successful,Not used
TM01,25.4479389,-98.01216666666667,2020-12-17,h00v00,463.0,878.0,0.1145455,8.0,Soil moisture retrieval has recommended quality,Soil moisture retrieval was attempted,Soil moisture retrieval was successful,Freeze/thaw state retrieval was not successful,
TM01,25.4479389,-98.01216666666667,2020-12-18,h00v00,463.0,878.0,-9999.0,7.0,Soil moisture retrieval doesn't have recommended quality,Soil moisture retrieval was skipped,Soil moisture retrieval was not successful,Freeze/thaw state retrieval was successful,Not used
TM01,25.4479389,-98.01216666666667,2020-12-19,h00v00,463.0,878.0,-9999.0,7.0,Soil moisture retrieval doesn't have recommended quality,Soil moisture retrieval was skipped,Soil moisture retrieval was not successful,Freeze/thaw state retrieval was successful,Not used
TM01,25.4479389,-98.01216666666667,2020-12-20,h00v00,463.0,878.0,0.1258957,8.0,Soil moisture retrieval has recommended quality,Soil moisture retrieval was attempted,Soil moisture retrieval was successful,Freeze/thaw state retrieval was not successful,
TM01,25.4479389,-98.01216666666667,2020-12-21,h00v00,463.0,878.0,-9999.0,7.0,Soil moisture retrieval doesn't have recommended quality,Soil moisture retrieval was skipped,Soil moisture retrieval was not successful,Freeze/thaw state retrieval was successful,Not used
TM01,25.4479389,-98.01216666666667,2020-12-22,h00v00,463.0,878.0,0.1199069,8.0,Soil moisture retrieval has recommended quality,Soil moisture retrieval was attempted,Soil moisture retrieval was successful,Freeze/thaw state retrieval was not successful,
TM01,25.4479389,-98.01216666666667,2020-12-23,h00v00,463.0,878.0,0.1040394,8.0,Soil moisture retrieval has recommended quality,Soil moisture retrieval was attempted,Soil moisture retrieval was successful,Freeze/thaw state retrieval was not successful,
TM01,25.4479389,-98.01216666666667,2020-12-24,h00v00,463.0,878.0,-9999.0,7.0,Soil moisture retrieval doesn't have recommended quality,Soil moisture retrieval was skipped,Soil moisture retrieval was not successful,Freeze/thaw state retrieval was successful,Not used
TM01,25.4479389,-98.01216666666667,2020-12-25,h00v00,463.0,878.0,0.1201036,8.0,Soil moisture retrieval has recommended quality,Soil moisture retrieval was attempted,Soil moisture retrieval was successful,Freeze/thaw state retrieval was not successful,
TM01,25.4479389,-98.01216666666667,2020-12-26,h00v00,463.0,878.0,-9999.0,7.0,Soil moisture retrieval doesn't have recommended quality,Soil moisture retrieval was skipped,Soil moisture retrieval was not successful,Freeze/thaw state retrieval was successful,Not used
TM01,25.4479389,-98.01216666666667,2020-12-27,h00v00,463.0,878.0,-9999.0,7.0,Soil moisture retrieval doesn't have recommended quality,Soil moisture retrieval was skipped,Soil moisture retrieval was not successful,Freeze/thaw state retrieval was successful,Not used
TM01,25.4479389,-98.01216666666667,2020-12-28,h00v00,463.0,878.0,0.1073724,8.0,Soil moisture retrieval has recommended quality,Soil moisture retrieval was attempted,Soil moisture retrieval was successful,Freeze/thaw state retrieval was not successful,
TM01,25.4479389,-98.01216666666667,2020-12-29,h00v00,463.0,878.0,-9999.0,7.0,Soil moisture retrieval doesn't have recommended quality,Soil moisture retrieval was skipped,Soil moisture retrieval was not successful,Freeze/thaw state retrieval was successful,Not used
TM01,25.4479389,-98.01216666666667,2020-12-30,h00v00,463.0,878.0,0.134041,8.0,Soil moisture retrieval has recommended quality,Soil moisture retrieval was attempted,Soil moisture retrieval was successful,Freeze/thaw state retrieval was not successful,
TM01,25.4479389,-98.01216666666667,2020-12-31,h00v00,463.0,878.0,0.1999507,8.0,Soil moisture retrieval has recommended quality,Soil moisture retrieval was attempted,Soil moisture retrieval was successful,Freeze/thaw state retrieval was not successful,
TM01,25.4479389,-98.01216666666667,2021-01-01,h00v00,463.0,878.0,-9999.0,7.0,Soil moisture retrieval doesn't have recommended quality,Soil moisture retrieval was skipped,Soil moisture retrieval was not successful,Freeze/thaw state retrieval was successful,Not used
TM01,25.4479389,-98.01216666666667,2021-01-02,h00v00,463.0,878.0,0.1194833,8.0,Soil moisture retrieval has recommended quality,Soil moisture retrieval was attempted,Soil moisture retrieval was successful,Freeze/thaw state retrieval was not successful,
TM01,25.4479389,-98.01216666666667,2021-01-03,h00v00,463.0,878.0,-9999.0,7.0,Soil moisture retrieval doesn't have recommended quality,Soil moisture retrieval was skipped,Soil moisture retrieval was not successful,Freeze/thaw state retrieval was successful,Not used
TM01,25.4479389,-98.01216666666667,2021-01-04,h00v00,463.0,878.0,-9999.0,7.0,Soil moisture retrieval doesn't have recommended quality,Soil moisture retrieval was skipped,Soil moisture retrieval was not successful,Freeze/thaw state retrieval was successful,Not used
TM01,25.4479389,-98.01216666666667,2021-01-05,h00v00,463.0,878.0,0.1120072,8.0,Soil moisture retrieval has recommended quality,Soil moisture retrieval was attempted,Soil moisture retrieval was successful,Freeze/thaw state retrieval was not successful,
TM01,25.4479389,-98.01216666666667,2021-01-06,h00v00,463.0,878.0,-9999.0,7.0,Soil moisture retrieval doesn't have recommended quality,Soil moisture retrieval was skipped,Soil moisture retrieval was not successful,Freeze/thaw state retrieval was successful,Not used
TM01,25.4479389,-98.01216666666667,2021-01-07,h00v00,463.0,878.0,0.1345657,8.0,Soil moisture retrieval has recommended quality,Soil moisture retrieval was attempted,Soil moisture retrieval was successful,Freeze/thaw state retrieval was not successful,
TM01,25.4479389,-98.01216666666667,2021-01-08,h00v00,463.0,878.0,0.1207793,8.0,Soil moisture retrieval has recommended quality,Soil moisture retrieval was attempted,Soil moisture retrieval was successful,Freeze/thaw state retrieval was not successful,
TM01,25.4479389,-98.01216666666667,2021-01-09,h00v00,463.0,878.0,-9999.0,7.0,Soil moisture retrieval doesn't have recommended quality,Soil moisture retrieval was skipped,Soil moisture retrieval was not successful,Freeze/thaw state retrieval was successful,Not used
TM01,25.4479389,-98.01216666666667,2021-01-10,h00v00,463.0,878.0,0.2529611,13.0,Soil moisture retrieval doesn't have recommended quality,Soil moisture retrieval was attempted,Soil moisture retrieval was not successful,Freeze/thaw state retrieval was not successful,
TM01,25.4479389,-98.01216666666667,2021-01-11,h00v00,463.0,878.0,-9999.0,7.0,Soil moisture retrieval doesn't have recommended quality,Soil moisture retrieval was skipped,Soil moisture retrieval was not successful,Freeze/thaw state retrieval was successful,Not used
TM01,25.4479389,-98.01216666666667,2021-01-12,h00v00,463.0,878.0,-9999.0,7.0,Soil moisture retrieval doesn't have recommended quality,Soil moisture retrieval was skipped,Soil moisture retrieval was not successful,Freeze/thaw state retrieval was successful,Not used
TM01,25.4479389,-98.01216666666667,2021-01-13,h00v00,463.0,878.0,0.1646689,8.0,Soil moisture retrieval has recommended quality,Soil moisture retrieval was attempted,Soil moisture retrieval was successful,Freeze/thaw state retrieval was not successful,
TM01,25.4479389,-98.01216666666667,2021-01-14,h00v00,463.0,878.0,-9999.0,7.0,Soil moisture retrieval doesn't have recommended quality,Soil moisture retrieval was skipped,Soil moisture retrieval was not successful,Freeze/thaw state retrieval was successful,Not used
TM01,25.4479389,-98.01216666666667,2021-01-15,h00v00,463.0,878.0,0.1178604,8.0,Soil moisture retrieval has recommended quality,Soil moisture retrieval was attempted,Soil moisture retrieval was successful,Freeze/thaw state retrieval was not successful,
TM01,25.4479389,-98.01216666666667,2021-01-16,h00v00,463.0,878.0,0.1104899,8.0,Soil moisture retrieval has recommended quality,Soil moisture retrieval was attempted,Soil moisture retrieval was successful,Freeze/thaw state retrieval was not successful,
TM01,25.4479389,-98.01216666666667,2021-01-17,h00v00,463.0,878.0,-9999.0,7.0,Soil moisture retrieval doesn't have recommended quality,Soil moisture retrieval was skipped,Soil moisture retrieval was not successful,Freeze/thaw state retrieval was successful,Not used
TM01,25.4479389,-98.01216666666667,2021-01-18,h00v00,463.0,878.0,0.1095877,8.0,Soil moisture retrieval has recommended quality,Soil moisture retrieval was attempted,Soil moisture retrieval was successful,Freeze/thaw state retrieval was not successful,
TM01,25.4479389,-98.01216666666667,2021-01-19,h00v00,463.0,878.0,-9999.0,7.0,Soil moisture retrieval doesn't have recommended quality,Soil moisture retrieval was skipped,Soil moisture retrieval was not successful,Freeze/thaw state retrieval was successful,Not used
TM01,25.4479389,-98.01216666666667,2021-01-20,h00v00,463.0,878.0,-9999.0,7.0,Soil moisture retrieval doesn't have recommended quality,Soil moisture retrieval was skipped,Soil moisture retrieval was not successful,Freeze/thaw state retrieval was successful,Not used
TM01,25.4479389,-98.01216666666667,2021-01-21,h00v00,463.0,878.0,0.2289445,8.0,Soil moisture retrieval has recommended quality,Soil moisture retrieval was attempted,Soil moisture retrieval was successful,Freeze/thaw state retrieval was not successful,
TM01,25.4479389,-98.01216666666667,2021-01-22,h00v00,463.0,878.0,-9999.0,7.0,Soil moisture retrieval doesn't have recommended quality,Soil moisture retrieval was skipped,Soil moisture retrieval was not successful,Freeze/thaw state retrieval was successful,Not used
TM01,25.4479389,-98.01216666666667,2021-01-23,h00v00,463.0,878.0,0.185,8.0,Soil moisture retrieval has recommended quality,Soil moisture retrieval was attempted,Soil moisture retrieval was successful,Freeze/thaw state retrieval was not successful,
TM01,25.4479389,-98.01216666666667,2021-01-24,h00v00,463.0,878.0,0.1744702,8.0,Soil moisture retrieval has recommended quality,Soil moisture retrieval was attempted,Soil moisture retrieval was successful,Freeze/thaw state retrieval was not successful,
TM01,25.4479389,-98.01216666666667,2021-01-25,h00v00,463.0,878.0,-9999.0,7.0,Soil moisture retrieval doesn't have recommended quality,Soil moisture retrieval was skipped,Soil moisture retrieval was not successful,Freeze/thaw state retrieval was successful,Not used
TM01,25.4479389,-98.01216666666667,2021-01-26,h00v00,463.0,878.0,0.1312424,8.0,Soil moisture retrieval has recommended quality,Soil moisture retrieval was attempted,Soil moisture retrieval was successful,Freeze/thaw state retrieval was not successful,
TM01,25.4479389,-98.01216666666667,2021-01-27,h00v00,463.0,878.0,-9999.0,7.0,Soil moisture retrieval doesn't have recommended quality,Soil moisture retrieval was skipped,Soil moisture retrieval was not successful,Freeze/thaw state retrieval was successful,Not used
TM01,25.4479389,-98.01216666666667,2021-01-28,h00v00,463.0,878.0,-9999.0,7.0,Soil moisture retrieval doesn't have recommended quality,Soil moisture retrieval was skipped,Soil moisture retrieval was not successful,Freeze/thaw state retrieval was successful,Not used
TM01,25.4479389,-98.01216666666667,2021-01-29,h00v00,463.0,878.0,0.1265683,8.0,Soil moisture retrieval has recommended quality,Soil moisture retrieval was attempted,Soil moisture retrieval was successful,Freeze/thaw state retrieval was not successful,
TM01,25.4479389,-98.01216666666667,2021-01-30,h00v00,463.0,878.0,-9999.0,7.0,Soil moisture retrieval doesn't have recommended quality,Soil moisture retrieval was skipped,Soil moisture retrieval was not successful,Freeze/thaw state retrieval was successful,Not used
TM01,25.4479389,-98.01216666666667,2021-01-31,h00v00,463.0,878.0,0.1208529,8.0,Soil moisture retrieval has recommended quality,Soil moisture retrieval was attempted,Soil moisture retrieval was successful,Freeze/thaw state retrieval was not successful,
TM01,25.4479389,-98.01216666666667,2021-02-01,h00v00,463.0,878.0,0.1106491,8.0,Soil moisture retrieval has recommended quality,Soil moisture retrieval was attempted,Soil moisture retrieval was successful,Freeze/thaw state retrieval was not successful,
TM01,25.4479389,-98.01216666666667,2021-02-02,h00v00,463.0,878.0,-9999.0,7.0,Soil moisture retrieval doesn't have recommended quality,Soil moisture retrieval was skipped,Soil moisture retrieval was not successful,Freeze/thaw state retrieval was successful,Not used
TM01,25.4479389,-98.01216666666667,2021-02-03,h00v00,463.0,878.0,-9999.0,7.0,Soil moisture retrieval doesn't have recommended quality,Soil moisture retrieval was skipped,Soil moisture retrieval was not successful,Freeze/thaw state retrieval was successful,Not used
TM01,25.4479389,-98.01216666666667,2021-02-04,h00v00,463.0,878.0,-9999.0,7.0,Soil moisture retrieval doesn't have recommended quality,Soil moisture retrieval was skipped,Soil moisture retrieval was not successful,Freeze/thaw state retrieval was successful,Not used
TM01,25.4479389,-98.01216666666667,2021-02-05,h00v00,463.0,878.0,-9999.0,7.0,Soil moisture retrieval doesn't have recommended quality,Soil moisture retrieval was skipped,Soil moisture retrieval was not successful,Freeze/thaw state retrieval was successful,Not used
TM01,25.4479389,-98.01216666666667,2021-02-06,h00v00,463.0,878.0,0.0909458,8.0,Soil moisture retrieval has recommended quality,Soil moisture retrieval was attempted,Soil moisture retrieval was successful,Freeze/thaw state retrieval was not successful,
TM01,25.4479389,-98.01216666666667,2021-02-07,h00v00,463.0,878.0,-9999.0,7.0,Soil moisture retrieval doesn't have recommended quality,Soil moisture retrieval was skipped,Soil moisture retrieval was not successful,Freeze/thaw state retrieval was successful,Not used
TM01,25.4479389,-98.01216666666667,2021-02-08,h00v00,463.0,878.0,0.1046234,8.0,Soil moisture retrieval has recommended quality,Soil moisture retrieval was attempted,Soil moisture retrieval was successful,Freeze/thaw state retrieval was not successful,
TM01,25.4479389,-98.01216666666667,2021-02-09,h00v00,463.0,878.0,0.1095505,8.0,Soil moisture retrieval has recommended quality,Soil moisture retrieval was attempted,Soil moisture retrieval was successful,Freeze/thaw state retrieval was not successful,
TM01,25.4479389,-98.01216666666667,2021-02-10,h00v00,463.0,878.0,-9999.0,7.0,Soil moisture retrieval doesn't have recommended quality,Soil moisture retrieval was skipped,Soil moisture retrieval was not successful,Freeze/thaw state retrieval was successful,Not used
TM01,25.4479389,-98.01216666666667,2021-02-11,h00v00,463.0,878.0,0.1117332,8.0,Soil moisture retrieval has recommended quality,Soil moisture retrieval was attempted,Soil moisture retrieval was successful,Freeze/thaw state retrieval was not successful,
TM01,25.4479389,-98.01216666666667,2021-02-12,h00v00,463.0,878.0,-9999.0,7.0,Soil moisture retrieval doesn't have recommended quality,Soil moisture retrieval was skipped,Soil moisture retrieval was not successful,Freeze/thaw state retrieval was successful,Not used
TM01,25.4479389,-98.01216666666667,2021-02-13,h00v00,463.0,878.0,-9999.0,7.0,Soil moisture retrieval doesn't have recommended quality,Soil moisture retrieval was skipped,Soil moisture retrieval was not successful,Freeze/thaw state retrieval was successful,Not used
TM01,25.4479389,-98.01216666666667,2021-02-14,h00v00,463.0,878.0,0.3639446,13.0,Soil moisture retrieval doesn't have recommended quality,Soil moisture retrieval was attempted,Soil moisture retrieval was not successful,Freeze/thaw state retrieval was not successful,
TM01,25.4479389,-98.01216666666667,2021-02-15,h00v00,463.0,878.0,-9999.0,7.0,Soil moisture retrieval doesn't have recommended quality,Soil moisture retrieval was skipped,Soil moisture retrieval was not successful,Freeze/thaw state retrieval was successful,Not used
TM01,25.4479389,-98.01216666666667,2021-02-16,h00v00,463.0,878.0,0.2555571,8.0,Soil moisture retrieval has recommended quality,Soil moisture retrieval was attempted,Soil moisture retrieval was successful,Freeze/thaw state retrieval was not successful,
TM01,25.4479389,-98.01216666666667,2021-02-17,h00v00,463.0,878.0,0.2730506,8.0,Soil moisture retrieval has recommended quality,Soil moisture retrieval was attempted,Soil moisture retrieval was successful,Freeze/thaw state retrieval was not successful,
TM01,25.4479389,-98.01216666666667,2021-02-18,h00v00,463.0,878.0,-9999.0,7.0,Soil moisture retrieval doesn't have recommended quality,Soil moisture retrieval was skipped,Soil moisture retrieval was not successful,Freeze/thaw state retrieval was successful,Not used
TM01,25.4479389,-98.01216666666667,2021-02-19,h00v00,463.0,878.0,0.2376941,8.0,Soil moisture retrieval has recommended quality,Soil moisture retrieval was attempted,Soil moisture retrieval was successful,Freeze/thaw state retrieval was not successful,
TM01,25.4479389,-98.01216666666667,2021-02-20,h00v00,463.0,878.0,-9999.0,7.0,Soil moisture retrieval doesn't have recommended quality,Soil moisture retrieval was skipped,Soil moisture retrieval was not successful,Freeze/thaw state retrieval was successful,Not used
TM01,25.4479389,-98.01216666666667,2021-02-21,h00v00,463.0,878.0,-9999.0,7.0,Soil moisture retrieval doesn't have recommended quality,Soil moisture retrieval was skipped,Soil moisture retrieval was not successful,Freeze/thaw state retrieval was successful,Not used
TM01,25.4479389,-98.01216666666667,2021-02-22,h00v00,463.0,878.0,0.147306,8.0,Soil moisture retrieval has recommended quality,Soil moisture retrieval was attempted,Soil moisture retrieval was successful,Freeze/thaw state retrieval was not successful,
TM01,25.4479389,-98.01216666666667,2021-02-23,h00v00,463.0,878.0,-9999.0,7.0,Soil moisture retrieval doesn't have recommended quality,Soil moisture retrieval was skipped,Soil moisture retrieval was not successful,Freeze/thaw state retrieval was successful,Not used
TM01,25.4479389,-98.01216666666667,2021-02-24,h00v00,463.0,878.0,0.1450524,8.0,Soil moisture retrieval has recommended quality,Soil moisture retrieval was attempted,Soil moisture retrieval was successful,Freeze/thaw state retrieval was not successful,
TM01,25.4479389,-98.01216666666667,2021-02-25,h00v00,463.0,878.0,0.1210008,8.0,Soil moisture retrieval has recommended quality,Soil moisture retrieval was attempted,Soil moisture retrieval was successful,Freeze/thaw state retrieval was not successful,
TM01,25.4479389,-98.01216666666667,2021-02-26,h00v00,463.0,878.0,-9999.0,7.0,Soil moisture retrieval doesn't have recommended quality,Soil moisture retrieval was skipped,Soil moisture retrieval was not successful,Freeze/thaw state retrieval was successful,Not used
TM01,25.4479389,-98.01216666666667,2021-02-27,h00v00,463.0,878.0,0.1265714,8.0,Soil moisture retrieval has recommended quality,Soil moisture retrieval was attempted,Soil moisture retrieval was successful,Freeze/thaw state retrieval was not successful,
TM01,25.4479389,-98.01216666666667,2021-02-28,h00v00,463.0,878.0,-9999.0,7.0,Soil moisture retrieval doesn't have recommended quality,Soil moisture retrieval was skipped,Soil moisture retrieval was not successful,Freeze/thaw state retrieval was successful,Not used
TM01,25.4479389,-98.01216666666667,2021-03-01,h00v00,463.0,878.0,-9999.0,7.0,Soil moisture retrieval doesn't have recommended quality,Soil moisture retrieval was skipped,Soil moisture retrieval was not successful,Freeze/thaw state retrieval was successful,Not used
TM01,25.4479389,-98.01216666666667,2021-03-02,h00v00,463.0,878.0,0.2703931,13.0,Soil moisture retrieval doesn't have recommended quality,Soil moisture retrieval was attempted,Soil moisture retrieval was not successful,Freeze/thaw state retrieval was not successful,
TM01,25.4479389,-98.01216666666667,2021-03-03,h00v00,463.0,878.0,-9999.0,7.0,Soil moisture retrieval doesn't have recommended quality,Soil moisture retrieval was skipped,Soil moisture retrieval was not successful,Freeze/thaw state retrieval was successful,Not used
TM01,25.4479389,-98.01216666666667,2021-03-04,h00v00,463.0,878.0,0.1630565,8.0,Soil moisture retrieval has recommended quality,Soil moisture retrieval was attempted,Soil moisture retrieval was successful,Freeze/thaw state retrieval was not successful,
TM01,25.4479389,-98.01216666666667,2021-03-05,h00v00,463.0,878.0,0.1098276,8.0,Soil moisture retrieval has recommended quality,Soil moisture retrieval was attempted,Soil moisture retrieval was successful,Freeze/thaw state retrieval was not successful,
TM01,25.4479389,-98.01216666666667,2021-03-06,h00v00,463.0,878.0,-9999.0,7.0,Soil moisture retrieval doesn't have recommended quality,Soil moisture retrieval was skipped,Soil moisture retrieval was not successful,Freeze/thaw state retrieval was successful,Not used
TM01,25.4479389,-98.01216666666667,2021-03-07,h00v00,463.0,878.0,0.1287152,8.0,Soil moisture retrieval has recommended quality,Soil moisture retrieval was attempted,Soil moisture retrieval was successful,Freeze/thaw state retrieval was not successful,
TM01,25.4479389,-98.01216666666667,2021-03-08,h00v00,463.0,878.0,-9999.0,7.0,Soil moisture retrieval doesn't have recommended quality,Soil moisture retrieval was skipped,Soil moisture retrieval was not successful,Freeze/thaw state retrieval was successful,Not used
TM01,25.4479389,-98.01216666666667,2021-03-09,h00v00,463.0,878.0,-9999.0,7.0,Soil moisture retrieval doesn't have recommended quality,Soil moisture retrieval was skipped,Soil moisture retrieval was not successful,Freeze/thaw state retrieval was successful,Not used
TM01,25.4479389,-98.01216666666667,2021-03-10,h00v00,463.0,878.0,0.1308587,8.0,Soil moisture retrieval has recommended quality,Soil moisture retrieval was attempted,Soil moisture retrieval was successful,Freeze/thaw state retrieval was not successful,
TM01,25.4479389,-98.01216666666667,2021-03-11,h00v00,463.0,878.0,-9999.0,7.0,Soil moisture retrieval doesn't have recommended quality,Soil moisture retrieval was skipped,Soil moisture retrieval was not successful,Freeze/thaw state retrieval was successful,Not used
TM01,25.4479389,-98.01216666666667,2021-03-12,h00v00,463.0,878.0,0.1343559,8.0,Soil moisture retrieval has recommended quality,Soil moisture retrieval was attempted,Soil moisture retrieval was successful,Freeze/thaw state retrieval was not successful,
TM01,25.4479389,-98.01216666666667,2021-03-13,h00v00,463.0,878.0,0.1083293,8.0,Soil moisture retrieval has recommended quality,Soil moisture retrieval was attempted,Soil moisture retrieval was successful,Freeze/thaw state retrieval was not successful,
TM01,25.4479389,-98.01216666666667,2021-03-14,h00v00,463.0,878.0,-9999.0,7.0,Soil moisture retrieval doesn't have recommended quality,Soil moisture retrieval was skipped,Soil moisture retrieval was not successful,Freeze/thaw state retrieval was successful,Not used
TM01,25.4479389,-98.01216666666667,2021-03-15,h00v00,463.0,878.0,0.1302599,8.0,Soil moisture retrieval has recommended quality,Soil moisture retrieval was attempted,Soil moisture retrieval was successful,Freeze/thaw state retrieval was not successful,
TM01,25.4479389,-98.01216666666667,2021-03-16,h00v00,463.0,878.0,-9999.0,7.0,Soil moisture retrieval doesn't have recommended quality,Soil moisture retrieval was skipped,Soil moisture retrieval was not successful,Freeze/thaw state retrieval was successful,Not used
TM01,25.4479389,-98.01216666666667,2021-03-17,h00v00,463.0,878.0,-9999.0,7.0,Soil moisture retrieval doesn't have recommended quality,Soil moisture retrieval was skipped,Soil moisture retrieval was not successful,Freeze/thaw state retrieval was successful,Not used
TM01,25.4479389,-98.01216666666667,2021-03-18,h00v00,463.0,878.0,0.1290292,8.0,Soil moisture retrieval has recommended quality,Soil moisture retrieval was attempted,Soil moisture retrieval was successful,Freeze/thaw state retrieval was not successful,
TM01,25.4479389,-98.01216666666667,2021-03-19,h00v00,463.0,878.0,-9999.0,7.0,Soil moisture retrieval doesn't have recommended quality,Soil moisture retrieval was skipped,Soil moisture retrieval was not successful,Freeze/thaw state retrieval was successful,Not used
TM01,25.4479389,-98.01216666666667,2021-03-20,h00v00,463.0,878.0,0.1360417,8.0,Soil moisture retrieval has recommended quality,Soil moisture retrieval was attempted,Soil moisture retrieval was successful,Freeze/thaw state retrieval was not successful,
TM01,25.4479389,-98.01216666666667,2021-03-21,h00v00,463.0,878.0,0.1088503,8.0,Soil moisture retrieval has recommended quality,Soil moisture retrieval was attempted,Soil moisture retrieval was successful,Freeze/thaw state retrieval was not successful,
TM01,25.4479389,-98.01216666666667,2021-03-22,h00v00,463.0,878.0,-9999.0,7.0,Soil moisture retrieval doesn't have recommended quality,Soil moisture retrieval was skipped,Soil moisture retrieval was not successful,Freeze/thaw state retrieval was successful,Not used
TM01,25.4479389,-98.01216666666667,2021-03-23,h00v00,463.0,878.0,0.1321783,8.0,Soil moisture retrieval has recommended quality,Soil moisture retrieval was attempted,Soil moisture retrieval was successful,Freeze/thaw state retrieval was not successful,
TM01,25.4479389,-98.01216666666667,2021-03-24,h00v00,463.0,878.0,-9999.0,7.0,Soil moisture retrieval doesn't have recommended quality,Soil moisture retrieval was skipped,Soil moisture retrieval was not successful,Freeze/thaw state retrieval was successful,Not used
TM01,25.4479389,-98.01216666666667,2021-03-25,h00v00,463.0,878.0,-9999.0,7.0,Soil moisture retrieval doesn't have recommended quality,Soil moisture retrieval was skipped,Soil moisture retrieval was not successful,Freeze/thaw state retrieval was successful,Not used
TM01,25.4479389,-98.01216666666667,2021-03-26,h00v00,463.0,878.0,0.1461907,8.0,Soil moisture retrieval has recommended quality,Soil moisture retrieval was attempted,Soil moisture retrieval was successful,Freeze/thaw state retrieval was not successful,
TM01,25.4479389,-98.01216666666667,2021-03-27,h00v00,463.0,878.0,-9999.0,7.0,Soil moisture retrieval doesn't have recommended quality,Soil moisture retrieval was skipped,Soil moisture retrieval was not successful,Freeze/thaw state retrieval was successful,Not used
TM01,25.4479389,-98.01216666666667,2021-03-28,h00v00,463.0,878.0,0.1390075,8.0,Soil moisture retrieval has recommended quality,Soil moisture retrieval was attempted,Soil moisture retrieval was successful,Freeze/thaw state retrieval was not successful,
TM01,25.4479389,-98.01216666666667,2021-03-29,h00v00,463.0,878.0,0.3329088,8.0,Soil moisture retrieval has recommended quality,Soil moisture retrieval was attempted,Soil moisture retrieval was successful,Freeze/thaw state retrieval was not successful,
TM01,25.4479389,-98.01216666666667,2021-03-30,h00v00,463.0,878.0,-9999.0,7.0,Soil moisture retrieval doesn't have recommended quality,Soil moisture retrieval was skipped,Soil moisture retrieval was not successful,Freeze/thaw state retrieval was successful,Not used
TM01,25.4479389,-98.01216666666667,2021-03-31,h00v00,463.0,878.0,0.2240153,8.0,Soil moisture retrieval has recommended quality,Soil moisture retrieval was attempted,Soil moisture retrieval was successful,Freeze/thaw state retrieval was not successful,
TM01,25.4479389,-98.01216666666667,2021-04-01,h00v00,463.0,878.0,-9999.0,7.0,Soil moisture retrieval doesn't have recommended quality,Soil moisture retrieval was skipped,Soil moisture retrieval was not successful,Freeze/thaw state retrieval was successful,Not used
TM01,25.4479389,-98.01216666666667,2021-04-02,h00v00,463.0,878.0,-9999.0,7.0,Soil moisture retrieval doesn't have recommended quality,Soil moisture retrieval was skipped,Soil moisture retrieval was not successful,Freeze/thaw state retrieval was successful,Not used
TM01,25.4479389,-98.01216666666667,2021-04-03,h00v00,463.0,878.0,0.245732,8.0,Soil moisture retrieval has recommended quality,Soil moisture retrieval was attempted,Soil moisture retrieval was successful,Freeze/thaw state retrieval was not successful,
TM01,25.4479389,-98.01216666666667,2021-04-04,h00v00,463.0,878.0,-9999.0,7.0,Soil moisture retrieval doesn't have recommended quality,Soil moisture retrieval was skipped,Soil moisture retrieval was not successful,Freeze/thaw state retrieval was successful,Not used
TM01,25.4479389,-98.01216666666667,2021-04-05,h00v00,463.0,878.0,0.1905141,8.0,Soil moisture retrieval has recommended quality,Soil moisture retrieval was attempted,Soil moisture retrieval was successful,Freeze/thaw state retrieval was not successful,
TM01,25.4479389,-98.01216666666667,2021-04-06,h00v00,463.0,878.0,0.149338,8.0,Soil moisture retrieval has recommended quality,Soil moisture retrieval was attempted,Soil moisture retrieval was successful,Freeze/thaw state retrieval was not successful,
TM01,25.4479389,-98.01216666666667,2021-04-07,h00v00,463.0,878.0,-9999.0,7.0,Soil moisture retrieval doesn't have recommended quality,Soil moisture retrieval was skipped,Soil moisture retrieval was not successful,Freeze/thaw state retrieval was successful,Not used
TM01,25.4479389,-98.01216666666667,2021-04-08,h00v00,463.0,878.0,0.1405247,8.0,Soil moisture retrieval has recommended quality,Soil moisture retrieval was attempted,Soil moisture retrieval was successful,Freeze/thaw state retrieval was not successful,
TM01,25.4479389,-98.01216666666667,2021-04-09,h00v00,463.0,878.0,-9999.0,7.0,Soil moisture retrieval doesn't have recommended quality,Soil moisture retrieval was skipped,Soil moisture retrieval was not successful,Freeze/thaw state retrieval was successful,Not used
TM01,25.4479389,-98.01216666666667,2021-04-10,h00v00,463.0,878.0,-9999.0,7.0,Soil moisture retrieval doesn't have recommended quality,Soil moisture retrieval was skipped,Soil moisture retrieval was not successful,Freeze/thaw state retrieval was successful,Not used
TM01,25.4479389,-98.01216666666667,2021-04-11,h00v00,463.0,878.0,0.1443682,8.0,Soil moisture retrieval has recommended quality,Soil moisture retrieval was attempted,Soil moisture retrieval was successful,Freeze/thaw state retrieval was not successful,
TM01,25.4479389,-98.01216666666667,2021-04-12,h00v00,463.0,878.0,-9999.0,7.0,Soil moisture retrieval doesn't have recommended quality,Soil moisture retrieval was skipped,Soil moisture retrieval was not successful,Freeze/thaw state retrieval was successful,Not used
TM01,25.4479389,-98.01216666666667,2021-04-13,h00v00,463.0,878.0,0.1382011,8.0,Soil moisture retrieval has recommended quality,Soil moisture retrieval was attempted,Soil moisture retrieval was successful,Freeze/thaw state retrieval was not successful,
TM01,25.4479389,-98.01216666666667,2021-04-14,h00v00,463.0,878.0,0.1328273,8.0,Soil moisture retrieval has recommended quality,Soil moisture retrieval was attempted,Soil moisture retrieval was successful,Freeze/thaw state retrieval was not successful,
TM01,25.4479389,-98.01216666666667,2021-04-15,h00v00,463.0,878.0,-9999.0,7.0,Soil moisture retrieval doesn't have recommended quality,Soil moisture retrieval was skipped,Soil moisture retrieval was not successful,Freeze/thaw state retrieval was successful,Not used
TM01,25.4479389,-98.01216666666667,2021-04-16,h00v00,463.0,878.0,0.1416054,8.0,Soil moisture retrieval has recommended quality,Soil moisture retrieval was attempted,Soil moisture retrieval was successful,Freeze/thaw state retrieval was not successful,
TM01,25.4479389,-98.01216666666667,2021-04-17,h00v00,463.0,878.0,-9999.0,7.0,Soil moisture retrieval doesn't have recommended quality,Soil moisture retrieval was skipped,Soil moisture retrieval was not successful,Freeze/thaw state retrieval was successful,Not used
TM01,25.4479389,-98.01216666666667,2021-04-18,h00v00,463.0,878.0,-9999.0,7.0,Soil moisture retrieval doesn't have recommended quality,Soil moisture retrieval was skipped,Soil moisture retrieval was not successful,Freeze/thaw state retrieval was successful,Not used
TM01,25.4479389,-98.01216666666667,2021-04-19,h00v00,463.0,878.0,0.220694,8.0,Soil moisture retrieval has recommended quality,Soil moisture retrieval was attempted,Soil moisture retrieval was successful,Freeze/thaw state retrieval was not successful,
TM01,25.4479389,-98.01216666666667,2021-04-20,h00v00,463.0,878.0,-9999.0,7.0,Soil moisture retrieval doesn't have recommended quality,Soil moisture retrieval was skipped,Soil moisture retrieval was not successful,Freeze/thaw state retrieval was successful,Not used
TM01,25.4479389,-98.01216666666667,2021-04-21,h00v00,463.0,878.0,0.1461625,8.0,Soil moisture retrieval has recommended quality,Soil moisture retrieval was attempted,Soil moisture retrieval was successful,Freeze/thaw state retrieval was not successful,
TM01,25.4479389,-98.01216666666667,2021-04-22,h00v00,463.0,878.0,0.1113897,8.0,Soil moisture retrieval has recommended quality,Soil moisture retrieval was attempted,Soil moisture retrieval was successful,Freeze/thaw state retrieval was not successful,
TM01,25.4479389,-98.01216666666667,2021-04-23,h00v00,463.0,878.0,-9999.0,7.0,Soil moisture retrieval doesn't have recommended quality,Soil moisture retrieval was skipped,Soil moisture retrieval was not successful,Freeze/thaw state retrieval was successful,Not used
TM01,25.4479389,-98.01216666666667,2021-04-24,h00v00,463.0,878.0,0.1406305,8.0,Soil moisture retrieval has recommended quality,Soil moisture retrieval was attempted,Soil moisture retrieval was successful,Freeze/thaw state retrieval was not successful,
TM01,25.4479389,-98.01216666666667,2021-04-25,h00v00,463.0,878.0,-9999.0,7.0,Soil moisture retrieval doesn't have recommended quality,Soil moisture retrieval was skipped,Soil moisture retrieval was not successful,Freeze/thaw state retrieval was successful,Not used
TM01,25.4479389,-98.01216666666667,2021-04-26,h00v00,463.0,878.0,-9999.0,7.0,Soil moisture retrieval doesn't have recommended quality,Soil moisture retrieval was skipped,Soil moisture retrieval was not successful,Freeze/thaw state retrieval was successful,Not used
TM01,25.4479389,-98.01216666666667,2021-04-27,h00v00,463.0,878.0,0.1262742,8.0,Soil moisture retrieval has recommended quality,Soil moisture retrieval was attempted,Soil moisture retrieval was successful,Freeze/thaw state retrieval was not successful,
TM01,25.4479389,-98.01216666666667,2021-04-28,h00v00,463.0,878.0,-9999.0,7.0,Soil moisture retrieval doesn't have recommended quality,Soil moisture retrieval was skipped,Soil moisture retrieval was not successful,Freeze/thaw state retrieval was successful,Not used
TM01,25.4479389,-98.01216666666667,2021-04-29,h00v00,463.0,878.0,0.1297816,8.0,Soil moisture retrieval has recommended quality,Soil moisture retrieval was attempted,Soil moisture retrieval was successful,Freeze/thaw state retrieval was not successful,
TM01,25.4479389,-98.01216666666667,2021-04-30,h00v00,463.0,878.0,0.2259271,8.0,Soil moisture retrieval has recommended quality,Soil moisture retrieval was attempted,Soil moisture retrieval was successful,Freeze/thaw state retrieval was not successful,
TM01,25.4479389,-98.01216666666667,2021-05-01,h00v00,463.0,878.0,-9999.0,7.0,Soil moisture retrieval doesn't have recommended quality,Soil moisture retrieval was skipped,Soil moisture retrieval was not successful,Freeze/thaw state retrieval was successful,Not used
TM01,25.4479389,-98.01216666666667,2021-05-02,h00v00,463.0,878.0,0.2386432,8.0,Soil moisture retrieval has recommended quality,Soil moisture retrieval was attempted,Soil moisture retrieval was successful,Freeze/thaw state retrieval was not successful,
TM01,25.4479389,-98.01216666666667,2021-05-03,h00v00,463.0,878.0,-9999.0,7.0,Soil moisture retrieval doesn't have recommended quality,Soil moisture retrieval was skipped,Soil moisture retrieval was not successful,Freeze/thaw state retrieval was successful,Not used
TM01,25.4479389,-98.01216666666667,2021-05-04,h00v00,463.0,878.0,-9999.0,7.0,Soil moisture retrieval doesn't have recommended quality,Soil moisture retrieval was skipped,Soil moisture retrieval was not successful,Freeze/thaw state retrieval was successful,Not used
TM01,25.4479389,-98.01216666666667,2021-05-05,h00v00,463.0,878.0,0.1480113,8.0,Soil moisture retrieval has recommended quality,Soil moisture retrieval was attempted,Soil moisture retrieval was successful,Freeze/thaw state retrieval was not successful,
TM01,25.4479389,-98.01216666666667,2021-05-06,h00v00,463.0,878.0,-9999.0,7.0,Soil moisture retrieval doesn't have recommended quality,Soil moisture retrieval was skipped,Soil moisture retrieval was not successful,Freeze/thaw state retrieval was successful,Not used
TM01,25.4479389,-98.01216666666667,2021-05-07,h00v00,463.0,878.0,0.159771,8.0,Soil moisture retrieval has recommended quality,Soil moisture retrieval was attempted,Soil moisture retrieval was successful,Freeze/thaw state retrieval was not successful,
TM01,25.4479389,-98.01216666666667,2021-05-08,h00v00,463.0,878.0,0.1150825,8.0,Soil moisture retrieval has recommended quality,Soil moisture retrieval was attempted,Soil moisture retrieval was successful,Freeze/thaw state retrieval was not successful,
TM01,25.4479389,-98.01216666666667,2021-05-09,h00v00,463.0,878.0,-9999.0,7.0,Soil moisture retrieval doesn't have recommended quality,Soil moisture retrieval was skipped,Soil moisture retrieval was not successful,Freeze/thaw state retrieval was successful,Not used
TM01,25.4479389,-98.01216666666667,2021-05-10,h00v00,463.0,878.0,0.1191263,8.0,Soil moisture retrieval has recommended quality,Soil moisture retrieval was attempted,Soil moisture retrieval was successful,Freeze/thaw state retrieval was not successful,
TM01,25.4479389,-98.01216666666667,2021-05-11,h00v00,463.0,878.0,-9999.0,7.0,Soil moisture retrieval doesn't have recommended quality,Soil moisture retrieval was skipped,Soil moisture retrieval was not successful,Freeze/thaw state retrieval was successful,Not used
TM01,25.4479389,-98.01216666666667,2021-05-12,h00v00,463.0,878.0,-9999.0,7.0,Soil moisture retrieval doesn't have recommended quality,Soil moisture retrieval was skipped,Soil moisture retrieval was not successful,Freeze/thaw state retrieval was successful,Not used
TM01,25.4479389,-98.01216666666667,2021-05-13,h00v00,463.0,878.0,0.334094,13.0,Soil moisture retrieval doesn't have recommended quality,Soil moisture retrieval was attempted,Soil moisture retrieval was not successful,Freeze/thaw state retrieval was not successful,
TM01,25.4479389,-98.01216666666667,2021-05-14,h00v00,463.0,878.0,-9999.0,7.0,Soil moisture retrieval doesn't have recommended quality,Soil moisture retrieval was skipped,Soil moisture retrieval was not successful,Freeze/thaw state retrieval was successful,Not used
TM01,25.4479389,-98.01216666666667,2021-05-15,h00v00,463.0,878.0,0.2153896,8.0,Soil moisture retrieval has recommended quality,Soil moisture retrieval was attempted,Soil moisture retrieval was successful,Freeze/thaw state retrieval was not successful,
TM01,25.4479389,-98.01216666666667,2021-05-16,h00v00,463.0,878.0,0.4051686,13.0,Soil moisture retrieval doesn't have recommended quality,Soil moisture retrieval was attempted,Soil moisture retrieval was not successful,Freeze/thaw state retrieval was not successful,
TM01,25.4479389,-98.01216666666667,2021-05-17,h00v00,463.0,878.0,-9999.0,7.0,Soil moisture retrieval doesn't have recommended quality,Soil moisture retrieval was skipped,Soil moisture retrieval was not successful,Freeze/thaw state retrieval was successful,Not used
TM01,25.4479389,-98.01216666666667,2021-05-18,h00v00,463.0,878.0,0.2980184,13.0,Soil moisture retrieval doesn't have recommended quality,Soil moisture retrieval was attempted,Soil moisture retrieval was not successful,Freeze/thaw state retrieval was not successful,
TM01,25.4479389,-98.01216666666667,2021-05-19,h00v00,463.0,878.0,-9999.0,7.0,Soil moisture retrieval doesn't have recommended quality,Soil moisture retrieval was skipped,Soil moisture retrieval was not successful,Freeze/thaw state retrieval was successful,Not used
TM01,25.4479389,-98.01216666666667,2021-05-20,h00v00,463.0,878.0,-9999.0,7.0,Soil moisture retrieval doesn't have recommended quality,Soil moisture retrieval was skipped,Soil moisture retrieval was not successful,Freeze/thaw state retrieval was successful,Not used
TM01,25.4479389,-98.01216666666667,2021-05-21,h00v00,463.0,878.0,0.3847855,13.0,Soil moisture retrieval doesn't have recommended quality,Soil moisture retrieval was attempted,Soil moisture retrieval was not successful,Freeze/thaw state retrieval was not successful,
TM01,25.4479389,-98.01216666666667,2021-05-22,h00v00,463.0,878.0,-9999.0,7.0,Soil moisture retrieval doesn't have recommended quality,Soil moisture retrieval was skipped,Soil moisture retrieval was not successful,Freeze/thaw state retrieval was successful,Not used
TM01,25.4479389,-98.01216666666667,2021-05-23,h00v00,463.0,878.0,0.2909855,8.0,Soil moisture retrieval has recommended quality,Soil moisture retrieval was attempted,Soil moisture retrieval was successful,Freeze/thaw state retrieval was not successful,
TM01,25.4479389,-98.01216666666667,2021-05-24,h00v00,463.0,878.0,0.3068593,13.0,Soil moisture retrieval doesn't have recommended quality,Soil moisture retrieval was attempted,Soil moisture retrieval was not successful,Freeze/thaw state retrieval was not successful,
TM01,25.4479389,-98.01216666666667,2021-05-25,h00v00,463.0,878.0,-9999.0,7.0,Soil moisture retrieval doesn't have recommended quality,Soil moisture retrieval was skipped,Soil moisture retrieval was not successful,Freeze/thaw state retrieval was successful,Not used
TM01,25.4479389,-98.01216666666667,2021-05-26,h00v00,463.0,878.0,0.2207372,13.0,Soil moisture retrieval doesn't have recommended quality,Soil moisture retrieval was attempted,Soil moisture retrieval was not successful,Freeze/thaw state retrieval was not successful,
TM01,25.4479389,-98.01216666666667,2021-05-27,h00v00,463.0,878.0,-9999.0,7.0,Soil moisture retrieval doesn't have recommended quality,Soil moisture retrieval was skipped,Soil moisture retrieval was not successful,Freeze/thaw state retrieval was successful,Not used
TM01,25.4479389,-98.01216666666667,2021-05-28,h00v00,463.0,878.0,-9999.0,7.0,Soil moisture retrieval doesn't have recommended quality,Soil moisture retrieval was skipped,Soil moisture retrieval was not successful,Freeze/thaw state retrieval was successful,Not used
TM01,25.4479389,-98.01216666666667,2021-05-29,h00v00,463.0,878.0,0.1790519,8.0,Soil moisture retrieval has recommended quality,Soil moisture retrieval was attempted,Soil moisture retrieval was successful,Freeze/thaw state retrieval was not successful,
TM01,25.4479389,-98.01216666666667,2021-05-30,h00v00,463.0,878.0,-9999.0,7.0,Soil moisture retrieval doesn't have recommended quality,Soil moisture retrieval was skipped,Soil moisture retrieval was not successful,Freeze/thaw state retrieval was successful,Not used
TM01,25.4479389,-98.01216666666667,2021-05-31,h00v00,463.0,878.0,0.1884168,8.0,Soil moisture retrieval has recommended quality,Soil moisture retrieval was attempted,Soil moisture retrieval was successful,Freeze/thaw state retrieval was not successful,
TM01,25.4479389,-98.01216666666667,2021-06-01,h00v00,463.0,878.0,0.1710744,8.0,Soil moisture retrieval has recommended quality,Soil moisture retrieval was attempted,Soil moisture retrieval was successful,Freeze/thaw state retrieval was not successful,
TM01,25.4479389,-98.01216666666667,2021-06-02,h00v00,463.0,878.0,-9999.0,7.0,Soil moisture retrieval doesn't have recommended quality,Soil moisture retrieval was skipped,Soil moisture retrieval was not successful,Freeze/thaw state retrieval was successful,Not used
TM01,25.4479389,-98.01216666666667,2021-06-03,h00v00,463.0,878.0,0.3484519,13.0,Soil moisture retrieval doesn't have recommended quality,Soil moisture retrieval was attempted,Soil moisture retrieval was not successful,Freeze/thaw state retrieval was not successful,
TM01,25.4479389,-98.01216666666667,2021-06-04,h00v00,463.0,878.0,-9999.0,7.0,Soil moisture retrieval doesn't have recommended quality,Soil moisture retrieval was skipped,Soil moisture retrieval was not successful,Freeze/thaw state retrieval was successful,Not used
TM01,25.4479389,-98.01216666666667,2021-06-05,h00v00,463.0,878.0,-9999.0,7.0,Soil moisture retrieval doesn't have recommended quality,Soil moisture retrieval was skipped,Soil moisture retrieval was not successful,Freeze/thaw state retrieval was successful,Not used
TM01,25.4479389,-98.01216666666667,2021-06-06,h00v00,463.0,878.0,0.295534,13.0,Soil moisture retrieval doesn't have recommended quality,Soil moisture retrieval was attempted,Soil moisture retrieval was not successful,Freeze/thaw state retrieval was not successful,
TM01,25.4479389,-98.01216666666667,2021-06-07,h00v00,463.0,878.0,-9999.0,7.0,Soil moisture retrieval doesn't have recommended quality,Soil moisture retrieval was skipped,Soil moisture retrieval was not successful,Freeze/thaw state retrieval was successful,Not used
TM01,25.4479389,-98.01216666666667,2021-06-08,h00v00,463.0,878.0,0.2291695,8.0,Soil moisture retrieval has recommended quality,Soil moisture retrieval was attempted,Soil moisture retrieval was successful,Freeze/thaw state retrieval was not successful,
TM01,25.4479389,-98.01216666666667,2021-06-09,h00v00,463.0,878.0,0.1927372,13.0,Soil moisture retrieval doesn't have recommended quality,Soil moisture retrieval was attempted,Soil moisture retrieval was not successful,Freeze/thaw state retrieval was not successful,
TM01,25.4479389,-98.01216666666667,2021-06-10,h00v00,463.0,878.0,-9999.0,7.0,Soil moisture retrieval doesn't have recommended quality,Soil moisture retrieval was skipped,Soil moisture retrieval was not successful,Freeze/thaw state retrieval was successful,Not used
TM01,25.4479389,-98.01216666666667,2021-06-11,h00v00,463.0,878.0,0.1802189,8.0,Soil moisture retrieval has recommended quality,Soil moisture retrieval was attempted,Soil moisture retrieval was successful,Freeze/thaw state retrieval was not successful,
TM01,25.4479389,-98.01216666666667,2021-06-12,h00v00,463.0,878.0,-9999.0,7.0,Soil moisture retrieval doesn't have recommended quality,Soil moisture retrieval was skipped,Soil moisture retrieval was not successful,Freeze/thaw state retrieval was successful,Not used
TM01,25.4479389,-98.01216666666667,2021-06-13,h00v00,463.0,878.0,-9999.0,7.0,Soil moisture retrieval doesn't have recommended quality,Soil moisture retrieval was skipped,Soil moisture retrieval was not successful,Freeze/thaw state retrieval was successful,Not used
TM01,25.4479389,-98.01216666666667,2021-06-14,h00v00,463.0,878.0,0.162511,8.0,Soil moisture retrieval has recommended quality,Soil moisture retrieval was attempted,Soil moisture retrieval was successful,Freeze/thaw state retrieval was not successful,
TM01,25.4479389,-98.01216666666667,2021-06-15,h00v00,463.0,878.0,-9999.0,7.0,Soil moisture retrieval doesn't have recommended quality,Soil moisture retrieval was skipped,Soil moisture retrieval was not successful,Freeze/thaw state retrieval was successful,Not used
TM01,25.4479389,-98.01216666666667,2021-06-16,h00v00,463.0,878.0,0.169881,8.0,Soil moisture retrieval has recommended quality,Soil moisture retrieval was attempted,Soil moisture retrieval was successful,Freeze/thaw state retrieval was not successful,
TM01,25.4479389,-98.01216666666667,2021-06-17,h00v00,463.0,878.0,0.1862434,13.0,Soil moisture retrieval doesn't have recommended quality,Soil moisture retrieval was attempted,Soil moisture retrieval was not successful,Freeze/thaw state retrieval was not successful,
TM01,25.4479389,-98.01216666666667,2021-06-18,h00v00,463.0,878.0,-9999.0,7.0,Soil moisture retrieval doesn't have recommended quality,Soil moisture retrieval was skipped,Soil moisture retrieval was not successful,Freeze/thaw state retrieval was successful,Not used
TM01,25.4479389,-98.01216666666667,2021-06-19,h00v00,463.0,878.0,0.18215,13.0,Soil moisture retrieval doesn't have recommended quality,Soil moisture retrieval was attempted,Soil moisture retrieval was not successful,Freeze/thaw state retrieval was not successful,
TM01,25.4479389,-98.01216666666667,2021-06-20,h00v00,463.0,878.0,-9999.0,7.0,Soil moisture retrieval doesn't have recommended quality,Soil moisture retrieval was skipped,Soil moisture retrieval was not successful,Freeze/thaw state retrieval was successful,Not used
TM01,25.4479389,-98.01216666666667,2021-06-21,h00v00,463.0,878.0,-9999.0,7.0,Soil moisture retrieval doesn't have recommended quality,Soil moisture retrieval was skipped,Soil moisture retrieval was not successful,Freeze/thaw state retrieval was successful,Not used
TM01,25.4479389,-98.01216666666667,2021-06-22,h00v00,463.0,878.0,0.1348834,8.0,Soil moisture retrieval has recommended quality,Soil moisture retrieval was attempted,Soil moisture retrieval was successful,Freeze/thaw state retrieval was not successful,
TM01,25.4479389,-98.01216666666667,2021-06-23,h00v00,463.0,878.0,-9999.0,7.0,Soil moisture retrieval doesn't have recommended quality,Soil moisture retrieval was skipped,Soil moisture retrieval was not successful,Freeze/thaw state retrieval was successful,Not used
TM01,25.4479389,-98.01216666666667,2021-06-24,h00v00,463.0,878.0,0.2127558,8.0,Soil moisture retrieval has recommended quality,Soil moisture retrieval was attempted,Soil moisture retrieval was successful,Freeze/thaw state retrieval was not successful,
TM01,25.4479389,-98.01216666666667,2021-06-25,h00v00,463.0,878.0,0.1655659,8.0,Soil moisture retrieval has recommended quality,Soil moisture retrieval was attempted,Soil moisture retrieval was successful,Freeze/thaw state retrieval was not successful,
TM01,25.4479389,-98.01216666666667,2021-06-26,h00v00,463.0,878.0,-9999.0,7.0,Soil moisture retrieval doesn't have recommended quality,Soil moisture retrieval was skipped,Soil moisture retrieval was not successful,Freeze/thaw state retrieval was successful,Not used
TM01,25.4479389,-98.01216666666667,2021-06-27,h00v00,463.0,878.0,0.1425684,8.0,Soil moisture retrieval has recommended quality,Soil moisture retrieval was attempted,Soil moisture retrieval was successful,Freeze/thaw state retrieval was not successful,
TM01,25.4479389,-98.01216666666667,2021-06-28,h00v00,463.0,878.0,-9999.0,7.0,Soil moisture retrieval doesn't have recommended quality,Soil moisture retrieval was skipped,Soil moisture retrieval was not successful,Freeze/thaw state retrieval was successful,Not used
TM01,25.4479389,-98.01216666666667,2021-06-29,h00v00,463.0,878.0,-9999.0,7.0,Soil moisture retrieval doesn't have recommended quality,Soil moisture retrieval was skipped,Soil moisture retrieval was not successful,Freeze/thaw state retrieval was successful,Not used
TM01,25.4479389,-98.01216666666667,2021-06-30,h00v00,463.0,878.0,0.3097026,13.0,Soil moisture retrieval doesn't have recommended quality,Soil moisture retrieval was attempted,Soil moisture retrieval was not successful,Freeze/thaw state retrieval was not successful,
TM01,25.4479389,-98.01216666666667,2021-07-01,h00v00,463.0,878.0,-9999.0,7.0,Soil moisture retrieval doesn't have recommended quality,Soil moisture retrieval was skipped,Soil moisture retrieval was not successful,Freeze/thaw state retrieval was successful,Not used
TM01,25.4479389,-98.01216666666667,2021-07-02,h00v00,463.0,878.0,0.2265793,13.0,Soil moisture retrieval doesn't have recommended quality,Soil moisture retrieval was attempted,Soil moisture retrieval was not successful,Freeze/thaw state retrieval was not successful,
TM01,25.4479389,-98.01216666666667,2021-07-03,h00v00,463.0,878.0,0.1827852,8.0,Soil moisture retrieval has recommended quality,Soil moisture retrieval was attempted,Soil moisture retrieval was successful,Freeze/thaw state retrieval was not successful,
TM01,25.4479389,-98.01216666666667,2021-07-04,h00v00,463.0,878.0,-9999.0,7.0,Soil moisture retrieval doesn't have recommended quality,Soil moisture retrieval was skipped,Soil moisture retrieval was not successful,Freeze/thaw state retrieval was successful,Not used
TM01,25.4479389,-98.01216666666667,2021-07-05,h00v00,463.0,878.0,0.1431301,8.0,Soil moisture retrieval has recommended quality,Soil moisture retrieval was attempted,Soil moisture retrieval was successful,Freeze/thaw state retrieval was not successful,
TM01,25.4479389,-98.01216666666667,2021-07-06,h00v00,463.0,878.0,-9999.0,7.0,Soil moisture retrieval doesn't have recommended quality,Soil moisture retrieval was skipped,Soil moisture retrieval was not successful,Freeze/thaw state retrieval was successful,Not used
TM01,25.4479389,-98.01216666666667,2021-07-07,h00v00,463.0,878.0,-9999.0,7.0,Soil moisture retrieval doesn't have recommended quality,Soil moisture retrieval was skipped,Soil moisture retrieval was not successful,Freeze/thaw state retrieval was successful,Not used
TM01,25.4479389,-98.01216666666667,2021-07-08,h00v00,463.0,878.0,0.38081,13.0,Soil moisture retrieval doesn't have recommended quality,Soil moisture retrieval was attempted,Soil moisture retrieval was not successful,Freeze/thaw state retrieval was not successful,
TM01,25.4479389,-98.01216666666667,2021-07-09,h00v00,463.0,878.0,-9999.0,7.0,Soil moisture retrieval doesn't have recommended quality,Soil moisture retrieval was skipped,Soil moisture retrieval was not successful,Freeze/thaw state retrieval was successful,Not used
TM01,25.4479389,-98.01216666666667,2021-07-10,h00v00,463.0,878.0,0.4040993,13.0,Soil moisture retrieval doesn't have recommended quality,Soil moisture retrieval was attempted,Soil moisture retrieval was not successful,Freeze/thaw state retrieval was not successful,
TM01,25.4479389,-98.01216666666667,2021-07-11,h00v00,463.0,878.0,0.3988173,13.0,Soil moisture retrieval doesn't have recommended quality,Soil moisture retrieval was attempted,Soil moisture retrieval was not successful,Freeze/thaw state retrieval was not successful,
TM01,25.4479389,-98.01216666666667,2021-07-12,h00v00,463.0,878.0,-9999.0,7.0,Soil moisture retrieval doesn't have recommended quality,Soil moisture retrieval was skipped,Soil moisture retrieval was not successful,Freeze/thaw state retrieval was successful,Not used
TM01,25.4479389,-98.01216666666667,2021-07-13,h00v00,463.0,878.0,0.3300453,13.0,Soil moisture retrieval doesn't have recommended quality,Soil moisture retrieval was attempted,Soil moisture retrieval was not successful,Freeze/thaw state retrieval was not successful,
TM01,25.4479389,-98.01216666666667,2021-07-14,h00v00,463.0,878.0,-9999.0,7.0,Soil moisture retrieval doesn't have recommended quality,Soil moisture retrieval was skipped,Soil moisture retrieval was not successful,Freeze/thaw state retrieval was successful,Not used
TM01,25.4479389,-98.01216666666667,2021-07-15,h00v00,463.0,878.0,-9999.0,7.0,Soil moisture retrieval doesn't have recommended quality,Soil moisture retrieval was skipped,Soil moisture retrieval was not successful,Freeze/thaw state retrieval was successful,Not used
TM01,25.4479389,-98.01216666666667,2021-07-16,h00v00,463.0,878.0,0.2361617,13.0,Soil moisture retrieval doesn't have recommended quality,Soil moisture retrieval was attempted,Soil moisture retrieval was not successful,Freeze/thaw state retrieval was not successful,
TM01,25.4479389,-98.01216666666667,2021-07-17,h00v00,463.0,878.0,-9999.0,7.0,Soil moisture retrieval doesn't have recommended quality,Soil moisture retrieval was skipped,Soil moisture retrieval was not successful,Freeze/thaw state retrieval was successful,Not used
TM01,25.4479389,-98.01216666666667,2021-07-18,h00v00,463.0,878.0,0.1989521,8.0,Soil moisture retrieval has recommended quality,Soil moisture retrieval was attempted,Soil moisture retrieval was successful,Freeze/thaw state retrieval was not successful,
TM01,25.4479389,-98.01216666666667,2021-07-19,h00v00,463.0,878.0,0.1761149,13.0,Soil moisture retrieval doesn't have recommended quality,Soil moisture retrieval was attempted,Soil moisture retrieval was not successful,Freeze/thaw state retrieval was not successful,
TM01,25.4479389,-98.01216666666667,2021-07-20,h00v00,463.0,878.0,-9999.0,7.0,Soil moisture retrieval doesn't have recommended quality,Soil moisture retrieval was skipped,Soil moisture retrieval was not successful,Freeze/thaw state retrieval was successful,Not used
TM01,25.4479389,-98.01216666666667,2021-07-21,h00v00,463.0,878.0,0.272577,13.0,Soil moisture retrieval doesn't have recommended quality,Soil moisture retrieval was attempted,Soil moisture retrieval was not successful,Freeze/thaw state retrieval was not successful,
TM01,25.4479389,-98.01216666666667,2021-07-22,h00v00,463.0,878.0,-9999.0,7.0,Soil moisture retrieval doesn't have recommended quality,Soil moisture retrieval was skipped,Soil moisture retrieval was not successful,Freeze/thaw state retrieval was successful,Not used
TM01,25.4479389,-98.01216666666667,2021-07-23,h00v00,463.0,878.0,-9999.0,7.0,Soil moisture retrieval doesn't have recommended quality,Soil moisture retrieval was skipped,Soil moisture retrieval was not successful,Freeze/thaw state retrieval was successful,Not used
TM01,25.4479389,-98.01216666666667,2021-07-24,h00v00,463.0,878.0,0.2670893,13.0,Soil moisture retrieval doesn't have recommended quality,Soil moisture retrieval was attempted,Soil moisture retrieval was not successful,Freeze/thaw state retrieval was not successful,
TM01,25.4479389,-98.01216666666667,2021-07-25,h00v00,463.0,878.0,-9999.0,7.0,Soil moisture retrieval doesn't have recommended quality,Soil moisture retrieval was skipped,Soil moisture retrieval was not successful,Freeze/thaw state retrieval was successful,Not used
TM01,25.4479389,-98.01216666666667,2021-07-26,h00v00,463.0,878.0,0.2120831,8.0,Soil moisture retrieval has recommended quality,Soil moisture retrieval was attempted,Soil moisture retrieval was successful,Freeze/thaw state retrieval was not successful,
TM01,25.4479389,-98.01216666666667,2021-07-27,h00v00,463.0,878.0,0.1803485,8.0,Soil moisture retrieval has recommended quality,Soil moisture retrieval was attempted,Soil moisture retrieval was successful,Freeze/thaw state retrieval was not successful,
TM01,25.4479389,-98.01216666666667,2021-07-28,h00v00,463.0,878.0,-9999.0,7.0,Soil moisture retrieval doesn't have recommended quality,Soil moisture retrieval was skipped,Soil moisture retrieval was not successful,Freeze/thaw state retrieval was successful,Not used
TM01,25.4479389,-98.01216666666667,2021-07-29,h00v00,463.0,878.0,0.1967815,8.0,Soil moisture retrieval has recommended quality,Soil moisture retrieval was attempted,Soil moisture retrieval was successful,Freeze/thaw state retrieval was not successful,
TM01,25.4479389,-98.01216666666667,2021-07-30,h00v00,463.0,878.0,-9999.0,7.0,Soil moisture retrieval doesn't have recommended quality,Soil moisture retrieval was skipped,Soil moisture retrieval was not successful,Freeze/thaw state retrieval was successful,Not used
TM01,25.4479389,-98.01216666666667,2021-07-31,h00v00,463.0,878.0,-9999.0,7.0,Soil moisture retrieval doesn't have recommended quality,Soil moisture retrieval was skipped,Soil moisture retrieval was not successful,Freeze/thaw state retrieval was successful,Not used
TM01,25.4479389,-98.01216666666667,2021-08-01,h00v00,463.0,878.0,0.1980932,8.0,Soil moisture retrieval has recommended quality,Soil moisture retrieval was attempted,Soil moisture retrieval was successful,Freeze/thaw state retrieval was not successful,
TM01,25.4479389,-98.01216666666667,2021-08-02,h00v00,463.0,878.0,-9999.0,7.0,Soil moisture retrieval doesn't have recommended quality,Soil moisture retrieval was skipped,Soil moisture retrieval was not successful,Freeze/thaw state retrieval was successful,Not used
TM01,25.4479389,-98.01216666666667,2021-08-03,h00v00,463.0,878.0,0.1532085,8.0,Soil moisture retrieval has recommended quality,Soil moisture retrieval was attempted,Soil moisture retrieval was successful,Freeze/thaw state retrieval was not successful,
TM01,25.4479389,-98.01216666666667,2021-08-04,h00v00,463.0,878.0,0.171466,8.0,Soil moisture retrieval has recommended quality,Soil moisture retrieval was attempted,Soil moisture retrieval was successful,Freeze/thaw state retrieval was not successful,
TM01,25.4479389,-98.01216666666667,2021-08-05,h00v00,463.0,878.0,-9999.0,7.0,Soil moisture retrieval doesn't have recommended quality,Soil moisture retrieval was skipped,Soil moisture retrieval was not successful,Freeze/thaw state retrieval was successful,Not used
TM01,25.4479389,-98.01216666666667,2021-08-06,h00v00,463.0,878.0,0.1527903,8.0,Soil moisture retrieval has recommended quality,Soil moisture retrieval was attempted,Soil moisture retrieval was successful,Freeze/thaw state retrieval was not successful,
TM01,25.4479389,-98.01216666666667,2021-08-07,h00v00,463.0,878.0,-9999.0,7.0,Soil moisture retrieval doesn't have recommended quality,Soil moisture retrieval was skipped,Soil moisture retrieval was not successful,Freeze/thaw state retrieval was successful,Not used
TM01,25.4479389,-98.01216666666667,2021-08-08,h00v00,463.0,878.0,-9999.0,7.0,Soil moisture retrieval doesn't have recommended quality,Soil moisture retrieval was skipped,Soil moisture retrieval was not successful,Freeze/thaw state retrieval was successful,Not used
TM01,25.4479389,-98.01216666666667,2021-08-09,h00v00,463.0,878.0,0.1331699,8.0,Soil moisture retrieval has recommended quality,Soil moisture retrieval was attempted,Soil moisture retrieval was successful,Freeze/thaw state retrieval was not successful,
TM01,25.4479389,-98.01216666666667,2021-08-10,h00v00,463.0,878.0,-9999.0,7.0,Soil moisture retrieval doesn't have recommended quality,Soil moisture retrieval was skipped,Soil moisture retrieval was not successful,Freeze/thaw state retrieval was successful,Not used
TM01,25.4479389,-98.01216666666667,2021-08-11,h00v00,463.0,878.0,0.1323988,8.0,Soil moisture retrieval has recommended quality,Soil moisture retrieval was attempted,Soil moisture retrieval was successful,Freeze/thaw state retrieval was not successful,
TM01,25.4479389,-98.01216666666667,2021-08-12,h00v00,463.0,878.0,0.1055762,8.0,Soil moisture retrieval has recommended quality,Soil moisture retrieval was attempted,Soil moisture retrieval was successful,Freeze/thaw state retrieval was not successful,
TM01,25.4479389,-98.01216666666667,2021-08-13,h00v00,463.0,878.0,-9999.0,7.0,Soil moisture retrieval doesn't have recommended quality,Soil moisture retrieval was skipped,Soil moisture retrieval was not successful,Freeze/thaw state retrieval was successful,Not used
TM01,25.4479389,-98.01216666666667,2021-08-14,h00v00,463.0,878.0,0.111391,8.0,Soil moisture retrieval has recommended quality,Soil moisture retrieval was attempted,Soil moisture retrieval was successful,Freeze/thaw state retrieval was not successful,
TM01,25.4479389,-98.01216666666667,2021-08-15,h00v00,463.0,878.0,-9999.0,7.0,Soil moisture retrieval doesn't have recommended quality,Soil moisture retrieval was skipped,Soil moisture retrieval was not successful,Freeze/thaw state retrieval was successful,Not used
TM01,25.4479389,-98.01216666666667,2021-08-16,h00v00,463.0,878.0,-9999.0,7.0,Soil moisture retrieval doesn't have recommended quality,Soil moisture retrieval was skipped,Soil moisture retrieval was not successful,Freeze/thaw state retrieval was successful,Not used
TM01,25.4479389,-98.01216666666667,2021-08-17,h00v00,463.0,878.0,0.1092933,8.0,Soil moisture retrieval has recommended quality,Soil moisture retrieval was attempted,Soil moisture retrieval was successful,Freeze/thaw state retrieval was not successful,
TM01,25.4479389,-98.01216666666667,2021-08-18,h00v00,463.0,878.0,-9999.0,7.0,Soil moisture retrieval doesn't have recommended quality,Soil moisture retrieval was skipped,Soil moisture retrieval was not successful,Freeze/thaw state retrieval was successful,Not used
TM01,25.4479389,-98.01216666666667,2021-08-19,h00v00,463.0,878.0,0.114003,8.0,Soil moisture retrieval has recommended quality,Soil moisture retrieval was attempted,Soil moisture retrieval was successful,Freeze/thaw state retrieval was not successful,
TM01,25.4479389,-98.01216666666667,2021-08-20,h00v00,463.0,878.0,0.1034072,8.0,Soil moisture retrieval has recommended quality,Soil moisture retrieval was attempted,Soil moisture retrieval was successful,Freeze/thaw state retrieval was not successful,
TM01,25.4479389,-98.01216666666667,2021-08-21,h00v00,463.0,878.0,-9999.0,7.0,Soil moisture retrieval doesn't have recommended quality,Soil moisture retrieval was skipped,Soil moisture retrieval was not successful,Freeze/thaw state retrieval was successful,Not used
TM01,25.4479389,-98.01216666666667,2021-08-22,h00v00,463.0,878.0,0.1593346,8.0,Soil moisture retrieval has recommended quality,Soil moisture retrieval was attempted,Soil moisture retrieval was successful,Freeze/thaw state retrieval was not successful,
TM01,25.4479389,-98.01216666666667,2021-08-23,h00v00,463.0,878.0,-9999.0,7.0,Soil moisture retrieval doesn't have recommended quality,Soil moisture retrieval was skipped,Soil moisture retrieval was not successful,Freeze/thaw state retrieval was successful,Not used
TM01,25.4479389,-98.01216666666667,2021-08-24,h00v00,463.0,878.0,-9999.0,7.0,Soil moisture retrieval doesn't have recommended quality,Soil moisture retrieval was skipped,Soil moisture retrieval was not successful,Freeze/thaw state retrieval was successful,Not used
TM01,25.4479389,-98.01216666666667,2021-08-25,h00v00,463.0,878.0,0.1107477,8.0,Soil moisture retrieval has recommended quality,Soil moisture retrieval was attempted,Soil moisture retrieval was successful,Freeze/thaw state retrieval was not successful,
TM01,25.4479389,-98.01216666666667,2021-08-26,h00v00,463.0,878.0,-9999.0,7.0,Soil moisture retrieval doesn't have recommended quality,Soil moisture retrieval was skipped,Soil moisture retrieval was not successful,Freeze/thaw state retrieval was successful,Not used
TM01,25.4479389,-98.01216666666667,2021-08-27,h00v00,463.0,878.0,0.199823,8.0,Soil moisture retrieval has recommended quality,Soil moisture retrieval was attempted,Soil moisture retrieval was successful,Freeze/thaw state retrieval was not successful,
TM01,25.4479389,-98.01216666666667,2021-08-28,h00v00,463.0,878.0,0.1186275,8.0,Soil moisture retrieval has recommended quality,Soil moisture retrieval was attempted,Soil moisture retrieval was successful,Freeze/thaw state retrieval was not successful,
TM01,25.4479389,-98.01216666666667,2021-08-29,h00v00,463.0,878.0,-9999.0,7.0,Soil moisture retrieval doesn't have recommended quality,Soil moisture retrieval was skipped,Soil moisture retrieval was not successful,Freeze/thaw state retrieval was successful,Not used
TM01,25.4479389,-98.01216666666667,2021-08-30,h00v00,463.0,878.0,0.1152999,8.0,Soil moisture retrieval has recommended quality,Soil moisture retrieval was attempted,Soil moisture retrieval was successful,Freeze/thaw state retrieval was not successful,
TM01,25.4479389,-98.01216666666667,2021-08-31,h00v00,463.0,878.0,-9999.0,7.0,Soil moisture retrieval doesn't have recommended quality,Soil moisture retrieval was skipped,Soil moisture retrieval was not successful,Freeze/thaw state retrieval was successful,Not used
TM01,25.4479389,-98.01216666666667,2021-09-01,h00v00,463.0,878.0,-9999.0,7.0,Soil moisture retrieval doesn't have recommended quality,Soil moisture retrieval was skipped,Soil moisture retrieval was not successful,Freeze/thaw state retrieval was successful,Not used
TM01,25.4479389,-98.01216666666667,2021-09-02,h00v00,463.0,878.0,0.0976637,8.0,Soil moisture retrieval has recommended quality,Soil moisture retrieval was attempted,Soil moisture retrieval was successful,Freeze/thaw state retrieval was not successful,
TM01,25.4479389,-98.01216666666667,2021-09-03,h00v00,463.0,878.0,-9999.0,7.0,Soil moisture retrieval doesn't have recommended quality,Soil moisture retrieval was skipped,Soil moisture retrieval was not successful,Freeze/thaw state retrieval was successful,Not used
TM01,25.4479389,-98.01216666666667,2021-09-04,h00v00,463.0,878.0,0.1135413,8.0,Soil moisture retrieval has recommended quality,Soil moisture retrieval was attempted,Soil moisture retrieval was successful,Freeze/thaw state retrieval was not successful,
TM01,25.4479389,-98.01216666666667,2021-09-05,h00v00,463.0,878.0,0.0913645,8.0,Soil moisture retrieval has recommended quality,Soil moisture retrieval was attempted,Soil moisture retrieval was successful,Freeze/thaw state retrieval was not successful,
TM01,25.4479389,-98.01216666666667,2021-09-06,h00v00,463.0,878.0,-9999.0,7.0,Soil moisture retrieval doesn't have recommended quality,Soil moisture retrieval was skipped,Soil moisture retrieval was not successful,Freeze/thaw state retrieval was successful,Not used
TM01,25.4479389,-98.01216666666667,2021-09-07,h00v00,463.0,878.0,0.1125261,8.0,Soil moisture retrieval has recommended quality,Soil moisture retrieval was attempted,Soil moisture retrieval was successful,Freeze/thaw state retrieval was not successful,
TM01,25.4479389,-98.01216666666667,2021-09-08,h00v00,463.0,878.0,-9999.0,7.0,Soil moisture retrieval doesn't have recommended quality,Soil moisture retrieval was skipped,Soil moisture retrieval was not successful,Freeze/thaw state retrieval was successful,Not used
TM01,25.4479389,-98.01216666666667,2021-09-09,h00v00,463.0,878.0,-9999.0,7.0,Soil moisture retrieval doesn't have recommended quality,Soil moisture retrieval was skipped,Soil moisture retrieval was not successful,Freeze/thaw state retrieval was successful,Not used
TM01,25.4479389,-98.01216666666667,2021-09-10,h00v00,463.0,878.0,0.1003621,8.0,Soil moisture retrieval has recommended quality,Soil moisture retrieval was attempted,Soil moisture retrieval was successful,Freeze/thaw state retrieval was not successful,
TM01,25.4479389,-98.01216666666667,2021-09-11,h00v00,463.0,878.0,-9999.0,7.0,Soil moisture retrieval doesn't have recommended quality,Soil moisture retrieval was skipped,Soil moisture retrieval was not successful,Freeze/thaw state retrieval was successful,Not used
TM01,25.4479389,-98.01216666666667,2021-09-12,h00v00,463.0,878.0,0.275652,8.0,Soil moisture retrieval has recommended quality,Soil moisture retrieval was attempted,Soil moisture retrieval was successful,Freeze/thaw state retrieval was not successful,
TM01,25.4479389,-98.01216666666667,2021-09-13,h00v00,463.0,878.0,0.2413471,9.0,Soil moisture retrieval doesn't have recommended quality,Soil moisture retrieval was attempted,Soil moisture retrieval was successful,Freeze/thaw state retrieval was not successful,
TM01,25.4479389,-98.01216666666667,2021-09-14,h00v00,463.0,878.0,-9999.0,7.0,Soil moisture retrieval doesn't have recommended quality,Soil moisture retrieval was skipped,Soil moisture retrieval was not successful,Freeze/thaw state retrieval was successful,Not used
TM01,25.4479389,-98.01216666666667,2021-09-15,h00v00,463.0,878.0,0.1433586,8.0,Soil moisture retrieval has recommended quality,Soil moisture retrieval was attempted,Soil moisture retrieval was successful,Freeze/thaw state retrieval was not successful,
TM01,25.4479389,-98.01216666666667,2021-09-16,h00v00,463.0,878.0,-9999.0,7.0,Soil moisture retrieval doesn't have recommended quality,Soil moisture retrieval was skipped,Soil moisture retrieval was not successful,Freeze/thaw state retrieval was successful,Not used
TM01,25.4479389,-98.01216666666667,2021-09-17,h00v00,463.0,878.0,-9999.0,7.0,Soil moisture retrieval doesn't have recommended quality,Soil moisture retrieval was skipped,Soil moisture retrieval was not successful,Freeze/thaw state retrieval was successful,Not used
TM01,25.4479389,-98.01216666666667,2021-09-18,h00v00,463.0,878.0,0.1687538,8.0,Soil moisture retrieval has recommended quality,Soil moisture retrieval was attempted,Soil moisture retrieval was successful,Freeze/thaw state retrieval was not successful,
TM01,25.4479389,-98.01216666666667,2021-09-19,h00v00,463.0,878.0,-9999.0,7.0,Soil moisture retrieval doesn't have recommended quality,Soil moisture retrieval was skipped,Soil moisture retrieval was not successful,Freeze/thaw state retrieval was successful,Not used
TM01,25.4479389,-98.01216666666667,2021-09-20,h00v00,463.0,878.0,0.1356914,8.0,Soil moisture retrieval has recommended quality,Soil moisture retrieval was attempted,Soil moisture retrieval was successful,Freeze/thaw state retrieval was not successful,
TM01,25.4479389,-98.01216666666667,2021-09-21,h00v00,463.0,878.0,0.1174173,8.0,Soil moisture retrieval has recommended quality,Soil moisture retrieval was attempted,Soil moisture retrieval was successful,Freeze/thaw state retrieval was not successful,
TM01,25.4479389,-98.01216666666667,2021-09-22,h00v00,463.0,878.0,-9999.0,7.0,Soil moisture retrieval doesn't have recommended quality,Soil moisture retrieval was skipped,Soil moisture retrieval was not successful,Freeze/thaw state retrieval was successful,Not used
TM01,25.4479389,-98.01216666666667,2021-09-23,h00v00,463.0,878.0,0.3221105,8.0,Soil moisture retrieval has recommended quality,Soil moisture retrieval was attempted,Soil moisture retrieval was successful,Freeze/thaw state retrieval was not successful,
TM01,25.4479389,-98.01216666666667,2021-09-24,h00v00,463.0,878.0,-9999.0,7.0,Soil moisture retrieval doesn't have recommended quality,Soil moisture retrieval was skipped,Soil moisture retrieval was not successful,Freeze/thaw state retrieval was successful,Not used
TM01,25.4479389,-98.01216666666667,2021-09-25,h00v00,463.0,878.0,-9999.0,7.0,Soil moisture retrieval doesn't have recommended quality,Soil moisture retrieval was skipped,Soil moisture retrieval was not successful,Freeze/thaw state retrieval was successful,Not used
TM01,25.4479389,-98.01216666666667,2021-09-26,h00v00,463.0,878.0,0.1873144,8.0,Soil moisture retrieval has recommended quality,Soil moisture retrieval was attempted,Soil moisture retrieval was successful,Freeze/thaw state retrieval was not successful,
TM01,25.4479389,-98.01216666666667,2021-09-27,h00v00,463.0,878.0,-9999.0,7.0,Soil moisture retrieval doesn't have recommended quality,Soil moisture retrieval was skipped,Soil moisture retrieval was not successful,Freeze/thaw state retrieval was successful,Not used
TM01,25.4479389,-98.01216666666667,2021-09-28,h00v00,463.0,878.0,0.1431993,8.0,Soil moisture retrieval has recommended quality,Soil moisture retrieval was attempted,Soil moisture retrieval was successful,Freeze/thaw state retrieval was not successful,
TM01,25.4479389,-98.01216666666667,2021-09-29,h00v00,463.0,878.0,0.1184507,8.0,Soil moisture retrieval has recommended quality,Soil moisture retrieval was attempted,Soil moisture retrieval was successful,Freeze/thaw state retrieval was not successful,
TM01,25.4479389,-98.01216666666667,2021-09-30,h00v00,463.0,878.0,-9999.0,7.0,Soil moisture retrieval doesn't have recommended quality,Soil moisture retrieval was skipped,Soil moisture retrieval was not successful,Freeze/thaw state retrieval was successful,Not used
TM01,25.4479389,-98.01216666666667,2021-10-01,h00v00,463.0,878.0,0.2091494,8.0,Soil moisture retrieval has recommended quality,Soil moisture retrieval was attempted,Soil moisture retrieval was successful,Freeze/thaw state retrieval was not successful,
TM01,25.4479389,-98.01216666666667,2021-10-02,h00v00,463.0,878.0,-9999.0,7.0,Soil moisture retrieval doesn't have recommended quality,Soil moisture retrieval was skipped,Soil moisture retrieval was not successful,Freeze/thaw state retrieval was successful,Not used
TM01,25.4479389,-98.01216666666667,2021-10-03,h00v00,463.0,878.0,-9999.0,7.0,Soil moisture retrieval doesn't have recommended quality,Soil moisture retrieval was skipped,Soil moisture retrieval was not successful,Freeze/thaw state retrieval was successful,Not used
TM01,25.4479389,-98.01216666666667,2021-10-04,h00v00,463.0,878.0,0.4051686,13.0,Soil moisture retrieval doesn't have recommended quality,Soil moisture retrieval was attempted,Soil moisture retrieval was not successful,Freeze/thaw state retrieval was not successful,
TM01,25.4479389,-98.01216666666667,2021-10-05,h00v00,463.0,878.0,-9999.0,7.0,Soil moisture retrieval doesn't have recommended quality,Soil moisture retrieval was skipped,Soil moisture retrieval was not successful,Freeze/thaw state retrieval was successful,Not used
TM01,25.4479389,-98.01216666666667,2021-10-06,h00v00,463.0,878.0,0.347095,8.0,Soil moisture retrieval has recommended quality,Soil moisture retrieval was attempted,Soil moisture retrieval was successful,Freeze/thaw state retrieval was not successful,
TM01,25.4479389,-98.01216666666667,2021-10-07,h00v00,463.0,878.0,0.3093174,8.0,Soil moisture retrieval has recommended quality,Soil moisture retrieval was attempted,Soil moisture retrieval was successful,Freeze/thaw state retrieval was not successful,
TM01,25.4479389,-98.01216666666667,2021-10-08,h00v00,463.0,878.0,-9999.0,7.0,Soil moisture retrieval doesn't have recommended quality,Soil moisture retrieval was skipped,Soil moisture retrieval was not successful,Freeze/thaw state retrieval was successful,Not used
TM01,25.4479389,-98.01216666666667,2021-10-09,h00v00,463.0,878.0,0.2575119,8.0,Soil moisture retrieval has recommended quality,Soil moisture retrieval was attempted,Soil moisture retrieval was successful,Freeze/thaw state retrieval was not successful,
TM01,25.4479389,-98.01216666666667,2021-10-10,h00v00,463.0,878.0,-9999.0,7.0,Soil moisture retrieval doesn't have recommended quality,Soil moisture retrieval was skipped,Soil moisture retrieval was not successful,Freeze/thaw state retrieval was successful,Not used
TM01,25.4479389,-98.01216666666667,2021-10-11,h00v00,463.0,878.0,-9999.0,7.0,Soil moisture retrieval doesn't have recommended quality,Soil moisture retrieval was skipped,Soil moisture retrieval was not successful,Freeze/thaw state retrieval was successful,Not used
TM01,25.4479389,-98.01216666666667,2021-10-12,h00v00,463.0,878.0,0.1952345,8.0,Soil moisture retrieval has recommended quality,Soil moisture retrieval was attempted,Soil moisture retrieval was successful,Freeze/thaw state retrieval was not successful,
TM01,25.4479389,-98.01216666666667,2021-10-13,h00v00,463.0,878.0,-9999.0,7.0,Soil moisture retrieval doesn't have recommended quality,Soil moisture retrieval was skipped,Soil moisture retrieval was not successful,Freeze/thaw state retrieval was successful,Not used
TM01,25.4479389,-98.01216666666667,2021-10-14,h00v00,463.0,878.0,0.1932611,8.0,Soil moisture retrieval has recommended quality,Soil moisture retrieval was attempted,Soil moisture retrieval was successful,Freeze/thaw state retrieval was not successful,
TM01,25.4479389,-98.01216666666667,2021-10-15,h00v00,463.0,878.0,0.1914126,8.0,Soil moisture retrieval has recommended quality,Soil moisture retrieval was attempted,Soil moisture retrieval was successful,Freeze/thaw state retrieval was not successful,
TM01,25.4479389,-98.01216666666667,2021-10-16,h00v00,463.0,878.0,-9999.0,7.0,Soil moisture retrieval doesn't have recommended quality,Soil moisture retrieval was skipped,Soil moisture retrieval was not successful,Freeze/thaw state retrieval was successful,Not used
TM01,25.4479389,-98.01216666666667,2021-10-17,h00v00,463.0,878.0,0.2261726,8.0,Soil moisture retrieval has recommended quality,Soil moisture retrieval was attempted,Soil moisture retrieval was successful,Freeze/thaw state retrieval was not successful,
TM01,25.4479389,-98.01216666666667,2021-10-18,h00v00,463.0,878.0,-9999.0,7.0,Soil moisture retrieval doesn't have recommended quality,Soil moisture retrieval was skipped,Soil moisture retrieval was not successful,Freeze/thaw state retrieval was successful,Not used
TM01,25.4479389,-98.01216666666667,2021-10-19,h00v00,463.0,878.0,-9999.0,7.0,Soil moisture retrieval doesn't have recommended quality,Soil moisture retrieval was skipped,Soil moisture retrieval was not successful,Freeze/thaw state retrieval was successful,Not used
TM01,25.4479389,-98.01216666666667,2021-10-20,h00v00,463.0,878.0,0.156544,8.0,Soil moisture retrieval has recommended quality,Soil moisture retrieval was attempted,Soil moisture retrieval was successful,Freeze/thaw state retrieval was not successful,
TM01,25.4479389,-98.01216666666667,2021-10-21,h00v00,463.0,878.0,-9999.0,7.0,Soil moisture retrieval doesn't have recommended quality,Soil moisture retrieval was skipped,Soil moisture retrieval was not successful,Freeze/thaw state retrieval was successful,Not used
TM01,25.4479389,-98.01216666666667,2021-10-22,h00v00,463.0,878.0,0.1468648,8.0,Soil moisture retrieval has recommended quality,Soil moisture retrieval was attempted,Soil moisture retrieval was successful,Freeze/thaw state retrieval was not successful,
TM01,25.4479389,-98.01216666666667,2021-10-23,h00v00,463.0,878.0,0.3657286,13.0,Soil moisture retrieval doesn't have recommended quality,Soil moisture retrieval was attempted,Soil moisture retrieval was not successful,Freeze/thaw state retrieval was not successful,
TM01,25.4479389,-98.01216666666667,2021-10-24,h00v00,463.0,878.0,-9999.0,7.0,Soil moisture retrieval doesn't have recommended quality,Soil moisture retrieval was skipped,Soil moisture retrieval was not successful,Freeze/thaw state retrieval was successful,Not used
TM01,25.4479389,-98.01216666666667,2021-10-25,h00v00,463.0,878.0,0.2360999,8.0,Soil moisture retrieval has recommended quality,Soil moisture retrieval was attempted,Soil moisture retrieval was successful,Freeze/thaw state retrieval was not successful,
TM01,25.4479389,-98.01216666666667,2021-10-26,h00v00,463.0,878.0,-9999.0,7.0,Soil moisture retrieval doesn't have recommended quality,Soil moisture retrieval was skipped,Soil moisture retrieval was not successful,Freeze/thaw state retrieval was successful,Not used
TM01,25.4479389,-98.01216666666667,2021-10-27,h00v00,463.0,878.0,-9999.0,7.0,Soil moisture retrieval doesn't have recommended quality,Soil moisture retrieval was skipped,Soil moisture retrieval was not successful,Freeze/thaw state retrieval was successful,Not used
TM01,25.4479389,-98.01216666666667,2021-10-28,h00v00,463.0,878.0,0.2086397,8.0,Soil moisture retrieval has recommended quality,Soil moisture retrieval was attempted,Soil moisture retrieval was successful,Freeze/thaw state retrieval was not successful,
TM01,25.4479389,-98.01216666666667,2021-10-29,h00v00,463.0,878.0,-9999.0,7.0,Soil moisture retrieval doesn't have recommended quality,Soil moisture retrieval was skipped,Soil moisture retrieval was not successful,Freeze/thaw state retrieval was successful,Not used
TM01,25.4479389,-98.01216666666667,2021-10-30,h00v00,463.0,878.0,0.1633428,8.0,Soil moisture retrieval has recommended quality,Soil moisture retrieval was attempted,Soil moisture retrieval was successful,Freeze/thaw state retrieval was not successful,
TM01,25.4479389,-98.01216666666667,2021-10-31,h00v00,463.0,878.0,0.1270163,8.0,Soil moisture retrieval has recommended quality,Soil moisture retrieval was attempted,Soil moisture retrieval was successful,Freeze/thaw state retrieval was not successful,
TM01,25.4479389,-98.01216666666667,2021-11-01,h00v00,463.0,878.0,-9999.0,7.0,Soil moisture retrieval doesn't have recommended quality,Soil moisture retrieval was skipped,Soil moisture retrieval was not successful,Freeze/thaw state retrieval was successful,Not used
TM01,25.4479389,-98.01216666666667,2021-11-02,h00v00,463.0,878.0,0.1515155,8.0,Soil moisture retrieval has recommended quality,Soil moisture retrieval was attempted,Soil moisture retrieval was successful,Freeze/thaw state retrieval was not successful,
TM01,25.4479389,-98.01216666666667,2021-11-03,h00v00,463.0,878.0,-9999.0,7.0,Soil moisture retrieval doesn't have recommended quality,Soil moisture retrieval was skipped,Soil moisture retrieval was not successful,Freeze/thaw state retrieval was successful,Not used
TM01,25.4479389,-98.01216666666667,2021-11-04,h00v00,463.0,878.0,-9999.0,7.0,Soil moisture retrieval doesn't have recommended quality,Soil moisture retrieval was skipped,Soil moisture retrieval was not successful,Freeze/thaw state retrieval was successful,Not used
TM01,25.4479389,-98.01216666666667,2021-11-05,h00v00,463.0,878.0,0.4051686,13.0,Soil moisture retrieval doesn't have recommended quality,Soil moisture retrieval was attempted,Soil moisture retrieval was not successful,Freeze/thaw state retrieval was not successful,
TM01,25.4479389,-98.01216666666667,2021-11-06,h00v00,463.0,878.0,-9999.0,7.0,Soil moisture retrieval doesn't have recommended quality,Soil moisture retrieval was skipped,Soil moisture retrieval was not successful,Freeze/thaw state retrieval was successful,Not used
TM01,25.4479389,-98.01216666666667,2021-11-07,h00v00,463.0,878.0,0.3331839,13.0,Soil moisture retrieval doesn't have recommended quality,Soil moisture retrieval was attempted,Soil moisture retrieval was not successful,Freeze/thaw state retrieval was not successful,
TM01,25.4479389,-98.01216666666667,2021-11-08,h00v00,463.0,878.0,0.2921944,8.0,Soil moisture retrieval has recommended quality,Soil moisture retrieval was attempted,Soil moisture retrieval was successful,Freeze/thaw state retrieval was not successful,
TM01,25.4479389,-98.01216666666667,2021-11-09,h00v00,463.0,878.0,-9999.0,7.0,Soil moisture retrieval doesn't have recommended quality,Soil moisture retrieval was skipped,Soil moisture retrieval was not successful,Freeze/thaw state retrieval was successful,Not used
TM01,25.4479389,-98.01216666666667,2021-11-10,h00v00,463.0,878.0,0.2337438,8.0,Soil moisture retrieval has recommended quality,Soil moisture retrieval was attempted,Soil moisture retrieval was successful,Freeze/thaw state retrieval was not successful,
TM01,25.4479389,-98.01216666666667,2021-11-11,h00v00,463.0,878.0,-9999.0,7.0,Soil moisture retrieval doesn't have recommended quality,Soil moisture retrieval was skipped,Soil moisture retrieval was not successful,Freeze/thaw state retrieval was successful,Not used
TM01,25.4479389,-98.01216666666667,2021-11-12,h00v00,463.0,878.0,-9999.0,7.0,Soil moisture retrieval doesn't have recommended quality,Soil moisture retrieval was skipped,Soil moisture retrieval was not successful,Freeze/thaw state retrieval was successful,Not used
TM01,25.4479389,-98.01216666666667,2021-11-13,h00v00,463.0,878.0,0.2071331,8.0,Soil moisture retrieval has recommended quality,Soil moisture retrieval was attempted,Soil moisture retrieval was successful,Freeze/thaw state retrieval was not successful,
TM01,25.4479389,-98.01216666666667,2021-11-14,h00v00,463.0,878.0,-9999.0,7.0,Soil moisture retrieval doesn't have recommended quality,Soil moisture retrieval was skipped,Soil moisture retrieval was not successful,Freeze/thaw state retrieval was successful,Not used
TM01,25.4479389,-98.01216666666667,2021-11-15,h00v00,463.0,878.0,0.2032434,8.0,Soil moisture retrieval has recommended quality,Soil moisture retrieval was attempted,Soil moisture retrieval was successful,Freeze/thaw state retrieval was not successful,
TM01,25.4479389,-98.01216666666667,2021-11-16,h00v00,463.0,878.0,0.1793915,8.0,Soil moisture retrieval has recommended quality,Soil moisture retrieval was attempted,Soil moisture retrieval was successful,Freeze/thaw state retrieval was not successful,
TM01,25.4479389,-98.01216666666667,2021-11-17,h00v00,463.0,878.0,-9999.0,7.0,Soil moisture retrieval doesn't have recommended quality,Soil moisture retrieval was skipped,Soil moisture retrieval was not successful,Freeze/thaw state retrieval was successful,Not used
TM01,25.4479389,-98.01216666666667,2021-11-18,h00v00,463.0,878.0,0.1617618,9.0,Soil moisture retrieval doesn't have recommended quality,Soil moisture retrieval was attempted,Soil moisture retrieval was successful,Freeze/thaw state retrieval was not successful,
TM01,25.4479389,-98.01216666666667,2021-11-19,h00v00,463.0,878.0,-9999.0,7.0,Soil moisture retrieval doesn't have recommended quality,Soil moisture retrieval was skipped,Soil moisture retrieval was not successful,Freeze/thaw state retrieval was successful,Not used
TM01,25.4479389,-98.01216666666667,2021-11-20,h00v00,463.0,878.0,-9999.0,7.0,Soil moisture retrieval doesn't have recommended quality,Soil moisture retrieval was skipped,Soil moisture retrieval was not successful,Freeze/thaw state retrieval was successful,Not used
TM01,25.4479389,-98.01216666666667,2021-11-21,h00v00,463.0,878.0,0.1770976,8.0,Soil moisture retrieval has recommended quality,Soil moisture retrieval was attempted,Soil moisture retrieval was successful,Freeze/thaw state retrieval was not successful,
TM01,25.4479389,-98.01216666666667,2021-11-22,h00v00,463.0,878.0,-9999.0,7.0,Soil moisture retrieval doesn't have recommended quality,Soil moisture retrieval was skipped,Soil moisture retrieval was not successful,Freeze/thaw state retrieval was successful,Not used
TM01,25.4479389,-98.01216666666667,2021-11-23,h00v00,463.0,878.0,0.4051686,13.0,Soil moisture retrieval doesn't have recommended quality,Soil moisture retrieval was attempted,Soil moisture retrieval was not successful,Freeze/thaw state retrieval was not successful,
TM01,25.4479389,-98.01216666666667,2021-11-24,h00v00,463.0,878.0,0.4051686,13.0,Soil moisture retrieval doesn't have recommended quality,Soil moisture retrieval was attempted,Soil moisture retrieval was not successful,Freeze/thaw state retrieval was not successful,
TM01,25.4479389,-98.01216666666667,2021-11-25,h00v00,463.0,878.0,-9999.0,7.0,Soil moisture retrieval doesn't have recommended quality,Soil moisture retrieval was skipped,Soil moisture retrieval was not successful,Freeze/thaw state retrieval was successful,Not used
TM01,25.4479389,-98.01216666666667,2021-11-26,h00v00,463.0,878.0,0.4051686,13.0,Soil moisture retrieval doesn't have recommended quality,Soil moisture retrieval was attempted,Soil moisture retrieval was not successful,Freeze/thaw state retrieval was not successful,
TM01,25.4479389,-98.01216666666667,2021-11-27,h00v00,463.0,878.0,-9999.0,7.0,Soil moisture retrieval doesn't have recommended quality,Soil moisture retrieval was skipped,Soil moisture retrieval was not successful,Freeze/thaw state retrieval was successful,Not used
TM01,25.4479389,-98.01216666666667,2021-11-28,h00v00,463.0,878.0,-9999.0,7.0,Soil moisture retrieval doesn't have recommended quality,Soil moisture retrieval was skipped,Soil moisture retrieval was not successful,Freeze/thaw state retrieval was successful,Not used
TM01,25.4479389,-98.01216666666667,2021-11-29,h00v00,463.0,878.0,0.4051686,13.0,Soil moisture retrieval doesn't have recommended quality,Soil moisture retrieval was attempted,Soil moisture retrieval was not successful,Freeze/thaw state retrieval was not successful,
TM01,25.4479389,-98.01216666666667,2021-11-30,h00v00,463.0,878.0,-9999.0,7.0,Soil moisture retrieval doesn't have recommended quality,Soil moisture retrieval was skipped,Soil moisture retrieval was not successful,Freeze/thaw state retrieval was successful,Not used
TM01,25.4479389,-98.01216666666667,2021-12-01,h00v00,463.0,878.0,0.3755978,13.0,Soil moisture retrieval doesn't have recommended quality,Soil moisture retrieval was attempted,Soil moisture retrieval was not successful,Freeze/thaw state retrieval was not successful,
TM01,25.4479389,-98.01216666666667,2021-12-02,h00v00,463.0,878.0,0.3327998,13.0,Soil moisture retrieval doesn't have recommended quality,Soil moisture retrieval was attempted,Soil moisture retrieval was not successful,Freeze/thaw state retrieval was not successful,
TM01,25.4479389,-98.01216666666667,2021-12-03,h00v00,463.0,878.0,-9999.0,7.0,Soil moisture retrieval doesn't have recommended quality,Soil moisture retrieval was skipped,Soil moisture retrieval was not successful,Freeze/thaw state retrieval was successful,Not used
TM01,25.4479389,-98.01216666666667,2021-12-04,h00v00,463.0,878.0,0.2869686,8.0,Soil moisture retrieval has recommended quality,Soil moisture retrieval was attempted,Soil moisture retrieval was successful,Freeze/thaw state retrieval was not successful,
TM01,25.4479389,-98.01216666666667,2021-12-05,h00v00,463.0,878.0,-9999.0,7.0,Soil moisture retrieval doesn't have recommended quality,Soil moisture retrieval was skipped,Soil moisture retrieval was not successful,Freeze/thaw state retrieval was successful,Not used
TM01,25.4479389,-98.01216666666667,2021-12-06,h00v00,463.0,878.0,-9999.0,7.0,Soil moisture retrieval doesn't have recommended quality,Soil moisture retrieval was skipped,Soil moisture retrieval was not successful,Freeze/thaw state retrieval was successful,Not used
TM01,25.4479389,-98.01216666666667,2021-12-07,h00v00,463.0,878.0,0.244239,13.0,Soil moisture retrieval doesn't have recommended quality,Soil moisture retrieval was attempted,Soil moisture retrieval was not successful,Freeze/thaw state retrieval was not successful,
TM01,25.4479389,-98.01216666666667,2021-12-08,h00v00,463.0,878.0,-9999.0,7.0,Soil moisture retrieval doesn't have recommended quality,Soil moisture retrieval was skipped,Soil moisture retrieval was not successful,Freeze/thaw state retrieval was successful,Not used
TM01,25.4479389,-98.01216666666667,2021-12-09,h00v00,463.0,878.0,0.2131684,13.0,Soil moisture retrieval doesn't have recommended quality,Soil moisture retrieval was attempted,Soil moisture retrieval was not successful,Freeze/thaw state retrieval was not successful,
TM01,25.4479389,-98.01216666666667,2021-12-10,h00v00,463.0,878.0,0.2132265,8.0,Soil moisture retrieval has recommended quality,Soil moisture retrieval was attempted,Soil moisture retrieval was successful,Freeze/thaw state retrieval was not successful,
TM01,25.4479389,-98.01216666666667,2021-12-11,h00v00,463.0,878.0,-9999.0,7.0,Soil moisture retrieval doesn't have recommended quality,Soil moisture retrieval was skipped,Soil moisture retrieval was not successful,Freeze/thaw state retrieval was successful,Not used
TM01,25.4479389,-98.01216666666667,2021-12-12,h00v00,463.0,878.0,0.2371475,8.0,Soil moisture retrieval has recommended quality,Soil moisture retrieval was attempted,Soil moisture retrieval was successful,Freeze/thaw state retrieval was not successful,
TM01,25.4479389,-98.01216666666667,2021-12-13,h00v00,463.0,878.0,-9999.0,7.0,Soil moisture retrieval doesn't have recommended quality,Soil moisture retrieval was skipped,Soil moisture retrieval was not successful,Freeze/thaw state retrieval was successful,Not used
TM01,25.4479389,-98.01216666666667,2021-12-14,h00v00,463.0,878.0,-9999.0,7.0,Soil moisture retrieval doesn't have recommended quality,Soil moisture retrieval was skipped,Soil moisture retrieval was not successful,Freeze/thaw state retrieval was successful,Not used
TM01,25.4479389,-98.01216666666667,2021-12-15,h00v00,463.0,878.0,0.1849511,8.0,Soil moisture retrieval has recommended quality,Soil moisture retrieval was attempted,Soil moisture retrieval was successful,Freeze/thaw state retrieval was not successful,
TM01,25.4479389,-98.01216666666667,2021-12-16,h00v00,463.0,878.0,-9999.0,7.0,Soil moisture retrieval doesn't have recommended quality,Soil moisture retrieval was skipped,Soil moisture retrieval was not successful,Freeze/thaw state retrieval was successful,Not used
TM01,25.4479389,-98.01216666666667,2021-12-17,h00v00,463.0,878.0,0.1816588,8.0,Soil moisture retrieval has recommended quality,Soil moisture retrieval was attempted,Soil moisture retrieval was successful,Freeze/thaw state retrieval was not successful,
TM01,25.4479389,-98.01216666666667,2021-12-18,h00v00,463.0,878.0,0.1466168,8.0,Soil moisture retrieval has recommended quality,Soil moisture retrieval was attempted,Soil moisture retrieval was successful,Freeze/thaw state retrieval was not successful,
TM01,25.4479389,-98.01216666666667,2021-12-19,h00v00,463.0,878.0,-9999.0,7.0,Soil moisture retrieval doesn't have recommended quality,Soil moisture retrieval was skipped,Soil moisture retrieval was not successful,Freeze/thaw state retrieval was successful,Not used
TM01,25.4479389,-98.01216666666667,2021-12-20,h00v00,463.0,878.0,0.4051686,13.0,Soil moisture retrieval doesn't have recommended quality,Soil moisture retrieval was attempted,Soil moisture retrieval was not successful,Freeze/thaw state retrieval was not successful,
TM01,25.4479389,-98.01216666666667,2021-12-21,h00v00,463.0,878.0,-9999.0,7.0,Soil moisture retrieval doesn't have recommended quality,Soil moisture retrieval was skipped,Soil moisture retrieval was not successful,Freeze/thaw state retrieval was successful,Not used
TM01,25.4479389,-98.01216666666667,2021-12-22,h00v00,463.0,878.0,-9999.0,7.0,Soil moisture retrieval doesn't have recommended quality,Soil moisture retrieval was skipped,Soil moisture retrieval was not successful,Freeze/thaw state retrieval was successful,Not used
TM01,25.4479389,-98.01216666666667,2021-12-23,h00v00,463.0,878.0,0.3588096,13.0,Soil moisture retrieval doesn't have recommended quality,Soil moisture retrieval was attempted,Soil moisture retrieval was not successful,Freeze/thaw state retrieval was not successful,
TM01,25.4479389,-98.01216666666667,2021-12-24,h00v00,463.0,878.0,-9999.0,7.0,Soil moisture retrieval doesn't have recommended quality,Soil moisture retrieval was skipped,Soil moisture retrieval was not successful,Freeze/thaw state retrieval was successful,Not used
TM01,25.4479389,-98.01216666666667,2021-12-25,h00v00,463.0,878.0,0.2755788,13.0,Soil moisture retrieval doesn't have recommended quality,Soil moisture retrieval was attempted,Soil moisture retrieval was not successful,Freeze/thaw state retrieval was not successful,
TM01,25.4479389,-98.01216666666667,2021-12-26,h00v00,463.0,878.0,0.2498065,8.0,Soil moisture retrieval has recommended quality,Soil moisture retrieval was attempted,Soil moisture retrieval was successful,Freeze/thaw state retrieval was not successful,
TM01,25.4479389,-98.01216666666667,2021-12-27,h00v00,463.0,878.0,-9999.0,7.0,Soil moisture retrieval doesn't have recommended quality,Soil moisture retrieval was skipped,Soil moisture retrieval was not successful,Freeze/thaw state retrieval was successful,Not used
TM01,25.4479389,-98.01216666666667,2021-12-28,h00v00,463.0,878.0,0.2121292,8.0,Soil moisture retrieval has recommended quality,Soil moisture retrieval was attempted,Soil moisture retrieval was successful,Freeze/thaw state retrieval was not successful,
TM01,25.4479389,-98.01216666666667,2021-12-29,h00v00,463.0,878.0,-9999.0,7.0,Soil moisture retrieval doesn't have recommended quality,Soil moisture retrieval was skipped,Soil moisture retrieval was not successful,Freeze/thaw state retrieval was successful,Not used
TM01,25.4479389,-98.01216666666667,2021-12-30,h00v00,463.0,878.0,-9999.0,7.0,Soil moisture retrieval doesn't have recommended quality,Soil moisture retrieval was skipped,Soil moisture retrieval was not successful,Freeze/thaw state retrieval was successful,Not used
TM01,25.4479389,-98.01216666666667,2021-12-31,h00v00,463.0,878.0,0.1865422,8.0,Soil moisture retrieval has recommended quality,Soil moisture retrieval was attempted,Soil moisture retrieval was successful,Freeze/thaw state retrieval was not successful,
TM01,25.4479389,-98.01216666666667,2022-01-01,h00v00,463.0,878.0,-9999.0,7.0,Soil moisture retrieval doesn't have recommended quality,Soil moisture retrieval was skipped,Soil moisture retrieval was not successful,Freeze/thaw state retrieval was successful,Not used
TM01,25.4479389,-98.01216666666667,2022-01-02,h00v00,463.0,878.0,0.1932715,8.0,Soil moisture retrieval has recommended quality,Soil moisture retrieval was attempted,Soil moisture retrieval was successful,Freeze/thaw state retrieval was not successful,
TM01,25.4479389,-98.01216666666667,2022-01-03,h00v00,463.0,878.0,0.1836723,8.0,Soil moisture retrieval has recommended quality,Soil moisture retrieval was attempted,Soil moisture retrieval was successful,Freeze/thaw state retrieval was not successful,
TM01,25.4479389,-98.01216666666667,2022-01-04,h00v00,463.0,878.0,-9999.0,7.0,Soil moisture retrieval doesn't have recommended quality,Soil moisture retrieval was skipped,Soil moisture retrieval was not successful,Freeze/thaw state retrieval was successful,Not used
TM01,25.4479389,-98.01216666666667,2022-01-05,h00v00,463.0,878.0,0.1539772,8.0,Soil moisture retrieval has recommended quality,Soil moisture retrieval was attempted,Soil moisture retrieval was successful,Freeze/thaw state retrieval was not successful,
TM01,25.4479389,-98.01216666666667,2022-01-06,h00v00,463.0,878.0,-9999.0,7.0,Soil moisture retrieval doesn't have recommended quality,Soil moisture retrieval was skipped,Soil moisture retrieval was not successful,Freeze/thaw state retrieval was successful,Not used
TM01,25.4479389,-98.01216666666667,2022-01-07,h00v00,463.0,878.0,-9999.0,7.0,Soil moisture retrieval doesn't have recommended quality,Soil moisture retrieval was skipped,Soil moisture retrieval was not successful,Freeze/thaw state retrieval was successful,Not used
TM01,25.4479389,-98.01216666666667,2022-01-08,h00v00,463.0,878.0,0.1628008,8.0,Soil moisture retrieval has recommended quality,Soil moisture retrieval was attempted,Soil moisture retrieval was successful,Freeze/thaw state retrieval was not successful,
TM01,25.4479389,-98.01216666666667,2022-01-09,h00v00,463.0,878.0,-9999.0,7.0,Soil moisture retrieval doesn't have recommended quality,Soil moisture retrieval was skipped,Soil moisture retrieval was not successful,Freeze/thaw state retrieval was successful,Not used
TM01,25.4479389,-98.01216666666667,2022-01-10,h00v00,463.0,878.0,0.2214803,8.0,Soil moisture retrieval has recommended quality,Soil moisture retrieval was attempted,Soil moisture retrieval was successful,Freeze/thaw state retrieval was not successful,
TM01,25.4479389,-98.01216666666667,2022-01-11,h00v00,463.0,878.0,0.172666,8.0,Soil moisture retrieval has recommended quality,Soil moisture retrieval was attempted,Soil moisture retrieval was successful,Freeze/thaw state retrieval was not successful,
TM01,25.4479389,-98.01216666666667,2022-01-12,h00v00,463.0,878.0,-9999.0,7.0,Soil moisture retrieval doesn't have recommended quality,Soil moisture retrieval was skipped,Soil moisture retrieval was not successful,Freeze/thaw state retrieval was successful,Not used
TM01,25.4479389,-98.01216666666667,2022-01-13,h00v00,463.0,878.0,0.163093,8.0,Soil moisture retrieval has recommended quality,Soil moisture retrieval was attempted,Soil moisture retrieval was successful,Freeze/thaw state retrieval was not successful,
TM01,25.4479389,-98.01216666666667,2022-01-14,h00v00,463.0,878.0,-9999.0,7.0,Soil moisture retrieval doesn't have recommended quality,Soil moisture retrieval was skipped,Soil moisture retrieval was not successful,Freeze/thaw state retrieval was successful,Not used
TM01,25.4479389,-98.01216666666667,2022-01-15,h00v00,463.0,878.0,-9999.0,7.0,Soil moisture retrieval doesn't have recommended quality,Soil moisture retrieval was skipped,Soil moisture retrieval was not successful,Freeze/thaw state retrieval was successful,Not used
TM01,25.4479389,-98.01216666666667,2022-01-16,h00v00,463.0,878.0,0.146391,8.0,Soil moisture retrieval has recommended quality,Soil moisture retrieval was attempted,Soil moisture retrieval was successful,Freeze/thaw state retrieval was not successful,
TM01,25.4479389,-98.01216666666667,2022-01-17,h00v00,463.0,878.0,-9999.0,7.0,Soil moisture retrieval doesn't have recommended quality,Soil moisture retrieval was skipped,Soil moisture retrieval was not successful,Freeze/thaw state retrieval was successful,Not used
TM01,25.4479389,-98.01216666666667,2022-01-18,h00v00,463.0,878.0,0.1345314,8.0,Soil moisture retrieval has recommended quality,Soil moisture retrieval was attempted,Soil moisture retrieval was successful,Freeze/thaw state retrieval was not successful,
TM01,25.4479389,-98.01216666666667,2022-01-19,h00v00,463.0,878.0,0.1286627,8.0,Soil moisture retrieval has recommended quality,Soil moisture retrieval was attempted,Soil moisture retrieval was successful,Freeze/thaw state retrieval was not successful,
TM01,25.4479389,-98.01216666666667,2022-01-20,h00v00,463.0,878.0,-9999.0,7.0,Soil moisture retrieval doesn't have recommended quality,Soil moisture retrieval was skipped,Soil moisture retrieval was not successful,Freeze/thaw state retrieval was successful,Not used
TM01,25.4479389,-98.01216666666667,2022-01-21,h00v00,463.0,878.0,0.2380965,8.0,Soil moisture retrieval has recommended quality,Soil moisture retrieval was attempted,Soil moisture retrieval was successful,Freeze/thaw state retrieval was not successful,
TM01,25.4479389,-98.01216666666667,2022-01-22,h00v00,463.0,878.0,-9999.0,7.0,Soil moisture retrieval doesn't have recommended quality,Soil moisture retrieval was skipped,Soil moisture retrieval was not successful,Freeze/thaw state retrieval was successful,Not used
TM01,25.4479389,-98.01216666666667,2022-01-23,h00v00,463.0,878.0,-9999.0,7.0,Soil moisture retrieval doesn't have recommended quality,Soil moisture retrieval was skipped,Soil moisture retrieval was not successful,Freeze/thaw state retrieval was successful,Not used
TM01,25.4479389,-98.01216666666667,2022-01-24,h00v00,463.0,878.0,0.3466895,13.0,Soil moisture retrieval doesn't have recommended quality,Soil moisture retrieval was attempted,Soil moisture retrieval was not successful,Freeze/thaw state retrieval was not successful,
TM01,25.4479389,-98.01216666666667,2022-01-25,h00v00,463.0,878.0,-9999.0,7.0,Soil moisture retrieval doesn't have recommended quality,Soil moisture retrieval was skipped,Soil moisture retrieval was not successful,Freeze/thaw state retrieval was successful,Not used
TM01,25.4479389,-98.01216666666667,2022-01-26,h00v00,463.0,878.0,0.2868984,13.0,Soil moisture retrieval doesn't have recommended quality,Soil moisture retrieval was attempted,Soil moisture retrieval was not successful,Freeze/thaw state retrieval was not successful,
TM01,25.4479389,-98.01216666666667,2022-01-27,h00v00,463.0,878.0,0.25483,13.0,Soil moisture retrieval doesn't have recommended quality,Soil moisture retrieval was attempted,Soil moisture retrieval was not successful,Freeze/thaw state retrieval was not successful,
TM01,25.4479389,-98.01216666666667,2022-01-28,h00v00,463.0,878.0,-9999.0,7.0,Soil moisture retrieval doesn't have recommended quality,Soil moisture retrieval was skipped,Soil moisture retrieval was not successful,Freeze/thaw state retrieval was successful,Not used
TM01,25.4479389,-98.01216666666667,2022-01-29,h00v00,463.0,878.0,-9999.0,7.0,Soil moisture retrieval doesn't have recommended quality,Soil moisture retrieval was skipped,Soil moisture retrieval was not successful,Freeze/thaw state retrieval was successful,Not used
TM01,25.4479389,-98.01216666666667,2022-01-30,h00v00,463.0,878.0,-9999.0,7.0,Soil moisture retrieval doesn't have recommended quality,Soil moisture retrieval was skipped,Soil moisture retrieval was not successful,Freeze/thaw state retrieval was successful,Not used
TM01,25.4479389,-98.01216666666667,2022-01-31,h00v00,463.0,878.0,-9999.0,7.0,Soil moisture retrieval doesn't have recommended quality,Soil moisture retrieval was skipped,Soil moisture retrieval was not successful,Freeze/thaw state retrieval was successful,Not used
TM01,25.4479389,-98.01216666666667,2022-02-01,h00v00,463.0,878.0,0.2394345,8.0,Soil moisture retrieval has recommended quality,Soil moisture retrieval was attempted,Soil moisture retrieval was successful,Freeze/thaw state retrieval was not successful,
TM01,25.4479389,-98.01216666666667,2022-02-02,h00v00,463.0,878.0,-9999.0,7.0,Soil moisture retrieval doesn't have recommended quality,Soil moisture retrieval was skipped,Soil moisture retrieval was not successful,Freeze/thaw state retrieval was successful,Not used
TM01,25.4479389,-98.01216666666667,2022-02-03,h00v00,463.0,878.0,0.2309499,8.0,Soil moisture retrieval has recommended quality,Soil moisture retrieval was attempted,Soil moisture retrieval was successful,Freeze/thaw state retrieval was not successful,
TM01,25.4479389,-98.01216666666667,2022-02-04,h00v00,463.0,878.0,0.2239959,8.0,Soil moisture retrieval has recommended quality,Soil moisture retrieval was attempted,Soil moisture retrieval was successful,Freeze/thaw state retrieval was not successful,
TM01,25.4479389,-98.01216666666667,2022-02-05,h00v00,463.0,878.0,-9999.0,7.0,Soil moisture retrieval doesn't have recommended quality,Soil moisture retrieval was skipped,Soil moisture retrieval was not successful,Freeze/thaw state retrieval was successful,Not used
TM01,25.4479389,-98.01216666666667,2022-02-06,h00v00,463.0,878.0,-9999.0,7.0,Soil moisture retrieval doesn't have recommended quality,Soil moisture retrieval was skipped,Soil moisture retrieval was not successful,Freeze/thaw state retrieval was successful,Not used
TM01,25.4479389,-98.01216666666667,2022-02-07,h00v00,463.0,878.0,-9999.0,7.0,Soil moisture retrieval doesn't have recommended quality,Soil moisture retrieval was skipped,Soil moisture retrieval was not successful,Freeze/thaw state retrieval was successful,Not used
TM01,25.4479389,-98.01216666666667,2022-02-08,h00v00,463.0,878.0,-9999.0,7.0,Soil moisture retrieval doesn't have recommended quality,Soil moisture retrieval was skipped,Soil moisture retrieval was not successful,Freeze/thaw state retrieval was successful,Not used
TM01,25.4479389,-98.01216666666667,2022-02-09,h00v00,463.0,878.0,0.3414183,13.0,Soil moisture retrieval doesn't have recommended quality,Soil moisture retrieval was attempted,Soil moisture retrieval was not successful,Freeze/thaw state retrieval was not successful,
TM01,25.4479389,-98.01216666666667,2022-02-10,h00v00,463.0,878.0,-9999.0,7.0,Soil moisture retrieval doesn't have recommended quality,Soil moisture retrieval was skipped,Soil moisture retrieval was not successful,Freeze/thaw state retrieval was successful,Not used
TM01,25.4479389,-98.01216666666667,2022-02-11,h00v00,463.0,878.0,-9999.0,7.0,Soil moisture retrieval doesn't have recommended quality,Soil moisture retrieval was skipped,Soil moisture retrieval was not successful,Freeze/thaw state retrieval was successful,Not used
TM01,25.4479389,-98.01216666666667,2022-02-12,h00v00,463.0,878.0,0.2626621,13.0,Soil moisture retrieval doesn't have recommended quality,Soil moisture retrieval was attempted,Soil moisture retrieval was not successful,Freeze/thaw state retrieval was not successful,
TM01,25.4479389,-98.01216666666667,2022-02-13,h00v00,463.0,878.0,-9999.0,7.0,Soil moisture retrieval doesn't have recommended quality,Soil moisture retrieval was skipped,Soil moisture retrieval was not successful,Freeze/thaw state retrieval was successful,Not used
TM01,25.4479389,-98.01216666666667,2022-02-14,h00v00,463.0,878.0,0.2226818,8.0,Soil moisture retrieval has recommended quality,Soil moisture retrieval was attempted,Soil moisture retrieval was successful,Freeze/thaw state retrieval was not successful,
TM01,25.4479389,-98.01216666666667,2022-02-15,h00v00,463.0,878.0,-9999.0,7.0,Soil moisture retrieval doesn't have recommended quality,Soil moisture retrieval was skipped,Soil moisture retrieval was not successful,Freeze/thaw state retrieval was successful,Not used
TM01,25.4479389,-98.01216666666667,2022-02-16,h00v00,463.0,878.0,-9999.0,7.0,Soil moisture retrieval doesn't have recommended quality,Soil moisture retrieval was skipped,Soil moisture retrieval was not successful,Freeze/thaw state retrieval was successful,Not used
TM01,25.4479389,-98.01216666666667,2022-02-17,h00v00,463.0,878.0,0.1741669,8.0,Soil moisture retrieval has recommended quality,Soil moisture retrieval was attempted,Soil moisture retrieval was successful,Freeze/thaw state retrieval was not successful,
TM01,25.4479389,-98.01216666666667,2022-02-18,h00v00,463.0,878.0,-9999.0,7.0,Soil moisture retrieval doesn't have recommended quality,Soil moisture retrieval was skipped,Soil moisture retrieval was not successful,Freeze/thaw state retrieval was successful,Not used
TM01,25.4479389,-98.01216666666667,2022-02-19,h00v00,463.0,878.0,0.1660313,8.0,Soil moisture retrieval has recommended quality,Soil moisture retrieval was attempted,Soil moisture retrieval was successful,Freeze/thaw state retrieval was not successful,
TM01,25.4479389,-98.01216666666667,2022-02-20,h00v00,463.0,878.0,0.1322708,8.0,Soil moisture retrieval has recommended quality,Soil moisture retrieval was attempted,Soil moisture retrieval was successful,Freeze/thaw state retrieval was not successful,
TM01,25.4479389,-98.01216666666667,2022-02-21,h00v00,463.0,878.0,-9999.0,7.0,Soil moisture retrieval doesn't have recommended quality,Soil moisture retrieval was skipped,Soil moisture retrieval was not successful,Freeze/thaw state retrieval was successful,Not used
TM01,25.4479389,-98.01216666666667,2022-02-22,h00v00,463.0,878.0,-9999.0,7.0,Soil moisture retrieval doesn't have recommended quality,Soil moisture retrieval was skipped,Soil moisture retrieval was not successful,Freeze/thaw state retrieval was successful,Not used
TM01,25.4479389,-98.01216666666667,2022-02-23,h00v00,463.0,878.0,-9999.0,7.0,Soil moisture retrieval doesn't have recommended quality,Soil moisture retrieval was skipped,Soil moisture retrieval was not successful,Freeze/thaw state retrieval was successful,Not used
TM01,25.4479389,-98.01216666666667,2022-02-24,h00v00,463.0,878.0,-9999.0,7.0,Soil moisture retrieval doesn't have recommended quality,Soil moisture retrieval was skipped,Soil moisture retrieval was not successful,Freeze/thaw state retrieval was successful,Not used
TM01,25.4479389,-98.01216666666667,2022-02-25,h00v00,463.0,878.0,0.2294453,8.0,Soil moisture retrieval has recommended quality,Soil moisture retrieval was attempted,Soil moisture retrieval was successful,Freeze/thaw state retrieval was not successful,
TM01,25.4479389,-98.01216666666667,2022-02-26,h00v00,463.0,878.0,-9999.0,7.0,Soil moisture retrieval doesn't have recommended quality,Soil moisture retrieval was skipped,Soil moisture retrieval was not successful,Freeze/thaw state retrieval was successful,Not used
TM01,25.4479389,-98.01216666666667,2022-02-27,h00v00,463.0,878.0,0.2348169,8.0,Soil moisture retrieval has recommended quality,Soil moisture retrieval was attempted,Soil moisture retrieval was successful,Freeze/thaw state retrieval was not successful,
TM01,25.4479389,-98.01216666666667,2022-02-28,h00v00,463.0,878.0,0.2027203,8.0,Soil moisture retrieval has recommended quality,Soil moisture retrieval was attempted,Soil moisture retrieval was successful,Freeze/thaw state retrieval was not successful,
TM01,25.4479389,-98.01216666666667,2022-03-01,h00v00,463.0,878.0,-9999.0,7.0,Soil moisture retrieval doesn't have recommended quality,Soil moisture retrieval was skipped,Soil moisture retrieval was not successful,Freeze/thaw state retrieval was successful,Not used
TM01,25.4479389,-98.01216666666667,2022-03-02,h00v00,463.0,878.0,0.1468268,8.0,Soil moisture retrieval has recommended quality,Soil moisture retrieval was attempted,Soil moisture retrieval was successful,Freeze/thaw state retrieval was not successful,
TM01,25.4479389,-98.01216666666667,2022-03-03,h00v00,463.0,878.0,-9999.0,7.0,Soil moisture retrieval doesn't have recommended quality,Soil moisture retrieval was skipped,Soil moisture retrieval was not successful,Freeze/thaw state retrieval was successful,Not used
TM01,25.4479389,-98.01216666666667,2022-03-04,h00v00,463.0,878.0,-9999.0,7.0,Soil moisture retrieval doesn't have recommended quality,Soil moisture retrieval was skipped,Soil moisture retrieval was not successful,Freeze/thaw state retrieval was successful,Not used
TM01,25.4479389,-98.01216666666667,2022-03-05,h00v00,463.0,878.0,0.1052035,8.0,Soil moisture retrieval has recommended quality,Soil moisture retrieval was attempted,Soil moisture retrieval was successful,Freeze/thaw state retrieval was not successful,
TM01,25.4479389,-98.01216666666667,2022-03-06,h00v00,463.0,878.0,-9999.0,7.0,Soil moisture retrieval doesn't have recommended quality,Soil moisture retrieval was skipped,Soil moisture retrieval was not successful,Freeze/thaw state retrieval was successful,Not used
TM01,25.4479389,-98.01216666666667,2022-03-07,h00v00,463.0,878.0,0.1097143,8.0,Soil moisture retrieval has recommended quality,Soil moisture retrieval was attempted,Soil moisture retrieval was successful,Freeze/thaw state retrieval was not successful,
TM01,25.4479389,-98.01216666666667,2022-03-08,h00v00,463.0,878.0,0.1713166,8.0,Soil moisture retrieval has recommended quality,Soil moisture retrieval was attempted,Soil moisture retrieval was successful,Freeze/thaw state retrieval was not successful,
TM01,25.4479389,-98.01216666666667,2022-03-09,h00v00,463.0,878.0,-9999.0,7.0,Soil moisture retrieval doesn't have recommended quality,Soil moisture retrieval was skipped,Soil moisture retrieval was not successful,Freeze/thaw state retrieval was successful,Not used
TM01,25.4479389,-98.01216666666667,2022-03-10,h00v00,463.0,878.0,0.1268766,8.0,Soil moisture retrieval has recommended quality,Soil moisture retrieval was attempted,Soil moisture retrieval was successful,Freeze/thaw state retrieval was not successful,
TM01,25.4479389,-98.01216666666667,2022-03-11,h00v00,463.0,878.0,-9999.0,7.0,Soil moisture retrieval doesn't have recommended quality,Soil moisture retrieval was skipped,Soil moisture retrieval was not successful,Freeze/thaw state retrieval was successful,Not used
TM01,25.4479389,-98.01216666666667,2022-03-12,h00v00,463.0,878.0,-9999.0,7.0,Soil moisture retrieval doesn't have recommended quality,Soil moisture retrieval was skipped,Soil moisture retrieval was not successful,Freeze/thaw state retrieval was successful,Not used
TM01,25.4479389,-98.01216666666667,2022-03-13,h00v00,463.0,878.0,-9999.0,7.0,Soil moisture retrieval doesn't have recommended quality,Soil moisture retrieval was skipped,Soil moisture retrieval was not successful,Freeze/thaw state retrieval was successful,Not used
TM01,25.4479389,-98.01216666666667,2022-03-14,h00v00,463.0,878.0,-9999.0,7.0,Soil moisture retrieval doesn't have recommended quality,Soil moisture retrieval was skipped,Soil moisture retrieval was not successful,Freeze/thaw state retrieval was successful,Not used
TM01,25.4479389,-98.01216666666667,2022-03-15,h00v00,463.0,878.0,0.1103367,8.0,Soil moisture retrieval has recommended quality,Soil moisture retrieval was attempted,Soil moisture retrieval was successful,Freeze/thaw state retrieval was not successful,
TM01,25.4479389,-98.01216666666667,2022-03-16,h00v00,463.0,878.0,0.1056399,8.0,Soil moisture retrieval has recommended quality,Soil moisture retrieval was attempted,Soil moisture retrieval was successful,Freeze/thaw state retrieval was not successful,
TM01,25.4479389,-98.01216666666667,2022-03-17,h00v00,463.0,878.0,-9999.0,7.0,Soil moisture retrieval doesn't have recommended quality,Soil moisture retrieval was skipped,Soil moisture retrieval was not successful,Freeze/thaw state retrieval was successful,Not used
TM01,25.4479389,-98.01216666666667,2022-03-18,h00v00,463.0,878.0,0.1209831,8.0,Soil moisture retrieval has recommended quality,Soil moisture retrieval was attempted,Soil moisture retrieval was successful,Freeze/thaw state retrieval was not successful,
TM01,25.4479389,-98.01216666666667,2022-03-19,h00v00,463.0,878.0,-9999.0,7.0,Soil moisture retrieval doesn't have recommended quality,Soil moisture retrieval was skipped,Soil moisture retrieval was not successful,Freeze/thaw state retrieval was successful,Not used
TM01,25.4479389,-98.01216666666667,2022-03-20,h00v00,463.0,878.0,-9999.0,7.0,Soil moisture retrieval doesn't have recommended quality,Soil moisture retrieval was skipped,Soil moisture retrieval was not successful,Freeze/thaw state retrieval was successful,Not used
TM01,25.4479389,-98.01216666666667,2022-03-21,h00v00,463.0,878.0,0.1144071,8.0,Soil moisture retrieval has recommended quality,Soil moisture retrieval was attempted,Soil moisture retrieval was successful,Freeze/thaw state retrieval was not successful,
TM01,25.4479389,-98.01216666666667,2022-03-22,h00v00,463.0,878.0,-9999.0,7.0,Soil moisture retrieval doesn't have recommended quality,Soil moisture retrieval was skipped,Soil moisture retrieval was not successful,Freeze/thaw state retrieval was successful,Not used
TM01,25.4479389,-98.01216666666667,2022-03-23,h00v00,463.0,878.0,0.1274773,8.0,Soil moisture retrieval has recommended quality,Soil moisture retrieval was attempted,Soil moisture retrieval was successful,Freeze/thaw state retrieval was not successful,
TM01,25.4479389,-98.01216666666667,2022-03-24,h00v00,463.0,878.0,0.1119656,8.0,Soil moisture retrieval has recommended quality,Soil moisture retrieval was attempted,Soil moisture retrieval was successful,Freeze/thaw state retrieval was not successful,
TM01,25.4479389,-98.01216666666667,2022-03-25,h00v00,463.0,878.0,-9999.0,7.0,Soil moisture retrieval doesn't have recommended quality,Soil moisture retrieval was skipped,Soil moisture retrieval was not successful,Freeze/thaw state retrieval was successful,Not used
TM01,25.4479389,-98.01216666666667,2022-03-26,h00v00,463.0,878.0,0.1222645,8.0,Soil moisture retrieval has recommended quality,Soil moisture retrieval was attempted,Soil moisture retrieval was successful,Freeze/thaw state retrieval was not successful,
TM01,25.4479389,-98.01216666666667,2022-03-27,h00v00,463.0,878.0,-9999.0,7.0,Soil moisture retrieval doesn't have recommended quality,Soil moisture retrieval was skipped,Soil moisture retrieval was not successful,Freeze/thaw state retrieval was successful,Not used
TM01,25.4479389,-98.01216666666667,2022-03-28,h00v00,463.0,878.0,-9999.0,7.0,Soil moisture retrieval doesn't have recommended quality,Soil moisture retrieval was skipped,Soil moisture retrieval was not successful,Freeze/thaw state retrieval was successful,Not used
TM01,25.4479389,-98.01216666666667,2022-03-29,h00v00,463.0,878.0,0.128857,8.0,Soil moisture retrieval has recommended quality,Soil moisture retrieval was attempted,Soil moisture retrieval was successful,Freeze/thaw state retrieval was not successful,
TM01,25.4479389,-98.01216666666667,2022-03-30,h00v00,463.0,878.0,-9999.0,7.0,Soil moisture retrieval doesn't have recommended quality,Soil moisture retrieval was skipped,Soil moisture retrieval was not successful,Freeze/thaw state retrieval was successful,Not used
TM01,25.4479389,-98.01216666666667,2022-03-31,h00v00,463.0,878.0,0.1367731,8.0,Soil moisture retrieval has recommended quality,Soil moisture retrieval was attempted,Soil moisture retrieval was successful,Freeze/thaw state retrieval was not successful,
TM01,25.4479389,-98.01216666666667,2022-04-01,h00v00,463.0,878.0,0.1034472,8.0,Soil moisture retrieval has recommended quality,Soil moisture retrieval was attempted,Soil moisture retrieval was successful,Freeze/thaw state retrieval was not successful,
TM01,25.4479389,-98.01216666666667,2022-04-02,h00v00,463.0,878.0,-9999.0,7.0,Soil moisture retrieval doesn't have recommended quality,Soil moisture retrieval was skipped,Soil moisture retrieval was not successful,Freeze/thaw state retrieval was successful,Not used
TM01,25.4479389,-98.01216666666667,2022-04-03,h00v00,463.0,878.0,0.1362672,8.0,Soil moisture retrieval has recommended quality,Soil moisture retrieval was attempted,Soil moisture retrieval was successful,Freeze/thaw state retrieval was not successful,
TM01,25.4479389,-98.01216666666667,2022-04-04,h00v00,463.0,878.0,-9999.0,7.0,Soil moisture retrieval doesn't have recommended quality,Soil moisture retrieval was skipped,Soil moisture retrieval was not successful,Freeze/thaw state retrieval was successful,Not used
TM01,25.4479389,-98.01216666666667,2022-04-05,h00v00,463.0,878.0,-9999.0,7.0,Soil moisture retrieval doesn't have recommended quality,Soil moisture retrieval was skipped,Soil moisture retrieval was not successful,Freeze/thaw state retrieval was successful,Not used
TM01,25.4479389,-98.01216666666667,2022-04-06,h00v00,463.0,878.0,0.1373246,8.0,Soil moisture retrieval has recommended quality,Soil moisture retrieval was attempted,Soil moisture retrieval was successful,Freeze/thaw state retrieval was not successful,
TM01,25.4479389,-98.01216666666667,2022-04-07,h00v00,463.0,878.0,-9999.0,7.0,Soil moisture retrieval doesn't have recommended quality,Soil moisture retrieval was skipped,Soil moisture retrieval was not successful,Freeze/thaw state retrieval was successful,Not used
TM01,25.4479389,-98.01216666666667,2022-04-08,h00v00,463.0,878.0,0.1434004,8.0,Soil moisture retrieval has recommended quality,Soil moisture retrieval was attempted,Soil moisture retrieval was successful,Freeze/thaw state retrieval was not successful,
TM01,25.4479389,-98.01216666666667,2022-04-09,h00v00,463.0,878.0,0.1144359,8.0,Soil moisture retrieval has recommended quality,Soil moisture retrieval was attempted,Soil moisture retrieval was successful,Freeze/thaw state retrieval was not successful,
TM01,25.4479389,-98.01216666666667,2022-04-10,h00v00,463.0,878.0,-9999.0,7.0,Soil moisture retrieval doesn't have recommended quality,Soil moisture retrieval was skipped,Soil moisture retrieval was not successful,Freeze/thaw state retrieval was successful,Not used
TM01,25.4479389,-98.01216666666667,2022-04-11,h00v00,463.0,878.0,0.1267404,8.0,Soil moisture retrieval has recommended quality,Soil moisture retrieval was attempted,Soil moisture retrieval was successful,Freeze/thaw state retrieval was not successful,
TM01,25.4479389,-98.01216666666667,2022-04-12,h00v00,463.0,878.0,-9999.0,7.0,Soil moisture retrieval doesn't have recommended quality,Soil moisture retrieval was skipped,Soil moisture retrieval was not successful,Freeze/thaw state retrieval was successful,Not used
TM01,25.4479389,-98.01216666666667,2022-04-13,h00v00,463.0,878.0,-9999.0,7.0,Soil moisture retrieval doesn't have recommended quality,Soil moisture retrieval was skipped,Soil moisture retrieval was not successful,Freeze/thaw state retrieval was successful,Not used
TM01,25.4479389,-98.01216666666667,2022-04-14,h00v00,463.0,878.0,0.135082,8.0,Soil moisture retrieval has recommended quality,Soil moisture retrieval was attempted,Soil moisture retrieval was successful,Freeze/thaw state retrieval was not successful,
TM01,25.4479389,-98.01216666666667,2022-04-15,h00v00,463.0,878.0,-9999.0,7.0,Soil moisture retrieval doesn't have recommended quality,Soil moisture retrieval was skipped,Soil moisture retrieval was not successful,Freeze/thaw state retrieval was successful,Not used
TM01,25.4479389,-98.01216666666667,2022-04-16,h00v00,463.0,878.0,0.1233025,8.0,Soil moisture retrieval has recommended quality,Soil moisture retrieval was attempted,Soil moisture retrieval was successful,Freeze/thaw state retrieval was not successful,
TM01,25.4479389,-98.01216666666667,2022-04-17,h00v00,463.0,878.0,0.1101738,8.0,Soil moisture retrieval has recommended quality,Soil moisture retrieval was attempted,Soil moisture retrieval was successful,Freeze/thaw state retrieval was not successful,
TM01,25.4479389,-98.01216666666667,2022-04-18,h00v00,463.0,878.0,-9999.0,7.0,Soil moisture retrieval doesn't have recommended quality,Soil moisture retrieval was skipped,Soil moisture retrieval was not successful,Freeze/thaw state retrieval was successful,Not used
TM01,25.4479389,-98.01216666666667,2022-04-19,h00v00,463.0,878.0,0.1523986,8.0,Soil moisture retrieval has recommended quality,Soil moisture retrieval was attempted,Soil moisture retrieval was successful,Freeze/thaw state retrieval was not successful,
TM01,25.4479389,-98.01216666666667,2022-04-20,h00v00,463.0,878.0,-9999.0,7.0,Soil moisture retrieval doesn't have recommended quality,Soil moisture retrieval was skipped,Soil moisture retrieval was not successful,Freeze/thaw state retrieval was successful,Not used
TM01,25.4479389,-98.01216666666667,2022-04-21,h00v00,463.0,878.0,-9999.0,7.0,Soil moisture retrieval doesn't have recommended quality,Soil moisture retrieval was skipped,Soil moisture retrieval was not successful,Freeze/thaw state retrieval was successful,Not used
TM01,25.4479389,-98.01216666666667,2022-04-22,h00v00,463.0,878.0,0.1330885,8.0,Soil moisture retrieval has recommended quality,Soil moisture retrieval was attempted,Soil moisture retrieval was successful,Freeze/thaw state retrieval was not successful,
TM01,25.4479389,-98.01216666666667,2022-04-23,h00v00,463.0,878.0,-9999.0,7.0,Soil moisture retrieval doesn't have recommended quality,Soil moisture retrieval was skipped,Soil moisture retrieval was not successful,Freeze/thaw state retrieval was successful,Not used
TM01,25.4479389,-98.01216666666667,2022-04-24,h00v00,463.0,878.0,0.1279461,8.0,Soil moisture retrieval has recommended quality,Soil moisture retrieval was attempted,Soil moisture retrieval was successful,Freeze/thaw state retrieval was not successful,
TM01,25.4479389,-98.01216666666667,2022-04-25,h00v00,463.0,878.0,0.1091388,8.0,Soil moisture retrieval has recommended quality,Soil moisture retrieval was attempted,Soil moisture retrieval was successful,Freeze/thaw state retrieval was not successful,
TM01,25.4479389,-98.01216666666667,2022-04-26,h00v00,463.0,878.0,-9999.0,7.0,Soil moisture retrieval doesn't have recommended quality,Soil moisture retrieval was skipped,Soil moisture retrieval was not successful,Freeze/thaw state retrieval was successful,Not used
TM01,25.4479389,-98.01216666666667,2022-04-27,h00v00,463.0,878.0,0.359869,13.0,Soil moisture retrieval doesn't have recommended quality,Soil moisture retrieval was attempted,Soil moisture retrieval was not successful,Freeze/thaw state retrieval was not successful,
TM01,25.4479389,-98.01216666666667,2022-04-28,h00v00,463.0,878.0,-9999.0,7.0,Soil moisture retrieval doesn't have recommended quality,Soil moisture retrieval was skipped,Soil moisture retrieval was not successful,Freeze/thaw state retrieval was successful,Not used
TM01,25.4479389,-98.01216666666667,2022-04-29,h00v00,463.0,878.0,-9999.0,7.0,Soil moisture retrieval doesn't have recommended quality,Soil moisture retrieval was skipped,Soil moisture retrieval was not successful,Freeze/thaw state retrieval was successful,Not used
TM01,25.4479389,-98.01216666666667,2022-04-30,h00v00,463.0,878.0,0.2770474,8.0,Soil moisture retrieval has recommended quality,Soil moisture retrieval was attempted,Soil moisture retrieval was successful,Freeze/thaw state retrieval was not successful,
TM01,25.4479389,-98.01216666666667,2022-05-01,h00v00,463.0,878.0,-9999.0,7.0,Soil moisture retrieval doesn't have recommended quality,Soil moisture retrieval was skipped,Soil moisture retrieval was not successful,Freeze/thaw state retrieval was successful,Not used
TM01,25.4479389,-98.01216666666667,2022-05-02,h00v00,463.0,878.0,0.2581347,8.0,Soil moisture retrieval has recommended quality,Soil moisture retrieval was attempted,Soil moisture retrieval was successful,Freeze/thaw state retrieval was not successful,
TM01,25.4479389,-98.01216666666667,2022-05-03,h00v00,463.0,878.0,0.1812487,8.0,Soil moisture retrieval has recommended quality,Soil moisture retrieval was attempted,Soil moisture retrieval was successful,Freeze/thaw state retrieval was not successful,
TM01,25.4479389,-98.01216666666667,2022-05-04,h00v00,463.0,878.0,-9999.0,7.0,Soil moisture retrieval doesn't have recommended quality,Soil moisture retrieval was skipped,Soil moisture retrieval was not successful,Freeze/thaw state retrieval was successful,Not used
TM01,25.4479389,-98.01216666666667,2022-05-05,h00v00,463.0,878.0,0.1851358,8.0,Soil moisture retrieval has recommended quality,Soil moisture retrieval was attempted,Soil moisture retrieval was successful,Freeze/thaw state retrieval was not successful,
TM01,25.4479389,-98.01216666666667,2022-05-06,h00v00,463.0,878.0,-9999.0,7.0,Soil moisture retrieval doesn't have recommended quality,Soil moisture retrieval was skipped,Soil moisture retrieval was not successful,Freeze/thaw state retrieval was successful,Not used
TM01,25.4479389,-98.01216666666667,2022-05-07,h00v00,463.0,878.0,-9999.0,7.0,Soil moisture retrieval doesn't have recommended quality,Soil moisture retrieval was skipped,Soil moisture retrieval was not successful,Freeze/thaw state retrieval was successful,Not used
TM01,25.4479389,-98.01216666666667,2022-05-08,h00v00,463.0,878.0,0.1463211,8.0,Soil moisture retrieval has recommended quality,Soil moisture retrieval was attempted,Soil moisture retrieval was successful,Freeze/thaw state retrieval was not successful,
TM01,25.4479389,-98.01216666666667,2022-05-09,h00v00,463.0,878.0,-9999.0,7.0,Soil moisture retrieval doesn't have recommended quality,Soil moisture retrieval was skipped,Soil moisture retrieval was not successful,Freeze/thaw state retrieval was successful,Not used
TM01,25.4479389,-98.01216666666667,2022-05-10,h00v00,463.0,878.0,0.1541946,8.0,Soil moisture retrieval has recommended quality,Soil moisture retrieval was attempted,Soil moisture retrieval was successful,Freeze/thaw state retrieval was not successful,
TM01,25.4479389,-98.01216666666667,2022-05-11,h00v00,463.0,878.0,0.1275532,8.0,Soil moisture retrieval has recommended quality,Soil moisture retrieval was attempted,Soil moisture retrieval was successful,Freeze/thaw state retrieval was not successful,
TM01,25.4479389,-98.01216666666667,2022-05-12,h00v00,463.0,878.0,-9999.0,7.0,Soil moisture retrieval doesn't have recommended quality,Soil moisture retrieval was skipped,Soil moisture retrieval was not successful,Freeze/thaw state retrieval was successful,Not used
TM01,25.4479389,-98.01216666666667,2022-05-13,h00v00,463.0,878.0,0.1280043,8.0,Soil moisture retrieval has recommended quality,Soil moisture retrieval was attempted,Soil moisture retrieval was successful,Freeze/thaw state retrieval was not successful,
TM01,25.4479389,-98.01216666666667,2022-05-14,h00v00,463.0,878.0,-9999.0,7.0,Soil moisture retrieval doesn't have recommended quality,Soil moisture retrieval was skipped,Soil moisture retrieval was not successful,Freeze/thaw state retrieval was successful,Not used
TM01,25.4479389,-98.01216666666667,2022-05-15,h00v00,463.0,878.0,-9999.0,7.0,Soil moisture retrieval doesn't have recommended quality,Soil moisture retrieval was skipped,Soil moisture retrieval was not successful,Freeze/thaw state retrieval was successful,Not used
TM01,25.4479389,-98.01216666666667,2022-05-16,h00v00,463.0,878.0,0.1171008,8.0,Soil moisture retrieval has recommended quality,Soil moisture retrieval was attempted,Soil moisture retrieval was successful,Freeze/thaw state retrieval was not successful,
TM01,25.4479389,-98.01216666666667,2022-05-17,h00v00,463.0,878.0,-9999.0,7.0,Soil moisture retrieval doesn't have recommended quality,Soil moisture retrieval was skipped,Soil moisture retrieval was not successful,Freeze/thaw state retrieval was successful,Not used
TM01,25.4479389,-98.01216666666667,2022-05-18,h00v00,463.0,878.0,0.1081704,8.0,Soil moisture retrieval has recommended quality,Soil moisture retrieval was attempted,Soil moisture retrieval was successful,Freeze/thaw state retrieval was not successful,
TM01,25.4479389,-98.01216666666667,2022-05-19,h00v00,463.0,878.0,0.0953092,8.0,Soil moisture retrieval has recommended quality,Soil moisture retrieval was attempted,Soil moisture retrieval was successful,Freeze/thaw state retrieval was not successful,
TM01,25.4479389,-98.01216666666667,2022-05-20,h00v00,463.0,878.0,-9999.0,7.0,Soil moisture retrieval doesn't have recommended quality,Soil moisture retrieval was skipped,Soil moisture retrieval was not successful,Freeze/thaw state retrieval was successful,Not used
TM01,25.4479389,-98.01216666666667,2022-05-21,h00v00,463.0,878.0,0.103792,8.0,Soil moisture retrieval has recommended quality,Soil moisture retrieval was attempted,Soil moisture retrieval was successful,Freeze/thaw state retrieval was not successful,
TM01,25.4479389,-98.01216666666667,2022-05-22,h00v00,463.0,878.0,-9999.0,7.0,Soil moisture retrieval doesn't have recommended quality,Soil moisture retrieval was skipped,Soil moisture retrieval was not successful,Freeze/thaw state retrieval was successful,Not used
TM01,25.4479389,-98.01216666666667,2022-05-23,h00v00,463.0,878.0,-9999.0,7.0,Soil moisture retrieval doesn't have recommended quality,Soil moisture retrieval was skipped,Soil moisture retrieval was not successful,Freeze/thaw state retrieval was successful,Not used
TM01,25.4479389,-98.01216666666667,2022-05-24,h00v00,463.0,878.0,0.2145382,8.0,Soil moisture retrieval has recommended quality,Soil moisture retrieval was attempted,Soil moisture retrieval was successful,Freeze/thaw state retrieval was not successful,
TM01,25.4479389,-98.01216666666667,2022-05-25,h00v00,463.0,878.0,-9999.0,7.0,Soil moisture retrieval doesn't have recommended quality,Soil moisture retrieval was skipped,Soil moisture retrieval was not successful,Freeze/thaw state retrieval was successful,Not used
TM01,25.4479389,-98.01216666666667,2022-05-26,h00v00,463.0,878.0,0.258628,8.0,Soil moisture retrieval has recommended quality,Soil moisture retrieval was attempted,Soil moisture retrieval was successful,Freeze/thaw state retrieval was not successful,
TM01,25.4479389,-98.01216666666667,2022-05-27,h00v00,463.0,878.0,0.196133,8.0,Soil moisture retrieval has recommended quality,Soil moisture retrieval was attempted,Soil moisture retrieval was successful,Freeze/thaw state retrieval was not successful,
TM01,25.4479389,-98.01216666666667,2022-05-28,h00v00,463.0,878.0,-9999.0,7.0,Soil moisture retrieval doesn't have recommended quality,Soil moisture retrieval was skipped,Soil moisture retrieval was not successful,Freeze/thaw state retrieval was successful,Not used
TM01,25.4479389,-98.01216666666667,2022-05-29,h00v00,463.0,878.0,0.1482975,8.0,Soil moisture retrieval has recommended quality,Soil moisture retrieval was attempted,Soil moisture retrieval was successful,Freeze/thaw state retrieval was not successful,
TM01,25.4479389,-98.01216666666667,2022-05-30,h00v00,463.0,878.0,-9999.0,7.0,Soil moisture retrieval doesn't have recommended quality,Soil moisture retrieval was skipped,Soil moisture retrieval was not successful,Freeze/thaw state retrieval was successful,Not used
TM01,25.4479389,-98.01216666666667,2022-05-31,h00v00,463.0,878.0,-9999.0,7.0,Soil moisture retrieval doesn't have recommended quality,Soil moisture retrieval was skipped,Soil moisture retrieval was not successful,Freeze/thaw state retrieval was successful,Not used
TM01,25.4479389,-98.01216666666667,2022-06-01,h00v00,463.0,878.0,0.1261014,8.0,Soil moisture retrieval has recommended quality,Soil moisture retrieval was attempted,Soil moisture retrieval was successful,Freeze/thaw state retrieval was not successful,
TM01,25.4479389,-98.01216666666667,2022-06-02,h00v00,463.0,878.0,-9999.0,7.0,Soil moisture retrieval doesn't have recommended quality,Soil moisture retrieval was skipped,Soil moisture retrieval was not successful,Freeze/thaw state retrieval was successful,Not used
TM01,25.4479389,-98.01216666666667,2022-06-03,h00v00,463.0,878.0,0.1481206,8.0,Soil moisture retrieval has recommended quality,Soil moisture retrieval was attempted,Soil moisture retrieval was successful,Freeze/thaw state retrieval was not successful,
TM01,25.4479389,-98.01216666666667,2022-06-04,h00v00,463.0,878.0,0.0996724,8.0,Soil moisture retrieval has recommended quality,Soil moisture retrieval was attempted,Soil moisture retrieval was successful,Freeze/thaw state retrieval was not successful,
TM01,25.4479389,-98.01216666666667,2022-06-05,h00v00,463.0,878.0,-9999.0,7.0,Soil moisture retrieval doesn't have recommended quality,Soil moisture retrieval was skipped,Soil moisture retrieval was not successful,Freeze/thaw state retrieval was successful,Not used
TM01,25.4479389,-98.01216666666667,2022-06-06,h00v00,463.0,878.0,0.1082616,8.0,Soil moisture retrieval has recommended quality,Soil moisture retrieval was attempted,Soil moisture retrieval was successful,Freeze/thaw state retrieval was not successful,
TM01,25.4479389,-98.01216666666667,2022-06-07,h00v00,463.0,878.0,-9999.0,7.0,Soil moisture retrieval doesn't have recommended quality,Soil moisture retrieval was skipped,Soil moisture retrieval was not successful,Freeze/thaw state retrieval was successful,Not used
TM01,25.4479389,-98.01216666666667,2022-06-08,h00v00,463.0,878.0,-9999.0,7.0,Soil moisture retrieval doesn't have recommended quality,Soil moisture retrieval was skipped,Soil moisture retrieval was not successful,Freeze/thaw state retrieval was successful,Not used
TM01,25.4479389,-98.01216666666667,2022-06-09,h00v00,463.0,878.0,0.1157293,8.0,Soil moisture retrieval has recommended quality,Soil moisture retrieval was attempted,Soil moisture retrieval was successful,Freeze/thaw state retrieval was not successful,
TM01,25.4479389,-98.01216666666667,2022-06-10,h00v00,463.0,878.0,-9999.0,7.0,Soil moisture retrieval doesn't have recommended quality,Soil moisture retrieval was skipped,Soil moisture retrieval was not successful,Freeze/thaw state retrieval was successful,Not used
TM01,25.4479389,-98.01216666666667,2022-06-11,h00v00,463.0,878.0,0.1245372,8.0,Soil moisture retrieval has recommended quality,Soil moisture retrieval was attempted,Soil moisture retrieval was successful,Freeze/thaw state retrieval was not successful,
TM01,25.4479389,-98.01216666666667,2022-06-12,h00v00,463.0,878.0,0.0841655,8.0,Soil moisture retrieval has recommended quality,Soil moisture retrieval was attempted,Soil moisture retrieval was successful,Freeze/thaw state retrieval was not successful,
TM01,25.4479389,-98.01216666666667,2022-06-13,h00v00,463.0,878.0,-9999.0,7.0,Soil moisture retrieval doesn't have recommended quality,Soil moisture retrieval was skipped,Soil moisture retrieval was not successful,Freeze/thaw state retrieval was successful,Not used
TM01,25.4479389,-98.01216666666667,2022-06-14,h00v00,463.0,878.0,0.1093175,8.0,Soil moisture retrieval has recommended quality,Soil moisture retrieval was attempted,Soil moisture retrieval was successful,Freeze/thaw state retrieval was not successful,
TM01,25.4479389,-98.01216666666667,2022-06-15,h00v00,463.0,878.0,-9999.0,7.0,Soil moisture retrieval doesn't have recommended quality,Soil moisture retrieval was skipped,Soil moisture retrieval was not successful,Freeze/thaw state retrieval was successful,Not used
TM01,25.4479389,-98.01216666666667,2022-06-16,h00v00,463.0,878.0,-9999.0,7.0,Soil moisture retrieval doesn't have recommended quality,Soil moisture retrieval was skipped,Soil moisture retrieval was not successful,Freeze/thaw state retrieval was successful,Not used
TM01,25.4479389,-98.01216666666667,2022-06-17,h00v00,463.0,878.0,0.1051546,8.0,Soil moisture retrieval has recommended quality,Soil moisture retrieval was attempted,Soil moisture retrieval was successful,Freeze/thaw state retrieval was not successful,
TM01,25.4479389,-98.01216666666667,2022-06-18,h00v00,463.0,878.0,-9999.0,7.0,Soil moisture retrieval doesn't have recommended quality,Soil moisture retrieval was skipped,Soil moisture retrieval was not successful,Freeze/thaw state retrieval was successful,Not used
TM01,25.4479389,-98.01216666666667,2022-06-19,h00v00,463.0,878.0,0.1184654,8.0,Soil moisture retrieval has recommended quality,Soil moisture retrieval was attempted,Soil moisture retrieval was successful,Freeze/thaw state retrieval was not successful,
TM01,25.4479389,-98.01216666666667,2022-06-20,h00v00,463.0,878.0,0.1041865,8.0,Soil moisture retrieval has recommended quality,Soil moisture retrieval was attempted,Soil moisture retrieval was successful,Freeze/thaw state retrieval was not successful,
TM01,25.4479389,-98.01216666666667,2022-06-21,h00v00,463.0,878.0,-9999.0,7.0,Soil moisture retrieval doesn't have recommended quality,Soil moisture retrieval was skipped,Soil moisture retrieval was not successful,Freeze/thaw state retrieval was successful,Not used
TM01,25.4479389,-98.01216666666667,2022-06-22,h00v00,463.0,878.0,0.1691564,8.0,Soil moisture retrieval has recommended quality,Soil moisture retrieval was attempted,Soil moisture retrieval was successful,Freeze/thaw state retrieval was not successful,
TM01,25.4479389,-98.01216666666667,2022-06-23,h00v00,463.0,878.0,-9999.0,7.0,Soil moisture retrieval doesn't have recommended quality,Soil moisture retrieval was skipped,Soil moisture retrieval was not successful,Freeze/thaw state retrieval was successful,Not used
TM01,25.4479389,-98.01216666666667,2022-06-24,h00v00,463.0,878.0,-9999.0,7.0,Soil moisture retrieval doesn't have recommended quality,Soil moisture retrieval was skipped,Soil moisture retrieval was not successful,Freeze/thaw state retrieval was successful,Not used
TM01,25.4479389,-98.01216666666667,2022-06-25,h00v00,463.0,878.0,0.1156164,8.0,Soil moisture retrieval has recommended quality,Soil moisture retrieval was attempted,Soil moisture retrieval was successful,Freeze/thaw state retrieval was not successful,
TM01,25.4479389,-98.01216666666667,2022-06-26,h00v00,463.0,878.0,-9999.0,7.0,Soil moisture retrieval doesn't have recommended quality,Soil moisture retrieval was skipped,Soil moisture retrieval was not successful,Freeze/thaw state retrieval was successful,Not used
TM01,25.4479389,-98.01216666666667,2022-06-27,h00v00,463.0,878.0,0.1108094,8.0,Soil moisture retrieval has recommended quality,Soil moisture retrieval was attempted,Soil moisture retrieval was successful,Freeze/thaw state retrieval was not successful,
TM01,25.4479389,-98.01216666666667,2022-06-28,h00v00,463.0,878.0,0.1381778,8.0,Soil moisture retrieval has recommended quality,Soil moisture retrieval was attempted,Soil moisture retrieval was successful,Freeze/thaw state retrieval was not successful,
TM01,25.4479389,-98.01216666666667,2022-06-29,h00v00,463.0,878.0,-9999.0,7.0,Soil moisture retrieval doesn't have recommended quality,Soil moisture retrieval was skipped,Soil moisture retrieval was not successful,Freeze/thaw state retrieval was successful,Not used
TM01,25.4479389,-98.01216666666667,2022-06-30,h00v00,463.0,878.0,0.1588606,8.0,Soil moisture retrieval has recommended quality,Soil moisture retrieval was attempted,Soil moisture retrieval was successful,Freeze/thaw state retrieval was not successful,
TM01,25.4479389,-98.01216666666667,2022-07-01,h00v00,463.0,878.0,-9999.0,7.0,Soil moisture retrieval doesn't have recommended quality,Soil moisture retrieval was skipped,Soil moisture retrieval was not successful,Freeze/thaw state retrieval was successful,Not used
TM01,25.4479389,-98.01216666666667,2022-07-02,h00v00,463.0,878.0,-9999.0,7.0,Soil moisture retrieval doesn't have recommended quality,Soil moisture retrieval was skipped,Soil moisture retrieval was not successful,Freeze/thaw state retrieval was successful,Not used
TM01,25.4479389,-98.01216666666667,2022-07-03,h00v00,463.0,878.0,0.1093475,8.0,Soil moisture retrieval has recommended quality,Soil moisture retrieval was attempted,Soil moisture retrieval was successful,Freeze/thaw state retrieval was not successful,
TM01,25.4479389,-98.01216666666667,2022-07-04,h00v00,463.0,878.0,-9999.0,7.0,Soil moisture retrieval doesn't have recommended quality,Soil moisture retrieval was skipped,Soil moisture retrieval was not successful,Freeze/thaw state retrieval was successful,Not used
TM01,25.4479389,-98.01216666666667,2022-07-05,h00v00,463.0,878.0,0.1117324,8.0,Soil moisture retrieval has recommended quality,Soil moisture retrieval was attempted,Soil moisture retrieval was successful,Freeze/thaw state retrieval was not successful,
TM01,25.4479389,-98.01216666666667,2022-07-06,h00v00,463.0,878.0,0.0967472,8.0,Soil moisture retrieval has recommended quality,Soil moisture retrieval was attempted,Soil moisture retrieval was successful,Freeze/thaw state retrieval was not successful,
TM01,25.4479389,-98.01216666666667,2022-07-07,h00v00,463.0,878.0,-9999.0,7.0,Soil moisture retrieval doesn't have recommended quality,Soil moisture retrieval was skipped,Soil moisture retrieval was not successful,Freeze/thaw state retrieval was successful,Not used
TM01,25.4479389,-98.01216666666667,2022-07-08,h00v00,463.0,878.0,0.1097274,8.0,Soil moisture retrieval has recommended quality,Soil moisture retrieval was attempted,Soil moisture retrieval was successful,Freeze/thaw state retrieval was not successful,
TM01,25.4479389,-98.01216666666667,2022-07-09,h00v00,463.0,878.0,-9999.0,7.0,Soil moisture retrieval doesn't have recommended quality,Soil moisture retrieval was skipped,Soil moisture retrieval was not successful,Freeze/thaw state retrieval was successful,Not used
TM01,25.4479389,-98.01216666666667,2022-07-10,h00v00,463.0,878.0,-9999.0,7.0,Soil moisture retrieval doesn't have recommended quality,Soil moisture retrieval was skipped,Soil moisture retrieval was not successful,Freeze/thaw state retrieval was successful,Not used
TM01,25.4479389,-98.01216666666667,2022-07-11,h00v00,463.0,878.0,0.1053079,8.0,Soil moisture retrieval has recommended quality,Soil moisture retrieval was attempted,Soil moisture retrieval was successful,Freeze/thaw state retrieval was not successful,
TM01,25.4479389,-98.01216666666667,2022-07-12,h00v00,463.0,878.0,-9999.0,7.0,Soil moisture retrieval doesn't have recommended quality,Soil moisture retrieval was skipped,Soil moisture retrieval was not successful,Freeze/thaw state retrieval was successful,Not used
TM01,25.4479389,-98.01216666666667,2022-07-13,h00v00,463.0,878.0,0.1047386,8.0,Soil moisture retrieval has recommended quality,Soil moisture retrieval was attempted,Soil moisture retrieval was successful,Freeze/thaw state retrieval was not successful,
TM01,25.4479389,-98.01216666666667,2022-07-14,h00v00,463.0,878.0,0.09175,8.0,Soil moisture retrieval has recommended quality,Soil moisture retrieval was attempted,Soil moisture retrieval was successful,Freeze/thaw state retrieval was not successful,
TM01,25.4479389,-98.01216666666667,2022-07-15,h00v00,463.0,878.0,-9999.0,7.0,Soil moisture retrieval doesn't have recommended quality,Soil moisture retrieval was skipped,Soil moisture retrieval was not successful,Freeze/thaw state retrieval was successful,Not used
TM01,25.4479389,-98.01216666666667,2022-07-16,h00v00,463.0,878.0,0.1057119,8.0,Soil moisture retrieval has recommended quality,Soil moisture retrieval was attempted,Soil moisture retrieval was successful,Freeze/thaw state retrieval was not successful,
TM01,25.4479389,-98.01216666666667,2022-07-17,h00v00,463.0,878.0,-9999.0,7.0,Soil moisture retrieval doesn't have recommended quality,Soil moisture retrieval was skipped,Soil moisture retrieval was not successful,Freeze/thaw state retrieval was successful,Not used
TM01,25.4479389,-98.01216666666667,2022-07-18,h00v00,463.0,878.0,-9999.0,7.0,Soil moisture retrieval doesn't have recommended quality,Soil moisture retrieval was skipped,Soil moisture retrieval was not successful,Freeze/thaw state retrieval was successful,Not used
TM01,25.4479389,-98.01216666666667,2022-07-19,h00v00,463.0,878.0,0.1055234,8.0,Soil moisture retrieval has recommended quality,Soil moisture retrieval was attempted,Soil moisture retrieval was successful,Freeze/thaw state retrieval was not successful,
TM01,25.4479389,-98.01216666666667,2022-07-20,h00v00,463.0,878.0,-9999.0,7.0,Soil moisture retrieval doesn't have recommended quality,Soil moisture retrieval was skipped,Soil moisture retrieval was not successful,Freeze/thaw state retrieval was successful,Not used
TM01,25.4479389,-98.01216666666667,2022-07-21,h00v00,463.0,878.0,0.1124791,8.0,Soil moisture retrieval has recommended quality,Soil moisture retrieval was attempted,Soil moisture retrieval was successful,Freeze/thaw state retrieval was not successful,
TM01,25.4479389,-98.01216666666667,2022-07-22,h00v00,463.0,878.0,0.0937425,8.0,Soil moisture retrieval has recommended quality,Soil moisture retrieval was attempted,Soil moisture retrieval was successful,Freeze/thaw state retrieval was not successful,
TM01,25.4479389,-98.01216666666667,2022-07-23,h00v00,463.0,878.0,-9999.0,7.0,Soil moisture retrieval doesn't have recommended quality,Soil moisture retrieval was skipped,Soil moisture retrieval was not successful,Freeze/thaw state retrieval was successful,Not used
TM01,25.4479389,-98.01216666666667,2022-07-24,h00v00,463.0,878.0,0.0983042,8.0,Soil moisture retrieval has recommended quality,Soil moisture retrieval was attempted,Soil moisture retrieval was successful,Freeze/thaw state retrieval was not successful,
TM01,25.4479389,-98.01216666666667,2022-07-25,h00v00,463.0,878.0,-9999.0,7.0,Soil moisture retrieval doesn't have recommended quality,Soil moisture retrieval was skipped,Soil moisture retrieval was not successful,Freeze/thaw state retrieval was successful,Not used
TM01,25.4479389,-98.01216666666667,2022-07-26,h00v00,463.0,878.0,-9999.0,7.0,Soil moisture retrieval doesn't have recommended quality,Soil moisture retrieval was skipped,Soil moisture retrieval was not successful,Freeze/thaw state retrieval was successful,Not used
TM01,25.4479389,-98.01216666666667,2022-07-27,h00v00,463.0,878.0,0.0884792,8.0,Soil moisture retrieval has recommended quality,Soil moisture retrieval was attempted,Soil moisture retrieval was successful,Freeze/thaw state retrieval was not successful,
TM01,25.4479389,-98.01216666666667,2022-07-28,h00v00,463.0,878.0,-9999.0,7.0,Soil moisture retrieval doesn't have recommended quality,Soil moisture retrieval was skipped,Soil moisture retrieval was not successful,Freeze/thaw state retrieval was successful,Not used
TM01,25.4479389,-98.01216666666667,2022-07-29,h00v00,463.0,878.0,0.101716,8.0,Soil moisture retrieval has recommended quality,Soil moisture retrieval was attempted,Soil moisture retrieval was successful,Freeze/thaw state retrieval was not successful,
TM01,25.4479389,-98.01216666666667,2022-07-30,h00v00,463.0,878.0,0.0768869,8.0,Soil moisture retrieval has recommended quality,Soil moisture retrieval was attempted,Soil moisture retrieval was successful,Freeze/thaw state retrieval was not successful,
TM01,25.4479389,-98.01216666666667,2022-07-31,h00v00,463.0,878.0,-9999.0,7.0,Soil moisture retrieval doesn't have recommended quality,Soil moisture retrieval was skipped,Soil moisture retrieval was not successful,Freeze/thaw state retrieval was successful,Not used
TM01,25.4479389,-98.01216666666667,2022-08-01,h00v00,463.0,878.0,0.1404891,8.0,Soil moisture retrieval has recommended quality,Soil moisture retrieval was attempted,Soil moisture retrieval was successful,Freeze/thaw state retrieval was not successful,
TM01,25.4479389,-98.01216666666667,2022-08-02,h00v00,463.0,878.0,-9999.0,7.0,Soil moisture retrieval doesn't have recommended quality,Soil moisture retrieval was skipped,Soil moisture retrieval was not successful,Freeze/thaw state retrieval was successful,Not used
TM01,25.4479389,-98.01216666666667,2022-08-03,h00v00,463.0,878.0,-9999.0,7.0,Soil moisture retrieval doesn't have recommended quality,Soil moisture retrieval was skipped,Soil moisture retrieval was not successful,Freeze/thaw state retrieval was successful,Not used
TM01,25.4479389,-98.01216666666667,2022-08-04,h00v00,463.0,878.0,0.1074878,8.0,Soil moisture retrieval has recommended quality,Soil moisture retrieval was attempted,Soil moisture retrieval was successful,Freeze/thaw state retrieval was not successful,
TM01,25.4479389,-98.01216666666667,2022-08-05,h00v00,463.0,878.0,-9999.0,7.0,Soil moisture retrieval doesn't have recommended quality,Soil moisture retrieval was skipped,Soil moisture retrieval was not successful,Freeze/thaw state retrieval was successful,Not used
TM01,25.4479389,-98.01216666666667,2022-08-06,h00v00,463.0,878.0,-9999.0,7.0,Soil moisture retrieval doesn't have recommended quality,Soil moisture retrieval was skipped,Soil moisture retrieval was not successful,Freeze/thaw state retrieval was successful,Not used
TM01,25.4479389,-98.01216666666667,2022-09-20,h00v00,463.0,878.0,-9999.0,7.0,Soil moisture retrieval doesn't have recommended quality,Soil moisture retrieval was skipped,Soil moisture retrieval was not successful,Freeze/thaw state retrieval was successful,Not used
TM01,25.4479389,-98.01216666666667,2022-09-22,h00v00,463.0,878.0,-9999.0,7.0,Soil moisture retrieval doesn't have recommended quality,Soil moisture retrieval was skipped,Soil moisture retrieval was not successful,Freeze/thaw state retrieval was successful,Not used
TM01,25.4479389,-98.01216666666667,2022-09-23,h00v00,463.0,878.0,-9999.0,7.0,Soil moisture retrieval doesn't have recommended quality,Soil moisture retrieval was skipped,Soil moisture retrieval was not successful,Freeze/thaw state retrieval was successful,Not used
TM01,25.4479389,-98.01216666666667,2022-09-24,h00v00,463.0,878.0,0.1292834,8.0,Soil moisture retrieval has recommended quality,Soil moisture retrieval was attempted,Soil moisture retrieval was successful,Freeze/thaw state retrieval was not successful,
TM01,25.4479389,-98.01216666666667,2022-09-25,h00v00,463.0,878.0,-9999.0,7.0,Soil moisture retrieval doesn't have recommended quality,Soil moisture retrieval was skipped,Soil moisture retrieval was not successful,Freeze/thaw state retrieval was successful,Not used
TM01,25.4479389,-98.01216666666667,2022-09-26,h00v00,463.0,878.0,0.2330427,8.0,Soil moisture retrieval has recommended quality,Soil moisture retrieval was attempted,Soil moisture retrieval was successful,Freeze/thaw state retrieval was not successful,
TM01,25.4479389,-98.01216666666667,2022-09-27,h00v00,463.0,878.0,0.3988006,13.0,Soil moisture retrieval doesn't have recommended quality,Soil moisture retrieval was attempted,Soil moisture retrieval was not successful,Freeze/thaw state retrieval was not successful,
TM01,25.4479389,-98.01216666666667,2022-09-28,h00v00,463.0,878.0,-9999.0,7.0,Soil moisture retrieval doesn't have recommended quality,Soil moisture retrieval was skipped,Soil moisture retrieval was not successful,Freeze/thaw state retrieval was successful,Not used
TM01,25.4479389,-98.01216666666667,2022-09-29,h00v00,463.0,878.0,0.2177236,8.0,Soil moisture retrieval has recommended quality,Soil moisture retrieval was attempted,Soil moisture retrieval was successful,Freeze/thaw state retrieval was not successful,
TM01,25.4479389,-98.01216666666667,2022-09-30,h00v00,463.0,878.0,-9999.0,7.0,Soil moisture retrieval doesn't have recommended quality,Soil moisture retrieval was skipped,Soil moisture retrieval was not successful,Freeze/thaw state retrieval was successful,Not used
TM01,25.4479389,-98.01216666666667,2022-10-01,h00v00,463.0,878.0,-9999.0,7.0,Soil moisture retrieval doesn't have recommended quality,Soil moisture retrieval was skipped,Soil moisture retrieval was not successful,Freeze/thaw state retrieval was successful,Not used
TM01,25.4479389,-98.01216666666667,2022-10-02,h00v00,463.0,878.0,0.1506713,8.0,Soil moisture retrieval has recommended quality,Soil moisture retrieval was attempted,Soil moisture retrieval was successful,Freeze/thaw state retrieval was not successful,
TM01,25.4479389,-98.01216666666667,2022-10-03,h00v00,463.0,878.0,-9999.0,7.0,Soil moisture retrieval doesn't have recommended quality,Soil moisture retrieval was skipped,Soil moisture retrieval was not successful,Freeze/thaw state retrieval was successful,Not used
TM01,25.4479389,-98.01216666666667,2022-10-04,h00v00,463.0,878.0,0.1311401,8.0,Soil moisture retrieval has recommended quality,Soil moisture retrieval was attempted,Soil moisture retrieval was successful,Freeze/thaw state retrieval was not successful,
TM01,25.4479389,-98.01216666666667,2022-10-05,h00v00,463.0,878.0,0.100648,8.0,Soil moisture retrieval has recommended quality,Soil moisture retrieval was attempted,Soil moisture retrieval was successful,Freeze/thaw state retrieval was not successful,
TM01,25.4479389,-98.01216666666667,2022-10-06,h00v00,463.0,878.0,-9999.0,7.0,Soil moisture retrieval doesn't have recommended quality,Soil moisture retrieval was skipped,Soil moisture retrieval was not successful,Freeze/thaw state retrieval was successful,Not used
TM01,25.4479389,-98.01216666666667,2022-10-07,h00v00,463.0,878.0,0.1091684,8.0,Soil moisture retrieval has recommended quality,Soil moisture retrieval was attempted,Soil moisture retrieval was successful,Freeze/thaw state retrieval was not successful,
TM01,25.4479389,-98.01216666666667,2022-10-08,h00v00,463.0,878.0,-9999.0,7.0,Soil moisture retrieval doesn't have recommended quality,Soil moisture retrieval was skipped,Soil moisture retrieval was not successful,Freeze/thaw state retrieval was successful,Not used
TM01,25.4479389,-98.01216666666667,2022-10-09,h00v00,463.0,878.0,-9999.0,7.0,Soil moisture retrieval doesn't have recommended quality,Soil moisture retrieval was skipped,Soil moisture retrieval was not successful,Freeze/thaw state retrieval was successful,Not used
TM01,25.4479389,-98.01216666666667,2022-10-10,h00v00,463.0,878.0,0.2360188,8.0,Soil moisture retrieval has recommended quality,Soil moisture retrieval was attempted,Soil moisture retrieval was successful,Freeze/thaw state retrieval was not successful,
TM01,25.4479389,-98.01216666666667,2022-10-11,h00v00,463.0,878.0,-9999.0,7.0,Soil moisture retrieval doesn't have recommended quality,Soil moisture retrieval was skipped,Soil moisture retrieval was not successful,Freeze/thaw state retrieval was successful,Not used
TM01,25.4479389,-98.01216666666667,2022-10-12,h00v00,463.0,878.0,0.1464196,8.0,Soil moisture retrieval has recommended quality,Soil moisture retrieval was attempted,Soil moisture retrieval was successful,Freeze/thaw state retrieval was not successful,
TM01,25.4479389,-98.01216666666667,2022-10-13,h00v00,463.0,878.0,0.1106576,8.0,Soil moisture retrieval has recommended quality,Soil moisture retrieval was attempted,Soil moisture retrieval was successful,Freeze/thaw state retrieval was not successful,
TM01,25.4479389,-98.01216666666667,2022-10-14,h00v00,463.0,878.0,-9999.0,7.0,Soil moisture retrieval doesn't have recommended quality,Soil moisture retrieval was skipped,Soil moisture retrieval was not successful,Freeze/thaw state retrieval was successful,Not used
TM01,25.4479389,-98.01216666666667,2022-10-15,h00v00,463.0,878.0,0.1898561,8.0,Soil moisture retrieval has recommended quality,Soil moisture retrieval was attempted,Soil moisture retrieval was successful,Freeze/thaw state retrieval was not successful,
TM01,25.4479389,-98.01216666666667,2022-10-16,h00v00,463.0,878.0,-9999.0,7.0,Soil moisture retrieval doesn't have recommended quality,Soil moisture retrieval was skipped,Soil moisture retrieval was not successful,Freeze/thaw state retrieval was successful,Not used
TM01,25.4479389,-98.01216666666667,2022-10-17,h00v00,463.0,878.0,-9999.0,7.0,Soil moisture retrieval doesn't have recommended quality,Soil moisture retrieval was skipped,Soil moisture retrieval was not successful,Freeze/thaw state retrieval was successful,Not used
TM01,25.4479389,-98.01216666666667,2022-10-18,h00v00,463.0,878.0,0.3046802,8.0,Soil moisture retrieval has recommended quality,Soil moisture retrieval was attempted,Soil moisture retrieval was successful,Freeze/thaw state retrieval was not successful,
TM01,25.4479389,-98.01216666666667,2022-10-19,h00v00,463.0,878.0,-9999.0,7.0,Soil moisture retrieval doesn't have recommended quality,Soil moisture retrieval was skipped,Soil moisture retrieval was not successful,Freeze/thaw state retrieval was successful,Not used
TM01,25.4479389,-98.01216666666667,2022-10-20,h00v00,463.0,878.0,0.1904993,8.0,Soil moisture retrieval has recommended quality,Soil moisture retrieval was attempted,Soil moisture retrieval was successful,Freeze/thaw state retrieval was not successful,
TM01,25.4479389,-98.01216666666667,2022-10-21,h00v00,463.0,878.0,0.1430622,8.0,Soil moisture retrieval has recommended quality,Soil moisture retrieval was attempted,Soil moisture retrieval was successful,Freeze/thaw state retrieval was not successful,
TM01,25.4479389,-98.01216666666667,2022-10-22,h00v00,463.0,878.0,-9999.0,7.0,Soil moisture retrieval doesn't have recommended quality,Soil moisture retrieval was skipped,Soil moisture retrieval was not successful,Freeze/thaw state retrieval was successful,Not used
TM01,25.4479389,-98.01216666666667,2022-10-23,h00v00,463.0,878.0,0.1365079,8.0,Soil moisture retrieval has recommended quality,Soil moisture retrieval was attempted,Soil moisture retrieval was successful,Freeze/thaw state retrieval was not successful,
TM01,25.4479389,-98.01216666666667,2022-10-24,h00v00,463.0,878.0,-9999.0,7.0,Soil moisture retrieval doesn't have recommended quality,Soil moisture retrieval was skipped,Soil moisture retrieval was not successful,Freeze/thaw state retrieval was successful,Not used
TM01,25.4479389,-98.01216666666667,2022-10-25,h00v00,463.0,878.0,-9999.0,7.0,Soil moisture retrieval doesn't have recommended quality,Soil moisture retrieval was skipped,Soil moisture retrieval was not successful,Freeze/thaw state retrieval was successful,Not used
TM01,25.4479389,-98.01216666666667,2022-10-26,h00v00,463.0,878.0,0.1037482,8.0,Soil moisture retrieval has recommended quality,Soil moisture retrieval was attempted,Soil moisture retrieval was successful,Freeze/thaw state retrieval was not successful,
TM01,25.4479389,-98.01216666666667,2022-10-27,h00v00,463.0,878.0,-9999.0,7.0,Soil moisture retrieval doesn't have recommended quality,Soil moisture retrieval was skipped,Soil moisture retrieval was not successful,Freeze/thaw state retrieval was successful,Not used
TM01,25.4479389,-98.01216666666667,2022-10-28,h00v00,463.0,878.0,0.1272428,8.0,Soil moisture retrieval has recommended quality,Soil moisture retrieval was attempted,Soil moisture retrieval was successful,Freeze/thaw state retrieval was not successful,
TM01,25.4479389,-98.01216666666667,2022-10-29,h00v00,463.0,878.0,0.1132662,8.0,Soil moisture retrieval has recommended quality,Soil moisture retrieval was attempted,Soil moisture retrieval was successful,Freeze/thaw state retrieval was not successful,
TM01,25.4479389,-98.01216666666667,2022-10-30,h00v00,463.0,878.0,-9999.0,7.0,Soil moisture retrieval doesn't have recommended quality,Soil moisture retrieval was skipped,Soil moisture retrieval was not successful,Freeze/thaw state retrieval was successful,Not used
TM01,25.4479389,-98.01216666666667,2022-10-31,h00v00,463.0,878.0,0.0872882,8.0,Soil moisture retrieval has recommended quality,Soil moisture retrieval was attempted,Soil moisture retrieval was successful,Freeze/thaw state retrieval was not successful,
TM01,25.4479389,-98.01216666666667,2022-11-01,h00v00,463.0,878.0,-9999.0,7.0,Soil moisture retrieval doesn't have recommended quality,Soil moisture retrieval was skipped,Soil moisture retrieval was not successful,Freeze/thaw state retrieval was successful,Not used
TM01,25.4479389,-98.01216666666667,2022-11-02,h00v00,463.0,878.0,-9999.0,7.0,Soil moisture retrieval doesn't have recommended quality,Soil moisture retrieval was skipped,Soil moisture retrieval was not successful,Freeze/thaw state retrieval was successful,Not used
TM01,25.4479389,-98.01216666666667,2022-11-03,h00v00,463.0,878.0,0.2604743,8.0,Soil moisture retrieval has recommended quality,Soil moisture retrieval was attempted,Soil moisture retrieval was successful,Freeze/thaw state retrieval was not successful,
TM01,25.4479389,-98.01216666666667,2022-11-04,h00v00,463.0,878.0,-9999.0,7.0,Soil moisture retrieval doesn't have recommended quality,Soil moisture retrieval was skipped,Soil moisture retrieval was not successful,Freeze/thaw state retrieval was successful,Not used
TM01,25.4479389,-98.01216666666667,2022-11-05,h00v00,463.0,878.0,0.1732947,8.0,Soil moisture retrieval has recommended quality,Soil moisture retrieval was attempted,Soil moisture retrieval was successful,Freeze/thaw state retrieval was not successful,
TM01,25.4479389,-98.01216666666667,2022-11-06,h00v00,463.0,878.0,0.1432192,8.0,Soil moisture retrieval has recommended quality,Soil moisture retrieval was attempted,Soil moisture retrieval was successful,Freeze/thaw state retrieval was not successful,
TM01,25.4479389,-98.01216666666667,2022-11-07,h00v00,463.0,878.0,-9999.0,7.0,Soil moisture retrieval doesn't have recommended quality,Soil moisture retrieval was skipped,Soil moisture retrieval was not successful,Freeze/thaw state retrieval was successful,Not used
TM01,25.4479389,-98.01216666666667,2022-11-08,h00v00,463.0,878.0,0.1522355,8.0,Soil moisture retrieval has recommended quality,Soil moisture retrieval was attempted,Soil moisture retrieval was successful,Freeze/thaw state retrieval was not successful,
TM01,25.4479389,-98.01216666666667,2022-11-09,h00v00,463.0,878.0,-9999.0,7.0,Soil moisture retrieval doesn't have recommended quality,Soil moisture retrieval was skipped,Soil moisture retrieval was not successful,Freeze/thaw state retrieval was successful,Not used
TM01,25.4479389,-98.01216666666667,2022-11-10,h00v00,463.0,878.0,-9999.0,7.0,Soil moisture retrieval doesn't have recommended quality,Soil moisture retrieval was skipped,Soil moisture retrieval was not successful,Freeze/thaw state retrieval was successful,Not used
TM01,25.4479389,-98.01216666666667,2022-11-11,h00v00,463.0,878.0,0.130374,8.0,Soil moisture retrieval has recommended quality,Soil moisture retrieval was attempted,Soil moisture retrieval was successful,Freeze/thaw state retrieval was not successful,
TM01,25.4479389,-98.01216666666667,2022-11-12,h00v00,463.0,878.0,-9999.0,7.0,Soil moisture retrieval doesn't have recommended quality,Soil moisture retrieval was skipped,Soil moisture retrieval was not successful,Freeze/thaw state retrieval was successful,Not used
TM01,25.4479389,-98.01216666666667,2022-11-13,h00v00,463.0,878.0,0.1752429,8.0,Soil moisture retrieval has recommended quality,Soil moisture retrieval was attempted,Soil moisture retrieval was successful,Freeze/thaw state retrieval was not successful,
TM01,25.4479389,-98.01216666666667,2022-11-14,h00v00,463.0,878.0,0.1966533,8.0,Soil moisture retrieval has recommended quality,Soil moisture retrieval was attempted,Soil moisture retrieval was successful,Freeze/thaw state retrieval was not successful,
TM01,25.4479389,-98.01216666666667,2022-11-15,h00v00,463.0,878.0,-9999.0,7.0,Soil moisture retrieval doesn't have recommended quality,Soil moisture retrieval was skipped,Soil moisture retrieval was not successful,Freeze/thaw state retrieval was successful,Not used
TM01,25.4479389,-98.01216666666667,2022-11-16,h00v00,463.0,878.0,-9999.0,7.0,Soil moisture retrieval doesn't have recommended quality,Soil moisture retrieval was skipped,Soil moisture retrieval was not successful,Freeze/thaw state retrieval was successful,Not used
TM01,25.4479389,-98.01216666666667,2022-11-18,h00v00,463.0,878.0,-9999.0,7.0,Soil moisture retrieval doesn't have recommended quality,Soil moisture retrieval was skipped,Soil moisture retrieval was not successful,Freeze/thaw state retrieval was successful,Not used
TM01,25.4479389,-98.01216666666667,2022-11-19,h00v00,463.0,878.0,0.3272218,13.0,Soil moisture retrieval doesn't have recommended quality,Soil moisture retrieval was attempted,Soil moisture retrieval was not successful,Freeze/thaw state retrieval was not successful,
TM01,25.4479389,-98.01216666666667,2022-11-20,h00v00,463.0,878.0,-9999.0,7.0,Soil moisture retrieval doesn't have recommended quality,Soil moisture retrieval was skipped,Soil moisture retrieval was not successful,Freeze/thaw state retrieval was successful,Not used
TM01,25.4479389,-98.01216666666667,2022-11-21,h00v00,463.0,878.0,0.328772,13.0,Soil moisture retrieval doesn't have recommended quality,Soil moisture retrieval was attempted,Soil moisture retrieval was not successful,Freeze/thaw state retrieval was not successful,
TM01,25.4479389,-98.01216666666667,2022-11-22,h00v00,463.0,878.0,0.4051686,13.0,Soil moisture retrieval doesn't have recommended quality,Soil moisture retrieval was attempted,Soil moisture retrieval was not successful,Freeze/thaw state retrieval was not successful,
TM01,25.4479389,-98.01216666666667,2022-11-23,h00v00,463.0,878.0,-9999.0,7.0,Soil moisture retrieval doesn't have recommended quality,Soil moisture retrieval was skipped,Soil moisture retrieval was not successful,Freeze/thaw state retrieval was successful,Not used
TM01,25.4479389,-98.01216666666667,2022-11-24,h00v00,463.0,878.0,0.3911589,13.0,Soil moisture retrieval doesn't have recommended quality,Soil moisture retrieval was attempted,Soil moisture retrieval was not successful,Freeze/thaw state retrieval was not successful,
TM01,25.4479389,-98.01216666666667,2022-11-25,h00v00,463.0,878.0,-9999.0,7.0,Soil moisture retrieval doesn't have recommended quality,Soil moisture retrieval was skipped,Soil moisture retrieval was not successful,Freeze/thaw state retrieval was successful,Not used
TM01,25.4479389,-98.01216666666667,2022-11-26,h00v00,463.0,878.0,-9999.0,7.0,Soil moisture retrieval doesn't have recommended quality,Soil moisture retrieval was skipped,Soil moisture retrieval was not successful,Freeze/thaw state retrieval was successful,Not used
TM01,25.4479389,-98.01216666666667,2022-11-27,h00v00,463.0,878.0,0.3471335,13.0,Soil moisture retrieval doesn't have recommended quality,Soil moisture retrieval was attempted,Soil moisture retrieval was not successful,Freeze/thaw state retrieval was not successful,
TM01,25.4479389,-98.01216666666667,2022-11-28,h00v00,463.0,878.0,-9999.0,7.0,Soil moisture retrieval doesn't have recommended quality,Soil moisture retrieval was skipped,Soil moisture retrieval was not successful,Freeze/thaw state retrieval was successful,Not used
TM01,25.4479389,-98.01216666666667,2022-11-29,h00v00,463.0,878.0,0.2805918,13.0,Soil moisture retrieval doesn't have recommended quality,Soil moisture retrieval was attempted,Soil moisture retrieval was not successful,Freeze/thaw state retrieval was not successful,
TM01,25.4479389,-98.01216666666667,2022-11-30,h00v00,463.0,878.0,0.2492308,13.0,Soil moisture retrieval doesn't have recommended quality,Soil moisture retrieval was attempted,Soil moisture retrieval was not successful,Freeze/thaw state retrieval was not successful,
TM01,25.4479389,-98.01216666666667,2022-12-01,h00v00,463.0,878.0,-9999.0,7.0,Soil moisture retrieval doesn't have recommended quality,Soil moisture retrieval was skipped,Soil moisture retrieval was not successful,Freeze/thaw state retrieval was successful,Not used
TM01,25.4479389,-98.01216666666667,2022-12-02,h00v00,463.0,878.0,0.2827546,13.0,Soil moisture retrieval doesn't have recommended quality,Soil moisture retrieval was attempted,Soil moisture retrieval was not successful,Freeze/thaw state retrieval was not successful,
TM01,25.4479389,-98.01216666666667,2022-12-03,h00v00,463.0,878.0,-9999.0,7.0,Soil moisture retrieval doesn't have recommended quality,Soil moisture retrieval was skipped,Soil moisture retrieval was not successful,Freeze/thaw state retrieval was successful,Not used
TM01,25.4479389,-98.01216666666667,2022-12-04,h00v00,463.0,878.0,-9999.0,7.0,Soil moisture retrieval doesn't have recommended quality,Soil moisture retrieval was skipped,Soil moisture retrieval was not successful,Freeze/thaw state retrieval was successful,Not used
TM01,25.4479389,-98.01216666666667,2022-12-05,h00v00,463.0,878.0,0.254068,8.0,Soil moisture retrieval has recommended quality,Soil moisture retrieval was attempted,Soil moisture retrieval was successful,Freeze/thaw state retrieval was not successful,
TM01,25.4479389,-98.01216666666667,2022-12-06,h00v00,463.0,878.0,-9999.0,7.0,Soil moisture retrieval doesn't have recommended quality,Soil moisture retrieval was skipped,Soil moisture retrieval was not successful,Freeze/thaw state retrieval was successful,Not used
TM01,25.4479389,-98.01216666666667,2022-12-07,h00v00,463.0,878.0,0.2075186,8.0,Soil moisture retrieval has recommended quality,Soil moisture retrieval was attempted,Soil moisture retrieval was successful,Freeze/thaw state retrieval was not successful,
TM01,25.4479389,-98.01216666666667,2022-12-08,h00v00,463.0,878.0,0.1873545,8.0,Soil moisture retrieval has recommended quality,Soil moisture retrieval was attempted,Soil moisture retrieval was successful,Freeze/thaw state retrieval was not successful,
TM01,25.4479389,-98.01216666666667,2022-12-09,h00v00,463.0,878.0,-9999.0,7.0,Soil moisture retrieval doesn't have recommended quality,Soil moisture retrieval was skipped,Soil moisture retrieval was not successful,Freeze/thaw state retrieval was successful,Not used
TM01,25.4479389,-98.01216666666667,2022-12-10,h00v00,463.0,878.0,0.1646501,8.0,Soil moisture retrieval has recommended quality,Soil moisture retrieval was attempted,Soil moisture retrieval was successful,Freeze/thaw state retrieval was not successful,
TM01,25.4479389,-98.01216666666667,2022-12-11,h00v00,463.0,878.0,-9999.0,7.0,Soil moisture retrieval doesn't have recommended quality,Soil moisture retrieval was skipped,Soil moisture retrieval was not successful,Freeze/thaw state retrieval was successful,Not used
TM01,25.4479389,-98.01216666666667,2022-12-12,h00v00,463.0,878.0,-9999.0,7.0,Soil moisture retrieval doesn't have recommended quality,Soil moisture retrieval was skipped,Soil moisture retrieval was not successful,Freeze/thaw state retrieval was successful,Not used
TM01,25.4479389,-98.01216666666667,2022-12-13,h00v00,463.0,878.0,0.1523617,8.0,Soil moisture retrieval has recommended quality,Soil moisture retrieval was attempted,Soil moisture retrieval was successful,Freeze/thaw state retrieval was not successful,
TM01,25.4479389,-98.01216666666667,2022-12-14,h00v00,463.0,878.0,-9999.0,7.0,Soil moisture retrieval doesn't have recommended quality,Soil moisture retrieval was skipped,Soil moisture retrieval was not successful,Freeze/thaw state retrieval was successful,Not used
TM01,25.4479389,-98.01216666666667,2022-12-15,h00v00,463.0,878.0,0.1539763,8.0,Soil moisture retrieval has recommended quality,Soil moisture retrieval was attempted,Soil moisture retrieval was successful,Freeze/thaw state retrieval was not successful,
TM01,25.4479389,-98.01216666666667,2022-12-16,h00v00,463.0,878.0,0.1254758,8.0,Soil moisture retrieval has recommended quality,Soil moisture retrieval was attempted,Soil moisture retrieval was successful,Freeze/thaw state retrieval was not successful,
TM01,25.4479389,-98.01216666666667,2022-12-17,h00v00,463.0,878.0,-9999.0,7.0,Soil moisture retrieval doesn't have recommended quality,Soil moisture retrieval was skipped,Soil moisture retrieval was not successful,Freeze/thaw state retrieval was successful,Not used
TM01,25.4479389,-98.01216666666667,2022-12-18,h00v00,463.0,878.0,0.2132751,8.0,Soil moisture retrieval has recommended quality,Soil moisture retrieval was attempted,Soil moisture retrieval was successful,Freeze/thaw state retrieval was not successful,
TM01,25.4479389,-98.01216666666667,2022-12-19,h00v00,463.0,878.0,-9999.0,7.0,Soil moisture retrieval doesn't have recommended quality,Soil moisture retrieval was skipped,Soil moisture retrieval was not successful,Freeze/thaw state retrieval was successful,Not used
TM01,25.4479389,-98.01216666666667,2022-12-20,h00v00,463.0,878.0,-9999.0,7.0,Soil moisture retrieval doesn't have recommended quality,Soil moisture retrieval was skipped,Soil moisture retrieval was not successful,Freeze/thaw state retrieval was successful,Not used
TM01,25.4479389,-98.01216666666667,2022-12-21,h00v00,463.0,878.0,0.1618053,8.0,Soil moisture retrieval has recommended quality,Soil moisture retrieval was attempted,Soil moisture retrieval was successful,Freeze/thaw state retrieval was not successful,
TM01,25.4479389,-98.01216666666667,2022-12-22,h00v00,463.0,878.0,-9999.0,7.0,Soil moisture retrieval doesn't have recommended quality,Soil moisture retrieval was skipped,Soil moisture retrieval was not successful,Freeze/thaw state retrieval was successful,Not used
TM01,25.4479389,-98.01216666666667,2022-12-23,h00v00,463.0,878.0,0.1733359,8.0,Soil moisture retrieval has recommended quality,Soil moisture retrieval was attempted,Soil moisture retrieval was successful,Freeze/thaw state retrieval was not successful,
TM01,25.4479389,-98.01216666666667,2022-12-24,h00v00,463.0,878.0,0.1189427,8.0,Soil moisture retrieval has recommended quality,Soil moisture retrieval was attempted,Soil moisture retrieval was successful,Freeze/thaw state retrieval was not successful,
TM01,25.4479389,-98.01216666666667,2022-12-25,h00v00,463.0,878.0,-9999.0,7.0,Soil moisture retrieval doesn't have recommended quality,Soil moisture retrieval was skipped,Soil moisture retrieval was not successful,Freeze/thaw state retrieval was successful,Not used
TM01,25.4479389,-98.01216666666667,2022-12-26,h00v00,463.0,878.0,0.076376,8.0,Soil moisture retrieval has recommended quality,Soil moisture retrieval was attempted,Soil moisture retrieval was successful,Freeze/thaw state retrieval was not successful,
TM01,25.4479389,-98.01216666666667,2022-12-27,h00v00,463.0,878.0,-9999.0,7.0,Soil moisture retrieval doesn't have recommended quality,Soil moisture retrieval was skipped,Soil moisture retrieval was not successful,Freeze/thaw state retrieval was successful,Not used
TM01,25.4479389,-98.01216666666667,2022-12-28,h00v00,463.0,878.0,-9999.0,7.0,Soil moisture retrieval doesn't have recommended quality,Soil moisture retrieval was skipped,Soil moisture retrieval was not successful,Freeze/thaw state retrieval was successful,Not used
TM01,25.4479389,-98.01216666666667,2022-12-29,h00v00,463.0,878.0,0.1037051,8.0,Soil moisture retrieval has recommended quality,Soil moisture retrieval was attempted,Soil moisture retrieval was successful,Freeze/thaw state retrieval was not successful,
TM01,25.4479389,-98.01216666666667,2022-12-30,h00v00,463.0,878.0,-9999.0,7.0,Soil moisture retrieval doesn't have recommended quality,Soil moisture retrieval was skipped,Soil moisture retrieval was not successful,Freeze/thaw state retrieval was successful,Not used
TM01,25.4479389,-98.01216666666667,2022-12-31,h00v00,463.0,878.0,0.1113961,8.0,Soil moisture retrieval has recommended quality,Soil moisture retrieval was attempted,Soil moisture retrieval was successful,Freeze/thaw state retrieval was not successful,
TM01,25.4479389,-98.01216666666667,2023-01-01,h00v00,463.0,878.0,0.089946,8.0,Soil moisture retrieval has recommended quality,Soil moisture retrieval was attempted,Soil moisture retrieval was successful,Freeze/thaw state retrieval was not successful,
TM01,25.4479389,-98.01216666666667,2023-01-02,h00v00,463.0,878.0,-9999.0,7.0,Soil moisture retrieval doesn't have recommended quality,Soil moisture retrieval was skipped,Soil moisture retrieval was not successful,Freeze/thaw state retrieval was successful,Not used
TM01,25.4479389,-98.01216666666667,2023-01-03,h00v00,463.0,878.0,0.1117681,8.0,Soil moisture retrieval has recommended quality,Soil moisture retrieval was attempted,Soil moisture retrieval was successful,Freeze/thaw state retrieval was not successful,
TM01,25.4479389,-98.01216666666667,2023-01-04,h00v00,463.0,878.0,-9999.0,7.0,Soil moisture retrieval doesn't have recommended quality,Soil moisture retrieval was skipped,Soil moisture retrieval was not successful,Freeze/thaw state retrieval was successful,Not used
TM01,25.4479389,-98.01216666666667,2023-01-05,h00v00,463.0,878.0,-9999.0,7.0,Soil moisture retrieval doesn't have recommended quality,Soil moisture retrieval was skipped,Soil moisture retrieval was not successful,Freeze/thaw state retrieval was successful,Not used
TM01,25.4479389,-98.01216666666667,2023-01-06,h00v00,463.0,878.0,0.1104612,8.0,Soil moisture retrieval has recommended quality,Soil moisture retrieval was attempted,Soil moisture retrieval was successful,Freeze/thaw state retrieval was not successful,
TM01,25.4479389,-98.01216666666667,2023-01-07,h00v00,463.0,878.0,-9999.0,7.0,Soil moisture retrieval doesn't have recommended quality,Soil moisture retrieval was skipped,Soil moisture retrieval was not successful,Freeze/thaw state retrieval was successful,Not used
TM01,25.4479389,-98.01216666666667,2023-01-08,h00v00,463.0,878.0,0.1092106,8.0,Soil moisture retrieval has recommended quality,Soil moisture retrieval was attempted,Soil moisture retrieval was successful,Freeze/thaw state retrieval was not successful,
TM01,25.4479389,-98.01216666666667,2023-01-09,h00v00,463.0,878.0,0.0951829,8.0,Soil moisture retrieval has recommended quality,Soil moisture retrieval was attempted,Soil moisture retrieval was successful,Freeze/thaw state retrieval was not successful,
TM01,25.4479389,-98.01216666666667,2023-01-10,h00v00,463.0,878.0,-9999.0,7.0,Soil moisture retrieval doesn't have recommended quality,Soil moisture retrieval was skipped,Soil moisture retrieval was not successful,Freeze/thaw state retrieval was successful,Not used
TM01,25.4479389,-98.01216666666667,2023-01-11,h00v00,463.0,878.0,0.1042399,8.0,Soil moisture retrieval has recommended quality,Soil moisture retrieval was attempted,Soil moisture retrieval was successful,Freeze/thaw state retrieval was not successful,
TM01,25.4479389,-98.01216666666667,2023-01-12,h00v00,463.0,878.0,-9999.0,7.0,Soil moisture retrieval doesn't have recommended quality,Soil moisture retrieval was skipped,Soil moisture retrieval was not successful,Freeze/thaw state retrieval was successful,Not used
TM01,25.4479389,-98.01216666666667,2023-01-13,h00v00,463.0,878.0,-9999.0,7.0,Soil moisture retrieval doesn't have recommended quality,Soil moisture retrieval was skipped,Soil moisture retrieval was not successful,Freeze/thaw state retrieval was successful,Not used
TM01,25.4479389,-98.01216666666667,2023-01-14,h00v00,463.0,878.0,0.1157889,8.0,Soil moisture retrieval has recommended quality,Soil moisture retrieval was attempted,Soil moisture retrieval was successful,Freeze/thaw state retrieval was not successful,
TM01,25.4479389,-98.01216666666667,2023-01-15,h00v00,463.0,878.0,-9999.0,7.0,Soil moisture retrieval doesn't have recommended quality,Soil moisture retrieval was skipped,Soil moisture retrieval was not successful,Freeze/thaw state retrieval was successful,Not used
TM01,25.4479389,-98.01216666666667,2023-01-16,h00v00,463.0,878.0,0.1107607,8.0,Soil moisture retrieval has recommended quality,Soil moisture retrieval was attempted,Soil moisture retrieval was successful,Freeze/thaw state retrieval was not successful,
TM01,25.4479389,-98.01216666666667,2023-01-17,h00v00,463.0,878.0,0.0953874,8.0,Soil moisture retrieval has recommended quality,Soil moisture retrieval was attempted,Soil moisture retrieval was successful,Freeze/thaw state retrieval was not successful,
TM01,25.4479389,-98.01216666666667,2023-01-18,h00v00,463.0,878.0,-9999.0,7.0,Soil moisture retrieval doesn't have recommended quality,Soil moisture retrieval was skipped,Soil moisture retrieval was not successful,Freeze/thaw state retrieval was successful,Not used
TM01,25.4479389,-98.01216666666667,2023-01-19,h00v00,463.0,878.0,0.1041905,8.0,Soil moisture retrieval has recommended quality,Soil moisture retrieval was attempted,Soil moisture retrieval was successful,Freeze/thaw state retrieval was not successful,
TM01,25.4479389,-98.01216666666667,2023-01-20,h00v00,463.0,878.0,-9999.0,7.0,Soil moisture retrieval doesn't have recommended quality,Soil moisture retrieval was skipped,Soil moisture retrieval was not successful,Freeze/thaw state retrieval was successful,Not used
TM01,25.4479389,-98.01216666666667,2023-01-21,h00v00,463.0,878.0,-9999.0,7.0,Soil moisture retrieval doesn't have recommended quality,Soil moisture retrieval was skipped,Soil moisture retrieval was not successful,Freeze/thaw state retrieval was successful,Not used
TM01,25.4479389,-98.01216666666667,2023-01-22,h00v00,463.0,878.0,0.1043441,8.0,Soil moisture retrieval has recommended quality,Soil moisture retrieval was attempted,Soil moisture retrieval was successful,Freeze/thaw state retrieval was not successful,
TM01,25.4479389,-98.01216666666667,2023-01-23,h00v00,463.0,878.0,-9999.0,7.0,Soil moisture retrieval doesn't have recommended quality,Soil moisture retrieval was skipped,Soil moisture retrieval was not successful,Freeze/thaw state retrieval was successful,Not used
TM01,25.4479389,-98.01216666666667,2023-01-24,h00v00,463.0,878.0,0.1917341,8.0,Soil moisture retrieval has recommended quality,Soil moisture retrieval was attempted,Soil moisture retrieval was successful,Freeze/thaw state retrieval was not successful,
TM01,25.4479389,-98.01216666666667,2023-01-25,h00v00,463.0,878.0,0.1150826,8.0,Soil moisture retrieval has recommended quality,Soil moisture retrieval was attempted,Soil moisture retrieval was successful,Freeze/thaw state retrieval was not successful,
TM01,25.4479389,-98.01216666666667,2023-01-26,h00v00,463.0,878.0,-9999.0,7.0,Soil moisture retrieval doesn't have recommended quality,Soil moisture retrieval was skipped,Soil moisture retrieval was not successful,Freeze/thaw state retrieval was successful,Not used
TM01,25.4479389,-98.01216666666667,2023-01-27,h00v00,463.0,878.0,0.090911,8.0,Soil moisture retrieval has recommended quality,Soil moisture retrieval was attempted,Soil moisture retrieval was successful,Freeze/thaw state retrieval was not successful,
TM01,25.4479389,-98.01216666666667,2023-01-28,h00v00,463.0,878.0,-9999.0,7.0,Soil moisture retrieval doesn't have recommended quality,Soil moisture retrieval was skipped,Soil moisture retrieval was not successful,Freeze/thaw state retrieval was successful,Not used
TM01,25.4479389,-98.01216666666667,2023-01-29,h00v00,463.0,878.0,-9999.0,7.0,Soil moisture retrieval doesn't have recommended quality,Soil moisture retrieval was skipped,Soil moisture retrieval was not successful,Freeze/thaw state retrieval was successful,Not used
TM01,25.4479389,-98.01216666666667,2023-01-30,h00v00,463.0,878.0,0.1119616,8.0,Soil moisture retrieval has recommended quality,Soil moisture retrieval was attempted,Soil moisture retrieval was successful,Freeze/thaw state retrieval was not successful,
TM01,25.4479389,-98.01216666666667,2023-01-31,h00v00,463.0,878.0,-9999.0,7.0,Soil moisture retrieval doesn't have recommended quality,Soil moisture retrieval was skipped,Soil moisture retrieval was not successful,Freeze/thaw state retrieval was successful,Not used
TM01,25.4479389,-98.01216666666667,2023-02-01,h00v00,463.0,878.0,0.2526179,8.0,Soil moisture retrieval has recommended quality,Soil moisture retrieval was attempted,Soil moisture retrieval was successful,Freeze/thaw state retrieval was not successful,
TM01,25.4479389,-98.01216666666667,2023-02-02,h00v00,463.0,878.0,0.2354456,8.0,Soil moisture retrieval has recommended quality,Soil moisture retrieval was attempted,Soil moisture retrieval was successful,Freeze/thaw state retrieval was not successful,
TM01,25.4479389,-98.01216666666667,2023-02-03,h00v00,463.0,878.0,-9999.0,7.0,Soil moisture retrieval doesn't have recommended quality,Soil moisture retrieval was skipped,Soil moisture retrieval was not successful,Freeze/thaw state retrieval was successful,Not used
TM01,25.4479389,-98.01216666666667,2023-02-04,h00v00,463.0,878.0,0.146134,8.0,Soil moisture retrieval has recommended quality,Soil moisture retrieval was attempted,Soil moisture retrieval was successful,Freeze/thaw state retrieval was not successful,
TM01,25.4479389,-98.01216666666667,2023-02-05,h00v00,463.0,878.0,-9999.0,7.0,Soil moisture retrieval doesn't have recommended quality,Soil moisture retrieval was skipped,Soil moisture retrieval was not successful,Freeze/thaw state retrieval was successful,Not used
TM01,25.4479389,-98.01216666666667,2023-02-06,h00v00,463.0,878.0,-9999.0,7.0,Soil moisture retrieval doesn't have recommended quality,Soil moisture retrieval was skipped,Soil moisture retrieval was not successful,Freeze/thaw state retrieval was successful,Not used
TM01,25.4479389,-98.01216666666667,2023-02-07,h00v00,463.0,878.0,0.0943617,8.0,Soil moisture retrieval has recommended quality,Soil moisture retrieval was attempted,Soil moisture retrieval was successful,Freeze/thaw state retrieval was not successful,
TM01,25.4479389,-98.01216666666667,2023-02-08,h00v00,463.0,878.0,-9999.0,7.0,Soil moisture retrieval doesn't have recommended quality,Soil moisture retrieval was skipped,Soil moisture retrieval was not successful,Freeze/thaw state retrieval was successful,Not used
TM01,25.4479389,-98.01216666666667,2023-02-09,h00v00,463.0,878.0,0.1380645,8.0,Soil moisture retrieval has recommended quality,Soil moisture retrieval was attempted,Soil moisture retrieval was successful,Freeze/thaw state retrieval was not successful,
TM01,25.4479389,-98.01216666666667,2023-02-10,h00v00,463.0,878.0,0.0835316,8.0,Soil moisture retrieval has recommended quality,Soil moisture retrieval was attempted,Soil moisture retrieval was successful,Freeze/thaw state retrieval was not successful,
TM01,25.4479389,-98.01216666666667,2023-02-11,h00v00,463.0,878.0,-9999.0,7.0,Soil moisture retrieval doesn't have recommended quality,Soil moisture retrieval was skipped,Soil moisture retrieval was not successful,Freeze/thaw state retrieval was successful,Not used
TM01,25.4479389,-98.01216666666667,2023-02-12,h00v00,463.0,878.0,0.1064282,8.0,Soil moisture retrieval has recommended quality,Soil moisture retrieval was attempted,Soil moisture retrieval was successful,Freeze/thaw state retrieval was not successful,
TM01,25.4479389,-98.01216666666667,2023-02-13,h00v00,463.0,878.0,-9999.0,7.0,Soil moisture retrieval doesn't have recommended quality,Soil moisture retrieval was skipped,Soil moisture retrieval was not successful,Freeze/thaw state retrieval was successful,Not used
TM01,25.4479389,-98.01216666666667,2023-02-14,h00v00,463.0,878.0,-9999.0,7.0,Soil moisture retrieval doesn't have recommended quality,Soil moisture retrieval was skipped,Soil moisture retrieval was not successful,Freeze/thaw state retrieval was successful,Not used
TM01,25.4479389,-98.01216666666667,2023-02-15,h00v00,463.0,878.0,0.1017706,8.0,Soil moisture retrieval has recommended quality,Soil moisture retrieval was attempted,Soil moisture retrieval was successful,Freeze/thaw state retrieval was not successful,
TM01,25.4479389,-98.01216666666667,2023-02-16,h00v00,463.0,878.0,-9999.0,7.0,Soil moisture retrieval doesn't have recommended quality,Soil moisture retrieval was skipped,Soil moisture retrieval was not successful,Freeze/thaw state retrieval was successful,Not used
TM01,25.4479389,-98.01216666666667,2023-02-17,h00v00,463.0,878.0,0.1105805,8.0,Soil moisture retrieval has recommended quality,Soil moisture retrieval was attempted,Soil moisture retrieval was successful,Freeze/thaw state retrieval was not successful,
TM01,25.4479389,-98.01216666666667,2023-02-18,h00v00,463.0,878.0,0.086718,8.0,Soil moisture retrieval has recommended quality,Soil moisture retrieval was attempted,Soil moisture retrieval was successful,Freeze/thaw state retrieval was not successful,
TM01,25.4479389,-98.01216666666667,2023-02-19,h00v00,463.0,878.0,-9999.0,7.0,Soil moisture retrieval doesn't have recommended quality,Soil moisture retrieval was skipped,Soil moisture retrieval was not successful,Freeze/thaw state retrieval was successful,Not used
TM01,25.4479389,-98.01216666666667,2023-02-20,h00v00,463.0,878.0,0.0897994,8.0,Soil moisture retrieval has recommended quality,Soil moisture retrieval was attempted,Soil moisture retrieval was successful,Freeze/thaw state retrieval was not successful,
TM01,25.4479389,-98.01216666666667,2023-02-21,h00v00,463.0,878.0,-9999.0,7.0,Soil moisture retrieval doesn't have recommended quality,Soil moisture retrieval was skipped,Soil moisture retrieval was not successful,Freeze/thaw state retrieval was successful,Not used
TM01,25.4479389,-98.01216666666667,2023-02-22,h00v00,463.0,878.0,-9999.0,7.0,Soil moisture retrieval doesn't have recommended quality,Soil moisture retrieval was skipped,Soil moisture retrieval was not successful,Freeze/thaw state retrieval was successful,Not used
TM01,25.4479389,-98.01216666666667,2023-02-23,h00v00,463.0,878.0,0.1159532,8.0,Soil moisture retrieval has recommended quality,Soil moisture retrieval was attempted,Soil moisture retrieval was successful,Freeze/thaw state retrieval was not successful,
TM01,25.4479389,-98.01216666666667,2023-02-24,h00v00,463.0,878.0,-9999.0,7.0,Soil moisture retrieval doesn't have recommended quality,Soil moisture retrieval was skipped,Soil moisture retrieval was not successful,Freeze/thaw state retrieval was successful,Not used
TM01,25.4479389,-98.01216666666667,2023-02-25,h00v00,463.0,878.0,0.1321317,8.0,Soil moisture retrieval has recommended quality,Soil moisture retrieval was attempted,Soil moisture retrieval was successful,Freeze/thaw state retrieval was not successful,
TM01,25.4479389,-98.01216666666667,2023-02-26,h00v00,463.0,878.0,0.1028105,8.0,Soil moisture retrieval has recommended quality,Soil moisture retrieval was attempted,Soil moisture retrieval was successful,Freeze/thaw state retrieval was not successful,
TM01,25.4479389,-98.01216666666667,2023-02-27,h00v00,463.0,878.0,-9999.0,7.0,Soil moisture retrieval doesn't have recommended quality,Soil moisture retrieval was skipped,Soil moisture retrieval was not successful,Freeze/thaw state retrieval was successful,Not used
TM01,25.4479389,-98.01216666666667,2023-02-28,h00v00,463.0,878.0,0.1013674,8.0,Soil moisture retrieval has recommended quality,Soil moisture retrieval was attempted,Soil moisture retrieval was successful,Freeze/thaw state retrieval was not successful,
TM01,25.4479389,-98.01216666666667,2023-03-01,h00v00,463.0,878.0,-9999.0,7.0,Soil moisture retrieval doesn't have recommended quality,Soil moisture retrieval was skipped,Soil moisture retrieval was not successful,Freeze/thaw state retrieval was successful,Not used
TM01,25.4479389,-98.01216666666667,2023-03-02,h00v00,463.0,878.0,-9999.0,7.0,Soil moisture retrieval doesn't have recommended quality,Soil moisture retrieval was skipped,Soil moisture retrieval was not successful,Freeze/thaw state retrieval was successful,Not used
TM01,25.4479389,-98.01216666666667,2023-03-03,h00v00,463.0,878.0,0.1141914,8.0,Soil moisture retrieval has recommended quality,Soil moisture retrieval was attempted,Soil moisture retrieval was successful,Freeze/thaw state retrieval was not successful,
TM01,25.4479389,-98.01216666666667,2023-03-04,h00v00,463.0,878.0,-9999.0,7.0,Soil moisture retrieval doesn't have recommended quality,Soil moisture retrieval was skipped,Soil moisture retrieval was not successful,Freeze/thaw state retrieval was successful,Not used
TM01,25.4479389,-98.01216666666667,2023-03-05,h00v00,463.0,878.0,0.1325461,8.0,Soil moisture retrieval has recommended quality,Soil moisture retrieval was attempted,Soil moisture retrieval was successful,Freeze/thaw state retrieval was not successful,
TM01,25.4479389,-98.01216666666667,2023-03-06,h00v00,463.0,878.0,0.0887969,8.0,Soil moisture retrieval has recommended quality,Soil moisture retrieval was attempted,Soil moisture retrieval was successful,Freeze/thaw state retrieval was not successful,
TM01,25.4479389,-98.01216666666667,2023-03-07,h00v00,463.0,878.0,-9999.0,7.0,Soil moisture retrieval doesn't have recommended quality,Soil moisture retrieval was skipped,Soil moisture retrieval was not successful,Freeze/thaw state retrieval was successful,Not used
TM01,25.4479389,-98.01216666666667,2023-03-08,h00v00,463.0,878.0,0.1223046,8.0,Soil moisture retrieval has recommended quality,Soil moisture retrieval was attempted,Soil moisture retrieval was successful,Freeze/thaw state retrieval was not successful,
TM01,25.4479389,-98.01216666666667,2023-03-09,h00v00,463.0,878.0,-9999.0,7.0,Soil moisture retrieval doesn't have recommended quality,Soil moisture retrieval was skipped,Soil moisture retrieval was not successful,Freeze/thaw state retrieval was successful,Not used
TM01,25.4479389,-98.01216666666667,2023-03-10,h00v00,463.0,878.0,-9999.0,7.0,Soil moisture retrieval doesn't have recommended quality,Soil moisture retrieval was skipped,Soil moisture retrieval was not successful,Freeze/thaw state retrieval was successful,Not used
TM01,25.4479389,-98.01216666666667,2023-03-11,h00v00,463.0,878.0,0.1164821,8.0,Soil moisture retrieval has recommended quality,Soil moisture retrieval was attempted,Soil moisture retrieval was successful,Freeze/thaw state retrieval was not successful,
TM01,25.4479389,-98.01216666666667,2023-03-12,h00v00,463.0,878.0,-9999.0,7.0,Soil moisture retrieval doesn't have recommended quality,Soil moisture retrieval was skipped,Soil moisture retrieval was not successful,Freeze/thaw state retrieval was successful,Not used
TM01,25.4479389,-98.01216666666667,2023-03-13,h00v00,463.0,878.0,0.1161572,8.0,Soil moisture retrieval has recommended quality,Soil moisture retrieval was attempted,Soil moisture retrieval was successful,Freeze/thaw state retrieval was not successful,
TM01,25.4479389,-98.01216666666667,2023-03-14,h00v00,463.0,878.0,0.1492331,8.0,Soil moisture retrieval has recommended quality,Soil moisture retrieval was attempted,Soil moisture retrieval was successful,Freeze/thaw state retrieval was not successful,
TM01,25.4479389,-98.01216666666667,2023-03-15,h00v00,463.0,878.0,-9999.0,7.0,Soil moisture retrieval doesn't have recommended quality,Soil moisture retrieval was skipped,Soil moisture retrieval was not successful,Freeze/thaw state retrieval was successful,Not used
TM01,25.4479389,-98.01216666666667,2023-03-16,h00v00,463.0,878.0,0.211309,8.0,Soil moisture retrieval has recommended quality,Soil moisture retrieval was attempted,Soil moisture retrieval was successful,Freeze/thaw state retrieval was not successful,
TM01,25.4479389,-98.01216666666667,2023-03-17,h00v00,463.0,878.0,-9999.0,7.0,Soil moisture retrieval doesn't have recommended quality,Soil moisture retrieval was skipped,Soil moisture retrieval was not successful,Freeze/thaw state retrieval was successful,Not used
TM01,25.4479389,-98.01216666666667,2023-03-18,h00v00,463.0,878.0,-9999.0,7.0,Soil moisture retrieval doesn't have recommended quality,Soil moisture retrieval was skipped,Soil moisture retrieval was not successful,Freeze/thaw state retrieval was successful,Not used
TM01,25.4479389,-98.01216666666667,2023-03-19,h00v00,463.0,878.0,0.1727486,8.0,Soil moisture retrieval has recommended quality,Soil moisture retrieval was attempted,Soil moisture retrieval was successful,Freeze/thaw state retrieval was not successful,
TM01,25.4479389,-98.01216666666667,2023-03-20,h00v00,463.0,878.0,-9999.0,7.0,Soil moisture retrieval doesn't have recommended quality,Soil moisture retrieval was skipped,Soil moisture retrieval was not successful,Freeze/thaw state retrieval was successful,Not used
TM01,25.4479389,-98.01216666666667,2023-03-21,h00v00,463.0,878.0,0.2821566,8.0,Soil moisture retrieval has recommended quality,Soil moisture retrieval was attempted,Soil moisture retrieval was successful,Freeze/thaw state retrieval was not successful,
TM01,25.4479389,-98.01216666666667,2023-03-22,h00v00,463.0,878.0,0.1559983,8.0,Soil moisture retrieval has recommended quality,Soil moisture retrieval was attempted,Soil moisture retrieval was successful,Freeze/thaw state retrieval was not successful,
TM01,25.4479389,-98.01216666666667,2023-03-23,h00v00,463.0,878.0,-9999.0,7.0,Soil moisture retrieval doesn't have recommended quality,Soil moisture retrieval was skipped,Soil moisture retrieval was not successful,Freeze/thaw state retrieval was successful,Not used
TM01,25.4479389,-98.01216666666667,2023-03-24,h00v00,463.0,878.0,0.1250349,8.0,Soil moisture retrieval has recommended quality,Soil moisture retrieval was attempted,Soil moisture retrieval was successful,Freeze/thaw state retrieval was not successful,
TM01,25.4479389,-98.01216666666667,2023-03-25,h00v00,463.0,878.0,-9999.0,7.0,Soil moisture retrieval doesn't have recommended quality,Soil moisture retrieval was skipped,Soil moisture retrieval was not successful,Freeze/thaw state retrieval was successful,Not used
TM01,25.4479389,-98.01216666666667,2023-03-26,h00v00,463.0,878.0,-9999.0,7.0,Soil moisture retrieval doesn't have recommended quality,Soil moisture retrieval was skipped,Soil moisture retrieval was not successful,Freeze/thaw state retrieval was successful,Not used
TM01,25.4479389,-98.01216666666667,2023-03-27,h00v00,463.0,878.0,0.130504,8.0,Soil moisture retrieval has recommended quality,Soil moisture retrieval was attempted,Soil moisture retrieval was successful,Freeze/thaw state retrieval was not successful,
TM01,25.4479389,-98.01216666666667,2023-03-28,h00v00,463.0,878.0,-9999.0,7.0,Soil moisture retrieval doesn't have recommended quality,Soil moisture retrieval was skipped,Soil moisture retrieval was not successful,Freeze/thaw state retrieval was successful,Not used
TM01,25.4479389,-98.01216666666667,2023-03-29,h00v00,463.0,878.0,0.2811171,8.0,Soil moisture retrieval has recommended quality,Soil moisture retrieval was attempted,Soil moisture retrieval was successful,Freeze/thaw state retrieval was not successful,
TM01,25.4479389,-98.01216666666667,2023-03-30,h00v00,463.0,878.0,0.2236358,8.0,Soil moisture retrieval has recommended quality,Soil moisture retrieval was attempted,Soil moisture retrieval was successful,Freeze/thaw state retrieval was not successful,
TM01,25.4479389,-98.01216666666667,2023-03-31,h00v00,463.0,878.0,-9999.0,7.0,Soil moisture retrieval doesn't have recommended quality,Soil moisture retrieval was skipped,Soil moisture retrieval was not successful,Freeze/thaw state retrieval was successful,Not used
TM01,25.4479389,-98.01216666666667,2023-04-01,h00v00,463.0,878.0,0.1646203,8.0,Soil moisture retrieval has recommended quality,Soil moisture retrieval was attempted,Soil moisture retrieval was successful,Freeze/thaw state retrieval was not successful,
TM01,25.4479389,-98.01216666666667,2023-04-02,h00v00,463.0,878.0,-9999.0,7.0,Soil moisture retrieval doesn't have recommended quality,Soil moisture retrieval was skipped,Soil moisture retrieval was not successful,Freeze/thaw state retrieval was successful,Not used
TM01,25.4479389,-98.01216666666667,2023-04-03,h00v00,463.0,878.0,-9999.0,7.0,Soil moisture retrieval doesn't have recommended quality,Soil moisture retrieval was skipped,Soil moisture retrieval was not successful,Freeze/thaw state retrieval was successful,Not used
TM01,25.4479389,-98.01216666666667,2023-04-04,h00v00,463.0,878.0,0.1430824,8.0,Soil moisture retrieval has recommended quality,Soil moisture retrieval was attempted,Soil moisture retrieval was successful,Freeze/thaw state retrieval was not successful,
TM01,25.4479389,-98.01216666666667,2023-04-05,h00v00,463.0,878.0,-9999.0,7.0,Soil moisture retrieval doesn't have recommended quality,Soil moisture retrieval was skipped,Soil moisture retrieval was not successful,Freeze/thaw state retrieval was successful,Not used
TM01,25.4479389,-98.01216666666667,2023-04-06,h00v00,463.0,878.0,0.2809358,8.0,Soil moisture retrieval has recommended quality,Soil moisture retrieval was attempted,Soil moisture retrieval was successful,Freeze/thaw state retrieval was not successful,
TM01,25.4479389,-98.01216666666667,2023-04-07,h00v00,463.0,878.0,0.4051686,13.0,Soil moisture retrieval doesn't have recommended quality,Soil moisture retrieval was attempted,Soil moisture retrieval was not successful,Freeze/thaw state retrieval was not successful,
TM01,25.4479389,-98.01216666666667,2023-04-08,h00v00,463.0,878.0,-9999.0,7.0,Soil moisture retrieval doesn't have recommended quality,Soil moisture retrieval was skipped,Soil moisture retrieval was not successful,Freeze/thaw state retrieval was successful,Not used
TM01,25.4479389,-98.01216666666667,2023-04-09,h00v00,463.0,878.0,0.3782878,13.0,Soil moisture retrieval doesn't have recommended quality,Soil moisture retrieval was attempted,Soil moisture retrieval was not successful,Freeze/thaw state retrieval was not successful,
TM01,25.4479389,-98.01216666666667,2023-04-10,h00v00,463.0,878.0,-9999.0,7.0,Soil moisture retrieval doesn't have recommended quality,Soil moisture retrieval was skipped,Soil moisture retrieval was not successful,Freeze/thaw state retrieval was successful,Not used
TM01,25.4479389,-98.01216666666667,2023-04-11,h00v00,463.0,878.0,-9999.0,7.0,Soil moisture retrieval doesn't have recommended quality,Soil moisture retrieval was skipped,Soil moisture retrieval was not successful,Freeze/thaw state retrieval was successful,Not used
TM01,25.4479389,-98.01216666666667,2023-04-12,h00v00,463.0,878.0,0.3508602,13.0,Soil moisture retrieval doesn't have recommended quality,Soil moisture retrieval was attempted,Soil moisture retrieval was not successful,Freeze/thaw state retrieval was not successful,
TM01,25.4479389,-98.01216666666667,2023-04-13,h00v00,463.0,878.0,-9999.0,7.0,Soil moisture retrieval doesn't have recommended quality,Soil moisture retrieval was skipped,Soil moisture retrieval was not successful,Freeze/thaw state retrieval was successful,Not used
TM01,25.4479389,-98.01216666666667,2023-04-14,h00v00,463.0,878.0,0.2931828,8.0,Soil moisture retrieval has recommended quality,Soil moisture retrieval was attempted,Soil moisture retrieval was successful,Freeze/thaw state retrieval was not successful,
TM01,25.4479389,-98.01216666666667,2023-04-15,h00v00,463.0,878.0,0.2607613,8.0,Soil moisture retrieval has recommended quality,Soil moisture retrieval was attempted,Soil moisture retrieval was successful,Freeze/thaw state retrieval was not successful,
TM01,25.4479389,-98.01216666666667,2023-04-16,h00v00,463.0,878.0,-9999.0,7.0,Soil moisture retrieval doesn't have recommended quality,Soil moisture retrieval was skipped,Soil moisture retrieval was not successful,Freeze/thaw state retrieval was successful,Not used
TM01,25.4479389,-98.01216666666667,2023-04-17,h00v00,463.0,878.0,0.2352379,8.0,Soil moisture retrieval has recommended quality,Soil moisture retrieval was attempted,Soil moisture retrieval was successful,Freeze/thaw state retrieval was not successful,
TM01,25.4479389,-98.01216666666667,2023-04-18,h00v00,463.0,878.0,-9999.0,7.0,Soil moisture retrieval doesn't have recommended quality,Soil moisture retrieval was skipped,Soil moisture retrieval was not successful,Freeze/thaw state retrieval was successful,Not used
TM01,25.4479389,-98.01216666666667,2023-04-19,h00v00,463.0,878.0,-9999.0,7.0,Soil moisture retrieval doesn't have recommended quality,Soil moisture retrieval was skipped,Soil moisture retrieval was not successful,Freeze/thaw state retrieval was successful,Not used
TM01,25.4479389,-98.01216666666667,2023-04-20,h00v00,463.0,878.0,0.1642004,8.0,Soil moisture retrieval has recommended quality,Soil moisture retrieval was attempted,Soil moisture retrieval was successful,Freeze/thaw state retrieval was not successful,
TM01,25.4479389,-98.01216666666667,2023-04-21,h00v00,463.0,878.0,-9999.0,7.0,Soil moisture retrieval doesn't have recommended quality,Soil moisture retrieval was skipped,Soil moisture retrieval was not successful,Freeze/thaw state retrieval was successful,Not used
TM01,25.4479389,-98.01216666666667,2023-04-22,h00v00,463.0,878.0,0.2376737,8.0,Soil moisture retrieval has recommended quality,Soil moisture retrieval was attempted,Soil moisture retrieval was successful,Freeze/thaw state retrieval was not successful,
TM01,25.4479389,-98.01216666666667,2023-04-23,h00v00,463.0,878.0,0.1916034,8.0,Soil moisture retrieval has recommended quality,Soil moisture retrieval was attempted,Soil moisture retrieval was successful,Freeze/thaw state retrieval was not successful,
TM01,25.4479389,-98.01216666666667,2023-04-24,h00v00,463.0,878.0,-9999.0,7.0,Soil moisture retrieval doesn't have recommended quality,Soil moisture retrieval was skipped,Soil moisture retrieval was not successful,Freeze/thaw state retrieval was successful,Not used
TM01,25.4479389,-98.01216666666667,2023-04-25,h00v00,463.0,878.0,0.2573819,13.0,Soil moisture retrieval doesn't have recommended quality,Soil moisture retrieval was attempted,Soil moisture retrieval was not successful,Freeze/thaw state retrieval was not successful,
TM01,25.4479389,-98.01216666666667,2023-04-26,h00v00,463.0,878.0,-9999.0,7.0,Soil moisture retrieval doesn't have recommended quality,Soil moisture retrieval was skipped,Soil moisture retrieval was not successful,Freeze/thaw state retrieval was successful,Not used
TM01,25.4479389,-98.01216666666667,2023-04-27,h00v00,463.0,878.0,-9999.0,7.0,Soil moisture retrieval doesn't have recommended quality,Soil moisture retrieval was skipped,Soil moisture retrieval was not successful,Freeze/thaw state retrieval was successful,Not used
TM01,25.4479389,-98.01216666666667,2023-04-28,h00v00,463.0,878.0,0.2367532,13.0,Soil moisture retrieval doesn't have recommended quality,Soil moisture retrieval was attempted,Soil moisture retrieval was not successful,Freeze/thaw state retrieval was not successful,
TM01,25.4479389,-98.01216666666667,2023-04-29,h00v00,463.0,878.0,-9999.0,7.0,Soil moisture retrieval doesn't have recommended quality,Soil moisture retrieval was skipped,Soil moisture retrieval was not successful,Freeze/thaw state retrieval was successful,Not used
TM01,25.4479389,-98.01216666666667,2023-04-30,h00v00,463.0,878.0,0.2914978,8.0,Soil moisture retrieval has recommended quality,Soil moisture retrieval was attempted,Soil moisture retrieval was successful,Freeze/thaw state retrieval was not successful,
TM01,25.4479389,-98.01216666666667,2023-05-01,h00v00,463.0,878.0,0.2405064,8.0,Soil moisture retrieval has recommended quality,Soil moisture retrieval was attempted,Soil moisture retrieval was successful,Freeze/thaw state retrieval was not successful,
TM01,25.4479389,-98.01216666666667,2023-05-02,h00v00,463.0,878.0,-9999.0,7.0,Soil moisture retrieval doesn't have recommended quality,Soil moisture retrieval was skipped,Soil moisture retrieval was not successful,Freeze/thaw state retrieval was successful,Not used
TM01,25.4479389,-98.01216666666667,2023-05-03,h00v00,463.0,878.0,-9999.0,7.0,Soil moisture retrieval doesn't have recommended quality,Soil moisture retrieval was skipped,Soil moisture retrieval was not successful,Freeze/thaw state retrieval was successful,Not used
TM01,25.4479389,-98.01216666666667,2023-05-04,h00v00,463.0,878.0,-9999.0,7.0,Soil moisture retrieval doesn't have recommended quality,Soil moisture retrieval was skipped,Soil moisture retrieval was not successful,Freeze/thaw state retrieval was successful,Not used
TM01,25.4479389,-98.01216666666667,2023-05-05,h00v00,463.0,878.0,-9999.0,7.0,Soil moisture retrieval doesn't have recommended quality,Soil moisture retrieval was skipped,Soil moisture retrieval was not successful,Freeze/thaw state retrieval was successful,Not used
TM01,25.4479389,-98.01216666666667,2023-05-06,h00v00,463.0,878.0,0.1547583,8.0,Soil moisture retrieval has recommended quality,Soil moisture retrieval was attempted,Soil moisture retrieval was successful,Freeze/thaw state retrieval was not successful,
TM01,25.4479389,-98.01216666666667,2023-05-07,h00v00,463.0,878.0,-9999.0,7.0,Soil moisture retrieval doesn't have recommended quality,Soil moisture retrieval was skipped,Soil moisture retrieval was not successful,Freeze/thaw state retrieval was successful,Not used
TM01,25.4479389,-98.01216666666667,2023-05-08,h00v00,463.0,878.0,0.1521598,8.0,Soil moisture retrieval has recommended quality,Soil moisture retrieval was attempted,Soil moisture retrieval was successful,Freeze/thaw state retrieval was not successful,
TM01,25.4479389,-98.01216666666667,2023-05-09,h00v00,463.0,878.0,0.30287,13.0,Soil moisture retrieval doesn't have recommended quality,Soil moisture retrieval was attempted,Soil moisture retrieval was not successful,Freeze/thaw state retrieval was not successful,
TM01,25.4479389,-98.01216666666667,2023-05-10,h00v00,463.0,878.0,-9999.0,7.0,Soil moisture retrieval doesn't have recommended quality,Soil moisture retrieval was skipped,Soil moisture retrieval was not successful,Freeze/thaw state retrieval was successful,Not used
TM01,25.4479389,-98.01216666666667,2023-05-11,h00v00,463.0,878.0,0.1877916,8.0,Soil moisture retrieval has recommended quality,Soil moisture retrieval was attempted,Soil moisture retrieval was successful,Freeze/thaw state retrieval was not successful,
TM01,25.4479389,-98.01216666666667,2023-05-12,h00v00,463.0,878.0,-9999.0,7.0,Soil moisture retrieval doesn't have recommended quality,Soil moisture retrieval was skipped,Soil moisture retrieval was not successful,Freeze/thaw state retrieval was successful,Not used
TM01,25.4479389,-98.01216666666667,2023-05-13,h00v00,463.0,878.0,-9999.0,7.0,Soil moisture retrieval doesn't have recommended quality,Soil moisture retrieval was skipped,Soil moisture retrieval was not successful,Freeze/thaw state retrieval was successful,Not used
TM01,25.4479389,-98.01216666666667,2023-05-14,h00v00,463.0,878.0,0.393687,13.0,Soil moisture retrieval doesn't have recommended quality,Soil moisture retrieval was attempted,Soil moisture retrieval was not successful,Freeze/thaw state retrieval was not successful,
TM01,25.4479389,-98.01216666666667,2023-05-15,h00v00,463.0,878.0,-9999.0,7.0,Soil moisture retrieval doesn't have recommended quality,Soil moisture retrieval was skipped,Soil moisture retrieval was not successful,Freeze/thaw state retrieval was successful,Not used
TM01,25.4479389,-98.01216666666667,2023-05-16,h00v00,463.0,878.0,0.3974224,13.0,Soil moisture retrieval doesn't have recommended quality,Soil moisture retrieval was attempted,Soil moisture retrieval was not successful,Freeze/thaw state retrieval was not successful,
TM01,25.4479389,-98.01216666666667,2023-05-17,h00v00,463.0,878.0,0.3467866,13.0,Soil moisture retrieval doesn't have recommended quality,Soil moisture retrieval was attempted,Soil moisture retrieval was not successful,Freeze/thaw state retrieval was not successful,
TM01,25.4479389,-98.01216666666667,2023-05-18,h00v00,463.0,878.0,-9999.0,7.0,Soil moisture retrieval doesn't have recommended quality,Soil moisture retrieval was skipped,Soil moisture retrieval was not successful,Freeze/thaw state retrieval was successful,Not used
TM01,25.4479389,-98.01216666666667,2023-05-19,h00v00,463.0,878.0,0.3316787,13.0,Soil moisture retrieval doesn't have recommended quality,Soil moisture retrieval was attempted,Soil moisture retrieval was not successful,Freeze/thaw state retrieval was not successful,
TM01,25.4479389,-98.01216666666667,2023-05-20,h00v00,463.0,878.0,-9999.0,7.0,Soil moisture retrieval doesn't have recommended quality,Soil moisture retrieval was skipped,Soil moisture retrieval was not successful,Freeze/thaw state retrieval was successful,Not used
TM01,25.4479389,-98.01216666666667,2023-05-21,h00v00,463.0,878.0,-9999.0,7.0,Soil moisture retrieval doesn't have recommended quality,Soil moisture retrieval was skipped,Soil moisture retrieval was not successful,Freeze/thaw state retrieval was successful,Not used
TM01,25.4479389,-98.01216666666667,2023-05-22,h00v00,463.0,878.0,0.2969883,13.0,Soil moisture retrieval doesn't have recommended quality,Soil moisture retrieval was attempted,Soil moisture retrieval was not successful,Freeze/thaw state retrieval was not successful,
TM01,25.4479389,-98.01216666666667,2023-05-23,h00v00,463.0,878.0,-9999.0,7.0,Soil moisture retrieval doesn't have recommended quality,Soil moisture retrieval was skipped,Soil moisture retrieval was not successful,Freeze/thaw state retrieval was successful,Not used
TM01,25.4479389,-98.01216666666667,2023-05-24,h00v00,463.0,878.0,0.2375758,13.0,Soil moisture retrieval doesn't have recommended quality,Soil moisture retrieval was attempted,Soil moisture retrieval was not successful,Freeze/thaw state retrieval was not successful,
TM01,25.4479389,-98.01216666666667,2023-05-25,h00v00,463.0,878.0,0.2086333,13.0,Soil moisture retrieval doesn't have recommended quality,Soil moisture retrieval was attempted,Soil moisture retrieval was not successful,Freeze/thaw state retrieval was not successful,
TM01,25.4479389,-98.01216666666667,2023-05-26,h00v00,463.0,878.0,-9999.0,7.0,Soil moisture retrieval doesn't have recommended quality,Soil moisture retrieval was skipped,Soil moisture retrieval was not successful,Freeze/thaw state retrieval was successful,Not used
TM01,25.4479389,-98.01216666666667,2023-05-27,h00v00,463.0,878.0,0.179974,8.0,Soil moisture retrieval has recommended quality,Soil moisture retrieval was attempted,Soil moisture retrieval was successful,Freeze/thaw state retrieval was not successful,
TM01,25.4479389,-98.01216666666667,2023-05-28,h00v00,463.0,878.0,-9999.0,7.0,Soil moisture retrieval doesn't have recommended quality,Soil moisture retrieval was skipped,Soil moisture retrieval was not successful,Freeze/thaw state retrieval was successful,Not used
TM01,25.4479389,-98.01216666666667,2023-05-29,h00v00,463.0,878.0,-9999.0,7.0,Soil moisture retrieval doesn't have recommended quality,Soil moisture retrieval was skipped,Soil moisture retrieval was not successful,Freeze/thaw state retrieval was successful,Not used
TM01,25.4479389,-98.01216666666667,2023-05-30,h00v00,463.0,878.0,0.3125699,13.0,Soil moisture retrieval doesn't have recommended quality,Soil moisture retrieval was attempted,Soil moisture retrieval was not successful,Freeze/thaw state retrieval was not successful,
TM01,25.4479389,-98.01216666666667,2023-05-31,h00v00,463.0,878.0,-9999.0,7.0,Soil moisture retrieval doesn't have recommended quality,Soil moisture retrieval was skipped,Soil moisture retrieval was not successful,Freeze/thaw state retrieval was successful,Not used
TM01,25.4479389,-98.01216666666667,2023-06-01,h00v00,463.0,878.0,0.2409586,13.0,Soil moisture retrieval doesn't have recommended quality,Soil moisture retrieval was attempted,Soil moisture retrieval was not successful,Freeze/thaw state retrieval was not successful,
TM01,25.4479389,-98.01216666666667,2023-06-02,h00v00,463.0,878.0,0.2264535,13.0,Soil moisture retrieval doesn't have recommended quality,Soil moisture retrieval was attempted,Soil moisture retrieval was not successful,Freeze/thaw state retrieval was not successful,
TM01,25.4479389,-98.01216666666667,2023-06-03,h00v00,463.0,878.0,-9999.0,7.0,Soil moisture retrieval doesn't have recommended quality,Soil moisture retrieval was skipped,Soil moisture retrieval was not successful,Freeze/thaw state retrieval was successful,Not used
TM01,25.4479389,-98.01216666666667,2023-06-04,h00v00,463.0,878.0,0.1886979,13.0,Soil moisture retrieval doesn't have recommended quality,Soil moisture retrieval was attempted,Soil moisture retrieval was not successful,Freeze/thaw state retrieval was not successful,
TM01,25.4479389,-98.01216666666667,2023-06-05,h00v00,463.0,878.0,-9999.0,7.0,Soil moisture retrieval doesn't have recommended quality,Soil moisture retrieval was skipped,Soil moisture retrieval was not successful,Freeze/thaw state retrieval was successful,Not used
TM01,25.4479389,-98.01216666666667,2023-06-06,h00v00,463.0,878.0,-9999.0,7.0,Soil moisture retrieval doesn't have recommended quality,Soil moisture retrieval was skipped,Soil moisture retrieval was not successful,Freeze/thaw state retrieval was successful,Not used
TM01,25.4479389,-98.01216666666667,2023-06-07,h00v00,463.0,878.0,0.1890403,8.0,Soil moisture retrieval has recommended quality,Soil moisture retrieval was attempted,Soil moisture retrieval was successful,Freeze/thaw state retrieval was not successful,
TM01,25.4479389,-98.01216666666667,2023-06-08,h00v00,463.0,878.0,-9999.0,7.0,Soil moisture retrieval doesn't have recommended quality,Soil moisture retrieval was skipped,Soil moisture retrieval was not successful,Freeze/thaw state retrieval was successful,Not used
TM01,25.4479389,-98.01216666666667,2023-06-09,h00v00,463.0,878.0,0.2023722,8.0,Soil moisture retrieval has recommended quality,Soil moisture retrieval was attempted,Soil moisture retrieval was successful,Freeze/thaw state retrieval was not successful,
TM01,25.4479389,-98.01216666666667,2023-06-10,h00v00,463.0,878.0,0.1528663,8.0,Soil moisture retrieval has recommended quality,Soil moisture retrieval was attempted,Soil moisture retrieval was successful,Freeze/thaw state retrieval was not successful,
TM01,25.4479389,-98.01216666666667,2023-06-11,h00v00,463.0,878.0,-9999.0,7.0,Soil moisture retrieval doesn't have recommended quality,Soil moisture retrieval was skipped,Soil moisture retrieval was not successful,Freeze/thaw state retrieval was successful,Not used
TM01,25.4479389,-98.01216666666667,2023-06-12,h00v00,463.0,878.0,0.1444653,8.0,Soil moisture retrieval has recommended quality,Soil moisture retrieval was attempted,Soil moisture retrieval was successful,Freeze/thaw state retrieval was not successful,
TM01,25.4479389,-98.01216666666667,2023-06-13,h00v00,463.0,878.0,-9999.0,7.0,Soil moisture retrieval doesn't have recommended quality,Soil moisture retrieval was skipped,Soil moisture retrieval was not successful,Freeze/thaw state retrieval was successful,Not used
TM01,25.4479389,-98.01216666666667,2023-06-14,h00v00,463.0,878.0,-9999.0,7.0,Soil moisture retrieval doesn't have recommended quality,Soil moisture retrieval was skipped,Soil moisture retrieval was not successful,Freeze/thaw state retrieval was successful,Not used
TM01,25.4479389,-98.01216666666667,2023-06-15,h00v00,463.0,878.0,-9999.0,7.0,Soil moisture retrieval doesn't have recommended quality,Soil moisture retrieval was skipped,Soil moisture retrieval was not successful,Freeze/thaw state retrieval was successful,Not used
TM01,25.4479389,-98.01216666666667,2023-06-16,h00v00,463.0,878.0,-9999.0,7.0,Soil moisture retrieval doesn't have recommended quality,Soil moisture retrieval was skipped,Soil moisture retrieval was not successful,Freeze/thaw state retrieval was successful,Not used
TM01,25.4479389,-98.01216666666667,2023-06-17,h00v00,463.0,878.0,0.1422805,8.0,Soil moisture retrieval has recommended quality,Soil moisture retrieval was attempted,Soil moisture retrieval was successful,Freeze/thaw state retrieval was not successful,
TM01,25.4479389,-98.01216666666667,2023-06-18,h00v00,463.0,878.0,0.1192083,8.0,Soil moisture retrieval has recommended quality,Soil moisture retrieval was attempted,Soil moisture retrieval was successful,Freeze/thaw state retrieval was not successful,
TM01,25.4479389,-98.01216666666667,2023-06-19,h00v00,463.0,878.0,-9999.0,7.0,Soil moisture retrieval doesn't have recommended quality,Soil moisture retrieval was skipped,Soil moisture retrieval was not successful,Freeze/thaw state retrieval was successful,Not used
TM01,25.4479389,-98.01216666666667,2023-06-20,h00v00,463.0,878.0,0.1231424,8.0,Soil moisture retrieval has recommended quality,Soil moisture retrieval was attempted,Soil moisture retrieval was successful,Freeze/thaw state retrieval was not successful,
TM01,25.4479389,-98.01216666666667,2023-06-21,h00v00,463.0,878.0,-9999.0,7.0,Soil moisture retrieval doesn't have recommended quality,Soil moisture retrieval was skipped,Soil moisture retrieval was not successful,Freeze/thaw state retrieval was successful,Not used
TM01,25.4479389,-98.01216666666667,2023-06-22,h00v00,463.0,878.0,-9999.0,7.0,Soil moisture retrieval doesn't have recommended quality,Soil moisture retrieval was skipped,Soil moisture retrieval was not successful,Freeze/thaw state retrieval was successful,Not used
TM01,25.4479389,-98.01216666666667,2023-06-23,h00v00,463.0,878.0,0.1108349,8.0,Soil moisture retrieval has recommended quality,Soil moisture retrieval was attempted,Soil moisture retrieval was successful,Freeze/thaw state retrieval was not successful,
TM01,25.4479389,-98.01216666666667,2023-06-24,h00v00,463.0,878.0,-9999.0,7.0,Soil moisture retrieval doesn't have recommended quality,Soil moisture retrieval was skipped,Soil moisture retrieval was not successful,Freeze/thaw state retrieval was successful,Not used
TM01,25.4479389,-98.01216666666667,2023-06-25,h00v00,463.0,878.0,0.1274547,8.0,Soil moisture retrieval has recommended quality,Soil moisture retrieval was attempted,Soil moisture retrieval was successful,Freeze/thaw state retrieval was not successful,
TM01,25.4479389,-98.01216666666667,2023-06-26,h00v00,463.0,878.0,0.1008592,8.0,Soil moisture retrieval has recommended quality,Soil moisture retrieval was attempted,Soil moisture retrieval was successful,Freeze/thaw state retrieval was not successful,
TM01,25.4479389,-98.01216666666667,2023-06-27,h00v00,463.0,878.0,-9999.0,7.0,Soil moisture retrieval doesn't have recommended quality,Soil moisture retrieval was skipped,Soil moisture retrieval was not successful,Freeze/thaw state retrieval was successful,Not used
TM01,25.4479389,-98.01216666666667,2023-06-28,h00v00,463.0,878.0,0.1149374,8.0,Soil moisture retrieval has recommended quality,Soil moisture retrieval was attempted,Soil moisture retrieval was successful,Freeze/thaw state retrieval was not successful,
TM01,25.4479389,-98.01216666666667,2023-06-29,h00v00,463.0,878.0,-9999.0,7.0,Soil moisture retrieval doesn't have recommended quality,Soil moisture retrieval was skipped,Soil moisture retrieval was not successful,Freeze/thaw state retrieval was successful,Not used
TM01,25.4479389,-98.01216666666667,2023-06-30,h00v00,463.0,878.0,-9999.0,7.0,Soil moisture retrieval doesn't have recommended quality,Soil moisture retrieval was skipped,Soil moisture retrieval was not successful,Freeze/thaw state retrieval was successful,Not used
TM01,25.4479389,-98.01216666666667,2023-07-01,h00v00,463.0,878.0,-9999.0,7.0,Soil moisture retrieval doesn't have recommended quality,Soil moisture retrieval was skipped,Soil moisture retrieval was not successful,Freeze/thaw state retrieval was successful,Not used
TM01,25.4479389,-98.01216666666667,2023-07-02,h00v00,463.0,878.0,-9999.0,7.0,Soil moisture retrieval doesn't have recommended quality,Soil moisture retrieval was skipped,Soil moisture retrieval was not successful,Freeze/thaw state retrieval was successful,Not used
TM01,25.4479389,-98.01216666666667,2023-07-03,h00v00,463.0,878.0,0.1330874,8.0,Soil moisture retrieval has recommended quality,Soil moisture retrieval was attempted,Soil moisture retrieval was successful,Freeze/thaw state retrieval was not successful,
TM01,25.4479389,-98.01216666666667,2023-07-04,h00v00,463.0,878.0,0.0987763,8.0,Soil moisture retrieval has recommended quality,Soil moisture retrieval was attempted,Soil moisture retrieval was successful,Freeze/thaw state retrieval was not successful,
TM01,25.4479389,-98.01216666666667,2023-07-05,h00v00,463.0,878.0,-9999.0,7.0,Soil moisture retrieval doesn't have recommended quality,Soil moisture retrieval was skipped,Soil moisture retrieval was not successful,Freeze/thaw state retrieval was successful,Not used
TM01,25.4479389,-98.01216666666667,2023-07-06,h00v00,463.0,878.0,0.3498191,13.0,Soil moisture retrieval doesn't have recommended quality,Soil moisture retrieval was attempted,Soil moisture retrieval was not successful,Freeze/thaw state retrieval was not successful,
TM01,25.4479389,-98.01216666666667,2023-07-07,h00v00,463.0,878.0,-9999.0,7.0,Soil moisture retrieval doesn't have recommended quality,Soil moisture retrieval was skipped,Soil moisture retrieval was not successful,Freeze/thaw state retrieval was successful,Not used
TM01,25.4479389,-98.01216666666667,2023-07-08,h00v00,463.0,878.0,-9999.0,7.0,Soil moisture retrieval doesn't have recommended quality,Soil moisture retrieval was skipped,Soil moisture retrieval was not successful,Freeze/thaw state retrieval was successful,Not used
TM01,25.4479389,-98.01216666666667,2023-07-09,h00v00,463.0,878.0,0.1963063,13.0,Soil moisture retrieval doesn't have recommended quality,Soil moisture retrieval was attempted,Soil moisture retrieval was not successful,Freeze/thaw state retrieval was not successful,
TM01,25.4479389,-98.01216666666667,2023-07-10,h00v00,463.0,878.0,-9999.0,7.0,Soil moisture retrieval doesn't have recommended quality,Soil moisture retrieval was skipped,Soil moisture retrieval was not successful,Freeze/thaw state retrieval was successful,Not used
TM01,25.4479389,-98.01216666666667,2023-07-11,h00v00,463.0,878.0,0.1675279,8.0,Soil moisture retrieval has recommended quality,Soil moisture retrieval was attempted,Soil moisture retrieval was successful,Freeze/thaw state retrieval was not successful,
TM01,25.4479389,-98.01216666666667,2023-07-12,h00v00,463.0,878.0,0.131925,8.0,Soil moisture retrieval has recommended quality,Soil moisture retrieval was attempted,Soil moisture retrieval was successful,Freeze/thaw state retrieval was not successful,
TM01,25.4479389,-98.01216666666667,2023-07-13,h00v00,463.0,878.0,-9999.0,7.0,Soil moisture retrieval doesn't have recommended quality,Soil moisture retrieval was skipped,Soil moisture retrieval was not successful,Freeze/thaw state retrieval was successful,Not used
TM01,25.4479389,-98.01216666666667,2023-07-14,h00v00,463.0,878.0,0.121861,8.0,Soil moisture retrieval has recommended quality,Soil moisture retrieval was attempted,Soil moisture retrieval was successful,Freeze/thaw state retrieval was not successful,
TM01,25.4479389,-98.01216666666667,2023-07-15,h00v00,463.0,878.0,-9999.0,7.0,Soil moisture retrieval doesn't have recommended quality,Soil moisture retrieval was skipped,Soil moisture retrieval was not successful,Freeze/thaw state retrieval was successful,Not used
TM01,25.4479389,-98.01216666666667,2023-07-16,h00v00,463.0,878.0,-9999.0,7.0,Soil moisture retrieval doesn't have recommended quality,Soil moisture retrieval was skipped,Soil moisture retrieval was not successful,Freeze/thaw state retrieval was successful,Not used
TM01,25.4479389,-98.01216666666667,2023-07-17,h00v00,463.0,878.0,-9999.0,7.0,Soil moisture retrieval doesn't have recommended quality,Soil moisture retrieval was skipped,Soil moisture retrieval was not successful,Freeze/thaw state retrieval was successful,Not used
TM01,25.4479389,-98.01216666666667,2023-07-18,h00v00,463.0,878.0,-9999.0,7.0,Soil moisture retrieval doesn't have recommended quality,Soil moisture retrieval was skipped,Soil moisture retrieval was not successful,Freeze/thaw state retrieval was successful,Not used
TM01,25.4479389,-98.01216666666667,2023-07-19,h00v00,463.0,878.0,0.1260087,8.0,Soil moisture retrieval has recommended quality,Soil moisture retrieval was attempted,Soil moisture retrieval was successful,Freeze/thaw state retrieval was not successful,
TM01,25.4479389,-98.01216666666667,2023-07-20,h00v00,463.0,878.0,0.1005086,8.0,Soil moisture retrieval has recommended quality,Soil moisture retrieval was attempted,Soil moisture retrieval was successful,Freeze/thaw state retrieval was not successful,
TM01,25.4479389,-98.01216666666667,2023-07-21,h00v00,463.0,878.0,-9999.0,7.0,Soil moisture retrieval doesn't have recommended quality,Soil moisture retrieval was skipped,Soil moisture retrieval was not successful,Freeze/thaw state retrieval was successful,Not used
TM01,25.4479389,-98.01216666666667,2023-07-22,h00v00,463.0,878.0,0.1012445,8.0,Soil moisture retrieval has recommended quality,Soil moisture retrieval was attempted,Soil moisture retrieval was successful,Freeze/thaw state retrieval was not successful,
TM01,25.4479389,-98.01216666666667,2023-07-23,h00v00,463.0,878.0,-9999.0,7.0,Soil moisture retrieval doesn't have recommended quality,Soil moisture retrieval was skipped,Soil moisture retrieval was not successful,Freeze/thaw state retrieval was successful,Not used
TM01,25.4479389,-98.01216666666667,2023-07-24,h00v00,463.0,878.0,-9999.0,7.0,Soil moisture retrieval doesn't have recommended quality,Soil moisture retrieval was skipped,Soil moisture retrieval was not successful,Freeze/thaw state retrieval was successful,Not used
TM01,25.4479389,-98.01216666666667,2023-07-25,h00v00,463.0,878.0,0.0942843,8.0,Soil moisture retrieval has recommended quality,Soil moisture retrieval was attempted,Soil moisture retrieval was successful,Freeze/thaw state retrieval was not successful,
TM01,25.4479389,-98.01216666666667,2023-07-26,h00v00,463.0,878.0,-9999.0,7.0,Soil moisture retrieval doesn't have recommended quality,Soil moisture retrieval was skipped,Soil moisture retrieval was not successful,Freeze/thaw state retrieval was successful,Not used
TM01,25.4479389,-98.01216666666667,2023-07-27,h00v00,463.0,878.0,0.1115507,8.0,Soil moisture retrieval has recommended quality,Soil moisture retrieval was attempted,Soil moisture retrieval was successful,Freeze/thaw state retrieval was not successful,
TM01,25.4479389,-98.01216666666667,2023-07-28,h00v00,463.0,878.0,0.096721,8.0,Soil moisture retrieval has recommended quality,Soil moisture retrieval was attempted,Soil moisture retrieval was successful,Freeze/thaw state retrieval was not successful,
TM01,25.4479389,-98.01216666666667,2023-07-29,h00v00,463.0,878.0,-9999.0,7.0,Soil moisture retrieval doesn't have recommended quality,Soil moisture retrieval was skipped,Soil moisture retrieval was not successful,Freeze/thaw state retrieval was successful,Not used
TM01,25.4479389,-98.01216666666667,2023-07-30,h00v00,463.0,878.0,0.0997029,8.0,Soil moisture retrieval has recommended quality,Soil moisture retrieval was attempted,Soil moisture retrieval was successful,Freeze/thaw state retrieval was not successful,
TM01,25.4479389,-98.01216666666667,2023-07-31,h00v00,463.0,878.0,-9999.0,7.0,Soil moisture retrieval doesn't have recommended quality,Soil moisture retrieval was skipped,Soil moisture retrieval was not successful,Freeze/thaw state retrieval was successful,Not used
TM01,25.4479389,-98.01216666666667,2023-08-01,h00v00,463.0,878.0,-9999.0,7.0,Soil moisture retrieval doesn't have recommended quality,Soil moisture retrieval was skipped,Soil moisture retrieval was not successful,Freeze/thaw state retrieval was successful,Not used
TM01,25.4479389,-98.01216666666667,2023-08-02,h00v00,463.0,878.0,0.1088441,8.0,Soil moisture retrieval has recommended quality,Soil moisture retrieval was attempted,Soil moisture retrieval was successful,Freeze/thaw state retrieval was not successful,
TM01,25.4479389,-98.01216666666667,2023-08-03,h00v00,463.0,878.0,-9999.0,7.0,Soil moisture retrieval doesn't have recommended quality,Soil moisture retrieval was skipped,Soil moisture retrieval was not successful,Freeze/thaw state retrieval was successful,Not used
TM01,25.4479389,-98.01216666666667,2023-08-04,h00v00,463.0,878.0,0.110518,8.0,Soil moisture retrieval has recommended quality,Soil moisture retrieval was attempted,Soil moisture retrieval was successful,Freeze/thaw state retrieval was not successful,
TM01,25.4479389,-98.01216666666667,2023-08-05,h00v00,463.0,878.0,0.0918538,8.0,Soil moisture retrieval has recommended quality,Soil moisture retrieval was attempted,Soil moisture retrieval was successful,Freeze/thaw state retrieval was not successful,
TM01,25.4479389,-98.01216666666667,2023-08-06,h00v00,463.0,878.0,-9999.0,7.0,Soil moisture retrieval doesn't have recommended quality,Soil moisture retrieval was skipped,Soil moisture retrieval was not successful,Freeze/thaw state retrieval was successful,Not used
TM01,25.4479389,-98.01216666666667,2023-08-07,h00v00,463.0,878.0,0.0936762,8.0,Soil moisture retrieval has recommended quality,Soil moisture retrieval was attempted,Soil moisture retrieval was successful,Freeze/thaw state retrieval was not successful,
TM01,25.4479389,-98.01216666666667,2023-08-08,h00v00,463.0,878.0,-9999.0,7.0,Soil moisture retrieval doesn't have recommended quality,Soil moisture retrieval was skipped,Soil moisture retrieval was not successful,Freeze/thaw state retrieval was successful,Not used
TM01,25.4479389,-98.01216666666667,2023-08-09,h00v00,463.0,878.0,-9999.0,7.0,Soil moisture retrieval doesn't have recommended quality,Soil moisture retrieval was skipped,Soil moisture retrieval was not successful,Freeze/thaw state retrieval was successful,Not used
TM01,25.4479389,-98.01216666666667,2023-08-10,h00v00,463.0,878.0,0.1030897,8.0,Soil moisture retrieval has recommended quality,Soil moisture retrieval was attempted,Soil moisture retrieval was successful,Freeze/thaw state retrieval was not successful,
TM01,25.4479389,-98.01216666666667,2023-08-11,h00v00,463.0,878.0,-9999.0,7.0,Soil moisture retrieval doesn't have recommended quality,Soil moisture retrieval was skipped,Soil moisture retrieval was not successful,Freeze/thaw state retrieval was successful,Not used
TM01,25.4479389,-98.01216666666667,2023-08-12,h00v00,463.0,878.0,0.1002726,8.0,Soil moisture retrieval has recommended quality,Soil moisture retrieval was attempted,Soil moisture retrieval was successful,Freeze/thaw state retrieval was not successful,
TM01,25.4479389,-98.01216666666667,2023-08-13,h00v00,463.0,878.0,0.0819166,8.0,Soil moisture retrieval has recommended quality,Soil moisture retrieval was attempted,Soil moisture retrieval was successful,Freeze/thaw state retrieval was not successful,
TM01,25.4479389,-98.01216666666667,2023-08-14,h00v00,463.0,878.0,-9999.0,7.0,Soil moisture retrieval doesn't have recommended quality,Soil moisture retrieval was skipped,Soil moisture retrieval was not successful,Freeze/thaw state retrieval was successful,Not used
TM01,25.4479389,-98.01216666666667,2023-08-15,h00v00,463.0,878.0,0.0935175,8.0,Soil moisture retrieval has recommended quality,Soil moisture retrieval was attempted,Soil moisture retrieval was successful,Freeze/thaw state retrieval was not successful,
TM01,25.4479389,-98.01216666666667,2023-08-16,h00v00,463.0,878.0,-9999.0,7.0,Soil moisture retrieval doesn't have recommended quality,Soil moisture retrieval was skipped,Soil moisture retrieval was not successful,Freeze/thaw state retrieval was successful,Not used
TM01,25.4479389,-98.01216666666667,2023-08-17,h00v00,463.0,878.0,-9999.0,7.0,Soil moisture retrieval doesn't have recommended quality,Soil moisture retrieval was skipped,Soil moisture retrieval was not successful,Freeze/thaw state retrieval was successful,Not used
TM01,25.4479389,-98.01216666666667,2023-08-18,h00v00,463.0,878.0,0.0924138,8.0,Soil moisture retrieval has recommended quality,Soil moisture retrieval was attempted,Soil moisture retrieval was successful,Freeze/thaw state retrieval was not successful,
TM01,25.4479389,-98.01216666666667,2023-08-19,h00v00,463.0,878.0,-9999.0,7.0,Soil moisture retrieval doesn't have recommended quality,Soil moisture retrieval was skipped,Soil moisture retrieval was not successful,Freeze/thaw state retrieval was successful,Not used
TM01,25.4479389,-98.01216666666667,2023-08-20,h00v00,463.0,878.0,0.1193808,8.0,Soil moisture retrieval has recommended quality,Soil moisture retrieval was attempted,Soil moisture retrieval was successful,Freeze/thaw state retrieval was not successful,
TM01,25.4479389,-98.01216666666667,2023-08-21,h00v00,463.0,878.0,0.0786997,8.0,Soil moisture retrieval has recommended quality,Soil moisture retrieval was attempted,Soil moisture retrieval was successful,Freeze/thaw state retrieval was not successful,
TM01,25.4479389,-98.01216666666667,2023-08-22,h00v00,463.0,878.0,-9999.0,7.0,Soil moisture retrieval doesn't have recommended quality,Soil moisture retrieval was skipped,Soil moisture retrieval was not successful,Freeze/thaw state retrieval was successful,Not used
TM01,25.4479389,-98.01216666666667,2023-08-23,h00v00,463.0,878.0,0.2833343,8.0,Soil moisture retrieval has recommended quality,Soil moisture retrieval was attempted,Soil moisture retrieval was successful,Freeze/thaw state retrieval was not successful,
TM01,25.4479389,-98.01216666666667,2023-08-24,h00v00,463.0,878.0,-9999.0,7.0,Soil moisture retrieval doesn't have recommended quality,Soil moisture retrieval was skipped,Soil moisture retrieval was not successful,Freeze/thaw state retrieval was successful,Not used
TM01,25.4479389,-98.01216666666667,2023-08-25,h00v00,463.0,878.0,-9999.0,7.0,Soil moisture retrieval doesn't have recommended quality,Soil moisture retrieval was skipped,Soil moisture retrieval was not successful,Freeze/thaw state retrieval was successful,Not used
TM01,25.4479389,-98.01216666666667,2023-08-26,h00v00,463.0,878.0,0.2230259,8.0,Soil moisture retrieval has recommended quality,Soil moisture retrieval was attempted,Soil moisture retrieval was successful,Freeze/thaw state retrieval was not successful,
TM01,25.4479389,-98.01216666666667,2023-08-27,h00v00,463.0,878.0,-9999.0,7.0,Soil moisture retrieval doesn't have recommended quality,Soil moisture retrieval was skipped,Soil moisture retrieval was not successful,Freeze/thaw state retrieval was successful,Not used
TM01,25.4479389,-98.01216666666667,2023-08-28,h00v00,463.0,878.0,0.2179146,8.0,Soil moisture retrieval has recommended quality,Soil moisture retrieval was attempted,Soil moisture retrieval was successful,Freeze/thaw state retrieval was not successful,
TM01,25.4479389,-98.01216666666667,2023-08-29,h00v00,463.0,878.0,0.1360929,8.0,Soil moisture retrieval has recommended quality,Soil moisture retrieval was attempted,Soil moisture retrieval was successful,Freeze/thaw state retrieval was not successful,
TM01,25.4479389,-98.01216666666667,2023-08-30,h00v00,463.0,878.0,-9999.0,7.0,Soil moisture retrieval doesn't have recommended quality,Soil moisture retrieval was skipped,Soil moisture retrieval was not successful,Freeze/thaw state retrieval was successful,Not used
TM01,25.4479389,-98.01216666666667,2023-08-31,h00v00,463.0,878.0,0.1156694,8.0,Soil moisture retrieval has recommended quality,Soil moisture retrieval was attempted,Soil moisture retrieval was successful,Freeze/thaw state retrieval was not successful,
TM01,25.4479389,-98.01216666666667,2023-09-01,h00v00,463.0,878.0,-9999.0,7.0,Soil moisture retrieval doesn't have recommended quality,Soil moisture retrieval was skipped,Soil moisture retrieval was not successful,Freeze/thaw state retrieval was successful,Not used
TM01,25.4479389,-98.01216666666667,2023-09-02,h00v00,463.0,878.0,-9999.0,7.0,Soil moisture retrieval doesn't have recommended quality,Soil moisture retrieval was skipped,Soil moisture retrieval was not successful,Freeze/thaw state retrieval was successful,Not used
TM01,25.4479389,-98.01216666666667,2023-09-03,h00v00,463.0,878.0,0.1119993,8.0,Soil moisture retrieval has recommended quality,Soil moisture retrieval was attempted,Soil moisture retrieval was successful,Freeze/thaw state retrieval was not successful,
TM01,25.4479389,-98.01216666666667,2023-09-04,h00v00,463.0,878.0,-9999.0,7.0,Soil moisture retrieval doesn't have recommended quality,Soil moisture retrieval was skipped,Soil moisture retrieval was not successful,Freeze/thaw state retrieval was successful,Not used
TM01,25.4479389,-98.01216666666667,2023-09-05,h00v00,463.0,878.0,0.1295856,8.0,Soil moisture retrieval has recommended quality,Soil moisture retrieval was attempted,Soil moisture retrieval was successful,Freeze/thaw state retrieval was not successful,
TM01,25.4479389,-98.01216666666667,2023-09-06,h00v00,463.0,878.0,0.105057,8.0,Soil moisture retrieval has recommended quality,Soil moisture retrieval was attempted,Soil moisture retrieval was successful,Freeze/thaw state retrieval was not successful,
TM01,25.4479389,-98.01216666666667,2023-09-07,h00v00,463.0,878.0,-9999.0,7.0,Soil moisture retrieval doesn't have recommended quality,Soil moisture retrieval was skipped,Soil moisture retrieval was not successful,Freeze/thaw state retrieval was successful,Not used
TM01,25.4479389,-98.01216666666667,2023-09-08,h00v00,463.0,878.0,0.119663,8.0,Soil moisture retrieval has recommended quality,Soil moisture retrieval was attempted,Soil moisture retrieval was successful,Freeze/thaw state retrieval was not successful,
TM01,25.4479389,-98.01216666666667,2023-09-09,h00v00,463.0,878.0,-9999.0,7.0,Soil moisture retrieval doesn't have recommended quality,Soil moisture retrieval was skipped,Soil moisture retrieval was not successful,Freeze/thaw state retrieval was successful,Not used
TM01,25.4479389,-98.01216666666667,2023-09-10,h00v00,463.0,878.0,-9999.0,7.0,Soil moisture retrieval doesn't have recommended quality,Soil moisture retrieval was skipped,Soil moisture retrieval was not successful,Freeze/thaw state retrieval was successful,Not used
TM01,25.4479389,-98.01216666666667,2023-09-11,h00v00,463.0,878.0,0.1155166,8.0,Soil moisture retrieval has recommended quality,Soil moisture retrieval was attempted,Soil moisture retrieval was successful,Freeze/thaw state retrieval was not successful,
TM01,25.4479389,-98.01216666666667,2023-09-12,h00v00,463.0,878.0,-9999.0,7.0,Soil moisture retrieval doesn't have recommended quality,Soil moisture retrieval was skipped,Soil moisture retrieval was not successful,Freeze/thaw state retrieval was successful,Not used
TM01,25.4479389,-98.01216666666667,2023-09-13,h00v00,463.0,878.0,0.121095,8.0,Soil moisture retrieval has recommended quality,Soil moisture retrieval was attempted,Soil moisture retrieval was successful,Freeze/thaw state retrieval was not successful,
TM01,25.4479389,-98.01216666666667,2023-09-14,h00v00,463.0,878.0,0.0951766,8.0,Soil moisture retrieval has recommended quality,Soil moisture retrieval was attempted,Soil moisture retrieval was successful,Freeze/thaw state retrieval was not successful,
TM01,25.4479389,-98.01216666666667,2023-09-15,h00v00,463.0,878.0,-9999.0,7.0,Soil moisture retrieval doesn't have recommended quality,Soil moisture retrieval was skipped,Soil moisture retrieval was not successful,Freeze/thaw state retrieval was successful,Not used
TM01,25.4479389,-98.01216666666667,2023-09-16,h00v00,463.0,878.0,0.1479032,8.0,Soil moisture retrieval has recommended quality,Soil moisture retrieval was attempted,Soil moisture retrieval was successful,Freeze/thaw state retrieval was not successful,
TM01,25.4479389,-98.01216666666667,2023-09-17,h00v00,463.0,878.0,-9999.0,7.0,Soil moisture retrieval doesn't have recommended quality,Soil moisture retrieval was skipped,Soil moisture retrieval was not successful,Freeze/thaw state retrieval was successful,Not used
TM01,25.4479389,-98.01216666666667,2023-09-18,h00v00,463.0,878.0,-9999.0,7.0,Soil moisture retrieval doesn't have recommended quality,Soil moisture retrieval was skipped,Soil moisture retrieval was not successful,Freeze/thaw state retrieval was successful,Not used
TM01,25.4479389,-98.01216666666667,2023-09-19,h00v00,463.0,878.0,0.1723131,8.0,Soil moisture retrieval has recommended quality,Soil moisture retrieval was attempted,Soil moisture retrieval was successful,Freeze/thaw state retrieval was not successful,
TM01,25.4479389,-98.01216666666667,2023-09-20,h00v00,463.0,878.0,-9999.0,7.0,Soil moisture retrieval doesn't have recommended quality,Soil moisture retrieval was skipped,Soil moisture retrieval was not successful,Freeze/thaw state retrieval was successful,Not used
TM01,25.4479389,-98.01216666666667,2023-09-21,h00v00,463.0,878.0,0.1332813,8.0,Soil moisture retrieval has recommended quality,Soil moisture retrieval was attempted,Soil moisture retrieval was successful,Freeze/thaw state retrieval was not successful,
TM01,25.4479389,-98.01216666666667,2023-09-22,h00v00,463.0,878.0,0.1164607,8.0,Soil moisture retrieval has recommended quality,Soil moisture retrieval was attempted,Soil moisture retrieval was successful,Freeze/thaw state retrieval was not successful,
TM01,25.4479389,-98.01216666666667,2023-09-23,h00v00,463.0,878.0,-9999.0,7.0,Soil moisture retrieval doesn't have recommended quality,Soil moisture retrieval was skipped,Soil moisture retrieval was not successful,Freeze/thaw state retrieval was successful,Not used
TM01,25.4479389,-98.01216666666667,2023-09-24,h00v00,463.0,878.0,0.1121929,8.0,Soil moisture retrieval has recommended quality,Soil moisture retrieval was attempted,Soil moisture retrieval was successful,Freeze/thaw state retrieval was not successful,
TM01,25.4479389,-98.01216666666667,2023-09-25,h00v00,463.0,878.0,-9999.0,7.0,Soil moisture retrieval doesn't have recommended quality,Soil moisture retrieval was skipped,Soil moisture retrieval was not successful,Freeze/thaw state retrieval was successful,Not used
TM01,25.4479389,-98.01216666666667,2023-09-26,h00v00,463.0,878.0,-9999.0,7.0,Soil moisture retrieval doesn't have recommended quality,Soil moisture retrieval was skipped,Soil moisture retrieval was not successful,Freeze/thaw state retrieval was successful,Not used
TM01,25.4479389,-98.01216666666667,2023-09-27,h00v00,463.0,878.0,0.118822,8.0,Soil moisture retrieval has recommended quality,Soil moisture retrieval was attempted,Soil moisture retrieval was successful,Freeze/thaw state retrieval was not successful,
TM01,25.4479389,-98.01216666666667,2023-09-28,h00v00,463.0,878.0,-9999.0,7.0,Soil moisture retrieval doesn't have recommended quality,Soil moisture retrieval was skipped,Soil moisture retrieval was not successful,Freeze/thaw state retrieval was successful,Not used
TM01,25.4479389,-98.01216666666667,2023-09-29,h00v00,463.0,878.0,0.1382238,8.0,Soil moisture retrieval has recommended quality,Soil moisture retrieval was attempted,Soil moisture retrieval was successful,Freeze/thaw state retrieval was not successful,
TM01,25.4479389,-98.01216666666667,2023-09-30,h00v00,463.0,878.0,0.1092345,8.0,Soil moisture retrieval has recommended quality,Soil moisture retrieval was attempted,Soil moisture retrieval was successful,Freeze/thaw state retrieval was not successful,
TM01,25.4479389,-98.01216666666667,2023-10-01,h00v00,463.0,878.0,-9999.0,7.0,Soil moisture retrieval doesn't have recommended quality,Soil moisture retrieval was skipped,Soil moisture retrieval was not successful,Freeze/thaw state retrieval was successful,Not used
TM01,25.4479389,-98.01216666666667,2023-10-02,h00v00,463.0,878.0,0.1370061,8.0,Soil moisture retrieval has recommended quality,Soil moisture retrieval was attempted,Soil moisture retrieval was successful,Freeze/thaw state retrieval was not successful,
TM01,25.4479389,-98.01216666666667,2023-10-03,h00v00,463.0,878.0,-9999.0,7.0,Soil moisture retrieval doesn't have recommended quality,Soil moisture retrieval was skipped,Soil moisture retrieval was not successful,Freeze/thaw state retrieval was successful,Not used
TM01,25.4479389,-98.01216666666667,2023-10-04,h00v00,463.0,878.0,-9999.0,7.0,Soil moisture retrieval doesn't have recommended quality,Soil moisture retrieval was skipped,Soil moisture retrieval was not successful,Freeze/thaw state retrieval was successful,Not used
TM01,25.4479389,-98.01216666666667,2023-10-05,h00v00,463.0,878.0,0.1161815,8.0,Soil moisture retrieval has recommended quality,Soil moisture retrieval was attempted,Soil moisture retrieval was successful,Freeze/thaw state retrieval was not successful,
TM01,25.4479389,-98.01216666666667,2023-10-06,h00v00,463.0,878.0,-9999.0,7.0,Soil moisture retrieval doesn't have recommended quality,Soil moisture retrieval was skipped,Soil moisture retrieval was not successful,Freeze/thaw state retrieval was successful,Not used
TM01,25.4479389,-98.01216666666667,2023-10-07,h00v00,463.0,878.0,0.1968415,8.0,Soil moisture retrieval has recommended quality,Soil moisture retrieval was attempted,Soil moisture retrieval was successful,Freeze/thaw state retrieval was not successful,
TM01,25.4479389,-98.01216666666667,2023-10-08,h00v00,463.0,878.0,0.1470949,8.0,Soil moisture retrieval has recommended quality,Soil moisture retrieval was attempted,Soil moisture retrieval was successful,Freeze/thaw state retrieval was not successful,
TM01,25.4479389,-98.01216666666667,2023-10-09,h00v00,463.0,878.0,-9999.0,7.0,Soil moisture retrieval doesn't have recommended quality,Soil moisture retrieval was skipped,Soil moisture retrieval was not successful,Freeze/thaw state retrieval was successful,Not used
TM01,25.4479389,-98.01216666666667,2023-10-10,h00v00,463.0,878.0,0.1325078,8.0,Soil moisture retrieval has recommended quality,Soil moisture retrieval was attempted,Soil moisture retrieval was successful,Freeze/thaw state retrieval was not successful,
TM01,25.4479389,-98.01216666666667,2023-10-11,h00v00,463.0,878.0,-9999.0,7.0,Soil moisture retrieval doesn't have recommended quality,Soil moisture retrieval was skipped,Soil moisture retrieval was not successful,Freeze/thaw state retrieval was successful,Not used
TM01,25.4479389,-98.01216666666667,2023-10-12,h00v00,463.0,878.0,-9999.0,7.0,Soil moisture retrieval doesn't have recommended quality,Soil moisture retrieval was skipped,Soil moisture retrieval was not successful,Freeze/thaw state retrieval was successful,Not used
TM01,25.4479389,-98.01216666666667,2023-10-13,h00v00,463.0,878.0,0.1821665,8.0,Soil moisture retrieval has recommended quality,Soil moisture retrieval was attempted,Soil moisture retrieval was successful,Freeze/thaw state retrieval was not successful,
TM01,25.4479389,-98.01216666666667,2023-10-14,h00v00,463.0,878.0,-9999.0,7.0,Soil moisture retrieval doesn't have recommended quality,Soil moisture retrieval was skipped,Soil moisture retrieval was not successful,Freeze/thaw state retrieval was successful,Not used
TM01,25.4479389,-98.01216666666667,2023-10-15,h00v00,463.0,878.0,0.1470795,8.0,Soil moisture retrieval has recommended quality,Soil moisture retrieval was attempted,Soil moisture retrieval was successful,Freeze/thaw state retrieval was not successful,
TM01,25.4479389,-98.01216666666667,2023-10-16,h00v00,463.0,878.0,0.1047771,8.0,Soil moisture retrieval has recommended quality,Soil moisture retrieval was attempted,Soil moisture retrieval was successful,Freeze/thaw state retrieval was not successful,
TM01,25.4479389,-98.01216666666667,2023-10-17,h00v00,463.0,878.0,-9999.0,7.0,Soil moisture retrieval doesn't have recommended quality,Soil moisture retrieval was skipped,Soil moisture retrieval was not successful,Freeze/thaw state retrieval was successful,Not used
TM01,25.4479389,-98.01216666666667,2023-10-18,h00v00,463.0,878.0,0.1010441,8.0,Soil moisture retrieval has recommended quality,Soil moisture retrieval was attempted,Soil moisture retrieval was successful,Freeze/thaw state retrieval was not successful,
TM01,25.4479389,-98.01216666666667,2023-10-19,h00v00,463.0,878.0,-9999.0,7.0,Soil moisture retrieval doesn't have recommended quality,Soil moisture retrieval was skipped,Soil moisture retrieval was not successful,Freeze/thaw state retrieval was successful,Not used
TM01,25.4479389,-98.01216666666667,2023-10-20,h00v00,463.0,878.0,-9999.0,7.0,Soil moisture retrieval doesn't have recommended quality,Soil moisture retrieval was skipped,Soil moisture retrieval was not successful,Freeze/thaw state retrieval was successful,Not used
TM01,25.4479389,-98.01216666666667,2023-10-21,h00v00,463.0,878.0,0.1037024,8.0,Soil moisture retrieval has recommended quality,Soil moisture retrieval was attempted,Soil moisture retrieval was successful,Freeze/thaw state retrieval was not successful,
TM01,25.4479389,-98.01216666666667,2023-10-22,h00v00,463.0,878.0,-9999.0,7.0,Soil moisture retrieval doesn't have recommended quality,Soil moisture retrieval was skipped,Soil moisture retrieval was not successful,Freeze/thaw state retrieval was successful,Not used
TM01,25.4479389,-98.01216666666667,2023-10-23,h00v00,463.0,878.0,0.1249026,8.0,Soil moisture retrieval has recommended quality,Soil moisture retrieval was attempted,Soil moisture retrieval was successful,Freeze/thaw state retrieval was not successful,
TM01,25.4479389,-98.01216666666667,2023-10-24,h00v00,463.0,878.0,0.1436318,8.0,Soil moisture retrieval has recommended quality,Soil moisture retrieval was attempted,Soil moisture retrieval was successful,Freeze/thaw state retrieval was not successful,
TM01,25.4479389,-98.01216666666667,2023-10-25,h00v00,463.0,878.0,-9999.0,7.0,Soil moisture retrieval doesn't have recommended quality,Soil moisture retrieval was skipped,Soil moisture retrieval was not successful,Freeze/thaw state retrieval was successful,Not used
TM01,25.4479389,-98.01216666666667,2023-10-26,h00v00,463.0,878.0,0.3948833,13.0,Soil moisture retrieval doesn't have recommended quality,Soil moisture retrieval was attempted,Soil moisture retrieval was not successful,Freeze/thaw state retrieval was not successful,
TM01,25.4479389,-98.01216666666667,2023-10-27,h00v00,463.0,878.0,-9999.0,7.0,Soil moisture retrieval doesn't have recommended quality,Soil moisture retrieval was skipped,Soil moisture retrieval was not successful,Freeze/thaw state retrieval was successful,Not used
TM01,25.4479389,-98.01216666666667,2023-10-28,h00v00,463.0,878.0,-9999.0,7.0,Soil moisture retrieval doesn't have recommended quality,Soil moisture retrieval was skipped,Soil moisture retrieval was not successful,Freeze/thaw state retrieval was successful,Not used
TM01,25.4479389,-98.01216666666667,2023-10-29,h00v00,463.0,878.0,0.1849346,8.0,Soil moisture retrieval has recommended quality,Soil moisture retrieval was attempted,Soil moisture retrieval was successful,Freeze/thaw state retrieval was not successful,
TM01,25.4479389,-98.01216666666667,2023-10-30,h00v00,463.0,878.0,-9999.0,7.0,Soil moisture retrieval doesn't have recommended quality,Soil moisture retrieval was skipped,Soil moisture retrieval was not successful,Freeze/thaw state retrieval was successful,Not used
TM01,25.4479389,-98.01216666666667,2023-10-31,h00v00,463.0,878.0,0.1699939,8.0,Soil moisture retrieval has recommended quality,Soil moisture retrieval was attempted,Soil moisture retrieval was successful,Freeze/thaw state retrieval was not successful,
TM01,25.4479389,-98.01216666666667,2023-11-01,h00v00,463.0,878.0,0.1256715,8.0,Soil moisture retrieval has recommended quality,Soil moisture retrieval was attempted,Soil moisture retrieval was successful,Freeze/thaw state retrieval was not successful,
TM01,25.4479389,-98.01216666666667,2023-11-02,h00v00,463.0,878.0,-9999.0,7.0,Soil moisture retrieval doesn't have recommended quality,Soil moisture retrieval was skipped,Soil moisture retrieval was not successful,Freeze/thaw state retrieval was successful,Not used
TM01,25.4479389,-98.01216666666667,2023-11-03,h00v00,463.0,878.0,0.1082815,8.0,Soil moisture retrieval has recommended quality,Soil moisture retrieval was attempted,Soil moisture retrieval was successful,Freeze/thaw state retrieval was not successful,
TM01,25.4479389,-98.01216666666667,2023-11-04,h00v00,463.0,878.0,-9999.0,7.0,Soil moisture retrieval doesn't have recommended quality,Soil moisture retrieval was skipped,Soil moisture retrieval was not successful,Freeze/thaw state retrieval was successful,Not used
TM01,25.4479389,-98.01216666666667,2023-11-05,h00v00,463.0,878.0,-9999.0,7.0,Soil moisture retrieval doesn't have recommended quality,Soil moisture retrieval was skipped,Soil moisture retrieval was not successful,Freeze/thaw state retrieval was successful,Not used
TM01,25.4479389,-98.01216666666667,2023-11-06,h00v00,463.0,878.0,0.1250597,8.0,Soil moisture retrieval has recommended quality,Soil moisture retrieval was attempted,Soil moisture retrieval was successful,Freeze/thaw state retrieval was not successful,
TM01,25.4479389,-98.01216666666667,2023-11-07,h00v00,463.0,878.0,-9999.0,7.0,Soil moisture retrieval doesn't have recommended quality,Soil moisture retrieval was skipped,Soil moisture retrieval was not successful,Freeze/thaw state retrieval was successful,Not used
TM01,25.4479389,-98.01216666666667,2023-11-08,h00v00,463.0,878.0,0.1349129,8.0,Soil moisture retrieval has recommended quality,Soil moisture retrieval was attempted,Soil moisture retrieval was successful,Freeze/thaw state retrieval was not successful,
TM01,25.4479389,-98.01216666666667,2023-11-09,h00v00,463.0,878.0,0.1079387,8.0,Soil moisture retrieval has recommended quality,Soil moisture retrieval was attempted,Soil moisture retrieval was successful,Freeze/thaw state retrieval was not successful,
TM01,25.4479389,-98.01216666666667,2023-11-10,h00v00,463.0,878.0,-9999.0,7.0,Soil moisture retrieval doesn't have recommended quality,Soil moisture retrieval was skipped,Soil moisture retrieval was not successful,Freeze/thaw state retrieval was successful,Not used
TM01,25.4479389,-98.01216666666667,2023-11-11,h00v00,463.0,878.0,0.4051686,13.0,Soil moisture retrieval doesn't have recommended quality,Soil moisture retrieval was attempted,Soil moisture retrieval was not successful,Freeze/thaw state retrieval was not successful,
TM01,25.4479389,-98.01216666666667,2023-11-12,h00v00,463.0,878.0,-9999.0,7.0,Soil moisture retrieval doesn't have recommended quality,Soil moisture retrieval was skipped,Soil moisture retrieval was not successful,Freeze/thaw state retrieval was successful,Not used
TM01,25.4479389,-98.01216666666667,2023-11-13,h00v00,463.0,878.0,-9999.0,7.0,Soil moisture retrieval doesn't have recommended quality,Soil moisture retrieval was skipped,Soil moisture retrieval was not successful,Freeze/thaw state retrieval was successful,Not used
TM01,25.4479389,-98.01216666666667,2023-11-14,h00v00,463.0,878.0,0.4051686,13.0,Soil moisture retrieval doesn't have recommended quality,Soil moisture retrieval was attempted,Soil moisture retrieval was not successful,Freeze/thaw state retrieval was not successful,
TM01,25.4479389,-98.01216666666667,2023-11-15,h00v00,463.0,878.0,-9999.0,7.0,Soil moisture retrieval doesn't have recommended quality,Soil moisture retrieval was skipped,Soil moisture retrieval was not successful,Freeze/thaw state retrieval was successful,Not used
TM01,25.4479389,-98.01216666666667,2023-11-16,h00v00,463.0,878.0,0.4051686,13.0,Soil moisture retrieval doesn't have recommended quality,Soil moisture retrieval was attempted,Soil moisture retrieval was not successful,Freeze/thaw state retrieval was not successful,
TM01,25.4479389,-98.01216666666667,2023-11-17,h00v00,463.0,878.0,0.4051686,13.0,Soil moisture retrieval doesn't have recommended quality,Soil moisture retrieval was attempted,Soil moisture retrieval was not successful,Freeze/thaw state retrieval was not successful,
TM01,25.4479389,-98.01216666666667,2023-11-18,h00v00,463.0,878.0,-9999.0,7.0,Soil moisture retrieval doesn't have recommended quality,Soil moisture retrieval was skipped,Soil moisture retrieval was not successful,Freeze/thaw state retrieval was successful,Not used
TM01,25.4479389,-98.01216666666667,2023-11-19,h00v00,463.0,878.0,0.381694,13.0,Soil moisture retrieval doesn't have recommended quality,Soil moisture retrieval was attempted,Soil moisture retrieval was not successful,Freeze/thaw state retrieval was not successful,
TM01,25.4479389,-98.01216666666667,2023-11-20,h00v00,463.0,878.0,-9999.0,7.0,Soil moisture retrieval doesn't have recommended quality,Soil moisture retrieval was skipped,Soil moisture retrieval was not successful,Freeze/thaw state retrieval was successful,Not used
TM01,25.4479389,-98.01216666666667,2023-11-21,h00v00,463.0,878.0,-9999.0,7.0,Soil moisture retrieval doesn't have recommended quality,Soil moisture retrieval was skipped,Soil moisture retrieval was not successful,Freeze/thaw state retrieval was successful,Not used
TM01,25.4479389,-98.01216666666667,2023-11-22,h00v00,463.0,878.0,0.3166213,13.0,Soil moisture retrieval doesn't have recommended quality,Soil moisture retrieval was attempted,Soil moisture retrieval was not successful,Freeze/thaw state retrieval was not successful,
TM01,25.4479389,-98.01216666666667,2023-11-23,h00v00,463.0,878.0,-9999.0,7.0,Soil moisture retrieval doesn't have recommended quality,Soil moisture retrieval was skipped,Soil moisture retrieval was not successful,Freeze/thaw state retrieval was successful,Not used
TM01,25.4479389,-98.01216666666667,2023-11-24,h00v00,463.0,878.0,0.4051686,13.0,Soil moisture retrieval doesn't have recommended quality,Soil moisture retrieval was attempted,Soil moisture retrieval was not successful,Freeze/thaw state retrieval was not successful,
TM01,25.4479389,-98.01216666666667,2023-11-25,h00v00,463.0,878.0,0.4051686,13.0,Soil moisture retrieval doesn't have recommended quality,Soil moisture retrieval was attempted,Soil moisture retrieval was not successful,Freeze/thaw state retrieval was not successful,
TM01,25.4479389,-98.01216666666667,2023-11-26,h00v00,463.0,878.0,-9999.0,7.0,Soil moisture retrieval doesn't have recommended quality,Soil moisture retrieval was skipped,Soil moisture retrieval was not successful,Freeze/thaw state retrieval was successful,Not used
TM01,25.4479389,-98.01216666666667,2023-11-27,h00v00,463.0,878.0,0.4051686,13.0,Soil moisture retrieval doesn't have recommended quality,Soil moisture retrieval was attempted,Soil moisture retrieval was not successful,Freeze/thaw state retrieval was not successful,
TM01,25.4479389,-98.01216666666667,2023-11-28,h00v00,463.0,878.0,-9999.0,7.0,Soil moisture retrieval doesn't have recommended quality,Soil moisture retrieval was skipped,Soil moisture retrieval was not successful,Freeze/thaw state retrieval was successful,Not used
TM01,25.4479389,-98.01216666666667,2023-11-29,h00v00,463.0,878.0,-9999.0,7.0,Soil moisture retrieval doesn't have recommended quality,Soil moisture retrieval was skipped,Soil moisture retrieval was not successful,Freeze/thaw state retrieval was successful,Not used
TM01,25.4479389,-98.01216666666667,2023-11-30,h00v00,463.0,878.0,0.4051686,13.0,Soil moisture retrieval doesn't have recommended quality,Soil moisture retrieval was attempted,Soil moisture retrieval was not successful,Freeze/thaw state retrieval was not successful,
TM01,25.4479389,-98.01216666666667,2023-12-01,h00v00,463.0,878.0,-9999.0,7.0,Soil moisture retrieval doesn't have recommended quality,Soil moisture retrieval was skipped,Soil moisture retrieval was not successful,Freeze/thaw state retrieval was successful,Not used
TM01,25.4479389,-98.01216666666667,2023-12-02,h00v00,463.0,878.0,0.402468,13.0,Soil moisture retrieval doesn't have recommended quality,Soil moisture retrieval was attempted,Soil moisture retrieval was not successful,Freeze/thaw state retrieval was not successful,
TM01,25.4479389,-98.01216666666667,2023-12-03,h00v00,463.0,878.0,0.4051686,13.0,Soil moisture retrieval doesn't have recommended quality,Soil moisture retrieval was attempted,Soil moisture retrieval was not successful,Freeze/thaw state retrieval was not successful,
TM01,25.4479389,-98.01216666666667,2023-12-04,h00v00,463.0,878.0,-9999.0,7.0,Soil moisture retrieval doesn't have recommended quality,Soil moisture retrieval was skipped,Soil moisture retrieval was not successful,Freeze/thaw state retrieval was successful,Not used
TM01,25.4479389,-98.01216666666667,2023-12-05,h00v00,463.0,878.0,0.360105,13.0,Soil moisture retrieval doesn't have recommended quality,Soil moisture retrieval was attempted,Soil moisture retrieval was not successful,Freeze/thaw state retrieval was not successful,
TM01,25.4479389,-98.01216666666667,2023-12-06,h00v00,463.0,878.0,-9999.0,7.0,Soil moisture retrieval doesn't have recommended quality,Soil moisture retrieval was skipped,Soil moisture retrieval was not successful,Freeze/thaw state retrieval was successful,Not used
TM01,25.4479389,-98.01216666666667,2023-12-07,h00v00,463.0,878.0,-9999.0,7.0,Soil moisture retrieval doesn't have recommended quality,Soil moisture retrieval was skipped,Soil moisture retrieval was not successful,Freeze/thaw state retrieval was successful,Not used
TM01,25.4479389,-98.01216666666667,2023-12-08,h00v00,463.0,878.0,0.3441086,13.0,Soil moisture retrieval doesn't have recommended quality,Soil moisture retrieval was attempted,Soil moisture retrieval was not successful,Freeze/thaw state retrieval was not successful,
TM01,25.4479389,-98.01216666666667,2023-12-09,h00v00,463.0,878.0,-9999.0,7.0,Soil moisture retrieval doesn't have recommended quality,Soil moisture retrieval was skipped,Soil moisture retrieval was not successful,Freeze/thaw state retrieval was successful,Not used
TM01,25.4479389,-98.01216666666667,2023-12-10,h00v00,463.0,878.0,0.2986942,8.0,Soil moisture retrieval has recommended quality,Soil moisture retrieval was attempted,Soil moisture retrieval was successful,Freeze/thaw state retrieval was not successful,
TM01,25.4479389,-98.01216666666667,2023-12-11,h00v00,463.0,878.0,0.2568393,8.0,Soil moisture retrieval has recommended quality,Soil moisture retrieval was attempted,Soil moisture retrieval was successful,Freeze/thaw state retrieval was not successful,
TM01,25.4479389,-98.01216666666667,2023-12-12,h00v00,463.0,878.0,-9999.0,7.0,Soil moisture retrieval doesn't have recommended quality,Soil moisture retrieval was skipped,Soil moisture retrieval was not successful,Freeze/thaw state retrieval was successful,Not used
TM01,25.4479389,-98.01216666666667,2023-12-13,h00v00,463.0,878.0,0.3932429,13.0,Soil moisture retrieval doesn't have recommended quality,Soil moisture retrieval was attempted,Soil moisture retrieval was not successful,Freeze/thaw state retrieval was not successful,
TM01,25.4479389,-98.01216666666667,2023-12-14,h00v00,463.0,878.0,-9999.0,7.0,Soil moisture retrieval doesn't have recommended quality,Soil moisture retrieval was skipped,Soil moisture retrieval was not successful,Freeze/thaw state retrieval was successful,Not used
TM01,25.4479389,-98.01216666666667,2023-12-15,h00v00,463.0,878.0,-9999.0,7.0,Soil moisture retrieval doesn't have recommended quality,Soil moisture retrieval was skipped,Soil moisture retrieval was not successful,Freeze/thaw state retrieval was successful,Not used
TM01,25.4479389,-98.01216666666667,2023-12-16,h00v00,463.0,878.0,0.4051686,13.0,Soil moisture retrieval doesn't have recommended quality,Soil moisture retrieval was attempted,Soil moisture retrieval was not successful,Freeze/thaw state retrieval was not successful,
TM01,25.4479389,-98.01216666666667,2023-12-17,h00v00,463.0,878.0,-9999.0,7.0,Soil moisture retrieval doesn't have recommended quality,Soil moisture retrieval was skipped,Soil moisture retrieval was not successful,Freeze/thaw state retrieval was successful,Not used
TM01,25.4479389,-98.01216666666667,2023-12-18,h00v00,463.0,878.0,0.3709644,13.0,Soil moisture retrieval doesn't have recommended quality,Soil moisture retrieval was attempted,Soil moisture retrieval was not successful,Freeze/thaw state retrieval was not successful,
TM01,25.4479389,-98.01216666666667,2023-12-19,h00v00,463.0,878.0,0.3486571,13.0,Soil moisture retrieval doesn't have recommended quality,Soil moisture retrieval was attempted,Soil moisture retrieval was not successful,Freeze/thaw state retrieval was not successful,
TM01,25.4479389,-98.01216666666667,2023-12-20,h00v00,463.0,878.0,-9999.0,7.0,Soil moisture retrieval doesn't have recommended quality,Soil moisture retrieval was skipped,Soil moisture retrieval was not successful,Freeze/thaw state retrieval was successful,Not used
TM01,25.4479389,-98.01216666666667,2023-12-21,h00v00,463.0,878.0,0.2759202,13.0,Soil moisture retrieval doesn't have recommended quality,Soil moisture retrieval was attempted,Soil moisture retrieval was not successful,Freeze/thaw state retrieval was not successful,
TM01,25.4479389,-98.01216666666667,2023-12-22,h00v00,463.0,878.0,-9999.0,7.0,Soil moisture retrieval doesn't have recommended quality,Soil moisture retrieval was skipped,Soil moisture retrieval was not successful,Freeze/thaw state retrieval was successful,Not used
TM01,25.4479389,-98.01216666666667,2023-12-23,h00v00,463.0,878.0,-9999.0,7.0,Soil moisture retrieval doesn't have recommended quality,Soil moisture retrieval was skipped,Soil moisture retrieval was not successful,Freeze/thaw state retrieval was successful,Not used
TM01,25.4479389,-98.01216666666667,2023-12-24,h00v00,463.0,878.0,0.3041673,13.0,Soil moisture retrieval doesn't have recommended quality,Soil moisture retrieval was attempted,Soil moisture retrieval was not successful,Freeze/thaw state retrieval was not successful,
TM01,25.4479389,-98.01216666666667,2023-12-25,h00v00,463.0,878.0,-9999.0,7.0,Soil moisture retrieval doesn't have recommended quality,Soil moisture retrieval was skipped,Soil moisture retrieval was not successful,Freeze/thaw state retrieval was successful,Not used
TM01,25.4479389,-98.01216666666667,2023-12-26,h00v00,463.0,878.0,0.2740253,8.0,Soil moisture retrieval has recommended quality,Soil moisture retrieval was attempted,Soil moisture retrieval was successful,Freeze/thaw state retrieval was not successful,
TM01,25.4479389,-98.01216666666667,2023-12-27,h00v00,463.0,878.0,0.2498792,13.0,Soil moisture retrieval doesn't have recommended quality,Soil moisture retrieval was attempted,Soil moisture retrieval was not successful,Freeze/thaw state retrieval was not successful,
TM01,25.4479389,-98.01216666666667,2023-12-28,h00v00,463.0,878.0,-9999.0,7.0,Soil moisture retrieval doesn't have recommended quality,Soil moisture retrieval was skipped,Soil moisture retrieval was not successful,Freeze/thaw state retrieval was successful,Not used
TM01,25.4479389,-98.01216666666667,2023-12-29,h00v00,463.0,878.0,0.2312582,8.0,Soil moisture retrieval has recommended quality,Soil moisture retrieval was attempted,Soil moisture retrieval was successful,Freeze/thaw state retrieval was not successful,
TM01,25.4479389,-98.01216666666667,2023-12-30,h00v00,463.0,878.0,-9999.0,7.0,Soil moisture retrieval doesn't have recommended quality,Soil moisture retrieval was skipped,Soil moisture retrieval was not successful,Freeze/thaw state retrieval was successful,Not used
TM01,25.4479389,-98.01216666666667,2023-12-31,h00v00,463.0,878.0,-9999.0,7.0,Soil moisture retrieval doesn't have recommended quality,Soil moisture retrieval was skipped,Soil moisture retrieval was not successful,Freeze/thaw state retrieval was successful,Not used
