Station_ID,Date,Latitude,Longitude,SMAP_Moisture
TXS01,2015-04-03,30.42047,-98.80332,0.1340514
TXS01,2015-04-06,30.42047,-98.80332,0.1342754
TXS01,2015-04-08,30.42047,-98.80332,0.1273242
TXS01,2015-04-11,30.42047,-98.80332,0.1565886
TXS01,2015-04-14,30.42047,-98.80332,0.1567663
TXS01,2015-04-16,30.42047,-98.80332,0.1246611
TXS01,2015-04-17,30.42047,-98.80332,0.123712
TXS01,2015-04-19,30.42047,-98.80332,0.3010828
TXS01,2015-04-22,30.42047,-98.80332,0.2020567
TXS01,2015-04-24,30.42047,-98.80332,0.3361306
TXS01,2015-04-25,30.42047,-98.80332,0.237421
TXS01,2015-04-27,30.42047,-98.80332,0.2911338
TXS01,2015-05-05,30.42047,-98.80332,0.1247923
TXS01,2015-05-08,30.42047,-98.80332,0.1450888
TXS01,2015-05-10,30.42047,-98.80332,0.1725492
TXS01,2015-05-16,30.42047,-98.80332,0.2493041
TXS01,2015-05-18,30.42047,-98.80332,0.2833717
TXS01,2015-05-21,30.42047,-98.80332,0.3764983
TXS01,2015-05-24,30.42047,-98.80332,0.3673294
TXS01,2015-05-26,30.42047,-98.80332,0.3059275
TXS01,2015-05-29,30.42047,-98.80332,0.3751211
TXS01,2015-06-01,30.42047,-98.80332,0.2655954
TXS01,2015-06-03,30.42047,-98.80332,0.2205009
TXS01,2015-06-06,30.42047,-98.80332,0.1677218
TXS01,2015-06-09,30.42047,-98.80332,0.1403372
TXS01,2015-06-11,30.42047,-98.80332,0.1240441
TXS01,2015-06-14,30.42047,-98.80332,0.1252732
TXS01,2015-06-19,30.42047,-98.80332,0.2398854
TXS01,2015-06-25,30.42047,-98.80332,0.1751118
TXS01,2015-06-27,30.42047,-98.80332,0.1612986
TXS01,2015-06-28,30.42047,-98.80332,0.180544
TXS01,2015-06-30,30.42047,-98.80332,0.179836
TXS01,2015-07-03,30.42047,-98.80332,0.1314617
TXS01,2015-07-05,30.42047,-98.80332,0.1290749
TXS01,2015-07-06,30.42047,-98.80332,0.109164
TXS01,2015-07-08,30.42047,-98.80332,0.1199692
TXS01,2015-07-11,30.42047,-98.80332,0.107797
TXS01,2015-07-13,30.42047,-98.80332,0.092395
TXS01,2015-07-14,30.42047,-98.80332,0.0893473
TXS01,2015-07-16,30.42047,-98.80332,0.0893821
TXS01,2015-07-19,30.42047,-98.80332,0.0900723
TXS01,2015-07-21,30.42047,-98.80332,0.09916
TXS01,2015-07-22,30.42047,-98.80332,0.0865353
TXS01,2015-07-24,30.42047,-98.80332,0.0861517
TXS01,2015-07-29,30.42047,-98.80332,0.0958029
TXS01,2015-07-30,30.42047,-98.80332,0.0859307
TXS01,2015-08-01,30.42047,-98.80332,0.1624264
TXS01,2015-08-04,30.42047,-98.80332,0.1122106
TXS01,2015-08-06,30.42047,-98.80332,0.1164552
TXS01,2015-08-07,30.42047,-98.80332,0.0993444
TXS01,2015-08-09,30.42047,-98.80332,0.1191189
TXS01,2015-08-14,30.42047,-98.80332,0.1199382
TXS01,2015-08-15,30.42047,-98.80332,0.1207749
TXS01,2015-08-17,30.42047,-98.80332,0.1160265
TXS01,2015-08-20,30.42047,-98.80332,0.0969052
TXS01,2015-08-22,30.42047,-98.80332,0.1060586
TXS01,2015-08-23,30.42047,-98.80332,0.0980403
TXS01,2015-08-25,30.42047,-98.80332,0.1084673
TXS01,2015-08-28,30.42047,-98.80332,0.1098134
TXS01,2015-08-30,30.42047,-98.80332,0.0991493
TXS01,2015-09-02,30.42047,-98.80332,0.1179256
TXS01,2015-09-05,30.42047,-98.80332,0.0966106
TXS01,2015-09-07,30.42047,-98.80332,0.1113273
TXS01,2015-09-10,30.42047,-98.80332,0.150809
TXS01,2015-09-13,30.42047,-98.80332,0.1291449
TXS01,2015-09-15,30.42047,-98.80332,0.11217
TXS01,2015-09-18,30.42047,-98.80332,0.1040235
TXS01,2015-09-21,30.42047,-98.80332,0.0964521
TXS01,2015-09-23,30.42047,-98.80332,0.1102415
TXS01,2015-09-26,30.42047,-98.80332,0.1037922
TXS01,2015-09-29,30.42047,-98.80332,0.1130368
TXS01,2015-10-01,30.42047,-98.80332,0.1134803
TXS01,2015-10-04,30.42047,-98.80332,0.0967234
TXS01,2015-10-07,30.42047,-98.80332,0.1013189
TXS01,2015-10-09,30.42047,-98.80332,0.1579246
TXS01,2015-10-12,30.42047,-98.80332,0.1161003
TXS01,2015-10-15,30.42047,-98.80332,0.1099249
TXS01,2015-10-17,30.42047,-98.80332,0.1178068
TXS01,2015-10-20,30.42047,-98.80332,0.0932616
TXS01,2015-10-28,30.42047,-98.80332,0.2620155
TXS01,2015-10-31,30.42047,-98.80332,0.3341453
TXS01,2015-11-02,30.42047,-98.80332,0.2460823
TXS01,2015-11-05,30.42047,-98.80332,0.2668797
TXS01,2015-11-08,30.42047,-98.80332,0.2995293
TXS01,2015-11-10,30.42047,-98.80332,0.2693863
TXS01,2015-11-13,30.42047,-98.80332,0.2664301
TXS01,2015-11-16,30.42047,-98.80332,0.2343611
TXS01,2015-11-18,30.42047,-98.80332,0.281833
TXS01,2015-11-21,30.42047,-98.80332,0.2388972
TXS01,2015-11-24,30.42047,-98.80332,0.2261023
TXS01,2015-11-26,30.42047,-98.80332,0.2154942
TXS01,2015-11-29,30.42047,-98.80332,0.335075
TXS01,2015-12-02,30.42047,-98.80332,0.290064
TXS01,2015-12-04,30.42047,-98.80332,0.256987
TXS01,2015-12-07,30.42047,-98.80332,0.2400899
TXS01,2015-12-10,30.42047,-98.80332,0.2531744
TXS01,2015-12-12,30.42047,-98.80332,0.2140874
TXS01,2015-12-18,30.42047,-98.80332,0.2535463
TXS01,2015-12-20,30.42047,-98.80332,0.2177794
TXS01,2015-12-21,30.42047,-98.80332,0.2301594
TXS01,2015-12-23,30.42047,-98.80332,0.2424161
TXS01,2015-12-26,30.42047,-98.80332,0.2023295
TXS01,2015-12-28,30.42047,-98.80332,0.3054924
TXS01,2015-12-29,30.42047,-98.80332,0.2816507
TXS01,2015-12-31,30.42047,-98.80332,0.2732657
TXS01,2016-01-03,30.42047,-98.80332,0.2930103
TXS01,2016-01-05,30.42047,-98.80332,0.2731337
TXS01,2016-01-06,30.42047,-98.80332,0.2564691
TXS01,2016-01-08,30.42047,-98.80332,0.2709252
TXS01,2016-01-11,30.42047,-98.80332,0.2471785
TXS01,2016-01-13,30.42047,-98.80332,0.2377345
TXS01,2016-01-14,30.42047,-98.80332,0.2295388
TXS01,2016-01-16,30.42047,-98.80332,0.2117472
TXS01,2016-01-19,30.42047,-98.80332,0.1952864
TXS01,2016-01-21,30.42047,-98.80332,0.2008058
TXS01,2016-01-22,30.42047,-98.80332,0.2100625
TXS01,2016-01-24,30.42047,-98.80332,0.2085035
TXS01,2016-01-27,30.42047,-98.80332,0.183423
TXS01,2016-01-29,30.42047,-98.80332,0.1801318
TXS01,2016-02-01,30.42047,-98.80332,0.1891518
TXS01,2016-02-04,30.42047,-98.80332,0.1541888
TXS01,2016-02-06,30.42047,-98.80332,0.1491894
TXS01,2016-02-09,30.42047,-98.80332,0.143836
TXS01,2016-02-12,30.42047,-98.80332,0.144492
TXS01,2016-02-14,30.42047,-98.80332,0.1289071
TXS01,2016-02-17,30.42047,-98.80332,0.1451367
TXS01,2016-02-20,30.42047,-98.80332,0.1103381
TXS01,2016-02-22,30.42047,-98.80332,0.1904605
TXS01,2016-02-25,30.42047,-98.80332,0.2704848
TXS01,2016-02-28,30.42047,-98.80332,0.189082
TXS01,2016-03-01,30.42047,-98.80332,0.1803883
TXS01,2016-03-04,30.42047,-98.80332,0.1782537
TXS01,2016-03-07,30.42047,-98.80332,0.1305559
TXS01,2016-03-09,30.42047,-98.80332,0.3076377
TXS01,2016-03-12,30.42047,-98.80332,0.3366828
TXS01,2016-03-15,30.42047,-98.80332,0.2661908
TXS01,2016-03-17,30.42047,-98.80332,0.2175891
TXS01,2016-03-20,30.42047,-98.80332,0.2525059
TXS01,2016-03-23,30.42047,-98.80332,0.1764559
TXS01,2016-03-25,30.42047,-98.80332,0.1946881
TXS01,2016-03-28,30.42047,-98.80332,0.1546907
TXS01,2016-03-31,30.42047,-98.80332,0.1476036
TXS01,2016-04-02,30.42047,-98.80332,0.2457463
TXS01,2016-04-05,30.42047,-98.80332,0.1832567
TXS01,2016-04-08,30.42047,-98.80332,0.1458878
TXS01,2016-04-10,30.42047,-98.80332,0.1282371
TXS01,2016-04-13,30.42047,-98.80332,0.2729984
TXS01,2016-04-16,30.42047,-98.80332,0.183201
TXS01,2016-04-18,30.42047,-98.80332,0.3038296
TXS01,2016-04-21,30.42047,-98.80332,0.3863004
TXS01,2016-04-24,30.42047,-98.80332,0.2167128
TXS01,2016-04-26,30.42047,-98.80332,0.1824419
TXS01,2016-04-29,30.42047,-98.80332,0.191017
TXS01,2016-05-04,30.42047,-98.80332,0.1712631
TXS01,2016-05-07,30.42047,-98.80332,0.1434342
TXS01,2016-05-10,30.42047,-98.80332,0.1074367
TXS01,2016-05-12,30.42047,-98.80332,0.14759
TXS01,2016-05-15,30.42047,-98.80332,0.1712655
TXS01,2016-05-18,30.42047,-98.80332,0.2788162
TXS01,2016-05-20,30.42047,-98.80332,0.2931106
TXS01,2016-05-21,30.42047,-98.80332,0.226969
TXS01,2016-05-23,30.42047,-98.80332,0.2168313
TXS01,2016-05-26,30.42047,-98.80332,0.1943271
TXS01,2016-05-28,30.42047,-98.80332,0.2238975
TXS01,2016-05-29,30.42047,-98.80332,0.2506352
TXS01,2016-05-31,30.42047,-98.80332,0.2478748
TXS01,2016-06-03,30.42047,-98.80332,0.3118711
TXS01,2016-06-05,30.42047,-98.80332,0.277953
TXS01,2016-06-08,30.42047,-98.80332,0.1911875
TXS01,2016-06-11,30.42047,-98.80332,0.1540703
TXS01,2016-06-13,30.42047,-98.80332,0.1438618
TXS01,2016-06-16,30.42047,-98.80332,0.1262171
TXS01,2016-06-19,30.42047,-98.80332,0.1118223
TXS01,2016-06-21,30.42047,-98.80332,0.1247559
TXS01,2016-06-24,30.42047,-98.80332,0.1121333
TXS01,2016-06-27,30.42047,-98.80332,0.103677
TXS01,2016-06-29,30.42047,-98.80332,0.1507525
TXS01,2016-07-02,30.42047,-98.80332,0.1110056
TXS01,2016-07-05,30.42047,-98.80332,0.1091973
TXS01,2016-07-07,30.42047,-98.80332,0.1012474
TXS01,2016-07-10,30.42047,-98.80332,0.1116555
TXS01,2016-07-13,30.42047,-98.80332,0.1024661
TXS01,2016-07-15,30.42047,-98.80332,0.0939099
TXS01,2016-07-18,30.42047,-98.80332,0.1023814
TXS01,2016-07-21,30.42047,-98.80332,0.0970106
TXS01,2016-07-23,30.42047,-98.80332,0.1018258
TXS01,2016-07-26,30.42047,-98.80332,0.1873994
TXS01,2016-07-29,30.42047,-98.80332,0.1537064
TXS01,2016-07-31,30.42047,-98.80332,0.1348811
TXS01,2016-08-03,30.42047,-98.80332,0.1005531
TXS01,2016-08-06,30.42047,-98.80332,0.0946683
TXS01,2016-08-08,30.42047,-98.80332,0.105467
TXS01,2016-08-11,30.42047,-98.80332,0.0874452
TXS01,2016-08-14,30.42047,-98.80332,0.2422569
TXS01,2016-08-16,30.42047,-98.80332,0.3010934
TXS01,2016-08-19,30.42047,-98.80332,0.2660327
TXS01,2016-08-22,30.42047,-98.80332,0.260333
TXS01,2016-08-24,30.42047,-98.80332,0.2403795
TXS01,2016-08-27,30.42047,-98.80332,0.1826306
TXS01,2016-08-30,30.42047,-98.80332,0.1458808
TXS01,2016-09-01,30.42047,-98.80332,0.1509387
TXS01,2016-09-04,30.42047,-98.80332,0.1800241
TXS01,2016-09-07,30.42047,-98.80332,0.1537418
TXS01,2016-09-09,30.42047,-98.80332,0.1324355
TXS01,2016-09-12,30.42047,-98.80332,0.1236184
TXS01,2016-09-15,30.42047,-98.80332,0.1130386
TXS01,2016-09-17,30.42047,-98.80332,0.1175429
TXS01,2016-09-20,30.42047,-98.80332,0.107877
TXS01,2016-09-23,30.42047,-98.80332,0.0996228
TXS01,2016-09-25,30.42047,-98.80332,0.2113165
TXS01,2016-10-01,30.42047,-98.80332,0.1911511
TXS01,2016-10-03,30.42047,-98.80332,0.1840756
TXS01,2016-10-06,30.42047,-98.80332,0.1528774
TXS01,2016-10-09,30.42047,-98.80332,0.1419969
TXS01,2016-10-11,30.42047,-98.80332,0.1304853
TXS01,2016-10-14,30.42047,-98.80332,0.1521309
TXS01,2016-10-17,30.42047,-98.80332,0.1290734
TXS01,2016-10-19,30.42047,-98.80332,0.126659
TXS01,2016-10-22,30.42047,-98.80332,0.1320145
TXS01,2016-10-25,30.42047,-98.80332,0.1190033
TXS01,2016-10-27,30.42047,-98.80332,0.1161257
TXS01,2016-10-30,30.42047,-98.80332,0.1134773
TXS01,2016-11-02,30.42047,-98.80332,0.1065745
TXS01,2016-11-04,30.42047,-98.80332,0.2560726
TXS01,2016-11-05,30.42047,-98.80332,0.2225686
TXS01,2016-11-07,30.42047,-98.80332,0.2895259
TXS01,2016-11-10,30.42047,-98.80332,0.3047348
TXS01,2016-11-12,30.42047,-98.80332,0.2694257
TXS01,2016-11-13,30.42047,-98.80332,0.2902013
TXS01,2016-11-15,30.42047,-98.80332,0.26419
TXS01,2016-11-18,30.42047,-98.80332,0.2195951
TXS01,2016-11-20,30.42047,-98.80332,0.2345804
TXS01,2016-11-21,30.42047,-98.80332,0.2197509
TXS01,2016-11-23,30.42047,-98.80332,0.2220092
TXS01,2016-11-26,30.42047,-98.80332,0.2022224
TXS01,2016-11-28,30.42047,-98.80332,0.1959085
TXS01,2016-12-01,30.42047,-98.80332,0.1922058
TXS01,2016-12-04,30.42047,-98.80332,0.2796095
TXS01,2016-12-06,30.42047,-98.80332,0.2766158
TXS01,2016-12-09,30.42047,-98.80332,0.2573669
TXS01,2016-12-12,30.42047,-98.80332,0.251892
TXS01,2016-12-14,30.42047,-98.80332,0.2619843
TXS01,2016-12-17,30.42047,-98.80332,0.2366924
TXS01,2016-12-20,30.42047,-98.80332,0.219558
TXS01,2016-12-22,30.42047,-98.80332,0.2127077
TXS01,2016-12-25,30.42047,-98.80332,0.2050546
TXS01,2016-12-28,30.42047,-98.80332,0.1923923
TXS01,2016-12-30,30.42047,-98.80332,0.2131153
TXS01,2017-01-02,30.42047,-98.80332,0.2735108
TXS01,2017-01-05,30.42047,-98.80332,0.2183522
TXS01,2017-01-07,30.42047,-98.80332,0.1928201
TXS01,2017-01-10,30.42047,-98.80332,0.1808271
TXS01,2017-01-13,30.42047,-98.80332,0.1766121
TXS01,2017-01-15,30.42047,-98.80332,0.2278924
TXS01,2017-01-18,30.42047,-98.80332,0.3019779
TXS01,2017-01-21,30.42047,-98.80332,0.2349854
TXS01,2017-01-23,30.42047,-98.80332,0.2329186
TXS01,2017-01-26,30.42047,-98.80332,0.2065735
TXS01,2017-01-29,30.42047,-98.80332,0.1907274
TXS01,2017-01-31,30.42047,-98.80332,0.1873479
TXS01,2017-02-03,30.42047,-98.80332,0.1688192
TXS01,2017-02-06,30.42047,-98.80332,0.1592732
TXS01,2017-02-08,30.42047,-98.80332,0.1684849
TXS01,2017-02-11,30.42047,-98.80332,0.1421228
TXS01,2017-02-14,30.42047,-98.80332,0.4026488
TXS01,2017-02-16,30.42047,-98.80332,0.2605383
TXS01,2017-02-19,30.42047,-98.80332,0.2262716
TXS01,2017-02-22,30.42047,-98.80332,0.2827115
TXS01,2017-02-24,30.42047,-98.80332,0.2402763
TXS01,2017-02-27,30.42047,-98.80332,0.1958237
TXS01,2017-03-02,30.42047,-98.80332,0.213031
TXS01,2017-03-04,30.42047,-98.80332,0.1761236
TXS01,2017-03-07,30.42047,-98.80332,0.2298149
TXS01,2017-03-10,30.42047,-98.80332,0.2353775
TXS01,2017-03-12,30.42047,-98.80332,0.2645668
TXS01,2017-03-15,30.42047,-98.80332,0.2105596
TXS01,2017-03-18,30.42047,-98.80332,0.1754194
TXS01,2017-03-20,30.42047,-98.80332,0.1625562
TXS01,2017-03-23,30.42047,-98.80332,0.1429026
TXS01,2017-03-26,30.42047,-98.80332,0.1275035
TXS01,2017-03-28,30.42047,-98.80332,0.134254
TXS01,2017-03-31,30.42047,-98.80332,0.1854624
TXS01,2017-04-03,30.42047,-98.80332,0.264474
TXS01,2017-04-05,30.42047,-98.80332,0.2154767
TXS01,2017-04-08,30.42047,-98.80332,0.1510915
TXS01,2017-04-11,30.42047,-98.80332,0.2477326
TXS01,2017-04-13,30.42047,-98.80332,0.2180556
TXS01,2017-04-16,30.42047,-98.80332,0.199984
TXS01,2017-04-19,30.42047,-98.80332,0.1771652
TXS01,2017-04-21,30.42047,-98.80332,0.1472636
TXS01,2017-04-24,30.42047,-98.80332,0.1346894
TXS01,2017-04-27,30.42047,-98.80332,0.1228226
TXS01,2017-04-29,30.42047,-98.80332,0.1211144
TXS01,2017-05-02,30.42047,-98.80332,0.128223
TXS01,2017-05-05,30.42047,-98.80332,0.1110602
TXS01,2017-05-07,30.42047,-98.80332,0.1096041
TXS01,2017-05-10,30.42047,-98.80332,0.1331918
TXS01,2017-05-13,30.42047,-98.80332,0.1129896
TXS01,2017-05-15,30.42047,-98.80332,0.1027583
TXS01,2017-05-16,30.42047,-98.80332,0.0972021
TXS01,2017-05-18,30.42047,-98.80332,0.141254
TXS01,2017-05-21,30.42047,-98.80332,0.2302312
TXS01,2017-05-23,30.42047,-98.80332,0.249549
TXS01,2017-05-24,30.42047,-98.80332,0.2317138
TXS01,2017-05-26,30.42047,-98.80332,0.158673
TXS01,2017-05-29,30.42047,-98.80332,0.218565
TXS01,2017-05-31,30.42047,-98.80332,0.2105753
TXS01,2017-06-01,30.42047,-98.80332,0.1901076
TXS01,2017-06-03,30.42047,-98.80332,0.221194
TXS01,2017-06-06,30.42047,-98.80332,0.2179521
TXS01,2017-06-08,30.42047,-98.80332,0.1775851
TXS01,2017-06-09,30.42047,-98.80332,0.1489304
TXS01,2017-06-11,30.42047,-98.80332,0.1292942
TXS01,2017-06-14,30.42047,-98.80332,0.1091016
TXS01,2017-06-16,30.42047,-98.80332,0.1175094
TXS01,2017-06-17,30.42047,-98.80332,0.1018157
TXS01,2017-06-19,30.42047,-98.80332,0.1144954
TXS01,2017-06-22,30.42047,-98.80332,0.1094495
TXS01,2017-06-24,30.42047,-98.80332,0.1175273
TXS01,2017-06-25,30.42047,-98.80332,0.2058486
TXS01,2017-06-27,30.42047,-98.80332,0.2792079
TXS01,2017-06-30,30.42047,-98.80332,0.1683308
TXS01,2017-07-02,30.42047,-98.80332,0.1855222
TXS01,2017-07-03,30.42047,-98.80332,0.15393
TXS01,2017-07-05,30.42047,-98.80332,0.1259002
TXS01,2017-07-08,30.42047,-98.80332,0.1102157
TXS01,2017-07-10,30.42047,-98.80332,0.1387921
TXS01,2017-07-11,30.42047,-98.80332,0.1155417
TXS01,2017-07-13,30.42047,-98.80332,0.099982
TXS01,2017-07-16,30.42047,-98.80332,0.1486463
TXS01,2017-07-18,30.42047,-98.80332,0.1539485
TXS01,2017-07-19,30.42047,-98.80332,0.1205453
TXS01,2017-07-21,30.42047,-98.80332,0.1129588
TXS01,2017-07-24,30.42047,-98.80332,0.2344529
TXS01,2017-07-26,30.42047,-98.80332,0.1848166
TXS01,2017-07-27,30.42047,-98.80332,0.1434363
TXS01,2017-07-29,30.42047,-98.80332,0.1126574
TXS01,2017-08-01,30.42047,-98.80332,0.1341447
TXS01,2017-08-03,30.42047,-98.80332,0.1938931
TXS01,2017-08-06,30.42047,-98.80332,0.1271285
TXS01,2017-08-09,30.42047,-98.80332,0.2716894
TXS01,2017-08-11,30.42047,-98.80332,0.2151839
TXS01,2017-08-14,30.42047,-98.80332,0.1475874
TXS01,2017-08-17,30.42047,-98.80332,0.1138302
TXS01,2017-08-19,30.42047,-98.80332,0.1156164
TXS01,2017-08-22,30.42047,-98.80332,0.1044076
TXS01,2017-08-25,30.42047,-98.80332,0.1366126
TXS01,2017-08-27,30.42047,-98.80332,0.2737627
TXS01,2017-08-30,30.42047,-98.80332,0.1844418
TXS01,2017-09-02,30.42047,-98.80332,0.1377443
TXS01,2017-09-04,30.42047,-98.80332,0.1157592
TXS01,2017-09-07,30.42047,-98.80332,0.140161
TXS01,2017-09-10,30.42047,-98.80332,0.1042567
TXS01,2017-09-12,30.42047,-98.80332,0.0996847
TXS01,2017-09-15,30.42047,-98.80332,0.0970047
TXS01,2017-09-18,30.42047,-98.80332,0.0956886
TXS01,2017-09-20,30.42047,-98.80332,0.0989909
TXS01,2017-09-23,30.42047,-98.80332,0.1053686
TXS01,2017-09-26,30.42047,-98.80332,0.1692503
TXS01,2017-09-28,30.42047,-98.80332,0.28277
TXS01,2017-10-01,30.42047,-98.80332,0.2653737
TXS01,2017-10-04,30.42047,-98.80332,0.2830458
TXS01,2017-10-06,30.42047,-98.80332,0.2288027
TXS01,2017-10-09,30.42047,-98.80332,0.1780708
TXS01,2017-10-12,30.42047,-98.80332,0.1539576
TXS01,2017-10-14,30.42047,-98.80332,0.1369658
TXS01,2017-10-17,30.42047,-98.80332,0.1400021
TXS01,2017-10-20,30.42047,-98.80332,0.1131785
TXS01,2017-10-22,30.42047,-98.80332,0.1939975
TXS01,2017-10-25,30.42047,-98.80332,0.1404954
TXS01,2017-10-28,30.42047,-98.80332,0.1229465
TXS01,2017-10-30,30.42047,-98.80332,0.1152494
TXS01,2017-11-02,30.42047,-98.80332,0.0950914
TXS01,2017-11-05,30.42047,-98.80332,0.1088061
TXS01,2017-11-07,30.42047,-98.80332,0.1147007
TXS01,2017-11-10,30.42047,-98.80332,0.1831264
TXS01,2017-11-13,30.42047,-98.80332,0.1972425
TXS01,2017-11-15,30.42047,-98.80332,0.1996289
TXS01,2017-11-18,30.42047,-98.80332,0.1611691
TXS01,2017-11-21,30.42047,-98.80332,0.1239242
TXS01,2017-11-23,30.42047,-98.80332,0.1409993
TXS01,2017-11-26,30.42047,-98.80332,0.1285699
TXS01,2017-11-29,30.42047,-98.80332,0.1235221
TXS01,2017-12-01,30.42047,-98.80332,0.1146164
TXS01,2017-12-04,30.42047,-98.80332,0.1169647
TXS01,2017-12-07,30.42047,-98.80332,0.2758897
TXS01,2017-12-09,30.42047,-98.80332,0.2390123
TXS01,2017-12-10,30.42047,-98.80332,0.2179245
TXS01,2017-12-12,30.42047,-98.80332,0.2256199
TXS01,2017-12-15,30.42047,-98.80332,0.2134755
TXS01,2017-12-17,30.42047,-98.80332,0.19126
TXS01,2017-12-18,30.42047,-98.80332,0.1997932
TXS01,2017-12-20,30.42047,-98.80332,0.2196741
TXS01,2017-12-23,30.42047,-98.80332,0.2499431
TXS01,2017-12-25,30.42047,-98.80332,0.2094616
TXS01,2017-12-26,30.42047,-98.80332,0.183449
TXS01,2017-12-28,30.42047,-98.80332,0.1910193
TXS01,2017-12-31,30.42047,-98.80332,0.2043565
TXS01,2018-01-02,30.42047,-98.80332,0.1874636
TXS01,2018-01-03,30.42047,-98.80332,0.1649401
TXS01,2018-01-05,30.42047,-98.80332,0.1707044
TXS01,2018-01-08,30.42047,-98.80332,0.1811458
TXS01,2018-01-10,30.42047,-98.80332,0.1743508
TXS01,2018-01-13,30.42047,-98.80332,0.1657393
TXS01,2018-01-18,30.42047,-98.80332,0.1452983
TXS01,2018-01-24,30.42047,-98.80332,0.1502708
TXS01,2018-01-26,30.42047,-98.80332,0.124893
TXS01,2018-01-29,30.42047,-98.80332,0.1787989
TXS01,2018-02-01,30.42047,-98.80332,0.1430812
TXS01,2018-02-03,30.42047,-98.80332,0.1253851
TXS01,2018-02-06,30.42047,-98.80332,0.113745
TXS01,2018-02-09,30.42047,-98.80332,0.1745676
TXS01,2018-02-11,30.42047,-98.80332,0.1494394
TXS01,2018-02-14,30.42047,-98.80332,0.112628
TXS01,2018-02-17,30.42047,-98.80332,0.1374904
TXS01,2018-02-19,30.42047,-98.80332,0.1300947
TXS01,2018-02-22,30.42047,-98.80332,0.3091488
TXS01,2018-02-25,30.42047,-98.80332,0.2463768
TXS01,2018-02-27,30.42047,-98.80332,0.2132635
TXS01,2018-03-02,30.42047,-98.80332,0.2606255
TXS01,2018-03-05,30.42047,-98.80332,0.2197882
TXS01,2018-03-07,30.42047,-98.80332,0.2470788
TXS01,2018-03-10,30.42047,-98.80332,0.1654794
TXS01,2018-03-13,30.42047,-98.80332,0.1444681
TXS01,2018-03-15,30.42047,-98.80332,0.12841
TXS01,2018-03-18,30.42047,-98.80332,0.1245605
TXS01,2018-03-21,30.42047,-98.80332,0.113531
TXS01,2018-03-23,30.42047,-98.80332,0.0966623
TXS01,2018-03-26,30.42047,-98.80332,0.1171168
TXS01,2018-03-29,30.42047,-98.80332,0.2738437
TXS01,2018-03-31,30.42047,-98.80332,0.2102875
TXS01,2018-04-03,30.42047,-98.80332,0.1784729
TXS01,2018-04-06,30.42047,-98.80332,0.1138003
TXS01,2018-04-08,30.42047,-98.80332,0.1208182
TXS01,2018-04-11,30.42047,-98.80332,0.1131866
TXS01,2018-04-14,30.42047,-98.80332,0.1679482
TXS01,2018-04-16,30.42047,-98.80332,0.1234109
TXS01,2018-04-19,30.42047,-98.80332,0.1120199
TXS01,2018-04-22,30.42047,-98.80332,0.149066
TXS01,2018-04-24,30.42047,-98.80332,0.1129579
TXS01,2018-04-27,30.42047,-98.80332,0.1956406
TXS01,2018-04-30,30.42047,-98.80332,0.1235242
TXS01,2018-05-02,30.42047,-98.80332,0.1130101
TXS01,2018-05-08,30.42047,-98.80332,0.2084147
TXS01,2018-05-10,30.42047,-98.80332,0.1558061
TXS01,2018-05-13,30.42047,-98.80332,0.1116132
TXS01,2018-05-16,30.42047,-98.80332,0.2548296
TXS01,2018-05-18,30.42047,-98.80332,0.1690697
TXS01,2018-05-21,30.42047,-98.80332,0.2316207
TXS01,2018-05-24,30.42047,-98.80332,0.144067
TXS01,2018-05-26,30.42047,-98.80332,0.1291807
TXS01,2018-05-27,30.42047,-98.80332,0.1134057
TXS01,2018-06-01,30.42047,-98.80332,0.0948659
TXS01,2018-06-03,30.42047,-98.80332,0.113599
TXS01,2018-06-04,30.42047,-98.80332,0.2396176
TXS01,2018-06-06,30.42047,-98.80332,0.1529617
TXS01,2018-06-09,30.42047,-98.80332,0.1088158
TXS01,2018-06-11,30.42047,-98.80332,0.1201588
TXS01,2018-06-12,30.42047,-98.80332,0.1026761
TXS01,2018-06-14,30.42047,-98.80332,0.1133214
TXS01,2018-06-17,30.42047,-98.80332,0.0962818
TXS01,2018-06-19,30.42047,-98.80332,0.1255646
TXS01,2018-06-20,30.42047,-98.80332,0.1473743
TXS01,2018-06-22,30.42047,-98.80332,0.1268109
TXS01,2018-06-25,30.42047,-98.80332,0.0911088
TXS01,2018-06-28,30.42047,-98.80332,0.089328
TXS01,2018-06-30,30.42047,-98.80332,0.084689
TXS01,2018-07-03,30.42047,-98.80332,0.096565
TXS01,2018-07-05,30.42047,-98.80332,0.2354404
TXS01,2018-07-06,30.42047,-98.80332,0.1810437
TXS01,2018-07-08,30.42047,-98.80332,0.2147061
TXS01,2018-07-11,30.42047,-98.80332,0.1498664
TXS01,2018-07-13,30.42047,-98.80332,0.1266952
TXS01,2018-07-14,30.42047,-98.80332,0.100943
TXS01,2018-07-16,30.42047,-98.80332,0.1039012
TXS01,2018-07-19,30.42047,-98.80332,0.0912264
TXS01,2018-07-21,30.42047,-98.80332,0.0993079
TXS01,2018-07-22,30.42047,-98.80332,0.0996569
TXS01,2018-07-24,30.42047,-98.80332,0.1060698
TXS01,2018-07-27,30.42047,-98.80332,0.094054
TXS01,2018-07-29,30.42047,-98.80332,0.1034245
TXS01,2018-07-30,30.42047,-98.80332,0.0946905
TXS01,2018-08-01,30.42047,-98.80332,0.1350353
TXS01,2018-08-04,30.42047,-98.80332,0.0941126
TXS01,2018-08-06,30.42047,-98.80332,0.1000796
TXS01,2018-08-07,30.42047,-98.80332,0.0958053
TXS01,2018-08-09,30.42047,-98.80332,0.0916274
TXS01,2018-08-12,30.42047,-98.80332,0.2360768
TXS01,2018-08-14,30.42047,-98.80332,0.2352163
TXS01,2018-08-15,30.42047,-98.80332,0.1915198
TXS01,2018-08-17,30.42047,-98.80332,0.1513521
TXS01,2018-08-20,30.42047,-98.80332,0.1109622
TXS01,2018-08-22,30.42047,-98.80332,0.1273685
TXS01,2018-08-23,30.42047,-98.80332,0.1140074
TXS01,2018-08-25,30.42047,-98.80332,0.0898588
TXS01,2018-08-28,30.42047,-98.80332,0.0959932
TXS01,2018-08-30,30.42047,-98.80332,0.0995056
TXS01,2018-09-02,30.42047,-98.80332,0.0920278
TXS01,2018-09-05,30.42047,-98.80332,0.2539827
TXS01,2018-09-07,30.42047,-98.80332,0.2627083
TXS01,2018-09-10,30.42047,-98.80332,0.3125469
TXS01,2018-09-13,30.42047,-98.80332,0.2502237
TXS01,2018-09-15,30.42047,-98.80332,0.3184803
TXS01,2018-09-18,30.42047,-98.80332,0.282262
TXS01,2018-09-21,30.42047,-98.80332,0.2434481
TXS01,2018-09-23,30.42047,-98.80332,0.2798022
TXS01,2018-09-26,30.42047,-98.80332,0.2197678
TXS01,2018-09-29,30.42047,-98.80332,0.1708294
TXS01,2018-10-01,30.42047,-98.80332,0.2013714
TXS01,2018-10-04,30.42047,-98.80332,0.1607413
TXS01,2018-10-07,30.42047,-98.80332,0.1371345
TXS01,2018-10-09,30.42047,-98.80332,0.2386186
TXS01,2018-10-12,30.42047,-98.80332,0.2366285
TXS01,2018-10-15,30.42047,-98.80332,0.4261175
TXS01,2018-10-17,30.42047,-98.80332,0.3538784
TXS01,2018-10-20,30.42047,-98.80332,0.3100513
TXS01,2018-10-23,30.42047,-98.80332,0.3180373
TXS01,2018-10-25,30.42047,-98.80332,0.3332219
TXS01,2018-10-28,30.42047,-98.80332,0.3188768
TXS01,2018-10-31,30.42047,-98.80332,0.2648284
TXS01,2018-11-02,30.42047,-98.80332,0.2917825
TXS01,2018-11-05,30.42047,-98.80332,0.2569497
TXS01,2018-11-08,30.42047,-98.80332,0.2570885
TXS01,2018-11-10,30.42047,-98.80332,0.264638
TXS01,2018-11-13,30.42047,-98.80332,0.2647316
TXS01,2018-11-16,30.42047,-98.80332,0.262161
TXS01,2018-11-18,30.42047,-98.80332,0.2720792
TXS01,2018-11-21,30.42047,-98.80332,0.2236015
TXS01,2018-11-24,30.42047,-98.80332,0.2263581
TXS01,2018-11-26,30.42047,-98.80332,0.2110462
TXS01,2018-11-29,30.42047,-98.80332,0.1957016
TXS01,2018-12-02,30.42047,-98.80332,0.1967715
TXS01,2018-12-04,30.42047,-98.80332,0.1887097
TXS01,2018-12-07,30.42047,-98.80332,0.250316
TXS01,2018-12-10,30.42047,-98.80332,0.2781732
TXS01,2018-12-12,30.42047,-98.80332,0.2620721
TXS01,2018-12-15,30.42047,-98.80332,0.2799353
TXS01,2018-12-18,30.42047,-98.80332,0.26896
TXS01,2018-12-20,30.42047,-98.80332,0.2655103
TXS01,2018-12-23,30.42047,-98.80332,0.2672602
TXS01,2018-12-26,30.42047,-98.80332,0.221912
TXS01,2018-12-28,30.42047,-98.80332,0.3134076
TXS01,2018-12-31,30.42047,-98.80332,0.2868134
TXS01,2019-01-03,30.42047,-98.80332,0.3516311
TXS01,2019-01-05,30.42047,-98.80332,0.2800117
TXS01,2019-01-08,30.42047,-98.80332,0.2809559
TXS01,2019-01-11,30.42047,-98.80332,0.2767146
TXS01,2019-01-13,30.42047,-98.80332,0.2748887
TXS01,2019-01-16,30.42047,-98.80332,0.2612723
TXS01,2019-01-19,30.42047,-98.80332,0.2639101
TXS01,2019-01-21,30.42047,-98.80332,0.2469006
TXS01,2019-01-24,30.42047,-98.80332,0.2176593
TXS01,2019-01-27,30.42047,-98.80332,0.2880698
TXS01,2019-01-29,30.42047,-98.80332,0.2584222
TXS01,2019-02-01,30.42047,-98.80332,0.221651
TXS01,2019-02-04,30.42047,-98.80332,0.2274744
TXS01,2019-02-06,30.42047,-98.80332,0.2238413
TXS01,2019-02-07,30.42047,-98.80332,0.2166786
TXS01,2019-02-09,30.42047,-98.80332,0.2401736
TXS01,2019-02-12,30.42047,-98.80332,0.2365107
TXS01,2019-02-14,30.42047,-98.80332,0.2072202
TXS01,2019-02-15,30.42047,-98.80332,0.2239683
TXS01,2019-02-17,30.42047,-98.80332,0.2124201
TXS01,2019-02-20,30.42047,-98.80332,0.2076815
TXS01,2019-02-22,30.42047,-98.80332,0.1794457
TXS01,2019-02-23,30.42047,-98.80332,0.1980389
TXS01,2019-02-25,30.42047,-98.80332,0.1932853
TXS01,2019-02-28,30.42047,-98.80332,0.1842913
TXS01,2019-03-02,30.42047,-98.80332,0.1960454
TXS01,2019-03-03,30.42047,-98.80332,0.2294433
TXS01,2019-03-05,30.42047,-98.80332,0.2059394
TXS01,2019-03-08,30.42047,-98.80332,0.1642288
TXS01,2019-03-10,30.42047,-98.80332,0.1715512
TXS01,2019-03-11,30.42047,-98.80332,0.1467189
TXS01,2019-03-13,30.42047,-98.80332,0.3078494
TXS01,2019-03-16,30.42047,-98.80332,0.1916793
TXS01,2019-03-18,30.42047,-98.80332,0.1933876
TXS01,2019-03-19,30.42047,-98.80332,0.1594826
TXS01,2019-03-21,30.42047,-98.80332,0.1696084
TXS01,2019-03-24,30.42047,-98.80332,0.1372442
TXS01,2019-03-26,30.42047,-98.80332,0.1704419
TXS01,2019-03-27,30.42047,-98.80332,0.1332638
TXS01,2019-03-29,30.42047,-98.80332,0.1294269
TXS01,2019-04-01,30.42047,-98.80332,0.1109849
TXS01,2019-04-03,30.42047,-98.80332,0.1136249
TXS01,2019-04-06,30.42047,-98.80332,0.1171669
TXS01,2019-04-09,30.42047,-98.80332,0.1868111
TXS01,2019-04-11,30.42047,-98.80332,0.1505689
TXS01,2019-04-14,30.42047,-98.80332,0.2204968
TXS01,2019-04-17,30.42047,-98.80332,0.1234986
TXS01,2019-04-19,30.42047,-98.80332,0.2465858
TXS01,2019-04-22,30.42047,-98.80332,0.1546486
TXS01,2019-04-25,30.42047,-98.80332,0.2613545
TXS01,2019-04-27,30.42047,-98.80332,0.2156105
TXS01,2019-04-30,30.42047,-98.80332,0.1466901
TXS01,2019-05-03,30.42047,-98.80332,0.2725224
TXS01,2019-05-08,30.42047,-98.80332,0.2451715
TXS01,2019-05-11,30.42047,-98.80332,0.2910581
TXS01,2019-05-13,30.42047,-98.80332,0.2494292
TXS01,2019-05-16,30.42047,-98.80332,0.2332201
TXS01,2019-05-21,30.42047,-98.80332,0.2307398
TXS01,2019-05-24,30.42047,-98.80332,0.1474356
TXS01,2019-05-27,30.42047,-98.80332,0.1235399
TXS01,2019-05-29,30.42047,-98.80332,0.1150293
TXS01,2019-06-01,30.42047,-98.80332,0.1631717
TXS01,2019-06-04,30.42047,-98.80332,0.1387677
TXS01,2019-06-06,30.42047,-98.80332,0.2544654
TXS01,2019-06-09,30.42047,-98.80332,0.1406572
TXS01,2019-06-12,30.42047,-98.80332,0.2241565
TXS01,2019-06-14,30.42047,-98.80332,0.1892787
TXS01,2019-06-17,30.42047,-98.80332,0.2852881
TXS01,2019-07-24,30.42047,-98.80332,0.1046507
TXS01,2019-07-27,30.42047,-98.80332,0.0860891
TXS01,2019-08-01,30.42047,-98.80332,0.0892971
TXS01,2019-08-04,30.42047,-98.80332,0.1217871
TXS01,2019-08-07,30.42047,-98.80332,0.0861803
TXS01,2019-08-09,30.42047,-98.80332,0.0954811
TXS01,2019-08-12,30.42047,-98.80332,0.0874079
TXS01,2019-08-15,30.42047,-98.80332,0.1248909
TXS01,2019-08-17,30.42047,-98.80332,0.1152995
TXS01,2019-08-20,30.42047,-98.80332,0.0967046
TXS01,2019-08-23,30.42047,-98.80332,0.0941626
TXS01,2019-08-25,30.42047,-98.80332,0.1652292
TXS01,2019-08-28,30.42047,-98.80332,0.116024
TXS01,2019-08-31,30.42047,-98.80332,0.1199407
TXS01,2019-09-02,30.42047,-98.80332,0.1657762
TXS01,2019-09-05,30.42047,-98.80332,0.1132013
TXS01,2019-09-08,30.42047,-98.80332,0.0930302
TXS01,2019-09-10,30.42047,-98.80332,0.0968081
TXS01,2019-09-13,30.42047,-98.80332,0.1317862
TXS01,2019-09-16,30.42047,-98.80332,0.1064488
TXS01,2019-09-18,30.42047,-98.80332,0.1056055
TXS01,2019-09-21,30.42047,-98.80332,0.120126
TXS01,2019-09-24,30.42047,-98.80332,0.0938623
TXS01,2019-09-26,30.42047,-98.80332,0.1136627
TXS01,2019-09-29,30.42047,-98.80332,0.1426533
TXS01,2019-10-02,30.42047,-98.80332,0.1032938
TXS01,2019-10-04,30.42047,-98.80332,0.1149533
TXS01,2019-10-05,30.42047,-98.80332,0.1134078
TXS01,2019-10-07,30.42047,-98.80332,0.189282
TXS01,2019-10-10,30.42047,-98.80332,0.1247157
TXS01,2019-10-12,30.42047,-98.80332,0.2156219
TXS01,2019-10-13,30.42047,-98.80332,0.2109723
TXS01,2019-10-15,30.42047,-98.80332,0.1691029
TXS01,2019-10-18,30.42047,-98.80332,0.1589945
TXS01,2019-10-20,30.42047,-98.80332,0.1350401
TXS01,2019-10-21,30.42047,-98.80332,0.304989
TXS01,2019-10-23,30.42047,-98.80332,0.2215504
TXS01,2019-10-26,30.42047,-98.80332,0.24047
TXS01,2019-10-28,30.42047,-98.80332,0.2031921
TXS01,2019-10-29,30.42047,-98.80332,0.2210225
TXS01,2019-10-31,30.42047,-98.80332,0.2832567
TXS01,2019-11-03,30.42047,-98.80332,0.2006303
TXS01,2019-11-05,30.42047,-98.80332,0.1789937
TXS01,2019-11-06,30.42047,-98.80332,0.1802686
TXS01,2019-11-08,30.42047,-98.80332,0.3330441
TXS01,2019-11-11,30.42047,-98.80332,0.2075202
TXS01,2019-11-13,30.42047,-98.80332,0.2494774
TXS01,2019-11-14,30.42047,-98.80332,0.2411584
TXS01,2019-11-16,30.42047,-98.80332,0.244003
TXS01,2019-11-19,30.42047,-98.80332,0.2242826
TXS01,2019-11-21,30.42047,-98.80332,0.2060179
TXS01,2019-11-22,30.42047,-98.80332,0.2064726
TXS01,2019-11-24,30.42047,-98.80332,0.1990451
TXS01,2019-11-27,30.42047,-98.80332,0.1819571
TXS01,2019-11-29,30.42047,-98.80332,0.1372669
TXS01,2019-11-30,30.42047,-98.80332,0.1494763
TXS01,2019-12-02,30.42047,-98.80332,0.1778333
TXS01,2019-12-05,30.42047,-98.80332,0.1447694
TXS01,2019-12-07,30.42047,-98.80332,0.1560562
TXS01,2019-12-10,30.42047,-98.80332,0.2281957
TXS01,2019-12-13,30.42047,-98.80332,0.1877818
TXS01,2019-12-15,30.42047,-98.80332,0.1655511
TXS01,2019-12-18,30.42047,-98.80332,0.1628302
TXS01,2019-12-21,30.42047,-98.80332,0.1346397
TXS01,2019-12-23,30.42047,-98.80332,0.1494976
TXS01,2019-12-26,30.42047,-98.80332,0.1416343
TXS01,2019-12-29,30.42047,-98.80332,0.1560971
TXS01,2019-12-31,30.42047,-98.80332,0.1477434
TXS01,2020-01-03,30.42047,-98.80332,0.1531186
TXS01,2020-01-06,30.42047,-98.80332,0.1378206
TXS01,2020-01-08,30.42047,-98.80332,0.142613
TXS01,2020-01-11,30.42047,-98.80332,0.2845567
TXS01,2020-01-14,30.42047,-98.80332,0.1869586
TXS01,2020-01-16,30.42047,-98.80332,0.1751333
TXS01,2020-01-19,30.42047,-98.80332,0.2957155
TXS01,2020-01-22,30.42047,-98.80332,0.2730809
TXS01,2020-01-24,30.42047,-98.80332,0.2638438
TXS01,2020-01-27,30.42047,-98.80332,0.2419936
TXS01,2020-01-30,30.42047,-98.80332,0.2557477
TXS01,2020-02-04,30.42047,-98.80332,0.2170963
TXS01,2020-02-07,30.42047,-98.80332,0.1924773
TXS01,2020-02-09,30.42047,-98.80332,0.160446
TXS01,2020-02-12,30.42047,-98.80332,0.3268189
TXS01,2020-02-15,30.42047,-98.80332,0.2448016
TXS01,2020-02-17,30.42047,-98.80332,0.2511326
TXS01,2020-02-20,30.42047,-98.80332,0.2787464
TXS01,2020-02-23,30.42047,-98.80332,0.2187647
TXS01,2020-02-25,30.42047,-98.80332,0.2338237
TXS01,2020-02-28,30.42047,-98.80332,0.2123394
TXS01,2020-03-02,30.42047,-98.80332,0.1570182
TXS01,2020-03-04,30.42047,-98.80332,0.3172299
TXS01,2020-03-07,30.42047,-98.80332,0.2468127
TXS01,2020-03-10,30.42047,-98.80332,0.2025487
TXS01,2020-03-12,30.42047,-98.80332,0.2039645
TXS01,2020-03-15,30.42047,-98.80332,0.1860496
TXS01,2020-03-18,30.42047,-98.80332,0.2531157
TXS01,2020-03-20,30.42047,-98.80332,0.3836444
TXS01,2020-03-23,30.42047,-98.80332,0.3088586
TXS01,2020-03-26,30.42047,-98.80332,0.2296863
TXS01,2020-03-28,30.42047,-98.80332,0.226563
TXS01,2020-03-31,30.42047,-98.80332,0.2061522
TXS01,2020-04-03,30.42047,-98.80332,0.2201033
TXS01,2020-04-05,30.42047,-98.80332,0.3152474
TXS01,2020-04-08,30.42047,-98.80332,0.2316149
TXS01,2020-04-11,30.42047,-98.80332,0.2351952
TXS01,2020-04-13,30.42047,-98.80332,0.2812982
TXS01,2020-04-16,30.42047,-98.80332,0.2175224
TXS01,2020-04-19,30.42047,-98.80332,0.1734992
TXS01,2020-04-21,30.42047,-98.80332,0.1673574
TXS01,2020-04-24,30.42047,-98.80332,0.1473824
TXS01,2020-04-27,30.42047,-98.80332,0.1194796
TXS01,2020-04-29,30.42047,-98.80332,0.1395743
TXS01,2020-05-02,30.42047,-98.80332,0.1037809
TXS01,2020-05-05,30.42047,-98.80332,0.1019656
TXS01,2020-05-07,30.42047,-98.80332,0.1139453
TXS01,2020-05-10,30.42047,-98.80332,0.1106639
TXS01,2020-05-13,30.42047,-98.80332,0.2181945
TXS01,2020-05-15,30.42047,-98.80332,0.1920605
TXS01,2020-05-18,30.42047,-98.80332,0.2391132
TXS01,2020-05-21,30.42047,-98.80332,0.2193331
TXS01,2020-05-23,30.42047,-98.80332,0.1521481
TXS01,2020-05-29,30.42047,-98.80332,0.3069663
TXS01,2020-05-31,30.42047,-98.80332,0.2264457
TXS01,2020-06-06,30.42047,-98.80332,0.1662099
TXS01,2020-06-08,30.42047,-98.80332,0.1527937
TXS01,2020-06-11,30.42047,-98.80332,0.1379332
TXS01,2020-06-14,30.42047,-98.80332,0.1280852
TXS01,2020-06-16,30.42047,-98.80332,0.1163944
TXS01,2020-06-17,30.42047,-98.80332,0.1222701
TXS01,2020-06-19,30.42047,-98.80332,0.1141164
TXS01,2020-06-22,30.42047,-98.80332,0.0933476
TXS01,2020-06-24,30.42047,-98.80332,0.2100097
TXS01,2020-06-25,30.42047,-98.80332,0.1547185
TXS01,2020-06-27,30.42047,-98.80332,0.1380592
TXS01,2020-06-30,30.42047,-98.80332,0.1359627
TXS01,2020-07-02,30.42047,-98.80332,0.136232
TXS01,2020-07-03,30.42047,-98.80332,0.1195223
TXS01,2020-07-05,30.42047,-98.80332,0.1148806
TXS01,2020-07-08,30.42047,-98.80332,0.1360438
TXS01,2020-07-10,30.42047,-98.80332,0.110858
TXS01,2020-07-11,30.42047,-98.80332,0.0980197
TXS01,2020-07-13,30.42047,-98.80332,0.1055121
TXS01,2020-07-16,30.42047,-98.80332,0.1032709
TXS01,2020-07-18,30.42047,-98.80332,0.1152085
TXS01,2020-07-19,30.42047,-98.80332,0.0989308
TXS01,2020-07-21,30.42047,-98.80332,0.1079786
TXS01,2020-07-24,30.42047,-98.80332,0.0973741
TXS01,2020-07-26,30.42047,-98.80332,0.1136514
TXS01,2020-07-27,30.42047,-98.80332,0.0978988
TXS01,2020-07-29,30.42047,-98.80332,0.1426717
TXS01,2020-08-01,30.42047,-98.80332,0.1363602
TXS01,2020-08-03,30.42047,-98.80332,0.1158976
TXS01,2020-08-04,30.42047,-98.80332,0.1616372
TXS01,2020-08-06,30.42047,-98.80332,0.1172877
TXS01,2020-08-09,30.42047,-98.80332,0.1034262
TXS01,2020-08-11,30.42047,-98.80332,0.097137
TXS01,2020-08-14,30.42047,-98.80332,0.1038872
TXS01,2020-08-17,30.42047,-98.80332,0.110063
TXS01,2020-08-19,30.42047,-98.80332,0.113975
TXS01,2020-08-22,30.42047,-98.80332,0.1264819
TXS01,2020-08-25,30.42047,-98.80332,0.1207754
TXS01,2020-08-27,30.42047,-98.80332,0.1202649
TXS01,2020-08-30,30.42047,-98.80332,0.1096176
TXS01,2020-09-02,30.42047,-98.80332,0.1270375
TXS01,2020-09-04,30.42047,-98.80332,0.2084016
TXS01,2020-09-07,30.42047,-98.80332,0.2436657
TXS01,2020-09-10,30.42047,-98.80332,0.3230312
TXS01,2020-09-12,30.42047,-98.80332,0.2620479
TXS01,2020-09-15,30.42047,-98.80332,0.2124342
TXS01,2020-09-18,30.42047,-98.80332,0.2243328
TXS01,2020-09-20,30.42047,-98.80332,0.17907
TXS01,2020-09-23,30.42047,-98.80332,0.1825425
TXS01,2020-09-26,30.42047,-98.80332,0.1531623
TXS01,2020-09-28,30.42047,-98.80332,0.1539317
TXS01,2020-10-01,30.42047,-98.80332,0.1381364
TXS01,2020-10-04,30.42047,-98.80332,0.1127679
TXS01,2020-10-09,30.42047,-98.80332,0.1060029
TXS01,2020-10-12,30.42047,-98.80332,0.1146305
TXS01,2020-10-14,30.42047,-98.80332,0.1143549
TXS01,2020-10-17,30.42047,-98.80332,0.112071
TXS01,2020-10-20,30.42047,-98.80332,0.1074209
TXS01,2020-10-22,30.42047,-98.80332,0.1126
TXS01,2020-10-25,30.42047,-98.80332,0.1248917
TXS01,2020-10-28,30.42047,-98.80332,0.2481335
TXS01,2020-10-30,30.42047,-98.80332,0.2080217
TXS01,2020-11-02,30.42047,-98.80332,0.1620853
TXS01,2020-11-05,30.42047,-98.80332,0.1150867
TXS01,2020-11-07,30.42047,-98.80332,0.1206887
TXS01,2020-11-10,30.42047,-98.80332,0.1001037
TXS01,2020-11-15,30.42047,-98.80332,0.1366047
TXS01,2020-11-18,30.42047,-98.80332,0.1246089
TXS01,2020-11-21,30.42047,-98.80332,0.105858
TXS01,2020-11-23,30.42047,-98.80332,0.1143287
TXS01,2020-11-24,30.42047,-98.80332,0.099809
TXS01,2020-11-26,30.42047,-98.80332,0.1210687
TXS01,2020-11-29,30.42047,-98.80332,0.2639974
TXS01,2020-12-01,30.42047,-98.80332,0.2217578
TXS01,2020-12-02,30.42047,-98.80332,0.1861517
TXS01,2020-12-04,30.42047,-98.80332,0.1940306
TXS01,2020-12-07,30.42047,-98.80332,0.1672384
TXS01,2020-12-09,30.42047,-98.80332,0.1611103
TXS01,2020-12-10,30.42047,-98.80332,0.1694576
TXS01,2020-12-12,30.42047,-98.80332,0.1499297
TXS01,2020-12-15,30.42047,-98.80332,0.1368058
TXS01,2020-12-17,30.42047,-98.80332,0.1419265
TXS01,2020-12-18,30.42047,-98.80332,0.1210979
TXS01,2020-12-20,30.42047,-98.80332,0.2148864
TXS01,2020-12-23,30.42047,-98.80332,0.1605204
TXS01,2020-12-25,30.42047,-98.80332,0.1890129
TXS01,2020-12-26,30.42047,-98.80332,0.1649005
TXS01,2020-12-28,30.42047,-98.80332,0.1277534
TXS01,2020-12-31,30.42047,-98.80332,0.3636568
TXS01,2021-01-02,30.42047,-98.80332,0.2363766
TXS01,2021-01-05,30.42047,-98.80332,0.2322587
TXS01,2021-01-08,30.42047,-98.80332,0.2187468
TXS01,2021-01-10,30.42047,-98.80332,0.3142692
TXS01,2021-01-13,30.42047,-98.80332,0.2411723
TXS01,2021-01-16,30.42047,-98.80332,0.2216514
TXS01,2021-01-18,30.42047,-98.80332,0.211569
TXS01,2021-01-21,30.42047,-98.80332,0.2714665
TXS01,2021-01-24,30.42047,-98.80332,0.2345728
TXS01,2021-01-26,30.42047,-98.80332,0.2385342
TXS01,2021-01-29,30.42047,-98.80332,0.2139863
TXS01,2021-02-01,30.42047,-98.80332,0.1956291
TXS01,2021-02-03,30.42047,-98.80332,0.1566361
TXS01,2021-02-06,30.42047,-98.80332,0.1585682
TXS01,2021-02-09,30.42047,-98.80332,0.1307266
TXS01,2021-02-11,30.42047,-98.80332,0.2373351
TXS01,2021-02-14,30.42047,-98.80332,0.2211087
TXS01,2021-02-20,30.42047,-98.80332,0.2278154
TXS01,2021-02-22,30.42047,-98.80332,0.2757244
TXS01,2021-02-25,30.42047,-98.80332,0.2256673
TXS01,2021-02-27,30.42047,-98.80332,0.2003681
TXS01,2021-02-28,30.42047,-98.80332,0.2093979
TXS01,2021-03-02,30.42047,-98.80332,0.2299219
TXS01,2021-03-05,30.42047,-98.80332,0.2034588
TXS01,2021-03-07,30.42047,-98.80332,0.1933063
TXS01,2021-03-08,30.42047,-98.80332,0.176066
TXS01,2021-03-10,30.42047,-98.80332,0.1596024
TXS01,2021-03-13,30.42047,-98.80332,0.1360725
TXS01,2021-03-15,30.42047,-98.80332,0.1564316
TXS01,2021-03-16,30.42047,-98.80332,0.1348653
TXS01,2021-03-18,30.42047,-98.80332,0.1836401
TXS01,2021-03-21,30.42047,-98.80332,0.1193992
TXS01,2021-03-23,30.42047,-98.80332,0.2690199
TXS01,2021-03-24,30.42047,-98.80332,0.2111436
TXS01,2021-03-26,30.42047,-98.80332,0.294487
TXS01,2021-03-29,30.42047,-98.80332,0.2068271
TXS01,2021-03-31,30.42047,-98.80332,0.1688956
TXS01,2021-04-01,30.42047,-98.80332,0.1658039
TXS01,2021-04-03,30.42047,-98.80332,0.1840347
TXS01,2021-04-06,30.42047,-98.80332,0.1532898
TXS01,2021-04-08,30.42047,-98.80332,0.1373344
TXS01,2021-04-09,30.42047,-98.80332,0.1233181
TXS01,2021-04-11,30.42047,-98.80332,0.1273025
TXS01,2021-04-14,30.42047,-98.80332,0.1297443
TXS01,2021-04-16,30.42047,-98.80332,0.2524615
TXS01,2021-04-17,30.42047,-98.80332,0.211696
TXS01,2021-04-19,30.42047,-98.80332,0.154526
TXS01,2021-04-22,30.42047,-98.80332,0.1232825
TXS01,2021-04-24,30.42047,-98.80332,0.1593914
TXS01,2021-04-25,30.42047,-98.80332,0.1209763
TXS01,2021-04-27,30.42047,-98.80332,0.1092474
TXS01,2021-04-30,30.42047,-98.80332,0.2940132
TXS01,2021-05-02,30.42047,-98.80332,0.3587459
TXS01,2021-05-03,30.42047,-98.80332,0.3144089
TXS01,2021-05-05,30.42047,-98.80332,0.2458613
TXS01,2021-05-08,30.42047,-98.80332,0.16511
TXS01,2021-05-10,30.42047,-98.80332,0.2163108
TXS01,2021-05-13,30.42047,-98.80332,0.2266167
TXS01,2021-05-16,30.42047,-98.80332,0.1704758
TXS01,2021-05-18,30.42047,-98.80332,0.2167691
TXS01,2021-05-21,30.42047,-98.80332,0.1878813
TXS01,2021-05-24,30.42047,-98.80332,0.2541288
TXS01,2021-05-26,30.42047,-98.80332,0.2063869
TXS01,2021-05-29,30.42047,-98.80332,0.329454
TXS01,2021-06-01,30.42047,-98.80332,0.3010948
TXS01,2021-06-03,30.42047,-98.80332,0.3739558
TXS01,2021-06-06,30.42047,-98.80332,0.2583759
TXS01,2021-06-09,30.42047,-98.80332,0.2116716
TXS01,2021-06-11,30.42047,-98.80332,0.1962861
TXS01,2021-06-14,30.42047,-98.80332,0.1379871
TXS01,2021-06-17,30.42047,-98.80332,0.1197687
TXS01,2021-06-19,30.42047,-98.80332,0.1182863
TXS01,2021-06-22,30.42047,-98.80332,0.2332972
TXS01,2021-06-25,30.42047,-98.80332,0.1381389
TXS01,2021-06-27,30.42047,-98.80332,0.132525
TXS01,2021-06-30,30.42047,-98.80332,0.154893
TXS01,2021-07-03,30.42047,-98.80332,0.1179988
TXS01,2021-07-05,30.42047,-98.80332,0.2063785
TXS01,2021-07-08,30.42047,-98.80332,0.220564
TXS01,2021-07-11,30.42047,-98.80332,0.2316305
TXS01,2021-07-13,30.42047,-98.80332,0.2234499
TXS01,2021-07-16,30.42047,-98.80332,0.1600628
TXS01,2021-07-19,30.42047,-98.80332,0.1201509
TXS01,2021-07-21,30.42047,-98.80332,0.1834455
TXS01,2021-07-24,30.42047,-98.80332,0.1332811
TXS01,2021-07-27,30.42047,-98.80332,0.1170838
TXS01,2021-07-29,30.42047,-98.80332,0.1159305
TXS01,2021-08-01,30.42047,-98.80332,0.106128
TXS01,2021-08-04,30.42047,-98.80332,0.1665439
TXS01,2021-08-06,30.42047,-98.80332,0.1533508
TXS01,2021-08-07,30.42047,-98.80332,0.1135407
TXS01,2021-08-09,30.42047,-98.80332,0.1070731
TXS01,2021-08-12,30.42047,-98.80332,0.0897083
TXS01,2021-08-14,30.42047,-98.80332,0.0973172
TXS01,2021-08-15,30.42047,-98.80332,0.0927794
TXS01,2021-08-17,30.42047,-98.80332,0.1341896
TXS01,2021-08-20,30.42047,-98.80332,0.136884
TXS01,2021-08-22,30.42047,-98.80332,0.109063
TXS01,2021-08-23,30.42047,-98.80332,0.0924986
TXS01,2021-08-25,30.42047,-98.80332,0.0981918
TXS01,2021-08-28,30.42047,-98.80332,0.117166
TXS01,2021-08-30,30.42047,-98.80332,0.1296554
TXS01,2021-08-31,30.42047,-98.80332,0.1388167
TXS01,2021-09-02,30.42047,-98.80332,0.1128655
TXS01,2021-09-05,30.42047,-98.80332,0.0932125
TXS01,2021-09-07,30.42047,-98.80332,0.1488629
TXS01,2021-09-08,30.42047,-98.80332,0.1290514
TXS01,2021-09-10,30.42047,-98.80332,0.1246669
TXS01,2021-09-13,30.42047,-98.80332,0.0936891
TXS01,2021-09-15,30.42047,-98.80332,0.1029346
TXS01,2021-09-16,30.42047,-98.80332,0.096975
TXS01,2021-09-18,30.42047,-98.80332,0.1106071
TXS01,2021-09-21,30.42047,-98.80332,0.0922242
TXS01,2021-09-23,30.42047,-98.80332,0.1165681
TXS01,2021-09-24,30.42047,-98.80332,0.1069258
TXS01,2021-09-26,30.42047,-98.80332,0.1166346
TXS01,2021-09-29,30.42047,-98.80332,0.297454
TXS01,2021-10-01,30.42047,-98.80332,0.3703213
TXS01,2021-10-02,30.42047,-98.80332,0.2954947
TXS01,2021-10-04,30.42047,-98.80332,0.2348748
TXS01,2021-10-07,30.42047,-98.80332,0.2023824
TXS01,2021-10-09,30.42047,-98.80332,0.1649608
TXS01,2021-10-10,30.42047,-98.80332,0.1488819
TXS01,2021-10-12,30.42047,-98.80332,0.2084217
TXS01,2021-10-15,30.42047,-98.80332,0.245351
TXS01,2021-10-17,30.42047,-98.80332,0.2440911
TXS01,2021-10-18,30.42047,-98.80332,0.2109211
TXS01,2021-10-20,30.42047,-98.80332,0.1909077
TXS01,2021-10-23,30.42047,-98.80332,0.1707244
TXS01,2021-10-25,30.42047,-98.80332,0.1565844
TXS01,2021-10-28,30.42047,-98.80332,0.2450574
TXS01,2021-10-31,30.42047,-98.80332,0.1884161
TXS01,2021-11-02,30.42047,-98.80332,0.1545761
TXS01,2021-11-05,30.42047,-98.80332,0.2714995
TXS01,2021-11-08,30.42047,-98.80332,0.2194214
TXS01,2021-11-10,30.42047,-98.80332,0.222441
TXS01,2021-11-13,30.42047,-98.80332,0.2125879
TXS01,2021-11-16,30.42047,-98.80332,0.160974
TXS01,2021-11-18,30.42047,-98.80332,0.1834454
TXS01,2021-11-21,30.42047,-98.80332,0.1366584
TXS01,2021-11-24,30.42047,-98.80332,0.1263489
TXS01,2021-11-26,30.42047,-98.80332,0.1528482
TXS01,2021-11-27,30.42047,-98.80332,0.261222
TXS01,2021-11-29,30.42047,-98.80332,0.2255961
TXS01,2021-12-02,30.42047,-98.80332,0.1802294
TXS01,2021-12-04,30.42047,-98.80332,0.17157
TXS01,2021-12-05,30.42047,-98.80332,0.1606067
TXS01,2021-12-07,30.42047,-98.80332,0.1766023
TXS01,2021-12-10,30.42047,-98.80332,0.1420848
TXS01,2021-12-12,30.42047,-98.80332,0.2109327
TXS01,2021-12-13,30.42047,-98.80332,0.1287127
TXS01,2021-12-15,30.42047,-98.80332,0.138342
TXS01,2021-12-18,30.42047,-98.80332,0.1795453
TXS01,2021-12-20,30.42047,-98.80332,0.1945914
TXS01,2021-12-21,30.42047,-98.80332,0.1728153
TXS01,2021-12-23,30.42047,-98.80332,0.1566225
TXS01,2021-12-26,30.42047,-98.80332,0.1321471
TXS01,2021-12-28,30.42047,-98.80332,0.146008
TXS01,2021-12-29,30.42047,-98.80332,0.1337906
TXS01,2021-12-31,30.42047,-98.80332,0.1189041
TXS01,2022-01-03,30.42047,-98.80332,0.1222663
TXS01,2022-01-05,30.42047,-98.80332,0.1225332
TXS01,2022-01-06,30.42047,-98.80332,0.129163
TXS01,2022-01-08,30.42047,-98.80332,0.0977321
TXS01,2022-01-11,30.42047,-98.80332,0.1210209
TXS01,2022-01-13,30.42047,-98.80332,0.175676
TXS01,2022-01-14,30.42047,-98.80332,0.1763441
TXS01,2022-01-16,30.42047,-98.80332,0.1652811
TXS01,2022-01-19,30.42047,-98.80332,0.1270759
TXS01,2022-01-21,30.42047,-98.80332,0.130087
TXS01,2022-01-22,30.42047,-98.80332,0.1217109
TXS01,2022-01-24,30.42047,-98.80332,0.1192933
TXS01,2022-01-27,30.42047,-98.80332,0.1420607
TXS01,2022-01-30,30.42047,-98.80332,0.1341145
TXS01,2022-02-01,30.42047,-98.80332,0.1913829
TXS01,2022-02-04,30.42047,-98.80332,0.149987
TXS01,2022-02-09,30.42047,-98.80332,0.2020827
TXS01,2022-02-12,30.42047,-98.80332,0.2029652
TXS01,2022-02-14,30.42047,-98.80332,0.1812608
TXS01,2022-02-15,30.42047,-98.80332,0.1606898
TXS01,2022-02-17,30.42047,-98.80332,0.1500775
TXS01,2022-02-20,30.42047,-98.80332,0.1538105
TXS01,2022-02-23,30.42047,-98.80332,0.1392819
TXS01,2022-02-25,30.42047,-98.80332,0.1134215
TXS01,2022-02-28,30.42047,-98.80332,0.1481459
TXS01,2022-03-02,30.42047,-98.80332,0.1391437
TXS01,2022-03-03,30.42047,-98.80332,0.1183589
TXS01,2022-03-05,30.42047,-98.80332,0.1176026
TXS01,2022-03-08,30.42047,-98.80332,0.1167841
TXS01,2022-03-10,30.42047,-98.80332,0.115333
TXS01,2022-03-11,30.42047,-98.80332,0.1176701
TXS01,2022-03-16,30.42047,-98.80332,0.0987035
TXS01,2022-03-18,30.42047,-98.80332,0.1158656
TXS01,2022-03-19,30.42047,-98.80332,0.1055774
TXS01,2022-03-21,30.42047,-98.80332,0.0911153
TXS01,2022-03-24,30.42047,-98.80332,0.1156301
TXS01,2022-03-26,30.42047,-98.80332,0.1135651
TXS01,2022-03-27,30.42047,-98.80332,0.1142113
TXS01,2022-03-29,30.42047,-98.80332,0.1065854
TXS01,2022-04-01,30.42047,-98.80332,0.1381303
TXS01,2022-04-03,30.42047,-98.80332,0.1297888
TXS01,2022-04-04,30.42047,-98.80332,0.1139808
TXS01,2022-04-06,30.42047,-98.80332,0.11801
TXS01,2022-04-09,30.42047,-98.80332,0.0933191
TXS01,2022-04-11,30.42047,-98.80332,0.1043448
TXS01,2022-04-14,30.42047,-98.80332,0.116224
TXS01,2022-04-17,30.42047,-98.80332,0.1039728
TXS01,2022-04-19,30.42047,-98.80332,0.1528774
TXS01,2022-04-22,30.42047,-98.80332,0.1309914
TXS01,2022-04-25,30.42047,-98.80332,0.1340774
TXS01,2022-04-27,30.42047,-98.80332,0.1975049
TXS01,2022-04-30,30.42047,-98.80332,0.1454139
TXS01,2022-05-03,30.42047,-98.80332,0.1215989
TXS01,2022-05-05,30.42047,-98.80332,0.1199369
TXS01,2022-05-08,30.42047,-98.80332,0.1423031
TXS01,2022-05-11,30.42047,-98.80332,0.1151736
TXS01,2022-05-13,30.42047,-98.80332,0.1050145
TXS01,2022-05-16,30.42047,-98.80332,0.1033412
TXS01,2022-05-19,30.42047,-98.80332,0.1055533
TXS01,2022-05-21,30.42047,-98.80332,0.0917608
TXS01,2022-05-22,30.42047,-98.80332,0.1363085
TXS01,2022-05-24,30.42047,-98.80332,0.105559
TXS01,2022-05-27,30.42047,-98.80332,0.1854878
TXS01,2022-05-29,30.42047,-98.80332,0.1472415
TXS01,2022-05-30,30.42047,-98.80332,0.1190793
TXS01,2022-06-01,30.42047,-98.80332,0.1140439
TXS01,2022-06-04,30.42047,-98.80332,0.3332981
TXS01,2022-06-06,30.42047,-98.80332,0.1774323
TXS01,2022-06-07,30.42047,-98.80332,0.1373068
TXS01,2022-06-09,30.42047,-98.80332,0.1231276
TXS01,2022-06-12,30.42047,-98.80332,0.1002393
TXS01,2022-06-14,30.42047,-98.80332,0.1104037
TXS01,2022-06-17,30.42047,-98.80332,0.1106823
TXS01,2022-06-20,30.42047,-98.80332,0.0903738
TXS01,2022-06-22,30.42047,-98.80332,0.1028707
TXS01,2022-06-25,30.42047,-98.80332,0.1018334
TXS01,2022-06-28,30.42047,-98.80332,0.2216321
TXS01,2022-06-30,30.42047,-98.80332,0.1419433
TXS01,2022-07-03,30.42047,-98.80332,0.1139052
TXS01,2022-07-06,30.42047,-98.80332,0.0947966
TXS01,2022-07-08,30.42047,-98.80332,0.10083
TXS01,2022-07-11,30.42047,-98.80332,0.1214674
TXS01,2022-07-14,30.42047,-98.80332,0.1420722
TXS01,2022-07-16,30.42047,-98.80332,0.2174006
TXS01,2022-07-19,30.42047,-98.80332,0.1460429
TXS01,2022-07-22,30.42047,-98.80332,0.1101971
TXS01,2022-07-24,30.42047,-98.80332,0.1096668
TXS01,2022-07-27,30.42047,-98.80332,0.1032343
TXS01,2022-07-30,30.42047,-98.80332,0.0904308
TXS01,2022-08-01,30.42047,-98.80332,0.1096427
TXS01,2022-08-04,30.42047,-98.80332,0.0951489
TXS01,2022-09-24,30.42047,-98.80332,0.1175798
TXS01,2022-09-27,30.42047,-98.80332,0.142518
TXS01,2022-09-29,30.42047,-98.80332,0.1204468
TXS01,2022-10-02,30.42047,-98.80332,0.1129101
TXS01,2022-10-05,30.42047,-98.80332,0.1046478
TXS01,2022-10-07,30.42047,-98.80332,0.0984677
TXS01,2022-10-10,30.42047,-98.80332,0.0998691
TXS01,2022-10-13,30.42047,-98.80332,0.0977588
TXS01,2022-10-15,30.42047,-98.80332,0.099107
TXS01,2022-10-16,30.42047,-98.80332,0.0964595
TXS01,2022-10-18,30.42047,-98.80332,0.1809214
TXS01,2022-10-21,30.42047,-98.80332,0.1281917
TXS01,2022-10-23,30.42047,-98.80332,0.1057469
TXS01,2022-10-26,30.42047,-98.80332,0.1803641
TXS01,2022-10-29,30.42047,-98.80332,0.2392849
TXS01,2022-10-31,30.42047,-98.80332,0.2146582
TXS01,2022-11-03,30.42047,-98.80332,0.1562706
TXS01,2022-11-06,30.42047,-98.80332,0.1531608
TXS01,2022-11-08,30.42047,-98.80332,0.1848877
TXS01,2022-11-11,30.42047,-98.80332,0.1538379
TXS01,2022-11-14,30.42047,-98.80332,0.2206215
TXS01,2022-11-19,30.42047,-98.80332,0.1842222
TXS01,2022-11-22,30.42047,-98.80332,0.24741
TXS01,2022-11-24,30.42047,-98.80332,0.2574824
TXS01,2022-11-27,30.42047,-98.80332,0.2828831
TXS01,2022-11-30,30.42047,-98.80332,0.2610341
TXS01,2022-12-02,30.42047,-98.80332,0.2255066
TXS01,2022-12-05,30.42047,-98.80332,0.1996748
TXS01,2022-12-08,30.42047,-98.80332,0.2171582
TXS01,2022-12-10,30.42047,-98.80332,0.2082343
TXS01,2022-12-11,30.42047,-98.80332,0.2106986
TXS01,2022-12-13,30.42047,-98.80332,0.2124812
TXS01,2022-12-16,30.42047,-98.80332,0.200272
TXS01,2022-12-18,30.42047,-98.80332,0.1966938
TXS01,2022-12-19,30.42047,-98.80332,0.2116891
TXS01,2022-12-21,30.42047,-98.80332,0.2152431
TXS01,2022-12-24,30.42047,-98.80332,0.169591
TXS01,2022-12-26,30.42047,-98.80332,0.1691334
TXS01,2022-12-27,30.42047,-98.80332,0.1648547
TXS01,2022-12-29,30.42047,-98.80332,0.1678689
TXS01,2023-01-01,30.42047,-98.80332,0.1693047
TXS01,2023-01-03,30.42047,-98.80332,0.1815762
TXS01,2023-01-06,30.42047,-98.80332,0.1404198
TXS01,2023-01-09,30.42047,-98.80332,0.1457226
TXS01,2023-01-11,30.42047,-98.80332,0.1434067
TXS01,2023-01-14,30.42047,-98.80332,0.1366372
TXS01,2023-01-17,30.42047,-98.80332,0.1321228
TXS01,2023-01-19,30.42047,-98.80332,0.1401976
TXS01,2023-01-22,30.42047,-98.80332,0.1312138
TXS01,2023-01-25,30.42047,-98.80332,0.2477072
TXS01,2023-01-27,30.42047,-98.80332,0.2120749
TXS01,2023-01-30,30.42047,-98.80332,0.2166846
TXS01,2023-02-02,30.42047,-98.80332,0.2653914
TXS01,2023-02-04,30.42047,-98.80332,0.2114427
TXS01,2023-02-07,30.42047,-98.80332,0.2040964
TXS01,2023-02-10,30.42047,-98.80332,0.2326523
TXS01,2023-02-12,30.42047,-98.80332,0.2320515
TXS01,2023-02-15,30.42047,-98.80332,0.2040855
TXS01,2023-02-18,30.42047,-98.80332,0.1736585
TXS01,2023-02-20,30.42047,-98.80332,0.1596823
TXS01,2023-02-23,30.42047,-98.80332,0.1631217
TXS01,2023-02-26,30.42047,-98.80332,0.1157126
TXS01,2023-02-28,30.42047,-98.80332,0.1282376
TXS01,2023-03-03,30.42047,-98.80332,0.2768196
TXS01,2023-03-06,30.42047,-98.80332,0.16043
TXS01,2023-03-08,30.42047,-98.80332,0.167363
TXS01,2023-03-11,30.42047,-98.80332,0.1381008
TXS01,2023-03-14,30.42047,-98.80332,0.1149676
TXS01,2023-03-16,30.42047,-98.80332,0.1004825
TXS01,2023-03-17,30.42047,-98.80332,0.1563197
TXS01,2023-03-19,30.42047,-98.80332,0.1264481
TXS01,2023-03-22,30.42047,-98.80332,0.1143086
TXS01,2023-03-24,30.42047,-98.80332,0.1347636
TXS01,2023-03-25,30.42047,-98.80332,0.1180047
TXS01,2023-03-27,30.42047,-98.80332,0.0999232
TXS01,2023-03-30,30.42047,-98.80332,0.1121875
TXS01,2023-04-01,30.42047,-98.80332,0.1200268
TXS01,2023-04-04,30.42047,-98.80332,0.1010579
TXS01,2023-04-07,30.42047,-98.80332,0.2589514
TXS01,2023-04-09,30.42047,-98.80332,0.240536
TXS01,2023-04-12,30.42047,-98.80332,0.1774544
TXS01,2023-04-15,30.42047,-98.80332,0.1427712
TXS01,2023-04-17,30.42047,-98.80332,0.1199451
TXS01,2023-04-20,30.42047,-98.80332,0.1151874
TXS01,2023-04-23,30.42047,-98.80332,0.2662436
TXS01,2023-04-25,30.42047,-98.80332,0.2011873
TXS01,2023-04-28,30.42047,-98.80332,0.1823801
TXS01,2023-05-01,30.42047,-98.80332,0.1390976
TXS01,2023-05-06,30.42047,-98.80332,0.1583183
TXS01,2023-05-09,30.42047,-98.80332,0.2683391
TXS01,2023-05-11,30.42047,-98.80332,0.2360778
TXS01,2023-05-14,30.42047,-98.80332,0.325405
TXS01,2023-05-17,30.42047,-98.80332,0.2505471
TXS01,2023-05-19,30.42047,-98.80332,0.2051902
TXS01,2023-05-22,30.42047,-98.80332,0.2781129
TXS01,2023-05-25,30.42047,-98.80332,0.2838159
TXS01,2023-05-27,30.42047,-98.80332,0.2378386
TXS01,2023-05-30,30.42047,-98.80332,0.2669283
TXS01,2023-06-02,30.42047,-98.80332,0.1569455
TXS01,2023-06-04,30.42047,-98.80332,0.2716065
TXS01,2023-06-07,30.42047,-98.80332,0.1706792
TXS01,2023-06-10,30.42047,-98.80332,0.229186
TXS01,2023-06-12,30.42047,-98.80332,0.1716271
TXS01,2023-06-18,30.42047,-98.80332,0.1585513
TXS01,2023-06-20,30.42047,-98.80332,0.14954
TXS01,2023-06-23,30.42047,-98.80332,0.2012555
TXS01,2023-06-26,30.42047,-98.80332,0.1200812
TXS01,2023-06-28,30.42047,-98.80332,0.1154688
TXS01,2023-07-04,30.42047,-98.80332,0.117814
TXS01,2023-07-06,30.42047,-98.80332,0.1104068
TXS01,2023-07-09,30.42047,-98.80332,0.0887021
TXS01,2023-07-12,30.42047,-98.80332,0.0920407
TXS01,2023-07-14,30.42047,-98.80332,0.0930599
TXS01,2023-07-20,30.42047,-98.80332,0.0936205
TXS01,2023-07-22,30.42047,-98.80332,0.1037373
TXS01,2023-07-25,30.42047,-98.80332,0.1000159
TXS01,2023-07-28,30.42047,-98.80332,0.0850141
TXS01,2023-07-30,30.42047,-98.80332,0.1033214
TXS01,2023-07-31,30.42047,-98.80332,0.0881003
TXS01,2023-08-02,30.42047,-98.80332,0.0947507
TXS01,2023-08-05,30.42047,-98.80332,0.0984057
TXS01,2023-08-07,30.42047,-98.80332,0.0998744
TXS01,2023-08-08,30.42047,-98.80332,0.0931321
TXS01,2023-08-10,30.42047,-98.80332,0.0975948
TXS01,2023-08-13,30.42047,-98.80332,0.0865756
TXS01,2023-08-15,30.42047,-98.80332,0.1010144
TXS01,2023-08-18,30.42047,-98.80332,0.0994423
TXS01,2023-08-21,30.42047,-98.80332,0.0970043
TXS01,2023-08-23,30.42047,-98.80332,0.1172142
TXS01,2023-08-26,30.42047,-98.80332,0.1169851
TXS01,2023-08-29,30.42047,-98.80332,0.1259496
TXS01,2023-08-31,30.42047,-98.80332,0.1184642
TXS01,2023-09-03,30.42047,-98.80332,0.1075296
TXS01,2023-09-06,30.42047,-98.80332,0.0949647
TXS01,2023-09-08,30.42047,-98.80332,0.1046274
TXS01,2023-09-11,30.42047,-98.80332,0.1587059
TXS01,2023-09-14,30.42047,-98.80332,0.2665863
TXS01,2023-09-16,30.42047,-98.80332,0.2755008
TXS01,2023-09-17,30.42047,-98.80332,0.2842094
TXS01,2023-09-19,30.42047,-98.80332,0.2201633
TXS01,2023-09-22,30.42047,-98.80332,0.154738
TXS01,2023-09-24,30.42047,-98.80332,0.1309909
TXS01,2023-09-25,30.42047,-98.80332,0.3230548
TXS01,2023-09-27,30.42047,-98.80332,0.2279102
TXS01,2023-09-30,30.42047,-98.80332,0.1764294
TXS01,2023-10-02,30.42047,-98.80332,0.1652593
TXS01,2023-10-03,30.42047,-98.80332,0.1338705
TXS01,2023-10-05,30.42047,-98.80332,0.3679034
TXS01,2023-10-08,30.42047,-98.80332,0.250594
TXS01,2023-10-10,30.42047,-98.80332,0.1926744
TXS01,2023-10-11,30.42047,-98.80332,0.1673754
TXS01,2023-10-13,30.42047,-98.80332,0.1420637
TXS01,2023-10-16,30.42047,-98.80332,0.1472446
TXS01,2023-10-18,30.42047,-98.80332,0.1301433
TXS01,2023-10-19,30.42047,-98.80332,0.1176977
TXS01,2023-10-21,30.42047,-98.80332,0.1260546
TXS01,2023-10-24,30.42047,-98.80332,0.18961
TXS01,2023-10-26,30.42047,-98.80332,0.3426817
TXS01,2023-10-27,30.42047,-98.80332,0.291881
TXS01,2023-10-29,30.42047,-98.80332,0.2900918
TXS01,2023-11-01,30.42047,-98.80332,0.3086062
TXS01,2023-11-03,30.42047,-98.80332,0.2559224
TXS01,2023-11-04,30.42047,-98.80332,0.2303424
TXS01,2023-11-06,30.42047,-98.80332,0.2279765
TXS01,2023-11-09,30.42047,-98.80332,0.197005
TXS01,2023-11-11,30.42047,-98.80332,0.2958319
TXS01,2023-11-12,30.42047,-98.80332,0.2795246
TXS01,2023-11-14,30.42047,-98.80332,0.3489501
TXS01,2023-11-17,30.42047,-98.80332,0.2459328
TXS01,2023-11-19,30.42047,-98.80332,0.247287
TXS01,2023-11-20,30.42047,-98.80332,0.2569937
TXS01,2023-11-22,30.42047,-98.80332,0.2530723
TXS01,2023-11-25,30.42047,-98.80332,0.205122
TXS01,2023-11-27,30.42047,-98.80332,0.2325925
TXS01,2023-11-28,30.42047,-98.80332,0.2031981
TXS01,2023-11-30,30.42047,-98.80332,0.1986441
TXS01,2023-12-03,30.42047,-98.80332,0.2110565
TXS01,2023-12-05,30.42047,-98.80332,0.1959601
TXS01,2023-12-06,30.42047,-98.80332,0.1818798
TXS01,2023-12-08,30.42047,-98.80332,0.1596797
TXS01,2023-12-11,30.42047,-98.80332,0.1584752
TXS01,2023-12-13,30.42047,-98.80332,0.1457646
TXS01,2023-12-16,30.42047,-98.80332,0.2611328
TXS01,2023-12-19,30.42047,-98.80332,0.2184034
TXS01,2023-12-21,30.42047,-98.80332,0.1960623
TXS01,2023-12-24,30.42047,-98.80332,0.3747176
TXS01,2023-12-27,30.42047,-98.80332,0.2554553
TXS01,2023-12-29,30.42047,-98.80332,0.2378582
TXS02,2015-04-03,30.34211,-98.71894,0.1385352
TXS02,2015-04-06,30.34211,-98.71894,0.1369886
TXS02,2015-04-08,30.34211,-98.71894,0.1273434
TXS02,2015-04-11,30.34211,-98.71894,0.1784944
TXS02,2015-04-14,30.34211,-98.71894,0.1879203
TXS02,2015-04-16,30.34211,-98.71894,0.1422513
TXS02,2015-04-19,30.34211,-98.71894,0.3152802
TXS02,2015-04-22,30.34211,-98.71894,0.1988857
TXS02,2015-04-24,30.34211,-98.71894,0.3726162
TXS02,2015-04-27,30.34211,-98.71894,0.3091828
TXS02,2015-05-05,30.34211,-98.71894,0.1319916
TXS02,2015-05-08,30.34211,-98.71894,0.1642571
TXS02,2015-05-10,30.34211,-98.71894,0.1961042
TXS02,2015-05-16,30.34211,-98.71894,0.2681077
TXS02,2015-05-18,30.34211,-98.71894,0.282768
TXS02,2015-05-21,30.34211,-98.71894,0.3228689
TXS02,2015-05-24,30.34211,-98.71894,0.3936918
TXS02,2015-05-26,30.34211,-98.71894,0.3045668
TXS02,2015-05-29,30.34211,-98.71894,0.4062639
TXS02,2015-06-01,30.34211,-98.71894,0.2750697
TXS02,2015-06-03,30.34211,-98.71894,0.2399773
TXS02,2015-06-06,30.34211,-98.71894,0.1703333
TXS02,2015-06-09,30.34211,-98.71894,0.1455225
TXS02,2015-06-11,30.34211,-98.71894,0.1276619
TXS02,2015-06-14,30.34211,-98.71894,0.1448943
TXS02,2015-06-19,30.34211,-98.71894,0.2444628
TXS02,2015-06-25,30.34211,-98.71894,0.1761614
TXS02,2015-06-27,30.34211,-98.71894,0.1675508
TXS02,2015-06-30,30.34211,-98.71894,0.1743246
TXS02,2015-07-03,30.34211,-98.71894,0.1635728
TXS02,2015-07-05,30.34211,-98.71894,0.1256042
TXS02,2015-07-08,30.34211,-98.71894,0.1190398
TXS02,2015-07-11,30.34211,-98.71894,0.1114683
TXS02,2015-07-13,30.34211,-98.71894,0.1123129
TXS02,2015-07-14,30.34211,-98.71894,0.0970275
TXS02,2015-07-16,30.34211,-98.71894,0.1082822
TXS02,2015-07-19,30.34211,-98.71894,0.0987734
TXS02,2015-07-21,30.34211,-98.71894,0.1016601
TXS02,2015-07-22,30.34211,-98.71894,0.0954869
TXS02,2015-07-24,30.34211,-98.71894,0.0996654
TXS02,2015-07-29,30.34211,-98.71894,0.1126052
TXS02,2015-07-30,30.34211,-98.71894,0.1025942
TXS02,2015-08-01,30.34211,-98.71894,0.1758791
TXS02,2015-08-04,30.34211,-98.71894,0.1152505
TXS02,2015-08-06,30.34211,-98.71894,0.119686
TXS02,2015-08-07,30.34211,-98.71894,0.0982532
TXS02,2015-08-09,30.34211,-98.71894,0.1265395
TXS02,2015-08-14,30.34211,-98.71894,0.1300782
TXS02,2015-08-15,30.34211,-98.71894,0.1199457
TXS02,2015-08-17,30.34211,-98.71894,0.1311727
TXS02,2015-08-20,30.34211,-98.71894,0.103778
TXS02,2015-08-22,30.34211,-98.71894,0.1100451
TXS02,2015-08-25,30.34211,-98.71894,0.120187
TXS02,2015-08-28,30.34211,-98.71894,0.1191724
TXS02,2015-08-30,30.34211,-98.71894,0.1022732
TXS02,2015-09-02,30.34211,-98.71894,0.1291741
TXS02,2015-09-05,30.34211,-98.71894,0.1084896
TXS02,2015-09-07,30.34211,-98.71894,0.114585
TXS02,2015-09-10,30.34211,-98.71894,0.1518028
TXS02,2015-09-13,30.34211,-98.71894,0.1390946
TXS02,2015-09-15,30.34211,-98.71894,0.1218531
TXS02,2015-09-18,30.34211,-98.71894,0.1335831
TXS02,2015-09-21,30.34211,-98.71894,0.1083489
TXS02,2015-09-23,30.34211,-98.71894,0.1252231
TXS02,2015-09-26,30.34211,-98.71894,0.1103819
TXS02,2015-09-29,30.34211,-98.71894,0.1149365
TXS02,2015-10-01,30.34211,-98.71894,0.1281655
TXS02,2015-10-04,30.34211,-98.71894,0.1101796
TXS02,2015-10-07,30.34211,-98.71894,0.1148223
TXS02,2015-10-09,30.34211,-98.71894,0.1493705
TXS02,2015-10-12,30.34211,-98.71894,0.1236032
TXS02,2015-10-15,30.34211,-98.71894,0.1118478
TXS02,2015-10-17,30.34211,-98.71894,0.1194268
TXS02,2015-10-20,30.34211,-98.71894,0.1097058
TXS02,2015-10-28,30.34211,-98.71894,0.2572009
TXS02,2015-10-31,30.34211,-98.71894,0.3575499
TXS02,2015-11-02,30.34211,-98.71894,0.3145022
TXS02,2015-11-05,30.34211,-98.71894,0.2828259
TXS02,2015-11-08,30.34211,-98.71894,0.2647649
TXS02,2015-11-10,30.34211,-98.71894,0.2818857
TXS02,2015-11-13,30.34211,-98.71894,0.2590807
TXS02,2015-11-16,30.34211,-98.71894,0.2342916
TXS02,2015-11-18,30.34211,-98.71894,0.301833
TXS02,2015-11-21,30.34211,-98.71894,0.2282375
TXS02,2015-11-24,30.34211,-98.71894,0.1987572
TXS02,2015-11-26,30.34211,-98.71894,0.199977
TXS02,2015-11-29,30.34211,-98.71894,0.3055872
TXS02,2015-12-02,30.34211,-98.71894,0.2860478
TXS02,2015-12-04,30.34211,-98.71894,0.2478161
TXS02,2015-12-07,30.34211,-98.71894,0.2462366
TXS02,2015-12-10,30.34211,-98.71894,0.2326884
TXS02,2015-12-12,30.34211,-98.71894,0.2217611
TXS02,2015-12-18,30.34211,-98.71894,0.2608375
TXS02,2015-12-20,30.34211,-98.71894,0.2291023
TXS02,2015-12-23,30.34211,-98.71894,0.2475044
TXS02,2015-12-26,30.34211,-98.71894,0.2155837
TXS02,2015-12-28,30.34211,-98.71894,0.3109805
TXS02,2015-12-31,30.34211,-98.71894,0.278611
TXS02,2016-01-03,30.34211,-98.71894,0.2992117
TXS02,2016-01-05,30.34211,-98.71894,0.281986
TXS02,2016-01-06,30.34211,-98.71894,0.2591926
TXS02,2016-01-08,30.34211,-98.71894,0.2860775
TXS02,2016-01-11,30.34211,-98.71894,0.2738068
TXS02,2016-01-13,30.34211,-98.71894,0.246596
TXS02,2016-01-14,30.34211,-98.71894,0.2448193
TXS02,2016-01-16,30.34211,-98.71894,0.2635182
TXS02,2016-01-19,30.34211,-98.71894,0.1891191
TXS02,2016-01-21,30.34211,-98.71894,0.1882479
TXS02,2016-01-24,30.34211,-98.71894,0.2025857
TXS02,2016-01-27,30.34211,-98.71894,0.2000131
TXS02,2016-01-29,30.34211,-98.71894,0.1957885
TXS02,2016-02-01,30.34211,-98.71894,0.1850416
TXS02,2016-02-04,30.34211,-98.71894,0.1648007
TXS02,2016-02-06,30.34211,-98.71894,0.1641189
TXS02,2016-02-09,30.34211,-98.71894,0.1564849
TXS02,2016-02-12,30.34211,-98.71894,0.1553227
TXS02,2016-02-14,30.34211,-98.71894,0.1297412
TXS02,2016-02-17,30.34211,-98.71894,0.1546014
TXS02,2016-02-20,30.34211,-98.71894,0.1112856
TXS02,2016-02-22,30.34211,-98.71894,0.1782077
TXS02,2016-02-25,30.34211,-98.71894,0.2602792
TXS02,2016-02-28,30.34211,-98.71894,0.2089603
TXS02,2016-03-01,30.34211,-98.71894,0.2025186
TXS02,2016-03-04,30.34211,-98.71894,0.1779313
TXS02,2016-03-07,30.34211,-98.71894,0.1372114
TXS02,2016-03-09,30.34211,-98.71894,0.3302042
TXS02,2016-03-12,30.34211,-98.71894,0.3471633
TXS02,2016-03-15,30.34211,-98.71894,0.2548329
TXS02,2016-03-17,30.34211,-98.71894,0.2200946
TXS02,2016-03-20,30.34211,-98.71894,0.2546319
TXS02,2016-03-23,30.34211,-98.71894,0.1878748
TXS02,2016-03-25,30.34211,-98.71894,0.2115798
TXS02,2016-03-28,30.34211,-98.71894,0.1697305
TXS02,2016-03-31,30.34211,-98.71894,0.1696503
TXS02,2016-04-02,30.34211,-98.71894,0.2494774
TXS02,2016-04-05,30.34211,-98.71894,0.1814982
TXS02,2016-04-08,30.34211,-98.71894,0.1538972
TXS02,2016-04-10,30.34211,-98.71894,0.143478
TXS02,2016-04-13,30.34211,-98.71894,0.2791633
TXS02,2016-04-16,30.34211,-98.71894,0.2005258
TXS02,2016-04-18,30.34211,-98.71894,0.3075791
TXS02,2016-04-21,30.34211,-98.71894,0.3635507
TXS02,2016-04-24,30.34211,-98.71894,0.218698
TXS02,2016-04-26,30.34211,-98.71894,0.1935445
TXS02,2016-04-29,30.34211,-98.71894,0.2058328
TXS02,2016-05-04,30.34211,-98.71894,0.1973337
TXS02,2016-05-07,30.34211,-98.71894,0.148791
TXS02,2016-05-10,30.34211,-98.71894,0.1318382
TXS02,2016-05-12,30.34211,-98.71894,0.1590542
TXS02,2016-05-15,30.34211,-98.71894,0.1906907
TXS02,2016-05-18,30.34211,-98.71894,0.2923438
TXS02,2016-05-20,30.34211,-98.71894,0.296762
TXS02,2016-05-23,30.34211,-98.71894,0.2395983
TXS02,2016-05-26,30.34211,-98.71894,0.2125954
TXS02,2016-05-28,30.34211,-98.71894,0.261138
TXS02,2016-05-31,30.34211,-98.71894,0.2653918
TXS02,2016-06-03,30.34211,-98.71894,0.2864169
TXS02,2016-06-05,30.34211,-98.71894,0.2856801
TXS02,2016-06-08,30.34211,-98.71894,0.1897299
TXS02,2016-06-11,30.34211,-98.71894,0.1609095
TXS02,2016-06-13,30.34211,-98.71894,0.1585117
TXS02,2016-06-16,30.34211,-98.71894,0.1365812
TXS02,2016-06-19,30.34211,-98.71894,0.1286756
TXS02,2016-06-21,30.34211,-98.71894,0.1350294
TXS02,2016-06-24,30.34211,-98.71894,0.1182127
TXS02,2016-06-27,30.34211,-98.71894,0.1272331
TXS02,2016-06-29,30.34211,-98.71894,0.1514281
TXS02,2016-07-02,30.34211,-98.71894,0.1277003
TXS02,2016-07-05,30.34211,-98.71894,0.1072894
TXS02,2016-07-07,30.34211,-98.71894,0.1127712
TXS02,2016-07-10,30.34211,-98.71894,0.1102908
TXS02,2016-07-13,30.34211,-98.71894,0.1138369
TXS02,2016-07-15,30.34211,-98.71894,0.1105317
TXS02,2016-07-18,30.34211,-98.71894,0.1123041
TXS02,2016-07-21,30.34211,-98.71894,0.1047441
TXS02,2016-07-23,30.34211,-98.71894,0.1096327
TXS02,2016-07-26,30.34211,-98.71894,0.2243496
TXS02,2016-07-29,30.34211,-98.71894,0.1594398
TXS02,2016-07-31,30.34211,-98.71894,0.1344438
TXS02,2016-08-03,30.34211,-98.71894,0.1191005
TXS02,2016-08-06,30.34211,-98.71894,0.1073417
TXS02,2016-08-08,30.34211,-98.71894,0.1093886
TXS02,2016-08-11,30.34211,-98.71894,0.1043492
TXS02,2016-08-14,30.34211,-98.71894,0.2931311
TXS02,2016-08-16,30.34211,-98.71894,0.3183965
TXS02,2016-08-19,30.34211,-98.71894,0.2794739
TXS02,2016-08-22,30.34211,-98.71894,0.2967099
TXS02,2016-08-24,30.34211,-98.71894,0.2384451
TXS02,2016-08-27,30.34211,-98.71894,0.1888612
TXS02,2016-08-30,30.34211,-98.71894,0.1584417
TXS02,2016-09-01,30.34211,-98.71894,0.1572634
TXS02,2016-09-04,30.34211,-98.71894,0.1603753
TXS02,2016-09-07,30.34211,-98.71894,0.1607209
TXS02,2016-09-09,30.34211,-98.71894,0.1346832
TXS02,2016-09-12,30.34211,-98.71894,0.1288417
TXS02,2016-09-15,30.34211,-98.71894,0.1208215
TXS02,2016-09-17,30.34211,-98.71894,0.1261167
TXS02,2016-09-20,30.34211,-98.71894,0.1023434
TXS02,2016-09-23,30.34211,-98.71894,0.1054764
TXS02,2016-09-25,30.34211,-98.71894,0.2010673
TXS02,2016-10-01,30.34211,-98.71894,0.205605
TXS02,2016-10-03,30.34211,-98.71894,0.1791245
TXS02,2016-10-06,30.34211,-98.71894,0.1485727
TXS02,2016-10-09,30.34211,-98.71894,0.1457719
TXS02,2016-10-11,30.34211,-98.71894,0.1340752
TXS02,2016-10-14,30.34211,-98.71894,0.1399825
TXS02,2016-10-17,30.34211,-98.71894,0.1315449
TXS02,2016-10-19,30.34211,-98.71894,0.124923
TXS02,2016-10-22,30.34211,-98.71894,0.1415952
TXS02,2016-10-25,30.34211,-98.71894,0.1268197
TXS02,2016-10-27,30.34211,-98.71894,0.1205399
TXS02,2016-10-30,30.34211,-98.71894,0.1170355
TXS02,2016-11-02,30.34211,-98.71894,0.0968594
TXS02,2016-11-04,30.34211,-98.71894,0.2665464
TXS02,2016-11-07,30.34211,-98.71894,0.2701451
TXS02,2016-11-10,30.34211,-98.71894,0.3234138
TXS02,2016-11-12,30.34211,-98.71894,0.2885613
TXS02,2016-11-15,30.34211,-98.71894,0.2492725
TXS02,2016-11-18,30.34211,-98.71894,0.2209474
TXS02,2016-11-20,30.34211,-98.71894,0.2404755
TXS02,2016-11-23,30.34211,-98.71894,0.2474887
TXS02,2016-11-26,30.34211,-98.71894,0.233492
TXS02,2016-11-28,30.34211,-98.71894,0.1814975
TXS02,2016-12-01,30.34211,-98.71894,0.1816001
TXS02,2016-12-04,30.34211,-98.71894,0.273558
TXS02,2016-12-06,30.34211,-98.71894,0.3040201
TXS02,2016-12-09,30.34211,-98.71894,0.2525378
TXS02,2016-12-12,30.34211,-98.71894,0.2634945
TXS02,2016-12-14,30.34211,-98.71894,0.2758594
TXS02,2016-12-17,30.34211,-98.71894,0.2452661
TXS02,2016-12-20,30.34211,-98.71894,0.2266366
TXS02,2016-12-22,30.34211,-98.71894,0.2191419
TXS02,2016-12-25,30.34211,-98.71894,0.2177062
TXS02,2016-12-28,30.34211,-98.71894,0.2010356
TXS02,2016-12-30,30.34211,-98.71894,0.2235484
TXS02,2017-01-02,30.34211,-98.71894,0.2914117
TXS02,2017-01-05,30.34211,-98.71894,0.2142408
TXS02,2017-01-07,30.34211,-98.71894,0.1921999
TXS02,2017-01-10,30.34211,-98.71894,0.1930629
TXS02,2017-01-13,30.34211,-98.71894,0.182724
TXS02,2017-01-15,30.34211,-98.71894,0.2157729
TXS02,2017-01-18,30.34211,-98.71894,0.3057173
TXS02,2017-01-21,30.34211,-98.71894,0.2614932
TXS02,2017-01-23,30.34211,-98.71894,0.2545874
TXS02,2017-01-26,30.34211,-98.71894,0.211292
TXS02,2017-01-29,30.34211,-98.71894,0.1988444
TXS02,2017-01-31,30.34211,-98.71894,0.205256
TXS02,2017-02-03,30.34211,-98.71894,0.1790197
TXS02,2017-02-06,30.34211,-98.71894,0.1644554
TXS02,2017-02-08,30.34211,-98.71894,0.1901631
TXS02,2017-02-11,30.34211,-98.71894,0.1517804
TXS02,2017-02-14,30.34211,-98.71894,0.3967696
TXS02,2017-02-16,30.34211,-98.71894,0.2927986
TXS02,2017-02-19,30.34211,-98.71894,0.2318087
TXS02,2017-02-22,30.34211,-98.71894,0.2756475
TXS02,2017-02-24,30.34211,-98.71894,0.2610643
TXS02,2017-02-27,30.34211,-98.71894,0.1810542
TXS02,2017-03-02,30.34211,-98.71894,0.1964346
TXS02,2017-03-04,30.34211,-98.71894,0.185612
TXS02,2017-03-07,30.34211,-98.71894,0.234811
TXS02,2017-03-10,30.34211,-98.71894,0.2286802
TXS02,2017-03-12,30.34211,-98.71894,0.2578675
TXS02,2017-03-15,30.34211,-98.71894,0.2195922
TXS02,2017-03-18,30.34211,-98.71894,0.1850479
TXS02,2017-03-20,30.34211,-98.71894,0.1763165
TXS02,2017-03-23,30.34211,-98.71894,0.1614984
TXS02,2017-03-26,30.34211,-98.71894,0.1410134
TXS02,2017-03-28,30.34211,-98.71894,0.1336659
TXS02,2017-03-31,30.34211,-98.71894,0.1907881
TXS02,2017-04-03,30.34211,-98.71894,0.2804526
TXS02,2017-04-05,30.34211,-98.71894,0.2169027
TXS02,2017-04-08,30.34211,-98.71894,0.1723133
TXS02,2017-04-11,30.34211,-98.71894,0.234223
TXS02,2017-04-13,30.34211,-98.71894,0.225745
TXS02,2017-04-16,30.34211,-98.71894,0.1982407
TXS02,2017-04-19,30.34211,-98.71894,0.1773698
TXS02,2017-04-21,30.34211,-98.71894,0.1522768
TXS02,2017-04-24,30.34211,-98.71894,0.1364609
TXS02,2017-04-27,30.34211,-98.71894,0.1255027
TXS02,2017-04-29,30.34211,-98.71894,0.1239044
TXS02,2017-05-02,30.34211,-98.71894,0.1391881
TXS02,2017-05-05,30.34211,-98.71894,0.1143829
TXS02,2017-05-07,30.34211,-98.71894,0.1156957
TXS02,2017-05-10,30.34211,-98.71894,0.1414011
TXS02,2017-05-13,30.34211,-98.71894,0.1250813
TXS02,2017-05-15,30.34211,-98.71894,0.1203187
TXS02,2017-05-18,30.34211,-98.71894,0.1538658
TXS02,2017-05-21,30.34211,-98.71894,0.2163111
TXS02,2017-05-23,30.34211,-98.71894,0.2680533
TXS02,2017-05-26,30.34211,-98.71894,0.1672976
TXS02,2017-05-29,30.34211,-98.71894,0.2545103
TXS02,2017-05-31,30.34211,-98.71894,0.2215467
TXS02,2017-06-03,30.34211,-98.71894,0.1873538
TXS02,2017-06-06,30.34211,-98.71894,0.2311147
TXS02,2017-06-08,30.34211,-98.71894,0.1889653
TXS02,2017-06-09,30.34211,-98.71894,0.1587326
TXS02,2017-06-11,30.34211,-98.71894,0.143317
TXS02,2017-06-14,30.34211,-98.71894,0.1165294
TXS02,2017-06-16,30.34211,-98.71894,0.1162949
TXS02,2017-06-19,30.34211,-98.71894,0.1165565
TXS02,2017-06-22,30.34211,-98.71894,0.1263362
TXS02,2017-06-24,30.34211,-98.71894,0.1111192
TXS02,2017-06-27,30.34211,-98.71894,0.2929254
TXS02,2017-06-30,30.34211,-98.71894,0.1790124
TXS02,2017-07-02,30.34211,-98.71894,0.1992023
TXS02,2017-07-05,30.34211,-98.71894,0.1376593
TXS02,2017-07-08,30.34211,-98.71894,0.1109174
TXS02,2017-07-10,30.34211,-98.71894,0.1376037
TXS02,2017-07-13,30.34211,-98.71894,0.1007996
TXS02,2017-07-16,30.34211,-98.71894,0.140967
TXS02,2017-07-18,30.34211,-98.71894,0.1669567
TXS02,2017-07-21,30.34211,-98.71894,0.1137251
TXS02,2017-07-24,30.34211,-98.71894,0.2504956
TXS02,2017-07-26,30.34211,-98.71894,0.191347
TXS02,2017-07-29,30.34211,-98.71894,0.1249722
TXS02,2017-08-01,30.34211,-98.71894,0.1258728
TXS02,2017-08-03,30.34211,-98.71894,0.1846156
TXS02,2017-08-06,30.34211,-98.71894,0.1290777
TXS02,2017-08-09,30.34211,-98.71894,0.2585438
TXS02,2017-08-11,30.34211,-98.71894,0.2343196
TXS02,2017-08-14,30.34211,-98.71894,0.1587438
TXS02,2017-08-17,30.34211,-98.71894,0.1317116
TXS02,2017-08-19,30.34211,-98.71894,0.1205824
TXS02,2017-08-22,30.34211,-98.71894,0.1189231
TXS02,2017-08-25,30.34211,-98.71894,0.1347205
TXS02,2017-08-27,30.34211,-98.71894,0.2996338
TXS02,2017-08-30,30.34211,-98.71894,0.2160868
TXS02,2017-09-02,30.34211,-98.71894,0.1486648
TXS02,2017-09-04,30.34211,-98.71894,0.1330479
TXS02,2017-09-07,30.34211,-98.71894,0.1389659
TXS02,2017-09-10,30.34211,-98.71894,0.1126768
TXS02,2017-09-12,30.34211,-98.71894,0.1100289
TXS02,2017-09-15,30.34211,-98.71894,0.1030908
TXS02,2017-09-18,30.34211,-98.71894,0.0972347
TXS02,2017-09-20,30.34211,-98.71894,0.1042556
TXS02,2017-09-23,30.34211,-98.71894,0.1122061
TXS02,2017-09-26,30.34211,-98.71894,0.1803658
TXS02,2017-09-28,30.34211,-98.71894,0.2911642
TXS02,2017-10-01,30.34211,-98.71894,0.2753215
TXS02,2017-10-04,30.34211,-98.71894,0.2674071
TXS02,2017-10-06,30.34211,-98.71894,0.214085
TXS02,2017-10-09,30.34211,-98.71894,0.1874864
TXS02,2017-10-12,30.34211,-98.71894,0.1561326
TXS02,2017-10-14,30.34211,-98.71894,0.1456455
TXS02,2017-10-17,30.34211,-98.71894,0.1458074
TXS02,2017-10-20,30.34211,-98.71894,0.1232066
TXS02,2017-10-22,30.34211,-98.71894,0.2340347
TXS02,2017-10-25,30.34211,-98.71894,0.1700429
TXS02,2017-10-28,30.34211,-98.71894,0.1363046
TXS02,2017-10-30,30.34211,-98.71894,0.1368743
TXS02,2017-11-02,30.34211,-98.71894,0.1170496
TXS02,2017-11-05,30.34211,-98.71894,0.1198302
TXS02,2017-11-07,30.34211,-98.71894,0.1241172
TXS02,2017-11-10,30.34211,-98.71894,0.20505
TXS02,2017-11-13,30.34211,-98.71894,0.210974
TXS02,2017-11-15,30.34211,-98.71894,0.1798477
TXS02,2017-11-18,30.34211,-98.71894,0.1668126
TXS02,2017-11-21,30.34211,-98.71894,0.1388845
TXS02,2017-11-23,30.34211,-98.71894,0.1473577
TXS02,2017-11-26,30.34211,-98.71894,0.1327628
TXS02,2017-11-29,30.34211,-98.71894,0.1257215
TXS02,2017-12-01,30.34211,-98.71894,0.1297043
TXS02,2017-12-04,30.34211,-98.71894,0.1235057
TXS02,2017-12-07,30.34211,-98.71894,0.2973542
TXS02,2017-12-09,30.34211,-98.71894,0.2477199
TXS02,2017-12-12,30.34211,-98.71894,0.251682
TXS02,2017-12-15,30.34211,-98.71894,0.2166277
TXS02,2017-12-17,30.34211,-98.71894,0.2217154
TXS02,2017-12-20,30.34211,-98.71894,0.24842
TXS02,2017-12-23,30.34211,-98.71894,0.2401958
TXS02,2017-12-25,30.34211,-98.71894,0.2262528
TXS02,2017-12-28,30.34211,-98.71894,0.2269272
TXS02,2017-12-31,30.34211,-98.71894,0.2126103
TXS02,2018-01-02,30.34211,-98.71894,0.2043917
TXS02,2018-01-05,30.34211,-98.71894,0.2105842
TXS02,2018-01-08,30.34211,-98.71894,0.1986109
TXS02,2018-01-10,30.34211,-98.71894,0.1948045
TXS02,2018-01-13,30.34211,-98.71894,0.1791828
TXS02,2018-01-18,30.34211,-98.71894,0.1624177
TXS02,2018-01-24,30.34211,-98.71894,0.1672529
TXS02,2018-01-26,30.34211,-98.71894,0.1340361
TXS02,2018-01-29,30.34211,-98.71894,0.1878919
TXS02,2018-02-01,30.34211,-98.71894,0.1482792
TXS02,2018-02-03,30.34211,-98.71894,0.1339176
TXS02,2018-02-06,30.34211,-98.71894,0.1170243
TXS02,2018-02-09,30.34211,-98.71894,0.1746756
TXS02,2018-02-11,30.34211,-98.71894,0.1517211
TXS02,2018-02-14,30.34211,-98.71894,0.1271827
TXS02,2018-02-17,30.34211,-98.71894,0.1473088
TXS02,2018-02-19,30.34211,-98.71894,0.1510645
TXS02,2018-02-22,30.34211,-98.71894,0.3143467
TXS02,2018-02-25,30.34211,-98.71894,0.2706549
TXS02,2018-02-27,30.34211,-98.71894,0.2333428
TXS02,2018-03-02,30.34211,-98.71894,0.2704006
TXS02,2018-03-05,30.34211,-98.71894,0.2302586
TXS02,2018-03-07,30.34211,-98.71894,0.2321025
TXS02,2018-03-10,30.34211,-98.71894,0.166757
TXS02,2018-03-13,30.34211,-98.71894,0.1465906
TXS02,2018-03-15,30.34211,-98.71894,0.1384984
TXS02,2018-03-18,30.34211,-98.71894,0.1288729
TXS02,2018-03-21,30.34211,-98.71894,0.1276203
TXS02,2018-03-23,30.34211,-98.71894,0.1120858
TXS02,2018-03-26,30.34211,-98.71894,0.1267301
TXS02,2018-03-29,30.34211,-98.71894,0.288858
TXS02,2018-03-31,30.34211,-98.71894,0.2024862
TXS02,2018-04-03,30.34211,-98.71894,0.1742565
TXS02,2018-04-06,30.34211,-98.71894,0.1263973
TXS02,2018-04-08,30.34211,-98.71894,0.1373525
TXS02,2018-04-11,30.34211,-98.71894,0.1186951
TXS02,2018-04-14,30.34211,-98.71894,0.1721131
TXS02,2018-04-16,30.34211,-98.71894,0.1241765
TXS02,2018-04-19,30.34211,-98.71894,0.1204967
TXS02,2018-04-22,30.34211,-98.71894,0.1659206
TXS02,2018-04-24,30.34211,-98.71894,0.124234
TXS02,2018-04-27,30.34211,-98.71894,0.2036835
TXS02,2018-04-30,30.34211,-98.71894,0.1448223
TXS02,2018-05-02,30.34211,-98.71894,0.1259857
TXS02,2018-05-08,30.34211,-98.71894,0.2166168
TXS02,2018-05-10,30.34211,-98.71894,0.1679044
TXS02,2018-05-13,30.34211,-98.71894,0.127885
TXS02,2018-05-16,30.34211,-98.71894,0.3023317
TXS02,2018-05-18,30.34211,-98.71894,0.1860847
TXS02,2018-05-21,30.34211,-98.71894,0.2312869
TXS02,2018-05-24,30.34211,-98.71894,0.156955
TXS02,2018-05-26,30.34211,-98.71894,0.13665
TXS02,2018-06-01,30.34211,-98.71894,0.0998112
TXS02,2018-06-03,30.34211,-98.71894,0.1180811
TXS02,2018-06-06,30.34211,-98.71894,0.1516411
TXS02,2018-06-09,30.34211,-98.71894,0.1252126
TXS02,2018-06-11,30.34211,-98.71894,0.1208934
TXS02,2018-06-14,30.34211,-98.71894,0.1188903
TXS02,2018-06-17,30.34211,-98.71894,0.1022802
TXS02,2018-06-19,30.34211,-98.71894,0.1364203
TXS02,2018-06-22,30.34211,-98.71894,0.1347775
TXS02,2018-06-25,30.34211,-98.71894,0.0961113
TXS02,2018-06-28,30.34211,-98.71894,0.0963565
TXS02,2018-06-30,30.34211,-98.71894,0.1000557
TXS02,2018-07-03,30.34211,-98.71894,0.0971613
TXS02,2018-07-05,30.34211,-98.71894,0.2484919
TXS02,2018-07-06,30.34211,-98.71894,0.1922494
TXS02,2018-07-08,30.34211,-98.71894,0.2256235
TXS02,2018-07-11,30.34211,-98.71894,0.1673247
TXS02,2018-07-13,30.34211,-98.71894,0.1395344
TXS02,2018-07-14,30.34211,-98.71894,0.12201
TXS02,2018-07-16,30.34211,-98.71894,0.1073173
TXS02,2018-07-19,30.34211,-98.71894,0.1047436
TXS02,2018-07-21,30.34211,-98.71894,0.1125142
TXS02,2018-07-22,30.34211,-98.71894,0.0989143
TXS02,2018-07-24,30.34211,-98.71894,0.103737
TXS02,2018-07-27,30.34211,-98.71894,0.1132331
TXS02,2018-07-29,30.34211,-98.71894,0.1045657
TXS02,2018-08-01,30.34211,-98.71894,0.1443311
TXS02,2018-08-04,30.34211,-98.71894,0.0923918
TXS02,2018-08-06,30.34211,-98.71894,0.1110493
TXS02,2018-08-09,30.34211,-98.71894,0.1019062
TXS02,2018-08-12,30.34211,-98.71894,0.2282888
TXS02,2018-08-14,30.34211,-98.71894,0.2360048
TXS02,2018-08-17,30.34211,-98.71894,0.1667147
TXS02,2018-08-20,30.34211,-98.71894,0.1245567
TXS02,2018-08-22,30.34211,-98.71894,0.1369309
TXS02,2018-08-25,30.34211,-98.71894,0.1058917
TXS02,2018-08-28,30.34211,-98.71894,0.0991856
TXS02,2018-08-30,30.34211,-98.71894,0.1073781
TXS02,2018-09-02,30.34211,-98.71894,0.0993929
TXS02,2018-09-05,30.34211,-98.71894,0.2461533
TXS02,2018-09-07,30.34211,-98.71894,0.2669812
TXS02,2018-09-10,30.34211,-98.71894,0.2982355
TXS02,2018-09-13,30.34211,-98.71894,0.2738659
TXS02,2018-09-15,30.34211,-98.71894,0.3248808
TXS02,2018-09-18,30.34211,-98.71894,0.2961677
TXS02,2018-09-21,30.34211,-98.71894,0.2604739
TXS02,2018-09-23,30.34211,-98.71894,0.290194
TXS02,2018-09-26,30.34211,-98.71894,0.2296629
TXS02,2018-09-29,30.34211,-98.71894,0.1937562
TXS02,2018-10-01,30.34211,-98.71894,0.2153357
TXS02,2018-10-04,30.34211,-98.71894,0.1795733
TXS02,2018-10-07,30.34211,-98.71894,0.1532007
TXS02,2018-10-09,30.34211,-98.71894,0.2683007
TXS02,2018-10-12,30.34211,-98.71894,0.2313317
TXS02,2018-10-15,30.34211,-98.71894,0.4254007
TXS02,2018-10-17,30.34211,-98.71894,0.4016064
TXS02,2018-10-20,30.34211,-98.71894,0.3202469
TXS02,2018-10-23,30.34211,-98.71894,0.3206278
TXS02,2018-10-25,30.34211,-98.71894,0.3229467
TXS02,2018-10-28,30.34211,-98.71894,0.2951612
TXS02,2018-10-31,30.34211,-98.71894,0.2839324
TXS02,2018-11-02,30.34211,-98.71894,0.2864165
TXS02,2018-11-05,30.34211,-98.71894,0.2631043
TXS02,2018-11-08,30.34211,-98.71894,0.2352361
TXS02,2018-11-10,30.34211,-98.71894,0.2601935
TXS02,2018-11-13,30.34211,-98.71894,0.27692
TXS02,2018-11-16,30.34211,-98.71894,0.2731862
TXS02,2018-11-18,30.34211,-98.71894,0.2566707
TXS02,2018-11-21,30.34211,-98.71894,0.2383636
TXS02,2018-11-24,30.34211,-98.71894,0.2299231
TXS02,2018-11-26,30.34211,-98.71894,0.2227883
TXS02,2018-11-29,30.34211,-98.71894,0.1831868
TXS02,2018-12-02,30.34211,-98.71894,0.1968421
TXS02,2018-12-04,30.34211,-98.71894,0.1939862
TXS02,2018-12-07,30.34211,-98.71894,0.256957
TXS02,2018-12-10,30.34211,-98.71894,0.2813918
TXS02,2018-12-12,30.34211,-98.71894,0.2729418
TXS02,2018-12-15,30.34211,-98.71894,0.2630034
TXS02,2018-12-18,30.34211,-98.71894,0.2614336
TXS02,2018-12-20,30.34211,-98.71894,0.2746858
TXS02,2018-12-23,30.34211,-98.71894,0.2576042
TXS02,2018-12-26,30.34211,-98.71894,0.2429231
TXS02,2018-12-28,30.34211,-98.71894,0.3250252
TXS02,2018-12-31,30.34211,-98.71894,0.3115048
TXS02,2019-01-03,30.34211,-98.71894,0.3454084
TXS02,2019-01-05,30.34211,-98.71894,0.2883054
TXS02,2019-01-08,30.34211,-98.71894,0.3000012
TXS02,2019-01-11,30.34211,-98.71894,0.2775903
TXS02,2019-01-13,30.34211,-98.71894,0.2947701
TXS02,2019-01-16,30.34211,-98.71894,0.2868296
TXS02,2019-01-19,30.34211,-98.71894,0.2702726
TXS02,2019-01-21,30.34211,-98.71894,0.2633428
TXS02,2019-01-24,30.34211,-98.71894,0.2334514
TXS02,2019-01-27,30.34211,-98.71894,0.3051568
TXS02,2019-01-29,30.34211,-98.71894,0.2877131
TXS02,2019-02-01,30.34211,-98.71894,0.2356294
TXS02,2019-02-04,30.34211,-98.71894,0.2475798
TXS02,2019-02-06,30.34211,-98.71894,0.244704
TXS02,2019-02-09,30.34211,-98.71894,0.2498036
TXS02,2019-02-12,30.34211,-98.71894,0.2804964
TXS02,2019-02-14,30.34211,-98.71894,0.2466001
TXS02,2019-02-17,30.34211,-98.71894,0.2303774
TXS02,2019-02-20,30.34211,-98.71894,0.2084483
TXS02,2019-02-22,30.34211,-98.71894,0.2050201
TXS02,2019-02-25,30.34211,-98.71894,0.1958087
TXS02,2019-02-28,30.34211,-98.71894,0.1860642
TXS02,2019-03-02,30.34211,-98.71894,0.2282884
TXS02,2019-03-05,30.34211,-98.71894,0.2282502
TXS02,2019-03-08,30.34211,-98.71894,0.1837685
TXS02,2019-03-10,30.34211,-98.71894,0.1927793
TXS02,2019-03-13,30.34211,-98.71894,0.3318729
TXS02,2019-03-16,30.34211,-98.71894,0.2041399
TXS02,2019-03-18,30.34211,-98.71894,0.1895292
TXS02,2019-03-21,30.34211,-98.71894,0.1653885
TXS02,2019-03-24,30.34211,-98.71894,0.1392898
TXS02,2019-03-26,30.34211,-98.71894,0.1663826
TXS02,2019-03-29,30.34211,-98.71894,0.1292127
TXS02,2019-04-01,30.34211,-98.71894,0.1250584
TXS02,2019-04-03,30.34211,-98.71894,0.1197408
TXS02,2019-04-06,30.34211,-98.71894,0.1220554
TXS02,2019-04-09,30.34211,-98.71894,0.2282542
TXS02,2019-04-11,30.34211,-98.71894,0.1859939
TXS02,2019-04-14,30.34211,-98.71894,0.2212687
TXS02,2019-04-17,30.34211,-98.71894,0.1399
TXS02,2019-04-19,30.34211,-98.71894,0.2551204
TXS02,2019-04-22,30.34211,-98.71894,0.1597023
TXS02,2019-04-25,30.34211,-98.71894,0.2810947
TXS02,2019-04-27,30.34211,-98.71894,0.2316518
TXS02,2019-04-30,30.34211,-98.71894,0.1555682
TXS02,2019-05-03,30.34211,-98.71894,0.3244996
TXS02,2019-05-08,30.34211,-98.71894,0.284859
TXS02,2019-05-11,30.34211,-98.71894,0.2981057
TXS02,2019-05-13,30.34211,-98.71894,0.2537563
TXS02,2019-05-16,30.34211,-98.71894,0.2180509
TXS02,2019-05-21,30.34211,-98.71894,0.2428823
TXS02,2019-05-24,30.34211,-98.71894,0.151025
TXS02,2019-05-27,30.34211,-98.71894,0.1385581
TXS02,2019-05-29,30.34211,-98.71894,0.1293475
TXS02,2019-06-01,30.34211,-98.71894,0.19044
TXS02,2019-06-04,30.34211,-98.71894,0.1435075
TXS02,2019-06-06,30.34211,-98.71894,0.2631546
TXS02,2019-06-09,30.34211,-98.71894,0.156262
TXS02,2019-06-12,30.34211,-98.71894,0.2219671
TXS02,2019-06-14,30.34211,-98.71894,0.1963815
TXS02,2019-06-17,30.34211,-98.71894,0.2984274
TXS02,2019-07-24,30.34211,-98.71894,0.1238117
TXS02,2019-07-27,30.34211,-98.71894,0.0939112
TXS02,2019-08-01,30.34211,-98.71894,0.1011586
TXS02,2019-08-04,30.34211,-98.71894,0.1320967
TXS02,2019-08-07,30.34211,-98.71894,0.0992346
TXS02,2019-08-09,30.34211,-98.71894,0.1113054
TXS02,2019-08-12,30.34211,-98.71894,0.0948345
TXS02,2019-08-15,30.34211,-98.71894,0.151906
TXS02,2019-08-17,30.34211,-98.71894,0.1255234
TXS02,2019-08-20,30.34211,-98.71894,0.106146
TXS02,2019-08-23,30.34211,-98.71894,0.0992709
TXS02,2019-08-25,30.34211,-98.71894,0.1626524
TXS02,2019-08-28,30.34211,-98.71894,0.1196421
TXS02,2019-08-31,30.34211,-98.71894,0.1289068
TXS02,2019-09-02,30.34211,-98.71894,0.1648362
TXS02,2019-09-05,30.34211,-98.71894,0.1246872
TXS02,2019-09-08,30.34211,-98.71894,0.1065828
TXS02,2019-09-10,30.34211,-98.71894,0.1000366
TXS02,2019-09-13,30.34211,-98.71894,0.1512841
TXS02,2019-09-16,30.34211,-98.71894,0.1142453
TXS02,2019-09-18,30.34211,-98.71894,0.1231647
TXS02,2019-09-21,30.34211,-98.71894,0.1412151
TXS02,2019-09-24,30.34211,-98.71894,0.1088906
TXS02,2019-09-26,30.34211,-98.71894,0.1192971
TXS02,2019-09-29,30.34211,-98.71894,0.1517067
TXS02,2019-10-02,30.34211,-98.71894,0.1115756
TXS02,2019-10-04,30.34211,-98.71894,0.124188
TXS02,2019-10-07,30.34211,-98.71894,0.1712382
TXS02,2019-10-10,30.34211,-98.71894,0.1234551
TXS02,2019-10-12,30.34211,-98.71894,0.2150676
TXS02,2019-10-15,30.34211,-98.71894,0.173726
TXS02,2019-10-18,30.34211,-98.71894,0.1688199
TXS02,2019-10-20,30.34211,-98.71894,0.1397482
TXS02,2019-10-23,30.34211,-98.71894,0.2306439
TXS02,2019-10-26,30.34211,-98.71894,0.248267
TXS02,2019-10-28,30.34211,-98.71894,0.2105504
TXS02,2019-10-31,30.34211,-98.71894,0.2872765
TXS02,2019-11-03,30.34211,-98.71894,0.2298384
TXS02,2019-11-05,30.34211,-98.71894,0.1954695
TXS02,2019-11-06,30.34211,-98.71894,0.1933632
TXS02,2019-11-08,30.34211,-98.71894,0.3297798
TXS02,2019-11-11,30.34211,-98.71894,0.216973
TXS02,2019-11-13,30.34211,-98.71894,0.250976
TXS02,2019-11-16,30.34211,-98.71894,0.2466433
TXS02,2019-11-19,30.34211,-98.71894,0.2175912
TXS02,2019-11-21,30.34211,-98.71894,0.2142904
TXS02,2019-11-24,30.34211,-98.71894,0.2100345
TXS02,2019-11-27,30.34211,-98.71894,0.1900287
TXS02,2019-11-29,30.34211,-98.71894,0.1526461
TXS02,2019-12-02,30.34211,-98.71894,0.1812836
TXS02,2019-12-05,30.34211,-98.71894,0.1525069
TXS02,2019-12-07,30.34211,-98.71894,0.1648624
TXS02,2019-12-10,30.34211,-98.71894,0.2168316
TXS02,2019-12-13,30.34211,-98.71894,0.1975665
TXS02,2019-12-15,30.34211,-98.71894,0.1924027
TXS02,2019-12-18,30.34211,-98.71894,0.1678745
TXS02,2019-12-21,30.34211,-98.71894,0.161585
TXS02,2019-12-23,30.34211,-98.71894,0.1675504
TXS02,2019-12-26,30.34211,-98.71894,0.1406627
TXS02,2019-12-29,30.34211,-98.71894,0.1721063
TXS02,2019-12-31,30.34211,-98.71894,0.1588266
TXS02,2020-01-03,30.34211,-98.71894,0.1532124
TXS02,2020-01-06,30.34211,-98.71894,0.1376647
TXS02,2020-01-08,30.34211,-98.71894,0.1419986
TXS02,2020-01-11,30.34211,-98.71894,0.3026484
TXS02,2020-01-14,30.34211,-98.71894,0.2258128
TXS02,2020-01-16,30.34211,-98.71894,0.2045123
TXS02,2020-01-19,30.34211,-98.71894,0.2971078
TXS02,2020-01-22,30.34211,-98.71894,0.3129919
TXS02,2020-01-24,30.34211,-98.71894,0.2831473
TXS02,2020-01-27,30.34211,-98.71894,0.2474148
TXS02,2020-01-30,30.34211,-98.71894,0.2517332
TXS02,2020-02-04,30.34211,-98.71894,0.212319
TXS02,2020-02-07,30.34211,-98.71894,0.1982584
TXS02,2020-02-09,30.34211,-98.71894,0.1693959
TXS02,2020-02-12,30.34211,-98.71894,0.3323498
TXS02,2020-02-15,30.34211,-98.71894,0.2444375
TXS02,2020-02-17,30.34211,-98.71894,0.2290283
TXS02,2020-02-20,30.34211,-98.71894,0.3162042
TXS02,2020-02-23,30.34211,-98.71894,0.2492933
TXS02,2020-02-25,30.34211,-98.71894,0.2290368
TXS02,2020-02-28,30.34211,-98.71894,0.2268092
TXS02,2020-03-02,30.34211,-98.71894,0.1607706
TXS02,2020-03-04,30.34211,-98.71894,0.3111052
TXS02,2020-03-07,30.34211,-98.71894,0.2571531
TXS02,2020-03-10,30.34211,-98.71894,0.2475154
TXS02,2020-03-12,30.34211,-98.71894,0.2097856
TXS02,2020-03-15,30.34211,-98.71894,0.1828197
TXS02,2020-03-18,30.34211,-98.71894,0.2539563
TXS02,2020-03-20,30.34211,-98.71894,0.3512978
TXS02,2020-03-23,30.34211,-98.71894,0.2923048
TXS02,2020-03-26,30.34211,-98.71894,0.2226907
TXS02,2020-03-28,30.34211,-98.71894,0.2488214
TXS02,2020-03-31,30.34211,-98.71894,0.2057328
TXS02,2020-04-03,30.34211,-98.71894,0.2356883
TXS02,2020-04-05,30.34211,-98.71894,0.3496828
TXS02,2020-04-08,30.34211,-98.71894,0.2349172
TXS02,2020-04-11,30.34211,-98.71894,0.2440501
TXS02,2020-04-13,30.34211,-98.71894,0.2691211
TXS02,2020-04-16,30.34211,-98.71894,0.2221717
TXS02,2020-04-19,30.34211,-98.71894,0.1682218
TXS02,2020-04-21,30.34211,-98.71894,0.1820799
TXS02,2020-04-24,30.34211,-98.71894,0.1632257
TXS02,2020-04-27,30.34211,-98.71894,0.1243817
TXS02,2020-04-29,30.34211,-98.71894,0.1441036
TXS02,2020-05-02,30.34211,-98.71894,0.1168354
TXS02,2020-05-05,30.34211,-98.71894,0.1144843
TXS02,2020-05-07,30.34211,-98.71894,0.1183976
TXS02,2020-05-10,30.34211,-98.71894,0.1194916
TXS02,2020-05-13,30.34211,-98.71894,0.24681
TXS02,2020-05-15,30.34211,-98.71894,0.2332974
TXS02,2020-05-18,30.34211,-98.71894,0.2507083
TXS02,2020-05-21,30.34211,-98.71894,0.197873
TXS02,2020-05-23,30.34211,-98.71894,0.1550557
TXS02,2020-05-29,30.34211,-98.71894,0.2875881
TXS02,2020-05-31,30.34211,-98.71894,0.2243139
TXS02,2020-06-06,30.34211,-98.71894,0.1837007
TXS02,2020-06-08,30.34211,-98.71894,0.1645469
TXS02,2020-06-11,30.34211,-98.71894,0.1480767
TXS02,2020-06-14,30.34211,-98.71894,0.1375946
TXS02,2020-06-16,30.34211,-98.71894,0.1187518
TXS02,2020-06-19,30.34211,-98.71894,0.1215521
TXS02,2020-06-22,30.34211,-98.71894,0.1093479
TXS02,2020-06-24,30.34211,-98.71894,0.2035825
TXS02,2020-06-27,30.34211,-98.71894,0.1458962
TXS02,2020-06-30,30.34211,-98.71894,0.1480159
TXS02,2020-07-02,30.34211,-98.71894,0.1441565
TXS02,2020-07-05,30.34211,-98.71894,0.1188568
TXS02,2020-07-08,30.34211,-98.71894,0.1436305
TXS02,2020-07-10,30.34211,-98.71894,0.120782
TXS02,2020-07-13,30.34211,-98.71894,0.1149396
TXS02,2020-07-16,30.34211,-98.71894,0.1011588
TXS02,2020-07-18,30.34211,-98.71894,0.1159541
TXS02,2020-07-21,30.34211,-98.71894,0.1105821
TXS02,2020-07-24,30.34211,-98.71894,0.094829
TXS02,2020-07-26,30.34211,-98.71894,0.118695
TXS02,2020-07-29,30.34211,-98.71894,0.1582459
TXS02,2020-08-01,30.34211,-98.71894,0.1675311
TXS02,2020-08-03,30.34211,-98.71894,0.1464366
TXS02,2020-08-06,30.34211,-98.71894,0.1265759
TXS02,2020-08-09,30.34211,-98.71894,0.109011
TXS02,2020-08-11,30.34211,-98.71894,0.1046263
TXS02,2020-08-14,30.34211,-98.71894,0.0969893
TXS02,2020-08-17,30.34211,-98.71894,0.1217227
TXS02,2020-08-19,30.34211,-98.71894,0.1171857
TXS02,2020-08-22,30.34211,-98.71894,0.1826891
TXS02,2020-08-25,30.34211,-98.71894,0.1376701
TXS02,2020-08-27,30.34211,-98.71894,0.1274868
TXS02,2020-08-30,30.34211,-98.71894,0.1024926
TXS02,2020-09-02,30.34211,-98.71894,0.1385432
TXS02,2020-09-04,30.34211,-98.71894,0.2273336
TXS02,2020-09-07,30.34211,-98.71894,0.2393259
TXS02,2020-09-10,30.34211,-98.71894,0.3443655
TXS02,2020-09-12,30.34211,-98.71894,0.2971218
TXS02,2020-09-15,30.34211,-98.71894,0.2303561
TXS02,2020-09-18,30.34211,-98.71894,0.2347679
TXS02,2020-09-20,30.34211,-98.71894,0.2053963
TXS02,2020-09-23,30.34211,-98.71894,0.1872664
TXS02,2020-09-26,30.34211,-98.71894,0.1578721
TXS02,2020-09-28,30.34211,-98.71894,0.1678745
TXS02,2020-10-01,30.34211,-98.71894,0.133474
TXS02,2020-10-04,30.34211,-98.71894,0.1274993
TXS02,2020-10-09,30.34211,-98.71894,0.1167469
TXS02,2020-10-12,30.34211,-98.71894,0.1211181
TXS02,2020-10-14,30.34211,-98.71894,0.1172175
TXS02,2020-10-17,30.34211,-98.71894,0.11801
TXS02,2020-10-20,30.34211,-98.71894,0.1177601
TXS02,2020-10-22,30.34211,-98.71894,0.1286256
TXS02,2020-10-25,30.34211,-98.71894,0.1311283
TXS02,2020-10-28,30.34211,-98.71894,0.2597959
TXS02,2020-10-30,30.34211,-98.71894,0.1844476
TXS02,2020-11-02,30.34211,-98.71894,0.160775
TXS02,2020-11-05,30.34211,-98.71894,0.1144565
TXS02,2020-11-07,30.34211,-98.71894,0.1235844
TXS02,2020-11-10,30.34211,-98.71894,0.1080111
TXS02,2020-11-15,30.34211,-98.71894,0.1413122
TXS02,2020-11-18,30.34211,-98.71894,0.1206273
TXS02,2020-11-21,30.34211,-98.71894,0.1095026
TXS02,2020-11-23,30.34211,-98.71894,0.1246501
TXS02,2020-11-26,30.34211,-98.71894,0.1257114
TXS02,2020-11-29,30.34211,-98.71894,0.2509443
TXS02,2020-12-01,30.34211,-98.71894,0.216055
TXS02,2020-12-04,30.34211,-98.71894,0.1878185
TXS02,2020-12-07,30.34211,-98.71894,0.185979
TXS02,2020-12-09,30.34211,-98.71894,0.1730932
TXS02,2020-12-12,30.34211,-98.71894,0.1623609
TXS02,2020-12-15,30.34211,-98.71894,0.1389709
TXS02,2020-12-17,30.34211,-98.71894,0.1469842
TXS02,2020-12-18,30.34211,-98.71894,0.144307
TXS02,2020-12-20,30.34211,-98.71894,0.2513185
TXS02,2020-12-23,30.34211,-98.71894,0.1744916
TXS02,2020-12-25,30.34211,-98.71894,0.2139414
TXS02,2020-12-28,30.34211,-98.71894,0.1435944
TXS02,2020-12-31,30.34211,-98.71894,0.369464
TXS02,2021-01-02,30.34211,-98.71894,0.2422684
TXS02,2021-01-05,30.34211,-98.71894,0.2549891
TXS02,2021-01-08,30.34211,-98.71894,0.2365155
TXS02,2021-01-10,30.34211,-98.71894,0.3407854
TXS02,2021-01-13,30.34211,-98.71894,0.2449457
TXS02,2021-01-16,30.34211,-98.71894,0.2260599
TXS02,2021-01-18,30.34211,-98.71894,0.2192201
TXS02,2021-01-21,30.34211,-98.71894,0.2606162
TXS02,2021-01-24,30.34211,-98.71894,0.2272056
TXS02,2021-01-26,30.34211,-98.71894,0.2387419
TXS02,2021-01-29,30.34211,-98.71894,0.2089322
TXS02,2021-02-01,30.34211,-98.71894,0.2086816
TXS02,2021-02-03,30.34211,-98.71894,0.1665187
TXS02,2021-02-06,30.34211,-98.71894,0.1691619
TXS02,2021-02-09,30.34211,-98.71894,0.1302054
TXS02,2021-02-11,30.34211,-98.71894,0.2115275
TXS02,2021-02-14,30.34211,-98.71894,0.2576274
TXS02,2021-02-22,30.34211,-98.71894,0.2594787
TXS02,2021-02-25,30.34211,-98.71894,0.2359315
TXS02,2021-02-27,30.34211,-98.71894,0.2332311
TXS02,2021-03-02,30.34211,-98.71894,0.2425294
TXS02,2021-03-05,30.34211,-98.71894,0.210473
TXS02,2021-03-07,30.34211,-98.71894,0.2081826
TXS02,2021-03-08,30.34211,-98.71894,0.1949636
TXS02,2021-03-10,30.34211,-98.71894,0.1658074
TXS02,2021-03-13,30.34211,-98.71894,0.1366006
TXS02,2021-03-15,30.34211,-98.71894,0.1642411
TXS02,2021-03-18,30.34211,-98.71894,0.1853209
TXS02,2021-03-21,30.34211,-98.71894,0.1307846
TXS02,2021-03-23,30.34211,-98.71894,0.286622
TXS02,2021-03-26,30.34211,-98.71894,0.2941482
TXS02,2021-03-29,30.34211,-98.71894,0.2034169
TXS02,2021-03-31,30.34211,-98.71894,0.1700452
TXS02,2021-04-03,30.34211,-98.71894,0.1829616
TXS02,2021-04-06,30.34211,-98.71894,0.1751149
TXS02,2021-04-08,30.34211,-98.71894,0.1502081
TXS02,2021-04-11,30.34211,-98.71894,0.1361618
TXS02,2021-04-14,30.34211,-98.71894,0.1178455
TXS02,2021-04-16,30.34211,-98.71894,0.257513
TXS02,2021-04-19,30.34211,-98.71894,0.1427185
TXS02,2021-04-22,30.34211,-98.71894,0.1282373
TXS02,2021-04-24,30.34211,-98.71894,0.1588657
TXS02,2021-04-27,30.34211,-98.71894,0.1194638
TXS02,2021-04-30,30.34211,-98.71894,0.3045232
TXS02,2021-05-02,30.34211,-98.71894,0.3803126
TXS02,2021-05-05,30.34211,-98.71894,0.2499059
TXS02,2021-05-08,30.34211,-98.71894,0.1763077
TXS02,2021-05-10,30.34211,-98.71894,0.2283151
TXS02,2021-05-13,30.34211,-98.71894,0.2344912
TXS02,2021-05-16,30.34211,-98.71894,0.1888381
TXS02,2021-05-18,30.34211,-98.71894,0.2215858
TXS02,2021-05-21,30.34211,-98.71894,0.2000375
TXS02,2021-05-24,30.34211,-98.71894,0.2823067
TXS02,2021-05-26,30.34211,-98.71894,0.2375194
TXS02,2021-05-29,30.34211,-98.71894,0.3253604
TXS02,2021-06-01,30.34211,-98.71894,0.3074852
TXS02,2021-06-03,30.34211,-98.71894,0.3331635
TXS02,2021-06-06,30.34211,-98.71894,0.2764657
TXS02,2021-06-09,30.34211,-98.71894,0.2367921
TXS02,2021-06-11,30.34211,-98.71894,0.2183668
TXS02,2021-06-14,30.34211,-98.71894,0.1554527
TXS02,2021-06-17,30.34211,-98.71894,0.138361
TXS02,2021-06-19,30.34211,-98.71894,0.1177478
TXS02,2021-06-22,30.34211,-98.71894,0.27489
TXS02,2021-06-25,30.34211,-98.71894,0.1699157
TXS02,2021-06-27,30.34211,-98.71894,0.1430361
TXS02,2021-06-30,30.34211,-98.71894,0.1862355
TXS02,2021-07-03,30.34211,-98.71894,0.1328034
TXS02,2021-07-05,30.34211,-98.71894,0.2174823
TXS02,2021-07-08,30.34211,-98.71894,0.2416585
TXS02,2021-07-11,30.34211,-98.71894,0.2494822
TXS02,2021-07-13,30.34211,-98.71894,0.2406239
TXS02,2021-07-16,30.34211,-98.71894,0.1723034
TXS02,2021-07-19,30.34211,-98.71894,0.128025
TXS02,2021-07-21,30.34211,-98.71894,0.1949546
TXS02,2021-07-24,30.34211,-98.71894,0.1592773
TXS02,2021-07-27,30.34211,-98.71894,0.1143959
TXS02,2021-07-29,30.34211,-98.71894,0.1256408
TXS02,2021-08-01,30.34211,-98.71894,0.11474
TXS02,2021-08-04,30.34211,-98.71894,0.1891364
TXS02,2021-08-06,30.34211,-98.71894,0.1683652
TXS02,2021-08-09,30.34211,-98.71894,0.1169127
TXS02,2021-08-12,30.34211,-98.71894,0.0999508
TXS02,2021-08-14,30.34211,-98.71894,0.1124444
TXS02,2021-08-17,30.34211,-98.71894,0.1767988
TXS02,2021-08-20,30.34211,-98.71894,0.1527742
TXS02,2021-08-22,30.34211,-98.71894,0.1283726
TXS02,2021-08-25,30.34211,-98.71894,0.1048056
TXS02,2021-08-28,30.34211,-98.71894,0.1293397
TXS02,2021-08-30,30.34211,-98.71894,0.1361031
TXS02,2021-08-31,30.34211,-98.71894,0.1724619
TXS02,2021-09-02,30.34211,-98.71894,0.1357916
TXS02,2021-09-05,30.34211,-98.71894,0.1169183
TXS02,2021-09-07,30.34211,-98.71894,0.1765227
TXS02,2021-09-08,30.34211,-98.71894,0.1480352
TXS02,2021-09-10,30.34211,-98.71894,0.1491749
TXS02,2021-09-13,30.34211,-98.71894,0.1037058
TXS02,2021-09-15,30.34211,-98.71894,0.109863
TXS02,2021-09-18,30.34211,-98.71894,0.1165699
TXS02,2021-09-21,30.34211,-98.71894,0.0930499
TXS02,2021-09-23,30.34211,-98.71894,0.1294487
TXS02,2021-09-26,30.34211,-98.71894,0.1184593
TXS02,2021-09-29,30.34211,-98.71894,0.3062433
TXS02,2021-10-01,30.34211,-98.71894,0.3521665
TXS02,2021-10-04,30.34211,-98.71894,0.2506911
TXS02,2021-10-07,30.34211,-98.71894,0.2034667
TXS02,2021-10-09,30.34211,-98.71894,0.1594649
TXS02,2021-10-12,30.34211,-98.71894,0.2182908
TXS02,2021-10-15,30.34211,-98.71894,0.2730836
TXS02,2021-10-17,30.34211,-98.71894,0.2645535
TXS02,2021-10-20,30.34211,-98.71894,0.1825256
TXS02,2021-10-23,30.34211,-98.71894,0.1886197
TXS02,2021-10-25,30.34211,-98.71894,0.1579868
TXS02,2021-10-28,30.34211,-98.71894,0.2793126
TXS02,2021-10-31,30.34211,-98.71894,0.2000117
TXS02,2021-11-02,30.34211,-98.71894,0.1649447
TXS02,2021-11-05,30.34211,-98.71894,0.2743767
TXS02,2021-11-08,30.34211,-98.71894,0.2403306
TXS02,2021-11-10,30.34211,-98.71894,0.2140803
TXS02,2021-11-13,30.34211,-98.71894,0.2119271
TXS02,2021-11-16,30.34211,-98.71894,0.1638879
TXS02,2021-11-18,30.34211,-98.71894,0.1888504
TXS02,2021-11-21,30.34211,-98.71894,0.1389628
TXS02,2021-11-24,30.34211,-98.71894,0.1406853
TXS02,2021-11-26,30.34211,-98.71894,0.1602207
TXS02,2021-11-29,30.34211,-98.71894,0.215895
TXS02,2021-12-02,30.34211,-98.71894,0.1803982
TXS02,2021-12-04,30.34211,-98.71894,0.16886
TXS02,2021-12-07,30.34211,-98.71894,0.1766115
TXS02,2021-12-10,30.34211,-98.71894,0.1369637
TXS02,2021-12-12,30.34211,-98.71894,0.2158571
TXS02,2021-12-15,30.34211,-98.71894,0.1389957
TXS02,2021-12-18,30.34211,-98.71894,0.1716807
TXS02,2021-12-20,30.34211,-98.71894,0.1858899
TXS02,2021-12-23,30.34211,-98.71894,0.1612375
TXS02,2021-12-26,30.34211,-98.71894,0.1511335
TXS02,2021-12-28,30.34211,-98.71894,0.1598411
TXS02,2021-12-31,30.34211,-98.71894,0.1293198
TXS02,2022-01-03,30.34211,-98.71894,0.1292659
TXS02,2022-01-05,30.34211,-98.71894,0.1265882
TXS02,2022-01-08,30.34211,-98.71894,0.096625
TXS02,2022-01-11,30.34211,-98.71894,0.1271355
TXS02,2022-01-13,30.34211,-98.71894,0.1643399
TXS02,2022-01-16,30.34211,-98.71894,0.1500869
TXS02,2022-01-19,30.34211,-98.71894,0.1266876
TXS02,2022-01-21,30.34211,-98.71894,0.1312995
TXS02,2022-01-24,30.34211,-98.71894,0.1225881
TXS02,2022-01-27,30.34211,-98.71894,0.1461861
TXS02,2022-02-01,30.34211,-98.71894,0.223196
TXS02,2022-02-04,30.34211,-98.71894,0.179086
TXS02,2022-02-09,30.34211,-98.71894,0.2227457
TXS02,2022-02-12,30.34211,-98.71894,0.2139747
TXS02,2022-02-14,30.34211,-98.71894,0.2056838
TXS02,2022-02-17,30.34211,-98.71894,0.1614415
TXS02,2022-02-20,30.34211,-98.71894,0.1543595
TXS02,2022-02-25,30.34211,-98.71894,0.1220819
TXS02,2022-02-28,30.34211,-98.71894,0.1524301
TXS02,2022-03-02,30.34211,-98.71894,0.1479591
TXS02,2022-03-05,30.34211,-98.71894,0.1250832
TXS02,2022-03-08,30.34211,-98.71894,0.1238322
TXS02,2022-03-10,30.34211,-98.71894,0.1294581
TXS02,2022-03-16,30.34211,-98.71894,0.1114812
TXS02,2022-03-18,30.34211,-98.71894,0.1317739
TXS02,2022-03-21,30.34211,-98.71894,0.1130097
TXS02,2022-03-24,30.34211,-98.71894,0.1274264
TXS02,2022-03-26,30.34211,-98.71894,0.13011
TXS02,2022-03-29,30.34211,-98.71894,0.1073776
TXS02,2022-04-01,30.34211,-98.71894,0.1444719
TXS02,2022-04-03,30.34211,-98.71894,0.1349322
TXS02,2022-04-06,30.34211,-98.71894,0.1232401
TXS02,2022-04-09,30.34211,-98.71894,0.0975235
TXS02,2022-04-11,30.34211,-98.71894,0.1131499
TXS02,2022-04-14,30.34211,-98.71894,0.1247356
TXS02,2022-04-17,30.34211,-98.71894,0.1179745
TXS02,2022-04-19,30.34211,-98.71894,0.1660344
TXS02,2022-04-22,30.34211,-98.71894,0.1471856
TXS02,2022-04-25,30.34211,-98.71894,0.1437301
TXS02,2022-04-27,30.34211,-98.71894,0.2010989
TXS02,2022-04-30,30.34211,-98.71894,0.156883
TXS02,2022-05-03,30.34211,-98.71894,0.1315318
TXS02,2022-05-05,30.34211,-98.71894,0.1393769
TXS02,2022-05-08,30.34211,-98.71894,0.1643781
TXS02,2022-05-11,30.34211,-98.71894,0.1142119
TXS02,2022-05-13,30.34211,-98.71894,0.1160185
TXS02,2022-05-16,30.34211,-98.71894,0.1108922
TXS02,2022-05-19,30.34211,-98.71894,0.1019056
TXS02,2022-05-21,30.34211,-98.71894,0.1149618
TXS02,2022-05-24,30.34211,-98.71894,0.1003739
TXS02,2022-05-27,30.34211,-98.71894,0.1941496
TXS02,2022-05-29,30.34211,-98.71894,0.1535814
TXS02,2022-06-01,30.34211,-98.71894,0.1252372
TXS02,2022-06-04,30.34211,-98.71894,0.3306718
TXS02,2022-06-06,30.34211,-98.71894,0.1718563
TXS02,2022-06-09,30.34211,-98.71894,0.1180972
TXS02,2022-06-12,30.34211,-98.71894,0.1059816
TXS02,2022-06-14,30.34211,-98.71894,0.111758
TXS02,2022-06-17,30.34211,-98.71894,0.1076677
TXS02,2022-06-20,30.34211,-98.71894,0.0981306
TXS02,2022-06-22,30.34211,-98.71894,0.106912
TXS02,2022-06-25,30.34211,-98.71894,0.1109032
TXS02,2022-06-28,30.34211,-98.71894,0.2151979
TXS02,2022-06-30,30.34211,-98.71894,0.1493421
TXS02,2022-07-03,30.34211,-98.71894,0.1244063
TXS02,2022-07-06,30.34211,-98.71894,0.1065635
TXS02,2022-07-08,30.34211,-98.71894,0.114128
TXS02,2022-07-11,30.34211,-98.71894,0.1385698
TXS02,2022-07-14,30.34211,-98.71894,0.1462026
TXS02,2022-07-16,30.34211,-98.71894,0.2319739
TXS02,2022-07-19,30.34211,-98.71894,0.1457274
TXS02,2022-07-22,30.34211,-98.71894,0.11086
TXS02,2022-07-24,30.34211,-98.71894,0.1167917
TXS02,2022-07-27,30.34211,-98.71894,0.1136656
TXS02,2022-07-30,30.34211,-98.71894,0.1133098
TXS02,2022-08-01,30.34211,-98.71894,0.1135085
TXS02,2022-08-04,30.34211,-98.71894,0.108996
TXS02,2022-09-24,30.34211,-98.71894,0.1184021
TXS02,2022-09-27,30.34211,-98.71894,0.1346954
TXS02,2022-09-29,30.34211,-98.71894,0.121279
TXS02,2022-10-02,30.34211,-98.71894,0.1150088
TXS02,2022-10-05,30.34211,-98.71894,0.1087869
TXS02,2022-10-07,30.34211,-98.71894,0.1083497
TXS02,2022-10-10,30.34211,-98.71894,0.107233
TXS02,2022-10-13,30.34211,-98.71894,0.1063133
TXS02,2022-10-15,30.34211,-98.71894,0.1111166
TXS02,2022-10-18,30.34211,-98.71894,0.1864417
TXS02,2022-10-21,30.34211,-98.71894,0.1258883
TXS02,2022-10-23,30.34211,-98.71894,0.1195634
TXS02,2022-10-26,30.34211,-98.71894,0.1770661
TXS02,2022-10-29,30.34211,-98.71894,0.2467915
TXS02,2022-10-31,30.34211,-98.71894,0.1989189
TXS02,2022-11-03,30.34211,-98.71894,0.1551447
TXS02,2022-11-06,30.34211,-98.71894,0.1523736
TXS02,2022-11-08,30.34211,-98.71894,0.181406
TXS02,2022-11-11,30.34211,-98.71894,0.1642559
TXS02,2022-11-14,30.34211,-98.71894,0.2268785
TXS02,2022-11-19,30.34211,-98.71894,0.1772568
TXS02,2022-11-22,30.34211,-98.71894,0.2470082
TXS02,2022-11-24,30.34211,-98.71894,0.2703407
TXS02,2022-11-27,30.34211,-98.71894,0.2841325
TXS02,2022-11-30,30.34211,-98.71894,0.2633065
TXS02,2022-12-02,30.34211,-98.71894,0.2368522
TXS02,2022-12-05,30.34211,-98.71894,0.2147435
TXS02,2022-12-08,30.34211,-98.71894,0.2249852
TXS02,2022-12-10,30.34211,-98.71894,0.2200656
TXS02,2022-12-13,30.34211,-98.71894,0.2167117
TXS02,2022-12-16,30.34211,-98.71894,0.1921279
TXS02,2022-12-18,30.34211,-98.71894,0.1931234
TXS02,2022-12-21,30.34211,-98.71894,0.234281
TXS02,2022-12-24,30.34211,-98.71894,0.1682558
TXS02,2022-12-26,30.34211,-98.71894,0.1820129
TXS02,2022-12-29,30.34211,-98.71894,0.1649952
TXS02,2023-01-01,30.34211,-98.71894,0.1835474
TXS02,2023-01-03,30.34211,-98.71894,0.1906076
TXS02,2023-01-06,30.34211,-98.71894,0.1546744
TXS02,2023-01-09,30.34211,-98.71894,0.1497938
TXS02,2023-01-11,30.34211,-98.71894,0.1462151
TXS02,2023-01-14,30.34211,-98.71894,0.1362893
TXS02,2023-01-17,30.34211,-98.71894,0.1330047
TXS02,2023-01-19,30.34211,-98.71894,0.1403714
TXS02,2023-01-22,30.34211,-98.71894,0.1330012
TXS02,2023-01-25,30.34211,-98.71894,0.2668576
TXS02,2023-01-27,30.34211,-98.71894,0.2192595
TXS02,2023-01-30,30.34211,-98.71894,0.2287776
TXS02,2023-02-02,30.34211,-98.71894,0.2898557
TXS02,2023-02-04,30.34211,-98.71894,0.2283717
TXS02,2023-02-07,30.34211,-98.71894,0.2227601
TXS02,2023-02-10,30.34211,-98.71894,0.2483521
TXS02,2023-02-12,30.34211,-98.71894,0.2461497
TXS02,2023-02-15,30.34211,-98.71894,0.2000464
TXS02,2023-02-18,30.34211,-98.71894,0.1854276
TXS02,2023-02-20,30.34211,-98.71894,0.1637328
TXS02,2023-02-23,30.34211,-98.71894,0.1695426
TXS02,2023-02-26,30.34211,-98.71894,0.128943
TXS02,2023-02-28,30.34211,-98.71894,0.1449377
TXS02,2023-03-03,30.34211,-98.71894,0.2710792
TXS02,2023-03-06,30.34211,-98.71894,0.177117
TXS02,2023-03-08,30.34211,-98.71894,0.1657685
TXS02,2023-03-11,30.34211,-98.71894,0.1413442
TXS02,2023-03-14,30.34211,-98.71894,0.1199108
TXS02,2023-03-16,30.34211,-98.71894,0.1072492
TXS02,2023-03-19,30.34211,-98.71894,0.1418547
TXS02,2023-03-22,30.34211,-98.71894,0.1183948
TXS02,2023-03-24,30.34211,-98.71894,0.148776
TXS02,2023-03-27,30.34211,-98.71894,0.11587
TXS02,2023-03-30,30.34211,-98.71894,0.1211593
TXS02,2023-04-01,30.34211,-98.71894,0.1413909
TXS02,2023-04-04,30.34211,-98.71894,0.1072164
TXS02,2023-04-07,30.34211,-98.71894,0.2588612
TXS02,2023-04-09,30.34211,-98.71894,0.2549646
TXS02,2023-04-12,30.34211,-98.71894,0.1902743
TXS02,2023-04-15,30.34211,-98.71894,0.1511247
TXS02,2023-04-17,30.34211,-98.71894,0.131125
TXS02,2023-04-20,30.34211,-98.71894,0.1223865
TXS02,2023-04-23,30.34211,-98.71894,0.2618645
TXS02,2023-04-25,30.34211,-98.71894,0.2002247
TXS02,2023-04-28,30.34211,-98.71894,0.1897546
TXS02,2023-05-01,30.34211,-98.71894,0.1609262
TXS02,2023-05-06,30.34211,-98.71894,0.1584366
TXS02,2023-05-09,30.34211,-98.71894,0.2663416
TXS02,2023-05-11,30.34211,-98.71894,0.2233936
TXS02,2023-05-14,30.34211,-98.71894,0.3127483
TXS02,2023-05-17,30.34211,-98.71894,0.2702493
TXS02,2023-05-19,30.34211,-98.71894,0.2256357
TXS02,2023-05-22,30.34211,-98.71894,0.2853728
TXS02,2023-05-25,30.34211,-98.71894,0.2809021
TXS02,2023-05-27,30.34211,-98.71894,0.240454
TXS02,2023-05-30,30.34211,-98.71894,0.2484403
TXS02,2023-06-02,30.34211,-98.71894,0.1666921
TXS02,2023-06-04,30.34211,-98.71894,0.2576256
TXS02,2023-06-07,30.34211,-98.71894,0.1728865
TXS02,2023-06-10,30.34211,-98.71894,0.2439542
TXS02,2023-06-12,30.34211,-98.71894,0.1754005
TXS02,2023-06-18,30.34211,-98.71894,0.1610438
TXS02,2023-06-20,30.34211,-98.71894,0.1489325
TXS02,2023-06-23,30.34211,-98.71894,0.2394602
TXS02,2023-06-26,30.34211,-98.71894,0.1192971
TXS02,2023-06-28,30.34211,-98.71894,0.118754
TXS02,2023-07-04,30.34211,-98.71894,0.1155828
TXS02,2023-07-06,30.34211,-98.71894,0.1152487
TXS02,2023-07-09,30.34211,-98.71894,0.1058073
TXS02,2023-07-12,30.34211,-98.71894,0.0934668
TXS02,2023-07-14,30.34211,-98.71894,0.1113552
TXS02,2023-07-20,30.34211,-98.71894,0.1089132
TXS02,2023-07-22,30.34211,-98.71894,0.0963384
TXS02,2023-07-25,30.34211,-98.71894,0.1092662
TXS02,2023-07-28,30.34211,-98.71894,0.094777
TXS02,2023-07-30,30.34211,-98.71894,0.1057526
TXS02,2023-08-02,30.34211,-98.71894,0.1143663
TXS02,2023-08-05,30.34211,-98.71894,0.0937323
TXS02,2023-08-07,30.34211,-98.71894,0.1021974
TXS02,2023-08-10,30.34211,-98.71894,0.1002696
TXS02,2023-08-13,30.34211,-98.71894,0.0912991
TXS02,2023-08-15,30.34211,-98.71894,0.1117498
TXS02,2023-08-18,30.34211,-98.71894,0.1163211
TXS02,2023-08-21,30.34211,-98.71894,0.1035774
TXS02,2023-08-23,30.34211,-98.71894,0.1268014
TXS02,2023-08-26,30.34211,-98.71894,0.117017
TXS02,2023-08-29,30.34211,-98.71894,0.1301892
TXS02,2023-08-31,30.34211,-98.71894,0.1194637
TXS02,2023-09-03,30.34211,-98.71894,0.114014
TXS02,2023-09-06,30.34211,-98.71894,0.0984852
TXS02,2023-09-08,30.34211,-98.71894,0.1106588
TXS02,2023-09-11,30.34211,-98.71894,0.1574701
TXS02,2023-09-14,30.34211,-98.71894,0.2828472
TXS02,2023-09-16,30.34211,-98.71894,0.2705355
TXS02,2023-09-19,30.34211,-98.71894,0.2024077
TXS02,2023-09-22,30.34211,-98.71894,0.1555652
TXS02,2023-09-24,30.34211,-98.71894,0.1407269
TXS02,2023-09-27,30.34211,-98.71894,0.208377
TXS02,2023-09-30,30.34211,-98.71894,0.1678825
TXS02,2023-10-02,30.34211,-98.71894,0.1676735
TXS02,2023-10-05,30.34211,-98.71894,0.3815443
TXS02,2023-10-08,30.34211,-98.71894,0.2604907
TXS02,2023-10-10,30.34211,-98.71894,0.1907503
TXS02,2023-10-13,30.34211,-98.71894,0.1530197
TXS02,2023-10-16,30.34211,-98.71894,0.1421981
TXS02,2023-10-18,30.34211,-98.71894,0.1377219
TXS02,2023-10-19,30.34211,-98.71894,0.129161
TXS02,2023-10-21,30.34211,-98.71894,0.1329796
TXS02,2023-10-24,30.34211,-98.71894,0.1588179
TXS02,2023-10-26,30.34211,-98.71894,0.3637154
TXS02,2023-10-29,30.34211,-98.71894,0.3006539
TXS02,2023-11-01,30.34211,-98.71894,0.2913453
TXS02,2023-11-03,30.34211,-98.71894,0.2446997
TXS02,2023-11-06,30.34211,-98.71894,0.2098071
TXS02,2023-11-09,30.34211,-98.71894,0.1761226
TXS02,2023-11-11,30.34211,-98.71894,0.303872
TXS02,2023-11-14,30.34211,-98.71894,0.3283961
TXS02,2023-11-17,30.34211,-98.71894,0.2582291
TXS02,2023-11-19,30.34211,-98.71894,0.2465113
TXS02,2023-11-22,30.34211,-98.71894,0.2520164
TXS02,2023-11-25,30.34211,-98.71894,0.2087316
TXS02,2023-11-27,30.34211,-98.71894,0.2175612
TXS02,2023-11-30,30.34211,-98.71894,0.2120447
TXS02,2023-12-03,30.34211,-98.71894,0.2047402
TXS02,2023-12-05,30.34211,-98.71894,0.2025467
TXS02,2023-12-08,30.34211,-98.71894,0.1613266
TXS02,2023-12-11,30.34211,-98.71894,0.1557804
TXS02,2023-12-13,30.34211,-98.71894,0.1471766
TXS02,2023-12-16,30.34211,-98.71894,0.2637937
TXS02,2023-12-19,30.34211,-98.71894,0.2178781
TXS02,2023-12-21,30.34211,-98.71894,0.1951231
TXS02,2023-12-24,30.34211,-98.71894,0.3467548
TXS02,2023-12-27,30.34211,-98.71894,0.2707513
TXS02,2023-12-29,30.34211,-98.71894,0.2522409
TXS03,2015-04-03,30.29815,-98.74201,0.1512753
TXS03,2015-04-06,30.29815,-98.74201,0.1358431
TXS03,2015-04-08,30.29815,-98.74201,0.128561
TXS03,2015-04-11,30.29815,-98.74201,0.1960879
TXS03,2015-04-14,30.29815,-98.74201,0.2042245
TXS03,2015-04-16,30.29815,-98.74201,0.1553992
TXS03,2015-04-19,30.29815,-98.74201,0.326136
TXS03,2015-04-22,30.29815,-98.74201,0.2038417
TXS03,2015-04-24,30.29815,-98.74201,0.3676324
TXS03,2015-04-27,30.29815,-98.74201,0.3173058
TXS03,2015-05-05,30.29815,-98.74201,0.1395193
TXS03,2015-05-08,30.29815,-98.74201,0.1990233
TXS03,2015-05-10,30.29815,-98.74201,0.2137535
TXS03,2015-05-16,30.29815,-98.74201,0.3015436
TXS03,2015-05-18,30.29815,-98.74201,0.2956247
TXS03,2015-05-21,30.29815,-98.74201,0.3169371
TXS03,2015-05-24,30.29815,-98.74201,0.3988704
TXS03,2015-05-26,30.29815,-98.74201,0.336717
TXS03,2015-05-29,30.29815,-98.74201,0.4192351
TXS03,2015-06-01,30.29815,-98.74201,0.2765283
TXS03,2015-06-03,30.29815,-98.74201,0.2444889
TXS03,2015-06-06,30.29815,-98.74201,0.1709987
TXS03,2015-06-09,30.29815,-98.74201,0.1449554
TXS03,2015-06-11,30.29815,-98.74201,0.1378524
TXS03,2015-06-14,30.29815,-98.74201,0.1542427
TXS03,2015-06-19,30.29815,-98.74201,0.2674725
TXS03,2015-06-25,30.29815,-98.74201,0.1908384
TXS03,2015-06-27,30.29815,-98.74201,0.181014
TXS03,2015-06-30,30.29815,-98.74201,0.1792623
TXS03,2015-07-03,30.29815,-98.74201,0.1750126
TXS03,2015-07-05,30.29815,-98.74201,0.1359423
TXS03,2015-07-08,30.29815,-98.74201,0.1290732
TXS03,2015-07-11,30.29815,-98.74201,0.1127689
TXS03,2015-07-13,30.29815,-98.74201,0.1154072
TXS03,2015-07-16,30.29815,-98.74201,0.1175666
TXS03,2015-07-19,30.29815,-98.74201,0.1027795
TXS03,2015-07-21,30.29815,-98.74201,0.1022641
TXS03,2015-07-22,30.29815,-98.74201,0.1042557
TXS03,2015-07-24,30.29815,-98.74201,0.1053657
TXS03,2015-07-29,30.29815,-98.74201,0.1152015
TXS03,2015-07-30,30.29815,-98.74201,0.1070493
TXS03,2015-08-01,30.29815,-98.74201,0.1899896
TXS03,2015-08-04,30.29815,-98.74201,0.1125899
TXS03,2015-08-06,30.29815,-98.74201,0.1208765
TXS03,2015-08-07,30.29815,-98.74201,0.1120627
TXS03,2015-08-09,30.29815,-98.74201,0.1277321
TXS03,2015-08-14,30.29815,-98.74201,0.137144
TXS03,2015-08-17,30.29815,-98.74201,0.1387971
TXS03,2015-08-20,30.29815,-98.74201,0.1133693
TXS03,2015-08-22,30.29815,-98.74201,0.1199902
TXS03,2015-08-25,30.29815,-98.74201,0.1251126
TXS03,2015-08-28,30.29815,-98.74201,0.1234641
TXS03,2015-08-30,30.29815,-98.74201,0.1028648
TXS03,2015-09-02,30.29815,-98.74201,0.1323088
TXS03,2015-09-05,30.29815,-98.74201,0.1184573
TXS03,2015-09-07,30.29815,-98.74201,0.1152985
TXS03,2015-09-10,30.29815,-98.74201,0.14784
TXS03,2015-09-13,30.29815,-98.74201,0.1533256
TXS03,2015-09-15,30.29815,-98.74201,0.129102
TXS03,2015-09-18,30.29815,-98.74201,0.1397377
TXS03,2015-09-21,30.29815,-98.74201,0.1126875
TXS03,2015-09-23,30.29815,-98.74201,0.1382829
TXS03,2015-09-26,30.29815,-98.74201,0.1176287
TXS03,2015-09-29,30.29815,-98.74201,0.1214516
TXS03,2015-10-01,30.29815,-98.74201,0.1337935
TXS03,2015-10-04,30.29815,-98.74201,0.1194273
TXS03,2015-10-07,30.29815,-98.74201,0.1242428
TXS03,2015-10-09,30.29815,-98.74201,0.1549142
TXS03,2015-10-12,30.29815,-98.74201,0.1248348
TXS03,2015-10-15,30.29815,-98.74201,0.1249916
TXS03,2015-10-17,30.29815,-98.74201,0.1256305
TXS03,2015-10-20,30.29815,-98.74201,0.1136575
TXS03,2015-10-28,30.29815,-98.74201,0.2425288
TXS03,2015-10-31,30.29815,-98.74201,0.3475448
TXS03,2015-11-02,30.29815,-98.74201,0.3461282
TXS03,2015-11-05,30.29815,-98.74201,0.2928355
TXS03,2015-11-08,30.29815,-98.74201,0.2724654
TXS03,2015-11-10,30.29815,-98.74201,0.2796212
TXS03,2015-11-13,30.29815,-98.74201,0.2568225
TXS03,2015-11-16,30.29815,-98.74201,0.2305698
TXS03,2015-11-18,30.29815,-98.74201,0.2982399
TXS03,2015-11-21,30.29815,-98.74201,0.2175538
TXS03,2015-11-24,30.29815,-98.74201,0.2011228
TXS03,2015-11-26,30.29815,-98.74201,0.2130403
TXS03,2015-11-29,30.29815,-98.74201,0.309124
TXS03,2015-12-02,30.29815,-98.74201,0.2937806
TXS03,2015-12-04,30.29815,-98.74201,0.2463242
TXS03,2015-12-07,30.29815,-98.74201,0.2524852
TXS03,2015-12-10,30.29815,-98.74201,0.231362
TXS03,2015-12-12,30.29815,-98.74201,0.2083988
TXS03,2015-12-18,30.29815,-98.74201,0.279651
TXS03,2015-12-20,30.29815,-98.74201,0.2352235
TXS03,2015-12-23,30.29815,-98.74201,0.2331669
TXS03,2015-12-26,30.29815,-98.74201,0.2231039
TXS03,2015-12-28,30.29815,-98.74201,0.3128266
TXS03,2015-12-31,30.29815,-98.74201,0.2832464
TXS03,2016-01-03,30.29815,-98.74201,0.2941979
TXS03,2016-01-05,30.29815,-98.74201,0.2894667
TXS03,2016-01-06,30.29815,-98.74201,0.2799146
TXS03,2016-01-08,30.29815,-98.74201,0.2952495
TXS03,2016-01-11,30.29815,-98.74201,0.2778396
TXS03,2016-01-13,30.29815,-98.74201,0.2492392
TXS03,2016-01-16,30.29815,-98.74201,0.2612717
TXS03,2016-01-19,30.29815,-98.74201,0.1838794
TXS03,2016-01-21,30.29815,-98.74201,0.1941343
TXS03,2016-01-24,30.29815,-98.74201,0.2041542
TXS03,2016-01-27,30.29815,-98.74201,0.2017921
TXS03,2016-01-29,30.29815,-98.74201,0.2044016
TXS03,2016-02-01,30.29815,-98.74201,0.1826406
TXS03,2016-02-04,30.29815,-98.74201,0.1646633
TXS03,2016-02-06,30.29815,-98.74201,0.1677417
TXS03,2016-02-09,30.29815,-98.74201,0.1655746
TXS03,2016-02-12,30.29815,-98.74201,0.1562546
TXS03,2016-02-14,30.29815,-98.74201,0.1323221
TXS03,2016-02-17,30.29815,-98.74201,0.158686
TXS03,2016-02-20,30.29815,-98.74201,0.1121874
TXS03,2016-02-22,30.29815,-98.74201,0.1648809
TXS03,2016-02-25,30.29815,-98.74201,0.2642253
TXS03,2016-02-28,30.29815,-98.74201,0.2152026
TXS03,2016-03-01,30.29815,-98.74201,0.2179596
TXS03,2016-03-04,30.29815,-98.74201,0.1796162
TXS03,2016-03-07,30.29815,-98.74201,0.1402145
TXS03,2016-03-09,30.29815,-98.74201,0.3114705
TXS03,2016-03-12,30.29815,-98.74201,0.3469737
TXS03,2016-03-15,30.29815,-98.74201,0.247039
TXS03,2016-03-17,30.29815,-98.74201,0.2205569
TXS03,2016-03-20,30.29815,-98.74201,0.2561634
TXS03,2016-03-23,30.29815,-98.74201,0.1917148
TXS03,2016-03-25,30.29815,-98.74201,0.2172211
TXS03,2016-03-28,30.29815,-98.74201,0.1839121
TXS03,2016-03-31,30.29815,-98.74201,0.1738078
TXS03,2016-04-02,30.29815,-98.74201,0.275762
TXS03,2016-04-05,30.29815,-98.74201,0.1899547
TXS03,2016-04-08,30.29815,-98.74201,0.1557711
TXS03,2016-04-10,30.29815,-98.74201,0.1489215
TXS03,2016-04-13,30.29815,-98.74201,0.2886838
TXS03,2016-04-16,30.29815,-98.74201,0.210322
TXS03,2016-04-18,30.29815,-98.74201,0.3250207
TXS03,2016-04-21,30.29815,-98.74201,0.3551045
TXS03,2016-04-24,30.29815,-98.74201,0.2230031
TXS03,2016-04-26,30.29815,-98.74201,0.2029556
TXS03,2016-04-29,30.29815,-98.74201,0.2220446
TXS03,2016-05-04,30.29815,-98.74201,0.2113548
TXS03,2016-05-07,30.29815,-98.74201,0.1607951
TXS03,2016-05-10,30.29815,-98.74201,0.1399844
TXS03,2016-05-12,30.29815,-98.74201,0.1715645
TXS03,2016-05-15,30.29815,-98.74201,0.1935247
TXS03,2016-05-18,30.29815,-98.74201,0.3068946
TXS03,2016-05-20,30.29815,-98.74201,0.2969485
TXS03,2016-05-23,30.29815,-98.74201,0.2535533
TXS03,2016-05-26,30.29815,-98.74201,0.2268178
TXS03,2016-05-28,30.29815,-98.74201,0.2765378
TXS03,2016-05-31,30.29815,-98.74201,0.2795987
TXS03,2016-06-03,30.29815,-98.74201,0.288842
TXS03,2016-06-05,30.29815,-98.74201,0.283066
TXS03,2016-06-08,30.29815,-98.74201,0.2066878
TXS03,2016-06-11,30.29815,-98.74201,0.1683738
TXS03,2016-06-13,30.29815,-98.74201,0.1598239
TXS03,2016-06-16,30.29815,-98.74201,0.1388957
TXS03,2016-06-19,30.29815,-98.74201,0.1329643
TXS03,2016-06-21,30.29815,-98.74201,0.144417
TXS03,2016-06-24,30.29815,-98.74201,0.1229194
TXS03,2016-06-27,30.29815,-98.74201,0.1382838
TXS03,2016-06-29,30.29815,-98.74201,0.1623771
TXS03,2016-07-02,30.29815,-98.74201,0.1333026
TXS03,2016-07-05,30.29815,-98.74201,0.1134298
TXS03,2016-07-07,30.29815,-98.74201,0.1205448
TXS03,2016-07-10,30.29815,-98.74201,0.1139379
TXS03,2016-07-13,30.29815,-98.74201,0.1096395
TXS03,2016-07-15,30.29815,-98.74201,0.1229157
TXS03,2016-07-18,30.29815,-98.74201,0.1142028
TXS03,2016-07-21,30.29815,-98.74201,0.1203064
TXS03,2016-07-23,30.29815,-98.74201,0.1163504
TXS03,2016-07-26,30.29815,-98.74201,0.2346354
TXS03,2016-07-29,30.29815,-98.74201,0.161044
TXS03,2016-07-31,30.29815,-98.74201,0.1416016
TXS03,2016-08-03,30.29815,-98.74201,0.121578
TXS03,2016-08-06,30.29815,-98.74201,0.113091
TXS03,2016-08-08,30.29815,-98.74201,0.1096159
TXS03,2016-08-11,30.29815,-98.74201,0.1161072
TXS03,2016-08-14,30.29815,-98.74201,0.2839265
TXS03,2016-08-16,30.29815,-98.74201,0.3187074
TXS03,2016-08-19,30.29815,-98.74201,0.2789402
TXS03,2016-08-22,30.29815,-98.74201,0.3117177
TXS03,2016-08-24,30.29815,-98.74201,0.252747
TXS03,2016-08-27,30.29815,-98.74201,0.1982848
TXS03,2016-08-30,30.29815,-98.74201,0.1648593
TXS03,2016-09-01,30.29815,-98.74201,0.1499191
TXS03,2016-09-04,30.29815,-98.74201,0.1666823
TXS03,2016-09-07,30.29815,-98.74201,0.1744439
TXS03,2016-09-09,30.29815,-98.74201,0.1424519
TXS03,2016-09-12,30.29815,-98.74201,0.1336585
TXS03,2016-09-15,30.29815,-98.74201,0.1198656
TXS03,2016-09-17,30.29815,-98.74201,0.124401
TXS03,2016-09-20,30.29815,-98.74201,0.1102938
TXS03,2016-09-23,30.29815,-98.74201,0.1162442
TXS03,2016-09-25,30.29815,-98.74201,0.1734662
TXS03,2016-10-01,30.29815,-98.74201,0.2194016
TXS03,2016-10-03,30.29815,-98.74201,0.1853368
TXS03,2016-10-06,30.29815,-98.74201,0.14998
TXS03,2016-10-09,30.29815,-98.74201,0.1522963
TXS03,2016-10-11,30.29815,-98.74201,0.1412754
TXS03,2016-10-14,30.29815,-98.74201,0.1408265
TXS03,2016-10-17,30.29815,-98.74201,0.1290184
TXS03,2016-10-19,30.29815,-98.74201,0.1348617
TXS03,2016-10-22,30.29815,-98.74201,0.1444898
TXS03,2016-10-25,30.29815,-98.74201,0.1397751
TXS03,2016-10-27,30.29815,-98.74201,0.1351216
TXS03,2016-10-30,30.29815,-98.74201,0.1192213
TXS03,2016-11-02,30.29815,-98.74201,0.0975116
TXS03,2016-11-04,30.29815,-98.74201,0.2555932
TXS03,2016-11-07,30.29815,-98.74201,0.267679
TXS03,2016-11-10,30.29815,-98.74201,0.3164611
TXS03,2016-11-12,30.29815,-98.74201,0.2893926
TXS03,2016-11-15,30.29815,-98.74201,0.2637266
TXS03,2016-11-18,30.29815,-98.74201,0.2276502
TXS03,2016-11-20,30.29815,-98.74201,0.2324103
TXS03,2016-11-23,30.29815,-98.74201,0.2492019
TXS03,2016-11-26,30.29815,-98.74201,0.2237244
TXS03,2016-11-28,30.29815,-98.74201,0.1853321
TXS03,2016-12-01,30.29815,-98.74201,0.1802989
TXS03,2016-12-04,30.29815,-98.74201,0.3041216
TXS03,2016-12-06,30.29815,-98.74201,0.297662
TXS03,2016-12-09,30.29815,-98.74201,0.2573706
TXS03,2016-12-12,30.29815,-98.74201,0.2719616
TXS03,2016-12-14,30.29815,-98.74201,0.2898545
TXS03,2016-12-17,30.29815,-98.74201,0.2418538
TXS03,2016-12-20,30.29815,-98.74201,0.2218511
TXS03,2016-12-22,30.29815,-98.74201,0.2269076
TXS03,2016-12-25,30.29815,-98.74201,0.2205487
TXS03,2016-12-28,30.29815,-98.74201,0.2068003
TXS03,2016-12-30,30.29815,-98.74201,0.2333122
TXS03,2017-01-02,30.29815,-98.74201,0.2897016
TXS03,2017-01-05,30.29815,-98.74201,0.2114637
TXS03,2017-01-07,30.29815,-98.74201,0.196237
TXS03,2017-01-10,30.29815,-98.74201,0.1881044
TXS03,2017-01-13,30.29815,-98.74201,0.1816345
TXS03,2017-01-15,30.29815,-98.74201,0.2214979
TXS03,2017-01-18,30.29815,-98.74201,0.3084042
TXS03,2017-01-21,30.29815,-98.74201,0.2710843
TXS03,2017-01-23,30.29815,-98.74201,0.258511
TXS03,2017-01-26,30.29815,-98.74201,0.2161759
TXS03,2017-01-29,30.29815,-98.74201,0.2021412
TXS03,2017-01-31,30.29815,-98.74201,0.2181311
TXS03,2017-02-03,30.29815,-98.74201,0.1853854
TXS03,2017-02-06,30.29815,-98.74201,0.1678771
TXS03,2017-02-08,30.29815,-98.74201,0.2035201
TXS03,2017-02-11,30.29815,-98.74201,0.1548711
TXS03,2017-02-14,30.29815,-98.74201,0.418074
TXS03,2017-02-16,30.29815,-98.74201,0.2831203
TXS03,2017-02-19,30.29815,-98.74201,0.224462
TXS03,2017-02-22,30.29815,-98.74201,0.2730452
TXS03,2017-02-24,30.29815,-98.74201,0.2840546
TXS03,2017-02-27,30.29815,-98.74201,0.1849273
TXS03,2017-03-02,30.29815,-98.74201,0.2016961
TXS03,2017-03-04,30.29815,-98.74201,0.1701837
TXS03,2017-03-07,30.29815,-98.74201,0.2460746
TXS03,2017-03-10,30.29815,-98.74201,0.2355352
TXS03,2017-03-12,30.29815,-98.74201,0.2517456
TXS03,2017-03-15,30.29815,-98.74201,0.2277057
TXS03,2017-03-18,30.29815,-98.74201,0.1942825
TXS03,2017-03-20,30.29815,-98.74201,0.179977
TXS03,2017-03-23,30.29815,-98.74201,0.1717413
TXS03,2017-03-26,30.29815,-98.74201,0.1501001
TXS03,2017-03-28,30.29815,-98.74201,0.1375073
TXS03,2017-03-31,30.29815,-98.74201,0.2016466
TXS03,2017-04-03,30.29815,-98.74201,0.2823874
TXS03,2017-04-05,30.29815,-98.74201,0.2207635
TXS03,2017-04-08,30.29815,-98.74201,0.1707593
TXS03,2017-04-11,30.29815,-98.74201,0.2309085
TXS03,2017-04-13,30.29815,-98.74201,0.2269519
TXS03,2017-04-16,30.29815,-98.74201,0.1977405
TXS03,2017-04-19,30.29815,-98.74201,0.1740268
TXS03,2017-04-21,30.29815,-98.74201,0.1723738
TXS03,2017-04-24,30.29815,-98.74201,0.1386453
TXS03,2017-04-27,30.29815,-98.74201,0.1325239
TXS03,2017-04-29,30.29815,-98.74201,0.1216348
TXS03,2017-05-02,30.29815,-98.74201,0.1417959
TXS03,2017-05-05,30.29815,-98.74201,0.1185556
TXS03,2017-05-07,30.29815,-98.74201,0.122267
TXS03,2017-05-10,30.29815,-98.74201,0.1444943
TXS03,2017-05-13,30.29815,-98.74201,0.1324155
TXS03,2017-05-15,30.29815,-98.74201,0.1235691
TXS03,2017-05-18,30.29815,-98.74201,0.1613302
TXS03,2017-05-21,30.29815,-98.74201,0.2293035
TXS03,2017-05-23,30.29815,-98.74201,0.2685183
TXS03,2017-05-26,30.29815,-98.74201,0.1751443
TXS03,2017-05-29,30.29815,-98.74201,0.2649976
TXS03,2017-05-31,30.29815,-98.74201,0.2446944
TXS03,2017-06-03,30.29815,-98.74201,0.1910454
TXS03,2017-06-06,30.29815,-98.74201,0.2470431
TXS03,2017-06-08,30.29815,-98.74201,0.198006
TXS03,2017-06-11,30.29815,-98.74201,0.149728
TXS03,2017-06-14,30.29815,-98.74201,0.1249758
TXS03,2017-06-16,30.29815,-98.74201,0.11845
TXS03,2017-06-19,30.29815,-98.74201,0.119858
TXS03,2017-06-22,30.29815,-98.74201,0.1306859
TXS03,2017-06-24,30.29815,-98.74201,0.1208086
TXS03,2017-06-27,30.29815,-98.74201,0.2982394
TXS03,2017-06-30,30.29815,-98.74201,0.1934125
TXS03,2017-07-02,30.29815,-98.74201,0.1892331
TXS03,2017-07-05,30.29815,-98.74201,0.1440632
TXS03,2017-07-08,30.29815,-98.74201,0.1217265
TXS03,2017-07-10,30.29815,-98.74201,0.1324857
TXS03,2017-07-13,30.29815,-98.74201,0.1036803
TXS03,2017-07-16,30.29815,-98.74201,0.1361286
TXS03,2017-07-18,30.29815,-98.74201,0.1704476
TXS03,2017-07-21,30.29815,-98.74201,0.1191409
TXS03,2017-07-24,30.29815,-98.74201,0.2486645
TXS03,2017-07-26,30.29815,-98.74201,0.1995274
TXS03,2017-07-29,30.29815,-98.74201,0.1288976
TXS03,2017-08-01,30.29815,-98.74201,0.1303425
TXS03,2017-08-03,30.29815,-98.74201,0.1686773
TXS03,2017-08-06,30.29815,-98.74201,0.1336418
TXS03,2017-08-09,30.29815,-98.74201,0.2604208
TXS03,2017-08-11,30.29815,-98.74201,0.2236739
TXS03,2017-08-14,30.29815,-98.74201,0.1579681
TXS03,2017-08-17,30.29815,-98.74201,0.1244017
TXS03,2017-08-19,30.29815,-98.74201,0.1285592
TXS03,2017-08-22,30.29815,-98.74201,0.123519
TXS03,2017-08-25,30.29815,-98.74201,0.14001
TXS03,2017-08-27,30.29815,-98.74201,0.3244253
TXS03,2017-08-30,30.29815,-98.74201,0.2284034
TXS03,2017-09-02,30.29815,-98.74201,0.1511937
TXS03,2017-09-04,30.29815,-98.74201,0.1383404
TXS03,2017-09-07,30.29815,-98.74201,0.1391464
TXS03,2017-09-10,30.29815,-98.74201,0.1209737
TXS03,2017-09-12,30.29815,-98.74201,0.116292
TXS03,2017-09-15,30.29815,-98.74201,0.1131955
TXS03,2017-09-18,30.29815,-98.74201,0.0939806
TXS03,2017-09-20,30.29815,-98.74201,0.1087146
TXS03,2017-09-23,30.29815,-98.74201,0.117653
TXS03,2017-09-26,30.29815,-98.74201,0.2064794
TXS03,2017-09-28,30.29815,-98.74201,0.2984691
TXS03,2017-10-01,30.29815,-98.74201,0.2865301
TXS03,2017-10-04,30.29815,-98.74201,0.2520763
TXS03,2017-10-06,30.29815,-98.74201,0.231542
TXS03,2017-10-09,30.29815,-98.74201,0.1974815
TXS03,2017-10-12,30.29815,-98.74201,0.1636401
TXS03,2017-10-14,30.29815,-98.74201,0.1536779
TXS03,2017-10-17,30.29815,-98.74201,0.1544803
TXS03,2017-10-20,30.29815,-98.74201,0.1281095
TXS03,2017-10-22,30.29815,-98.74201,0.2335385
TXS03,2017-10-25,30.29815,-98.74201,0.1766939
TXS03,2017-10-28,30.29815,-98.74201,0.1445462
TXS03,2017-10-30,30.29815,-98.74201,0.1420924
TXS03,2017-11-02,30.29815,-98.74201,0.1250785
TXS03,2017-11-05,30.29815,-98.74201,0.122944
TXS03,2017-11-07,30.29815,-98.74201,0.1310753
TXS03,2017-11-10,30.29815,-98.74201,0.2093768
TXS03,2017-11-13,30.29815,-98.74201,0.2136792
TXS03,2017-11-15,30.29815,-98.74201,0.1968537
TXS03,2017-11-18,30.29815,-98.74201,0.1799268
TXS03,2017-11-21,30.29815,-98.74201,0.1502974
TXS03,2017-11-23,30.29815,-98.74201,0.1529007
TXS03,2017-11-26,30.29815,-98.74201,0.1396004
TXS03,2017-11-29,30.29815,-98.74201,0.1377488
TXS03,2017-12-01,30.29815,-98.74201,0.1300915
TXS03,2017-12-04,30.29815,-98.74201,0.1301565
TXS03,2017-12-07,30.29815,-98.74201,0.3075202
TXS03,2017-12-09,30.29815,-98.74201,0.2545336
TXS03,2017-12-12,30.29815,-98.74201,0.2479551
TXS03,2017-12-15,30.29815,-98.74201,0.23213
TXS03,2017-12-17,30.29815,-98.74201,0.2298019
TXS03,2017-12-20,30.29815,-98.74201,0.2577512
TXS03,2017-12-23,30.29815,-98.74201,0.2614769
TXS03,2017-12-25,30.29815,-98.74201,0.2505806
TXS03,2017-12-28,30.29815,-98.74201,0.2402342
TXS03,2017-12-31,30.29815,-98.74201,0.2280384
TXS03,2018-01-02,30.29815,-98.74201,0.2150052
TXS03,2018-01-05,30.29815,-98.74201,0.2172533
TXS03,2018-01-08,30.29815,-98.74201,0.2085917
TXS03,2018-01-10,30.29815,-98.74201,0.1988417
TXS03,2018-01-13,30.29815,-98.74201,0.1871012
TXS03,2018-01-18,30.29815,-98.74201,0.1709287
TXS03,2018-01-24,30.29815,-98.74201,0.170296
TXS03,2018-01-26,30.29815,-98.74201,0.1500384
TXS03,2018-01-29,30.29815,-98.74201,0.195175
TXS03,2018-02-01,30.29815,-98.74201,0.1554139
TXS03,2018-02-03,30.29815,-98.74201,0.1475708
TXS03,2018-02-06,30.29815,-98.74201,0.124523
TXS03,2018-02-09,30.29815,-98.74201,0.1791333
TXS03,2018-02-11,30.29815,-98.74201,0.173573
TXS03,2018-02-14,30.29815,-98.74201,0.141866
TXS03,2018-02-17,30.29815,-98.74201,0.1566668
TXS03,2018-02-19,30.29815,-98.74201,0.1670967
TXS03,2018-02-22,30.29815,-98.74201,0.3122292
TXS03,2018-02-25,30.29815,-98.74201,0.2751686
TXS03,2018-02-27,30.29815,-98.74201,0.2255203
TXS03,2018-03-02,30.29815,-98.74201,0.2611795
TXS03,2018-03-05,30.29815,-98.74201,0.2327279
TXS03,2018-03-07,30.29815,-98.74201,0.2265697
TXS03,2018-03-10,30.29815,-98.74201,0.1661105
TXS03,2018-03-13,30.29815,-98.74201,0.1516026
TXS03,2018-03-15,30.29815,-98.74201,0.1455956
TXS03,2018-03-18,30.29815,-98.74201,0.136776
TXS03,2018-03-21,30.29815,-98.74201,0.1427813
TXS03,2018-03-23,30.29815,-98.74201,0.1161898
TXS03,2018-03-26,30.29815,-98.74201,0.1320421
TXS03,2018-03-29,30.29815,-98.74201,0.283556
TXS03,2018-03-31,30.29815,-98.74201,0.2230495
TXS03,2018-04-03,30.29815,-98.74201,0.1696535
TXS03,2018-04-06,30.29815,-98.74201,0.1261407
TXS03,2018-04-08,30.29815,-98.74201,0.1485802
TXS03,2018-04-11,30.29815,-98.74201,0.1247372
TXS03,2018-04-14,30.29815,-98.74201,0.1590618
TXS03,2018-04-16,30.29815,-98.74201,0.1228465
TXS03,2018-04-19,30.29815,-98.74201,0.1236993
TXS03,2018-04-22,30.29815,-98.74201,0.1714817
TXS03,2018-04-24,30.29815,-98.74201,0.1350972
TXS03,2018-04-27,30.29815,-98.74201,0.2083031
TXS03,2018-04-30,30.29815,-98.74201,0.1589956
TXS03,2018-05-02,30.29815,-98.74201,0.1350332
TXS03,2018-05-08,30.29815,-98.74201,0.204721
TXS03,2018-05-10,30.29815,-98.74201,0.1757501
TXS03,2018-05-13,30.29815,-98.74201,0.1310788
TXS03,2018-05-16,30.29815,-98.74201,0.277706
TXS03,2018-05-18,30.29815,-98.74201,0.1853942
TXS03,2018-05-21,30.29815,-98.74201,0.2384555
TXS03,2018-05-24,30.29815,-98.74201,0.1542687
TXS03,2018-05-26,30.29815,-98.74201,0.1350928
TXS03,2018-06-01,30.29815,-98.74201,0.1082207
TXS03,2018-06-03,30.29815,-98.74201,0.1242767
TXS03,2018-06-06,30.29815,-98.74201,0.146919
TXS03,2018-06-09,30.29815,-98.74201,0.1255774
TXS03,2018-06-11,30.29815,-98.74201,0.1260923
TXS03,2018-06-14,30.29815,-98.74201,0.1232177
TXS03,2018-06-17,30.29815,-98.74201,0.10846
TXS03,2018-06-19,30.29815,-98.74201,0.1386269
TXS03,2018-06-22,30.29815,-98.74201,0.1398481
TXS03,2018-06-25,30.29815,-98.74201,0.0973056
TXS03,2018-06-30,30.29815,-98.74201,0.1016539
TXS03,2018-07-03,30.29815,-98.74201,0.0946092
TXS03,2018-07-05,30.29815,-98.74201,0.2426403
TXS03,2018-07-06,30.29815,-98.74201,0.2132667
TXS03,2018-07-08,30.29815,-98.74201,0.225393
TXS03,2018-07-11,30.29815,-98.74201,0.1854323
TXS03,2018-07-13,30.29815,-98.74201,0.1508864
TXS03,2018-07-14,30.29815,-98.74201,0.1321098
TXS03,2018-07-16,30.29815,-98.74201,0.1152346
TXS03,2018-07-19,30.29815,-98.74201,0.113748
TXS03,2018-07-21,30.29815,-98.74201,0.1215209
TXS03,2018-07-22,30.29815,-98.74201,0.104471
TXS03,2018-07-24,30.29815,-98.74201,0.1099489
TXS03,2018-07-27,30.29815,-98.74201,0.1092063
TXS03,2018-07-29,30.29815,-98.74201,0.1160649
TXS03,2018-08-01,30.29815,-98.74201,0.1363623
TXS03,2018-08-04,30.29815,-98.74201,0.0968408
TXS03,2018-08-06,30.29815,-98.74201,0.1197543
TXS03,2018-08-09,30.29815,-98.74201,0.1067485
TXS03,2018-08-12,30.29815,-98.74201,0.2276756
TXS03,2018-08-14,30.29815,-98.74201,0.2365814
TXS03,2018-08-17,30.29815,-98.74201,0.1677557
TXS03,2018-08-20,30.29815,-98.74201,0.131201
TXS03,2018-08-22,30.29815,-98.74201,0.1367847
TXS03,2018-08-25,30.29815,-98.74201,0.1114081
TXS03,2018-08-28,30.29815,-98.74201,0.0992328
TXS03,2018-08-30,30.29815,-98.74201,0.1137969
TXS03,2018-09-02,30.29815,-98.74201,0.1072738
TXS03,2018-09-05,30.29815,-98.74201,0.2390407
TXS03,2018-09-07,30.29815,-98.74201,0.2815205
TXS03,2018-09-10,30.29815,-98.74201,0.3124359
TXS03,2018-09-13,30.29815,-98.74201,0.2716588
TXS03,2018-09-15,30.29815,-98.74201,0.337484
TXS03,2018-09-18,30.29815,-98.74201,0.303972
TXS03,2018-09-21,30.29815,-98.74201,0.2578476
TXS03,2018-09-23,30.29815,-98.74201,0.2960277
TXS03,2018-09-26,30.29815,-98.74201,0.2463344
TXS03,2018-09-29,30.29815,-98.74201,0.2023078
TXS03,2018-10-01,30.29815,-98.74201,0.2184972
TXS03,2018-10-04,30.29815,-98.74201,0.194703
TXS03,2018-10-07,30.29815,-98.74201,0.167765
TXS03,2018-10-09,30.29815,-98.74201,0.281041
TXS03,2018-10-12,30.29815,-98.74201,0.2309775
TXS03,2018-10-15,30.29815,-98.74201,0.4250622
TXS03,2018-10-17,30.29815,-98.74201,0.3722709
TXS03,2018-10-20,30.29815,-98.74201,0.3197932
TXS03,2018-10-23,30.29815,-98.74201,0.306193
TXS03,2018-10-25,30.29815,-98.74201,0.2996166
TXS03,2018-10-28,30.29815,-98.74201,0.2973071
TXS03,2018-10-31,30.29815,-98.74201,0.2873247
TXS03,2018-11-02,30.29815,-98.74201,0.2851054
TXS03,2018-11-05,30.29815,-98.74201,0.2609504
TXS03,2018-11-08,30.29815,-98.74201,0.2249018
TXS03,2018-11-10,30.29815,-98.74201,0.2823864
TXS03,2018-11-13,30.29815,-98.74201,0.2788806
TXS03,2018-11-16,30.29815,-98.74201,0.2794808
TXS03,2018-11-18,30.29815,-98.74201,0.2508723
TXS03,2018-11-21,30.29815,-98.74201,0.253343
TXS03,2018-11-24,30.29815,-98.74201,0.2356074
TXS03,2018-11-26,30.29815,-98.74201,0.2165572
TXS03,2018-11-29,30.29815,-98.74201,0.1958388
TXS03,2018-12-02,30.29815,-98.74201,0.1991713
TXS03,2018-12-04,30.29815,-98.74201,0.199037
TXS03,2018-12-07,30.29815,-98.74201,0.2610168
TXS03,2018-12-10,30.29815,-98.74201,0.275997
TXS03,2018-12-12,30.29815,-98.74201,0.2742789
TXS03,2018-12-15,30.29815,-98.74201,0.2591185
TXS03,2018-12-18,30.29815,-98.74201,0.2715231
TXS03,2018-12-20,30.29815,-98.74201,0.2744074
TXS03,2018-12-23,30.29815,-98.74201,0.25218
TXS03,2018-12-26,30.29815,-98.74201,0.2458575
TXS03,2018-12-28,30.29815,-98.74201,0.3197157
TXS03,2018-12-31,30.29815,-98.74201,0.3190349
TXS03,2019-01-03,30.29815,-98.74201,0.3478931
TXS03,2019-01-05,30.29815,-98.74201,0.3059298
TXS03,2019-01-08,30.29815,-98.74201,0.288381
TXS03,2019-01-11,30.29815,-98.74201,0.2680479
TXS03,2019-01-13,30.29815,-98.74201,0.2943462
TXS03,2019-01-16,30.29815,-98.74201,0.2749616
TXS03,2019-01-19,30.29815,-98.74201,0.2689665
TXS03,2019-01-21,30.29815,-98.74201,0.2551312
TXS03,2019-01-24,30.29815,-98.74201,0.2420748
TXS03,2019-01-27,30.29815,-98.74201,0.3106804
TXS03,2019-01-29,30.29815,-98.74201,0.2964748
TXS03,2019-02-01,30.29815,-98.74201,0.2519267
TXS03,2019-02-04,30.29815,-98.74201,0.2728014
TXS03,2019-02-06,30.29815,-98.74201,0.2429554
TXS03,2019-02-09,30.29815,-98.74201,0.2726352
TXS03,2019-02-12,30.29815,-98.74201,0.2949441
TXS03,2019-02-14,30.29815,-98.74201,0.2556959
TXS03,2019-02-17,30.29815,-98.74201,0.2325493
TXS03,2019-02-20,30.29815,-98.74201,0.2235458
TXS03,2019-02-22,30.29815,-98.74201,0.2185462
TXS03,2019-02-25,30.29815,-98.74201,0.1966206
TXS03,2019-02-28,30.29815,-98.74201,0.1931615
TXS03,2019-03-02,30.29815,-98.74201,0.2443316
TXS03,2019-03-05,30.29815,-98.74201,0.2289593
TXS03,2019-03-08,30.29815,-98.74201,0.1969639
TXS03,2019-03-10,30.29815,-98.74201,0.1936337
TXS03,2019-03-13,30.29815,-98.74201,0.3211759
TXS03,2019-03-16,30.29815,-98.74201,0.2051877
TXS03,2019-03-18,30.29815,-98.74201,0.1842075
TXS03,2019-03-21,30.29815,-98.74201,0.1744498
TXS03,2019-03-24,30.29815,-98.74201,0.1460474
TXS03,2019-03-26,30.29815,-98.74201,0.1737467
TXS03,2019-03-29,30.29815,-98.74201,0.1346486
TXS03,2019-04-01,30.29815,-98.74201,0.1264537
TXS03,2019-04-03,30.29815,-98.74201,0.1308872
TXS03,2019-04-06,30.29815,-98.74201,0.1265749
TXS03,2019-04-09,30.29815,-98.74201,0.2314953
TXS03,2019-04-11,30.29815,-98.74201,0.1976018
TXS03,2019-04-14,30.29815,-98.74201,0.2284898
TXS03,2019-04-17,30.29815,-98.74201,0.1510849
TXS03,2019-04-19,30.29815,-98.74201,0.2494806
TXS03,2019-04-22,30.29815,-98.74201,0.1570033
TXS03,2019-04-25,30.29815,-98.74201,0.304694
TXS03,2019-04-27,30.29815,-98.74201,0.2300307
TXS03,2019-04-30,30.29815,-98.74201,0.1699494
TXS03,2019-05-03,30.29815,-98.74201,0.3264957
TXS03,2019-05-08,30.29815,-98.74201,0.29772
TXS03,2019-05-11,30.29815,-98.74201,0.3118461
TXS03,2019-05-13,30.29815,-98.74201,0.2826782
TXS03,2019-05-16,30.29815,-98.74201,0.2254031
TXS03,2019-05-21,30.29815,-98.74201,0.2513376
TXS03,2019-05-24,30.29815,-98.74201,0.1621948
TXS03,2019-05-27,30.29815,-98.74201,0.1441652
TXS03,2019-05-29,30.29815,-98.74201,0.1457323
TXS03,2019-06-01,30.29815,-98.74201,0.2012548
TXS03,2019-06-04,30.29815,-98.74201,0.147837
TXS03,2019-06-06,30.29815,-98.74201,0.2609656
TXS03,2019-06-09,30.29815,-98.74201,0.1607347
TXS03,2019-06-12,30.29815,-98.74201,0.22736
TXS03,2019-06-14,30.29815,-98.74201,0.1877306
TXS03,2019-06-17,30.29815,-98.74201,0.307427
TXS03,2019-07-24,30.29815,-98.74201,0.1277697
TXS03,2019-07-27,30.29815,-98.74201,0.1016497
TXS03,2019-08-01,30.29815,-98.74201,0.1184308
TXS03,2019-08-04,30.29815,-98.74201,0.1460722
TXS03,2019-08-07,30.29815,-98.74201,0.1135573
TXS03,2019-08-09,30.29815,-98.74201,0.1133457
TXS03,2019-08-12,30.29815,-98.74201,0.1030588
TXS03,2019-08-15,30.29815,-98.74201,0.1700981
TXS03,2019-08-17,30.29815,-98.74201,0.133352
TXS03,2019-08-20,30.29815,-98.74201,0.1174105
TXS03,2019-08-23,30.29815,-98.74201,0.1083222
TXS03,2019-08-25,30.29815,-98.74201,0.1777983
TXS03,2019-08-28,30.29815,-98.74201,0.1269893
TXS03,2019-08-31,30.29815,-98.74201,0.1364327
TXS03,2019-09-02,30.29815,-98.74201,0.1537665
TXS03,2019-09-05,30.29815,-98.74201,0.1329774
TXS03,2019-09-08,30.29815,-98.74201,0.1079957
TXS03,2019-09-10,30.29815,-98.74201,0.1075019
TXS03,2019-09-13,30.29815,-98.74201,0.1573776
TXS03,2019-09-16,30.29815,-98.74201,0.1243815
TXS03,2019-09-18,30.29815,-98.74201,0.1347273
TXS03,2019-09-21,30.29815,-98.74201,0.145549
TXS03,2019-09-24,30.29815,-98.74201,0.1147114
TXS03,2019-09-26,30.29815,-98.74201,0.1244789
TXS03,2019-09-29,30.29815,-98.74201,0.1687799
TXS03,2019-10-02,30.29815,-98.74201,0.1180056
TXS03,2019-10-04,30.29815,-98.74201,0.1284958
TXS03,2019-10-07,30.29815,-98.74201,0.1619662
TXS03,2019-10-10,30.29815,-98.74201,0.1213965
TXS03,2019-10-12,30.29815,-98.74201,0.2255535
TXS03,2019-10-15,30.29815,-98.74201,0.1742599
TXS03,2019-10-18,30.29815,-98.74201,0.1729028
TXS03,2019-10-20,30.29815,-98.74201,0.1446121
TXS03,2019-10-23,30.29815,-98.74201,0.2185872
TXS03,2019-10-26,30.29815,-98.74201,0.2453929
TXS03,2019-10-28,30.29815,-98.74201,0.2029106
TXS03,2019-10-31,30.29815,-98.74201,0.2954348
TXS03,2019-11-03,30.29815,-98.74201,0.2310449
TXS03,2019-11-05,30.29815,-98.74201,0.1865293
TXS03,2019-11-08,30.29815,-98.74201,0.3356262
TXS03,2019-11-11,30.29815,-98.74201,0.2208184
TXS03,2019-11-13,30.29815,-98.74201,0.2508606
TXS03,2019-11-16,30.29815,-98.74201,0.2451718
TXS03,2019-11-19,30.29815,-98.74201,0.2188056
TXS03,2019-11-21,30.29815,-98.74201,0.2065556
TXS03,2019-11-24,30.29815,-98.74201,0.2146778
TXS03,2019-11-27,30.29815,-98.74201,0.1868174
TXS03,2019-11-29,30.29815,-98.74201,0.1504534
TXS03,2019-12-02,30.29815,-98.74201,0.1905032
TXS03,2019-12-05,30.29815,-98.74201,0.1565507
TXS03,2019-12-07,30.29815,-98.74201,0.1729181
TXS03,2019-12-10,30.29815,-98.74201,0.2103671
TXS03,2019-12-13,30.29815,-98.74201,0.1925263
TXS03,2019-12-15,30.29815,-98.74201,0.2118199
TXS03,2019-12-18,30.29815,-98.74201,0.1673462
TXS03,2019-12-21,30.29815,-98.74201,0.1838
TXS03,2019-12-23,30.29815,-98.74201,0.1726316
TXS03,2019-12-26,30.29815,-98.74201,0.1501296
TXS03,2019-12-29,30.29815,-98.74201,0.1751194
TXS03,2019-12-31,30.29815,-98.74201,0.1623372
TXS03,2020-01-03,30.29815,-98.74201,0.1555141
TXS03,2020-01-06,30.29815,-98.74201,0.140545
TXS03,2020-01-08,30.29815,-98.74201,0.1501506
TXS03,2020-01-11,30.29815,-98.74201,0.3034042
TXS03,2020-01-14,30.29815,-98.74201,0.2230515
TXS03,2020-01-16,30.29815,-98.74201,0.2145131
TXS03,2020-01-19,30.29815,-98.74201,0.3048529
TXS03,2020-01-22,30.29815,-98.74201,0.3143752
TXS03,2020-01-24,30.29815,-98.74201,0.2800248
TXS03,2020-01-27,30.29815,-98.74201,0.2507405
TXS03,2020-01-30,30.29815,-98.74201,0.252298
TXS03,2020-02-04,30.29815,-98.74201,0.2101554
TXS03,2020-02-07,30.29815,-98.74201,0.1975323
TXS03,2020-02-09,30.29815,-98.74201,0.1693293
TXS03,2020-02-12,30.29815,-98.74201,0.3426068
TXS03,2020-02-15,30.29815,-98.74201,0.2535556
TXS03,2020-02-17,30.29815,-98.74201,0.2278928
TXS03,2020-02-20,30.29815,-98.74201,0.3191494
TXS03,2020-02-23,30.29815,-98.74201,0.2481224
TXS03,2020-02-25,30.29815,-98.74201,0.2436015
TXS03,2020-02-28,30.29815,-98.74201,0.2205053
TXS03,2020-03-02,30.29815,-98.74201,0.1586668
TXS03,2020-03-04,30.29815,-98.74201,0.3160767
TXS03,2020-03-07,30.29815,-98.74201,0.2559942
TXS03,2020-03-10,30.29815,-98.74201,0.2507208
TXS03,2020-03-12,30.29815,-98.74201,0.2153717
TXS03,2020-03-15,30.29815,-98.74201,0.1872383
TXS03,2020-03-18,30.29815,-98.74201,0.2421929
TXS03,2020-03-20,30.29815,-98.74201,0.3248161
TXS03,2020-03-23,30.29815,-98.74201,0.290612
TXS03,2020-03-26,30.29815,-98.74201,0.2312263
TXS03,2020-03-28,30.29815,-98.74201,0.2346812
TXS03,2020-03-31,30.29815,-98.74201,0.2141745
TXS03,2020-04-03,30.29815,-98.74201,0.2245613
TXS03,2020-04-05,30.29815,-98.74201,0.3560598
TXS03,2020-04-08,30.29815,-98.74201,0.2450002
TXS03,2020-04-11,30.29815,-98.74201,0.2463753
TXS03,2020-04-13,30.29815,-98.74201,0.2637641
TXS03,2020-04-16,30.29815,-98.74201,0.2112303
TXS03,2020-04-19,30.29815,-98.74201,0.165004
TXS03,2020-04-21,30.29815,-98.74201,0.1669321
TXS03,2020-04-24,30.29815,-98.74201,0.1683598
TXS03,2020-04-27,30.29815,-98.74201,0.1199724
TXS03,2020-04-29,30.29815,-98.74201,0.1457497
TXS03,2020-05-02,30.29815,-98.74201,0.114466
TXS03,2020-05-05,30.29815,-98.74201,0.1202694
TXS03,2020-05-07,30.29815,-98.74201,0.1236694
TXS03,2020-05-10,30.29815,-98.74201,0.1253005
TXS03,2020-05-13,30.29815,-98.74201,0.2495021
TXS03,2020-05-15,30.29815,-98.74201,0.2307887
TXS03,2020-05-18,30.29815,-98.74201,0.2517726
TXS03,2020-05-21,30.29815,-98.74201,0.1948367
TXS03,2020-05-23,30.29815,-98.74201,0.1679642
TXS03,2020-05-29,30.29815,-98.74201,0.2970498
TXS03,2020-05-31,30.29815,-98.74201,0.2564134
TXS03,2020-06-06,30.29815,-98.74201,0.1952244
TXS03,2020-06-08,30.29815,-98.74201,0.167876
TXS03,2020-06-11,30.29815,-98.74201,0.1486618
TXS03,2020-06-14,30.29815,-98.74201,0.1440601
TXS03,2020-06-16,30.29815,-98.74201,0.1299833
TXS03,2020-06-19,30.29815,-98.74201,0.1262149
TXS03,2020-06-22,30.29815,-98.74201,0.1183209
TXS03,2020-06-24,30.29815,-98.74201,0.2149088
TXS03,2020-06-27,30.29815,-98.74201,0.1501595
TXS03,2020-06-30,30.29815,-98.74201,0.1595495
TXS03,2020-07-02,30.29815,-98.74201,0.1546756
TXS03,2020-07-05,30.29815,-98.74201,0.1213524
TXS03,2020-07-08,30.29815,-98.74201,0.1428564
TXS03,2020-07-10,30.29815,-98.74201,0.1288685
TXS03,2020-07-13,30.29815,-98.74201,0.1254242
TXS03,2020-07-16,30.29815,-98.74201,0.1031374
TXS03,2020-07-18,30.29815,-98.74201,0.1208505
TXS03,2020-07-21,30.29815,-98.74201,0.1138834
TXS03,2020-07-24,30.29815,-98.74201,0.0936249
TXS03,2020-07-26,30.29815,-98.74201,0.125834
TXS03,2020-07-29,30.29815,-98.74201,0.1559355
TXS03,2020-08-01,30.29815,-98.74201,0.1864471
TXS03,2020-08-03,30.29815,-98.74201,0.1564038
TXS03,2020-08-06,30.29815,-98.74201,0.1325933
TXS03,2020-08-09,30.29815,-98.74201,0.1202297
TXS03,2020-08-11,30.29815,-98.74201,0.1125171
TXS03,2020-08-14,30.29815,-98.74201,0.1035258
TXS03,2020-08-17,30.29815,-98.74201,0.1192787
TXS03,2020-08-19,30.29815,-98.74201,0.121413
TXS03,2020-08-22,30.29815,-98.74201,0.2009341
TXS03,2020-08-25,30.29815,-98.74201,0.154033
TXS03,2020-08-27,30.29815,-98.74201,0.131599
TXS03,2020-08-30,30.29815,-98.74201,0.1098287
TXS03,2020-09-02,30.29815,-98.74201,0.1414977
TXS03,2020-09-04,30.29815,-98.74201,0.2542888
TXS03,2020-09-07,30.29815,-98.74201,0.2464345
TXS03,2020-09-10,30.29815,-98.74201,0.3609321
TXS03,2020-09-12,30.29815,-98.74201,0.3053384
TXS03,2020-09-15,30.29815,-98.74201,0.2370599
TXS03,2020-09-18,30.29815,-98.74201,0.2182702
TXS03,2020-09-20,30.29815,-98.74201,0.1988197
TXS03,2020-09-23,30.29815,-98.74201,0.1821716
TXS03,2020-09-26,30.29815,-98.74201,0.1583968
TXS03,2020-09-28,30.29815,-98.74201,0.1588628
TXS03,2020-10-01,30.29815,-98.74201,0.1363258
TXS03,2020-10-04,30.29815,-98.74201,0.1335903
TXS03,2020-10-09,30.29815,-98.74201,0.117132
TXS03,2020-10-12,30.29815,-98.74201,0.1236491
TXS03,2020-10-14,30.29815,-98.74201,0.1254569
TXS03,2020-10-17,30.29815,-98.74201,0.1154494
TXS03,2020-10-20,30.29815,-98.74201,0.118574
TXS03,2020-10-22,30.29815,-98.74201,0.123963
TXS03,2020-10-25,30.29815,-98.74201,0.134088
TXS03,2020-10-28,30.29815,-98.74201,0.2601664
TXS03,2020-10-30,30.29815,-98.74201,0.194636
TXS03,2020-11-02,30.29815,-98.74201,0.1591045
TXS03,2020-11-05,30.29815,-98.74201,0.1097339
TXS03,2020-11-07,30.29815,-98.74201,0.1269898
TXS03,2020-11-10,30.29815,-98.74201,0.1113978
TXS03,2020-11-15,30.29815,-98.74201,0.1437242
TXS03,2020-11-18,30.29815,-98.74201,0.1216389
TXS03,2020-11-21,30.29815,-98.74201,0.1151562
TXS03,2020-11-23,30.29815,-98.74201,0.1285898
TXS03,2020-11-26,30.29815,-98.74201,0.1269799
TXS03,2020-11-29,30.29815,-98.74201,0.2677673
TXS03,2020-12-01,30.29815,-98.74201,0.2150958
TXS03,2020-12-04,30.29815,-98.74201,0.1924103
TXS03,2020-12-07,30.29815,-98.74201,0.1881829
TXS03,2020-12-09,30.29815,-98.74201,0.1868079
TXS03,2020-12-12,30.29815,-98.74201,0.1716997
TXS03,2020-12-15,30.29815,-98.74201,0.146052
TXS03,2020-12-17,30.29815,-98.74201,0.1625077
TXS03,2020-12-18,30.29815,-98.74201,0.155324
TXS03,2020-12-20,30.29815,-98.74201,0.2553585
TXS03,2020-12-23,30.29815,-98.74201,0.1768784
TXS03,2020-12-25,30.29815,-98.74201,0.217809
TXS03,2020-12-28,30.29815,-98.74201,0.1497579
TXS03,2020-12-31,30.29815,-98.74201,0.345866
TXS03,2021-01-02,30.29815,-98.74201,0.2541185
TXS03,2021-01-05,30.29815,-98.74201,0.255554
TXS03,2021-01-08,30.29815,-98.74201,0.2318957
TXS03,2021-01-10,30.29815,-98.74201,0.3193377
TXS03,2021-01-13,30.29815,-98.74201,0.2445256
TXS03,2021-01-16,30.29815,-98.74201,0.2189483
TXS03,2021-01-18,30.29815,-98.74201,0.2208931
TXS03,2021-01-21,30.29815,-98.74201,0.260421
TXS03,2021-01-24,30.29815,-98.74201,0.2246185
TXS03,2021-01-26,30.29815,-98.74201,0.2387056
TXS03,2021-01-29,30.29815,-98.74201,0.2088853
TXS03,2021-02-01,30.29815,-98.74201,0.2116411
TXS03,2021-02-03,30.29815,-98.74201,0.1834387
TXS03,2021-02-06,30.29815,-98.74201,0.1728096
TXS03,2021-02-09,30.29815,-98.74201,0.1335598
TXS03,2021-02-11,30.29815,-98.74201,0.1913278
TXS03,2021-02-14,30.29815,-98.74201,0.2646809
TXS03,2021-02-22,30.29815,-98.74201,0.2577355
TXS03,2021-02-25,30.29815,-98.74201,0.2355008
TXS03,2021-02-27,30.29815,-98.74201,0.2317712
TXS03,2021-03-02,30.29815,-98.74201,0.2522541
TXS03,2021-03-05,30.29815,-98.74201,0.2173426
TXS03,2021-03-07,30.29815,-98.74201,0.2011915
TXS03,2021-03-08,30.29815,-98.74201,0.1904947
TXS03,2021-03-10,30.29815,-98.74201,0.1737615
TXS03,2021-03-13,30.29815,-98.74201,0.1393448
TXS03,2021-03-15,30.29815,-98.74201,0.1753848
TXS03,2021-03-18,30.29815,-98.74201,0.182903
TXS03,2021-03-21,30.29815,-98.74201,0.1322819
TXS03,2021-03-23,30.29815,-98.74201,0.291945
TXS03,2021-03-26,30.29815,-98.74201,0.2899754
TXS03,2021-03-29,30.29815,-98.74201,0.1961074
TXS03,2021-03-31,30.29815,-98.74201,0.1687717
TXS03,2021-04-03,30.29815,-98.74201,0.1899733
TXS03,2021-04-06,30.29815,-98.74201,0.1878073
TXS03,2021-04-08,30.29815,-98.74201,0.1502172
TXS03,2021-04-11,30.29815,-98.74201,0.1402479
TXS03,2021-04-14,30.29815,-98.74201,0.1156884
TXS03,2021-04-16,30.29815,-98.74201,0.2670456
TXS03,2021-04-19,30.29815,-98.74201,0.1414303
TXS03,2021-04-22,30.29815,-98.74201,0.1307603
TXS03,2021-04-24,30.29815,-98.74201,0.1536808
TXS03,2021-04-27,30.29815,-98.74201,0.1223052
TXS03,2021-04-30,30.29815,-98.74201,0.2975467
TXS03,2021-05-02,30.29815,-98.74201,0.4094244
TXS03,2021-05-05,30.29815,-98.74201,0.2659445
TXS03,2021-05-08,30.29815,-98.74201,0.1831338
TXS03,2021-05-10,30.29815,-98.74201,0.2156866
TXS03,2021-05-13,30.29815,-98.74201,0.2435221
TXS03,2021-05-16,30.29815,-98.74201,0.2077145
TXS03,2021-05-18,30.29815,-98.74201,0.2341164
TXS03,2021-05-21,30.29815,-98.74201,0.200967
TXS03,2021-05-24,30.29815,-98.74201,0.297427
TXS03,2021-05-26,30.29815,-98.74201,0.2509017
TXS03,2021-05-29,30.29815,-98.74201,0.3419954
TXS03,2021-06-01,30.29815,-98.74201,0.3253795
TXS03,2021-06-03,30.29815,-98.74201,0.3225949
TXS03,2021-06-06,30.29815,-98.74201,0.2811278
TXS03,2021-06-09,30.29815,-98.74201,0.24727
TXS03,2021-06-11,30.29815,-98.74201,0.2080487
TXS03,2021-06-14,30.29815,-98.74201,0.1631048
TXS03,2021-06-17,30.29815,-98.74201,0.1344693
TXS03,2021-06-19,30.29815,-98.74201,0.1148987
TXS03,2021-06-22,30.29815,-98.74201,0.2685858
TXS03,2021-06-25,30.29815,-98.74201,0.1722665
TXS03,2021-06-27,30.29815,-98.74201,0.1438259
TXS03,2021-06-30,30.29815,-98.74201,0.1998759
TXS03,2021-07-03,30.29815,-98.74201,0.1448019
TXS03,2021-07-05,30.29815,-98.74201,0.2235349
TXS03,2021-07-08,30.29815,-98.74201,0.2570508
TXS03,2021-07-11,30.29815,-98.74201,0.2655084
TXS03,2021-07-13,30.29815,-98.74201,0.2391082
TXS03,2021-07-16,30.29815,-98.74201,0.1786165
TXS03,2021-07-19,30.29815,-98.74201,0.1373435
TXS03,2021-07-21,30.29815,-98.74201,0.2011588
TXS03,2021-07-24,30.29815,-98.74201,0.1591403
TXS03,2021-07-27,30.29815,-98.74201,0.1131929
TXS03,2021-07-29,30.29815,-98.74201,0.127055
TXS03,2021-08-01,30.29815,-98.74201,0.1214362
TXS03,2021-08-04,30.29815,-98.74201,0.2069854
TXS03,2021-08-06,30.29815,-98.74201,0.1846395
TXS03,2021-08-09,30.29815,-98.74201,0.1243414
TXS03,2021-08-12,30.29815,-98.74201,0.1088492
TXS03,2021-08-14,30.29815,-98.74201,0.1170127
TXS03,2021-08-17,30.29815,-98.74201,0.1801475
TXS03,2021-08-20,30.29815,-98.74201,0.1522038
TXS03,2021-08-22,30.29815,-98.74201,0.1320775
TXS03,2021-08-25,30.29815,-98.74201,0.1076606
TXS03,2021-08-28,30.29815,-98.74201,0.1374924
TXS03,2021-08-30,30.29815,-98.74201,0.1548539
TXS03,2021-09-02,30.29815,-98.74201,0.1465622
TXS03,2021-09-05,30.29815,-98.74201,0.121656
TXS03,2021-09-07,30.29815,-98.74201,0.1912569
TXS03,2021-09-10,30.29815,-98.74201,0.1552991
TXS03,2021-09-13,30.29815,-98.74201,0.1083124
TXS03,2021-09-15,30.29815,-98.74201,0.117403
TXS03,2021-09-18,30.29815,-98.74201,0.1179191
TXS03,2021-09-21,30.29815,-98.74201,0.1000097
TXS03,2021-09-23,30.29815,-98.74201,0.1311215
TXS03,2021-09-26,30.29815,-98.74201,0.1229993
TXS03,2021-09-29,30.29815,-98.74201,0.3037152
TXS03,2021-10-01,30.29815,-98.74201,0.3567387
TXS03,2021-10-04,30.29815,-98.74201,0.2554632
TXS03,2021-10-07,30.29815,-98.74201,0.2093375
TXS03,2021-10-09,30.29815,-98.74201,0.1755922
TXS03,2021-10-12,30.29815,-98.74201,0.2387499
TXS03,2021-10-15,30.29815,-98.74201,0.282193
TXS03,2021-10-17,30.29815,-98.74201,0.2739671
TXS03,2021-10-20,30.29815,-98.74201,0.1870413
TXS03,2021-10-23,30.29815,-98.74201,0.1965534
TXS03,2021-10-25,30.29815,-98.74201,0.1608185
TXS03,2021-10-28,30.29815,-98.74201,0.2800668
TXS03,2021-10-31,30.29815,-98.74201,0.2051431
TXS03,2021-11-02,30.29815,-98.74201,0.1722345
TXS03,2021-11-05,30.29815,-98.74201,0.2767486
TXS03,2021-11-08,30.29815,-98.74201,0.239318
TXS03,2021-11-10,30.29815,-98.74201,0.2193898
TXS03,2021-11-13,30.29815,-98.74201,0.216659
TXS03,2021-11-16,30.29815,-98.74201,0.1696798
TXS03,2021-11-18,30.29815,-98.74201,0.2053875
TXS03,2021-11-21,30.29815,-98.74201,0.1487232
TXS03,2021-11-24,30.29815,-98.74201,0.1475292
TXS03,2021-11-26,30.29815,-98.74201,0.1687371
TXS03,2021-11-29,30.29815,-98.74201,0.2123497
TXS03,2021-12-02,30.29815,-98.74201,0.1792882
TXS03,2021-12-04,30.29815,-98.74201,0.171879
TXS03,2021-12-07,30.29815,-98.74201,0.1866765
TXS03,2021-12-10,30.29815,-98.74201,0.1369422
TXS03,2021-12-12,30.29815,-98.74201,0.2168965
TXS03,2021-12-15,30.29815,-98.74201,0.1437193
TXS03,2021-12-18,30.29815,-98.74201,0.1685579
TXS03,2021-12-20,30.29815,-98.74201,0.1922695
TXS03,2021-12-23,30.29815,-98.74201,0.1652386
TXS03,2021-12-26,30.29815,-98.74201,0.1608015
TXS03,2021-12-28,30.29815,-98.74201,0.1630423
TXS03,2021-12-31,30.29815,-98.74201,0.1412298
TXS03,2022-01-03,30.29815,-98.74201,0.1412666
TXS03,2022-01-05,30.29815,-98.74201,0.1361589
TXS03,2022-01-08,30.29815,-98.74201,0.102773
TXS03,2022-01-11,30.29815,-98.74201,0.130745
TXS03,2022-01-13,30.29815,-98.74201,0.1588728
TXS03,2022-01-16,30.29815,-98.74201,0.1469875
TXS03,2022-01-19,30.29815,-98.74201,0.1223862
TXS03,2022-01-21,30.29815,-98.74201,0.1317471
TXS03,2022-01-24,30.29815,-98.74201,0.1215831
TXS03,2022-01-27,30.29815,-98.74201,0.1417979
TXS03,2022-02-01,30.29815,-98.74201,0.225536
TXS03,2022-02-04,30.29815,-98.74201,0.1896026
TXS03,2022-02-09,30.29815,-98.74201,0.215383
TXS03,2022-02-12,30.29815,-98.74201,0.219787
TXS03,2022-02-14,30.29815,-98.74201,0.2168269
TXS03,2022-02-17,30.29815,-98.74201,0.1696396
TXS03,2022-02-20,30.29815,-98.74201,0.1559864
TXS03,2022-02-25,30.29815,-98.74201,0.1236489
TXS03,2022-02-28,30.29815,-98.74201,0.1583897
TXS03,2022-03-02,30.29815,-98.74201,0.1547301
TXS03,2022-03-05,30.29815,-98.74201,0.1285121
TXS03,2022-03-08,30.29815,-98.74201,0.1354444
TXS03,2022-03-10,30.29815,-98.74201,0.1310616
TXS03,2022-03-16,30.29815,-98.74201,0.1200036
TXS03,2022-03-18,30.29815,-98.74201,0.1361752
TXS03,2022-03-21,30.29815,-98.74201,0.1270332
TXS03,2022-03-24,30.29815,-98.74201,0.1284923
TXS03,2022-03-26,30.29815,-98.74201,0.1354518
TXS03,2022-03-29,30.29815,-98.74201,0.1094285
TXS03,2022-04-01,30.29815,-98.74201,0.1535729
TXS03,2022-04-03,30.29815,-98.74201,0.1296917
TXS03,2022-04-06,30.29815,-98.74201,0.1295221
TXS03,2022-04-09,30.29815,-98.74201,0.104499
TXS03,2022-04-11,30.29815,-98.74201,0.1245652
TXS03,2022-04-14,30.29815,-98.74201,0.132557
TXS03,2022-04-17,30.29815,-98.74201,0.1196221
TXS03,2022-04-19,30.29815,-98.74201,0.1638246
TXS03,2022-04-22,30.29815,-98.74201,0.162921
TXS03,2022-04-25,30.29815,-98.74201,0.1427036
TXS03,2022-04-27,30.29815,-98.74201,0.2256619
TXS03,2022-04-30,30.29815,-98.74201,0.16644
TXS03,2022-05-03,30.29815,-98.74201,0.1450826
TXS03,2022-05-05,30.29815,-98.74201,0.1582463
TXS03,2022-05-08,30.29815,-98.74201,0.1705098
TXS03,2022-05-11,30.29815,-98.74201,0.1261747
TXS03,2022-05-13,30.29815,-98.74201,0.1236344
TXS03,2022-05-16,30.29815,-98.74201,0.1158328
TXS03,2022-05-19,30.29815,-98.74201,0.1110228
TXS03,2022-05-21,30.29815,-98.74201,0.1240077
TXS03,2022-05-24,30.29815,-98.74201,0.1156786
TXS03,2022-05-27,30.29815,-98.74201,0.2078805
TXS03,2022-05-29,30.29815,-98.74201,0.1581547
TXS03,2022-06-01,30.29815,-98.74201,0.121922
TXS03,2022-06-04,30.29815,-98.74201,0.3040088
TXS03,2022-06-06,30.29815,-98.74201,0.1673265
TXS03,2022-06-09,30.29815,-98.74201,0.1189242
TXS03,2022-06-12,30.29815,-98.74201,0.1142327
TXS03,2022-06-14,30.29815,-98.74201,0.1201495
TXS03,2022-06-17,30.29815,-98.74201,0.1107575
TXS03,2022-06-20,30.29815,-98.74201,0.1056881
TXS03,2022-06-22,30.29815,-98.74201,0.1170643
TXS03,2022-06-25,30.29815,-98.74201,0.1210408
TXS03,2022-06-28,30.29815,-98.74201,0.1868241
TXS03,2022-06-30,30.29815,-98.74201,0.1506676
TXS03,2022-07-03,30.29815,-98.74201,0.1276037
TXS03,2022-07-06,30.29815,-98.74201,0.1124095
TXS03,2022-07-08,30.29815,-98.74201,0.1205866
TXS03,2022-07-11,30.29815,-98.74201,0.1516785
TXS03,2022-07-14,30.29815,-98.74201,0.1523343
TXS03,2022-07-16,30.29815,-98.74201,0.2492745
TXS03,2022-07-19,30.29815,-98.74201,0.1530129
TXS03,2022-07-22,30.29815,-98.74201,0.1204952
TXS03,2022-07-24,30.29815,-98.74201,0.1230505
TXS03,2022-07-27,30.29815,-98.74201,0.1215115
TXS03,2022-07-30,30.29815,-98.74201,0.1198701
TXS03,2022-08-01,30.29815,-98.74201,0.1138114
TXS03,2022-08-04,30.29815,-98.74201,0.1144494
TXS03,2022-09-24,30.29815,-98.74201,0.1178751
TXS03,2022-09-27,30.29815,-98.74201,0.1368635
TXS03,2022-09-29,30.29815,-98.74201,0.1216091
TXS03,2022-10-02,30.29815,-98.74201,0.1177167
TXS03,2022-10-05,30.29815,-98.74201,0.1116713
TXS03,2022-10-07,30.29815,-98.74201,0.1156974
TXS03,2022-10-10,30.29815,-98.74201,0.1175418
TXS03,2022-10-13,30.29815,-98.74201,0.1158664
TXS03,2022-10-15,30.29815,-98.74201,0.1090273
TXS03,2022-10-18,30.29815,-98.74201,0.1960382
TXS03,2022-10-21,30.29815,-98.74201,0.1300878
TXS03,2022-10-23,30.29815,-98.74201,0.1216144
TXS03,2022-10-26,30.29815,-98.74201,0.1749193
TXS03,2022-10-29,30.29815,-98.74201,0.2575778
TXS03,2022-10-31,30.29815,-98.74201,0.1972197
TXS03,2022-11-03,30.29815,-98.74201,0.1511454
TXS03,2022-11-06,30.29815,-98.74201,0.151951
TXS03,2022-11-08,30.29815,-98.74201,0.1889915
TXS03,2022-11-11,30.29815,-98.74201,0.1561281
TXS03,2022-11-14,30.29815,-98.74201,0.2280313
TXS03,2022-11-19,30.29815,-98.74201,0.1861748
TXS03,2022-11-22,30.29815,-98.74201,0.2547188
TXS03,2022-11-24,30.29815,-98.74201,0.2763953
TXS03,2022-11-27,30.29815,-98.74201,0.2941325
TXS03,2022-11-30,30.29815,-98.74201,0.2623524
TXS03,2022-12-02,30.29815,-98.74201,0.245543
TXS03,2022-12-05,30.29815,-98.74201,0.2209759
TXS03,2022-12-08,30.29815,-98.74201,0.2372556
TXS03,2022-12-10,30.29815,-98.74201,0.2227314
TXS03,2022-12-13,30.29815,-98.74201,0.2086659
TXS03,2022-12-16,30.29815,-98.74201,0.2038109
TXS03,2022-12-18,30.29815,-98.74201,0.183616
TXS03,2022-12-21,30.29815,-98.74201,0.2270068
TXS03,2022-12-24,30.29815,-98.74201,0.1726803
TXS03,2022-12-26,30.29815,-98.74201,0.1914925
TXS03,2022-12-29,30.29815,-98.74201,0.1612441
TXS03,2023-01-01,30.29815,-98.74201,0.1806197
TXS03,2023-01-03,30.29815,-98.74201,0.1858462
TXS03,2023-01-06,30.29815,-98.74201,0.1532113
TXS03,2023-01-09,30.29815,-98.74201,0.1540791
TXS03,2023-01-11,30.29815,-98.74201,0.1415595
TXS03,2023-01-14,30.29815,-98.74201,0.1424155
TXS03,2023-01-17,30.29815,-98.74201,0.1293166
TXS03,2023-01-19,30.29815,-98.74201,0.1418071
TXS03,2023-01-22,30.29815,-98.74201,0.1320327
TXS03,2023-01-25,30.29815,-98.74201,0.2680261
TXS03,2023-01-27,30.29815,-98.74201,0.2385335
TXS03,2023-01-30,30.29815,-98.74201,0.2394476
TXS03,2023-02-02,30.29815,-98.74201,0.3066316
TXS03,2023-02-04,30.29815,-98.74201,0.2402693
TXS03,2023-02-07,30.29815,-98.74201,0.2342903
TXS03,2023-02-10,30.29815,-98.74201,0.2627578
TXS03,2023-02-12,30.29815,-98.74201,0.2350833
TXS03,2023-02-15,30.29815,-98.74201,0.2049372
TXS03,2023-02-18,30.29815,-98.74201,0.1847132
TXS03,2023-02-20,30.29815,-98.74201,0.1684483
TXS03,2023-02-23,30.29815,-98.74201,0.1667068
TXS03,2023-02-26,30.29815,-98.74201,0.1320508
TXS03,2023-02-28,30.29815,-98.74201,0.14215
TXS03,2023-03-03,30.29815,-98.74201,0.2731583
TXS03,2023-03-06,30.29815,-98.74201,0.1700374
TXS03,2023-03-08,30.29815,-98.74201,0.1654878
TXS03,2023-03-11,30.29815,-98.74201,0.1408668
TXS03,2023-03-14,30.29815,-98.74201,0.1266267
TXS03,2023-03-16,30.29815,-98.74201,0.1166985
TXS03,2023-03-19,30.29815,-98.74201,0.1408649
TXS03,2023-03-22,30.29815,-98.74201,0.1253746
TXS03,2023-03-24,30.29815,-98.74201,0.1507994
TXS03,2023-03-27,30.29815,-98.74201,0.1187838
TXS03,2023-03-30,30.29815,-98.74201,0.1310901
TXS03,2023-04-01,30.29815,-98.74201,0.1577969
TXS03,2023-04-04,30.29815,-98.74201,0.1134653
TXS03,2023-04-07,30.29815,-98.74201,0.2640244
TXS03,2023-04-09,30.29815,-98.74201,0.247171
TXS03,2023-04-12,30.29815,-98.74201,0.1935264
TXS03,2023-04-15,30.29815,-98.74201,0.1525269
TXS03,2023-04-17,30.29815,-98.74201,0.1386293
TXS03,2023-04-20,30.29815,-98.74201,0.1261494
TXS03,2023-04-23,30.29815,-98.74201,0.2658567
TXS03,2023-04-25,30.29815,-98.74201,0.2099337
TXS03,2023-04-28,30.29815,-98.74201,0.1948555
TXS03,2023-05-01,30.29815,-98.74201,0.1789103
TXS03,2023-05-06,30.29815,-98.74201,0.147963
TXS03,2023-05-09,30.29815,-98.74201,0.2630117
TXS03,2023-05-11,30.29815,-98.74201,0.2230613
TXS03,2023-05-14,30.29815,-98.74201,0.3275253
TXS03,2023-05-17,30.29815,-98.74201,0.281447
TXS03,2023-05-19,30.29815,-98.74201,0.2331449
TXS03,2023-05-22,30.29815,-98.74201,0.2851792
TXS03,2023-05-25,30.29815,-98.74201,0.2768888
TXS03,2023-05-27,30.29815,-98.74201,0.252869
TXS03,2023-05-30,30.29815,-98.74201,0.2693603
TXS03,2023-06-02,30.29815,-98.74201,0.1722903
TXS03,2023-06-04,30.29815,-98.74201,0.2461356
TXS03,2023-06-07,30.29815,-98.74201,0.1772932
TXS03,2023-06-10,30.29815,-98.74201,0.2496765
TXS03,2023-06-12,30.29815,-98.74201,0.1720295
TXS03,2023-06-18,30.29815,-98.74201,0.162422
TXS03,2023-06-20,30.29815,-98.74201,0.1443499
TXS03,2023-06-23,30.29815,-98.74201,0.2373355
TXS03,2023-06-26,30.29815,-98.74201,0.1259053
TXS03,2023-06-28,30.29815,-98.74201,0.1224263
TXS03,2023-07-04,30.29815,-98.74201,0.1190904
TXS03,2023-07-06,30.29815,-98.74201,0.1160643
TXS03,2023-07-09,30.29815,-98.74201,0.1095178
TXS03,2023-07-12,30.29815,-98.74201,0.0989939
TXS03,2023-07-14,30.29815,-98.74201,0.1101493
TXS03,2023-07-20,30.29815,-98.74201,0.1082915
TXS03,2023-07-22,30.29815,-98.74201,0.1051279
TXS03,2023-07-25,30.29815,-98.74201,0.114466
TXS03,2023-07-28,30.29815,-98.74201,0.101047
TXS03,2023-07-30,30.29815,-98.74201,0.1134503
TXS03,2023-08-02,30.29815,-98.74201,0.1232981
TXS03,2023-08-05,30.29815,-98.74201,0.1089743
TXS03,2023-08-07,30.29815,-98.74201,0.1126263
TXS03,2023-08-10,30.29815,-98.74201,0.1074115
TXS03,2023-08-13,30.29815,-98.74201,0.1022429
TXS03,2023-08-15,30.29815,-98.74201,0.1148888
TXS03,2023-08-18,30.29815,-98.74201,0.1213359
TXS03,2023-08-21,30.29815,-98.74201,0.1060652
TXS03,2023-08-23,30.29815,-98.74201,0.1486153
TXS03,2023-08-26,30.29815,-98.74201,0.1214951
TXS03,2023-08-29,30.29815,-98.74201,0.1304456
TXS03,2023-08-31,30.29815,-98.74201,0.1200542
TXS03,2023-09-03,30.29815,-98.74201,0.1176183
TXS03,2023-09-06,30.29815,-98.74201,0.0963534
TXS03,2023-09-08,30.29815,-98.74201,0.1176912
TXS03,2023-09-11,30.29815,-98.74201,0.148402
TXS03,2023-09-14,30.29815,-98.74201,0.2661751
TXS03,2023-09-16,30.29815,-98.74201,0.2465958
TXS03,2023-09-19,30.29815,-98.74201,0.2004284
TXS03,2023-09-22,30.29815,-98.74201,0.1464791
TXS03,2023-09-24,30.29815,-98.74201,0.1308907
TXS03,2023-09-27,30.29815,-98.74201,0.2094953
TXS03,2023-09-30,30.29815,-98.74201,0.1563547
TXS03,2023-10-02,30.29815,-98.74201,0.1577484
TXS03,2023-10-05,30.29815,-98.74201,0.3838403
TXS03,2023-10-08,30.29815,-98.74201,0.2370503
TXS03,2023-10-10,30.29815,-98.74201,0.182168
TXS03,2023-10-13,30.29815,-98.74201,0.1557019
TXS03,2023-10-16,30.29815,-98.74201,0.1439268
TXS03,2023-10-18,30.29815,-98.74201,0.1333007
TXS03,2023-10-21,30.29815,-98.74201,0.1368653
TXS03,2023-10-24,30.29815,-98.74201,0.1591528
TXS03,2023-10-26,30.29815,-98.74201,0.3593446
TXS03,2023-10-29,30.29815,-98.74201,0.3032501
TXS03,2023-11-01,30.29815,-98.74201,0.294255
TXS03,2023-11-03,30.29815,-98.74201,0.243704
TXS03,2023-11-06,30.29815,-98.74201,0.1999971
TXS03,2023-11-09,30.29815,-98.74201,0.1827225
TXS03,2023-11-11,30.29815,-98.74201,0.3107316
TXS03,2023-11-14,30.29815,-98.74201,0.3129646
TXS03,2023-11-17,30.29815,-98.74201,0.2664834
TXS03,2023-11-19,30.29815,-98.74201,0.2467192
TXS03,2023-11-22,30.29815,-98.74201,0.2545393
TXS03,2023-11-25,30.29815,-98.74201,0.2043893
TXS03,2023-11-27,30.29815,-98.74201,0.2256516
TXS03,2023-11-30,30.29815,-98.74201,0.2124908
TXS03,2023-12-03,30.29815,-98.74201,0.1952542
TXS03,2023-12-05,30.29815,-98.74201,0.197967
TXS03,2023-12-08,30.29815,-98.74201,0.1615219
TXS03,2023-12-11,30.29815,-98.74201,0.1609022
TXS03,2023-12-13,30.29815,-98.74201,0.1502415
TXS03,2023-12-16,30.29815,-98.74201,0.2626315
TXS03,2023-12-19,30.29815,-98.74201,0.2153386
TXS03,2023-12-21,30.29815,-98.74201,0.1994185
TXS03,2023-12-24,30.29815,-98.74201,0.3454
TXS03,2023-12-27,30.29815,-98.74201,0.2734239
TXS03,2023-12-29,30.29815,-98.74201,0.2697635
TXS04,2015-04-03,30.3654,-98.6125,0.1456178
TXS04,2015-04-06,30.3654,-98.6125,0.1271636
TXS04,2015-04-08,30.3654,-98.6125,0.1314534
TXS04,2015-04-11,30.3654,-98.6125,0.1954402
TXS04,2015-04-14,30.3654,-98.6125,0.2058766
TXS04,2015-04-16,30.3654,-98.6125,0.1518074
TXS04,2015-04-19,30.3654,-98.6125,0.3190851
TXS04,2015-04-22,30.3654,-98.6125,0.1990332
TXS04,2015-04-24,30.3654,-98.6125,0.3554723
TXS04,2015-04-27,30.3654,-98.6125,0.296639
TXS04,2015-05-05,30.3654,-98.6125,0.1244573
TXS04,2015-05-08,30.3654,-98.6125,0.1792857
TXS04,2015-05-10,30.3654,-98.6125,0.2020711
TXS04,2015-05-16,30.3654,-98.6125,0.2710851
TXS04,2015-05-18,30.3654,-98.6125,0.2675309
TXS04,2015-05-21,30.3654,-98.6125,0.3229256
TXS04,2015-05-24,30.3654,-98.6125,0.3731223
TXS04,2015-05-26,30.3654,-98.6125,0.3124678
TXS04,2015-05-29,30.3654,-98.6125,0.4015265
TXS04,2015-06-01,30.3654,-98.6125,0.2771802
TXS04,2015-06-03,30.3654,-98.6125,0.2472544
TXS04,2015-06-06,30.3654,-98.6125,0.1745111
TXS04,2015-06-09,30.3654,-98.6125,0.1553409
TXS04,2015-06-11,30.3654,-98.6125,0.1303745
TXS04,2015-06-14,30.3654,-98.6125,0.1415249
TXS04,2015-06-19,30.3654,-98.6125,0.2306845
TXS04,2015-06-25,30.3654,-98.6125,0.1649297
TXS04,2015-06-27,30.3654,-98.6125,0.1654361
TXS04,2015-06-30,30.3654,-98.6125,0.1775753
TXS04,2015-07-03,30.3654,-98.6125,0.1634736
TXS04,2015-07-05,30.3654,-98.6125,0.1295469
TXS04,2015-07-08,30.3654,-98.6125,0.1166474
TXS04,2015-07-11,30.3654,-98.6125,0.1069324
TXS04,2015-07-13,30.3654,-98.6125,0.1109408
TXS04,2015-07-16,30.3654,-98.6125,0.1190433
TXS04,2015-07-19,30.3654,-98.6125,0.1038917
TXS04,2015-07-21,30.3654,-98.6125,0.1062827
TXS04,2015-07-24,30.3654,-98.6125,0.102898
TXS04,2015-07-29,30.3654,-98.6125,0.1122328
TXS04,2015-07-30,30.3654,-98.6125,0.0966917
TXS04,2015-08-01,30.3654,-98.6125,0.163914
TXS04,2015-08-04,30.3654,-98.6125,0.1124313
TXS04,2015-08-06,30.3654,-98.6125,0.1224773
TXS04,2015-08-09,30.3654,-98.6125,0.1156817
TXS04,2015-08-14,30.3654,-98.6125,0.131311
TXS04,2015-08-17,30.3654,-98.6125,0.134661
TXS04,2015-08-20,30.3654,-98.6125,0.0982828
TXS04,2015-08-22,30.3654,-98.6125,0.1226477
TXS04,2015-08-25,30.3654,-98.6125,0.1170207
TXS04,2015-08-28,30.3654,-98.6125,0.1173745
TXS04,2015-08-30,30.3654,-98.6125,0.0978061
TXS04,2015-09-02,30.3654,-98.6125,0.1308632
TXS04,2015-09-05,30.3654,-98.6125,0.1169525
TXS04,2015-09-07,30.3654,-98.6125,0.1134346
TXS04,2015-09-10,30.3654,-98.6125,0.1461471
TXS04,2015-09-13,30.3654,-98.6125,0.1518227
TXS04,2015-09-15,30.3654,-98.6125,0.1251635
TXS04,2015-09-18,30.3654,-98.6125,0.1360183
TXS04,2015-09-21,30.3654,-98.6125,0.1188932
TXS04,2015-09-23,30.3654,-98.6125,0.1264604
TXS04,2015-09-26,30.3654,-98.6125,0.1167041
TXS04,2015-09-29,30.3654,-98.6125,0.1164324
TXS04,2015-10-01,30.3654,-98.6125,0.1315129
TXS04,2015-10-04,30.3654,-98.6125,0.1181894
TXS04,2015-10-07,30.3654,-98.6125,0.1229311
TXS04,2015-10-09,30.3654,-98.6125,0.1348546
TXS04,2015-10-12,30.3654,-98.6125,0.1135386
TXS04,2015-10-15,30.3654,-98.6125,0.1139181
TXS04,2015-10-17,30.3654,-98.6125,0.1229972
TXS04,2015-10-20,30.3654,-98.6125,0.1165094
TXS04,2015-10-28,30.3654,-98.6125,0.2707932
TXS04,2015-10-31,30.3654,-98.6125,0.350083
TXS04,2015-11-02,30.3654,-98.6125,0.3425124
TXS04,2015-11-05,30.3654,-98.6125,0.2907183
TXS04,2015-11-08,30.3654,-98.6125,0.2742228
TXS04,2015-11-10,30.3654,-98.6125,0.2842194
TXS04,2015-11-13,30.3654,-98.6125,0.2509002
TXS04,2015-11-16,30.3654,-98.6125,0.2182329
TXS04,2015-11-18,30.3654,-98.6125,0.3067943
TXS04,2015-11-21,30.3654,-98.6125,0.235279
TXS04,2015-11-24,30.3654,-98.6125,0.1969016
TXS04,2015-11-26,30.3654,-98.6125,0.1898641
TXS04,2015-11-29,30.3654,-98.6125,0.3426135
TXS04,2015-12-02,30.3654,-98.6125,0.2939345
TXS04,2015-12-04,30.3654,-98.6125,0.2637067
TXS04,2015-12-07,30.3654,-98.6125,0.2611191
TXS04,2015-12-10,30.3654,-98.6125,0.2466619
TXS04,2015-12-12,30.3654,-98.6125,0.2273707
TXS04,2015-12-18,30.3654,-98.6125,0.2642654
TXS04,2015-12-20,30.3654,-98.6125,0.2292582
TXS04,2015-12-23,30.3654,-98.6125,0.251586
TXS04,2015-12-26,30.3654,-98.6125,0.221107
TXS04,2015-12-28,30.3654,-98.6125,0.3046745
TXS04,2015-12-31,30.3654,-98.6125,0.2755698
TXS04,2016-01-03,30.3654,-98.6125,0.2807066
TXS04,2016-01-05,30.3654,-98.6125,0.2849574
TXS04,2016-01-08,30.3654,-98.6125,0.2966908
TXS04,2016-01-11,30.3654,-98.6125,0.2719128
TXS04,2016-01-13,30.3654,-98.6125,0.2482523
TXS04,2016-01-16,30.3654,-98.6125,0.2606381
TXS04,2016-01-19,30.3654,-98.6125,0.1990839
TXS04,2016-01-21,30.3654,-98.6125,0.2072977
TXS04,2016-01-24,30.3654,-98.6125,0.2026705
TXS04,2016-01-27,30.3654,-98.6125,0.2049013
TXS04,2016-01-29,30.3654,-98.6125,0.1937007
TXS04,2016-02-01,30.3654,-98.6125,0.1872278
TXS04,2016-02-04,30.3654,-98.6125,0.1657744
TXS04,2016-02-06,30.3654,-98.6125,0.1745632
TXS04,2016-02-09,30.3654,-98.6125,0.1537628
TXS04,2016-02-12,30.3654,-98.6125,0.1528054
TXS04,2016-02-14,30.3654,-98.6125,0.1458163
TXS04,2016-02-17,30.3654,-98.6125,0.1547047
TXS04,2016-02-20,30.3654,-98.6125,0.1235806
TXS04,2016-02-22,30.3654,-98.6125,0.1757898
TXS04,2016-02-25,30.3654,-98.6125,0.2640052
TXS04,2016-02-28,30.3654,-98.6125,0.2035201
TXS04,2016-03-01,30.3654,-98.6125,0.1939786
TXS04,2016-03-04,30.3654,-98.6125,0.1755752
TXS04,2016-03-07,30.3654,-98.6125,0.1410324
TXS04,2016-03-09,30.3654,-98.6125,0.3423885
TXS04,2016-03-12,30.3654,-98.6125,0.3474251
TXS04,2016-03-15,30.3654,-98.6125,0.2479703
TXS04,2016-03-17,30.3654,-98.6125,0.2281608
TXS04,2016-03-20,30.3654,-98.6125,0.2407241
TXS04,2016-03-23,30.3654,-98.6125,0.1858095
TXS04,2016-03-25,30.3654,-98.6125,0.2274519
TXS04,2016-03-28,30.3654,-98.6125,0.1825563
TXS04,2016-03-31,30.3654,-98.6125,0.1744524
TXS04,2016-04-02,30.3654,-98.6125,0.2521766
TXS04,2016-04-05,30.3654,-98.6125,0.1855312
TXS04,2016-04-08,30.3654,-98.6125,0.1429788
TXS04,2016-04-10,30.3654,-98.6125,0.1439871
TXS04,2016-04-13,30.3654,-98.6125,0.3057936
TXS04,2016-04-16,30.3654,-98.6125,0.2210148
TXS04,2016-04-18,30.3654,-98.6125,0.2866418
TXS04,2016-04-21,30.3654,-98.6125,0.3458726
TXS04,2016-04-24,30.3654,-98.6125,0.2131971
TXS04,2016-04-26,30.3654,-98.6125,0.1991087
TXS04,2016-04-29,30.3654,-98.6125,0.2310215
TXS04,2016-05-04,30.3654,-98.6125,0.2002042
TXS04,2016-05-07,30.3654,-98.6125,0.1452031
TXS04,2016-05-10,30.3654,-98.6125,0.13784
TXS04,2016-05-12,30.3654,-98.6125,0.1509124
TXS04,2016-05-15,30.3654,-98.6125,0.1976576
TXS04,2016-05-18,30.3654,-98.6125,0.2775466
TXS04,2016-05-20,30.3654,-98.6125,0.3121003
TXS04,2016-05-23,30.3654,-98.6125,0.2316679
TXS04,2016-05-26,30.3654,-98.6125,0.2112436
TXS04,2016-05-28,30.3654,-98.6125,0.2792789
TXS04,2016-05-31,30.3654,-98.6125,0.262554
TXS04,2016-06-03,30.3654,-98.6125,0.2951159
TXS04,2016-06-05,30.3654,-98.6125,0.2822708
TXS04,2016-06-08,30.3654,-98.6125,0.2000094
TXS04,2016-06-11,30.3654,-98.6125,0.1681633
TXS04,2016-06-13,30.3654,-98.6125,0.1566522
TXS04,2016-06-16,30.3654,-98.6125,0.1353545
TXS04,2016-06-19,30.3654,-98.6125,0.1328177
TXS04,2016-06-21,30.3654,-98.6125,0.1433268
TXS04,2016-06-24,30.3654,-98.6125,0.1171088
TXS04,2016-06-27,30.3654,-98.6125,0.1300258
TXS04,2016-06-29,30.3654,-98.6125,0.1459512
TXS04,2016-07-02,30.3654,-98.6125,0.1155238
TXS04,2016-07-05,30.3654,-98.6125,0.1008273
TXS04,2016-07-07,30.3654,-98.6125,0.1162313
TXS04,2016-07-10,30.3654,-98.6125,0.1089403
TXS04,2016-07-13,30.3654,-98.6125,0.1101446
TXS04,2016-07-15,30.3654,-98.6125,0.1138595
TXS04,2016-07-18,30.3654,-98.6125,0.1079447
TXS04,2016-07-21,30.3654,-98.6125,0.1043502
TXS04,2016-07-23,30.3654,-98.6125,0.1128408
TXS04,2016-07-26,30.3654,-98.6125,0.2376273
TXS04,2016-07-29,30.3654,-98.6125,0.1519335
TXS04,2016-07-31,30.3654,-98.6125,0.124706
TXS04,2016-08-03,30.3654,-98.6125,0.1136534
TXS04,2016-08-06,30.3654,-98.6125,0.1101248
TXS04,2016-08-08,30.3654,-98.6125,0.1039646
TXS04,2016-08-11,30.3654,-98.6125,0.1103324
TXS04,2016-08-14,30.3654,-98.6125,0.2801144
TXS04,2016-08-16,30.3654,-98.6125,0.2978506
TXS04,2016-08-19,30.3654,-98.6125,0.277792
TXS04,2016-08-22,30.3654,-98.6125,0.2784245
TXS04,2016-08-24,30.3654,-98.6125,0.239379
TXS04,2016-08-27,30.3654,-98.6125,0.2029787
TXS04,2016-08-30,30.3654,-98.6125,0.1579523
TXS04,2016-09-01,30.3654,-98.6125,0.1763115
TXS04,2016-09-04,30.3654,-98.6125,0.1844117
TXS04,2016-09-07,30.3654,-98.6125,0.1660023
TXS04,2016-09-09,30.3654,-98.6125,0.1349151
TXS04,2016-09-12,30.3654,-98.6125,0.1430648
TXS04,2016-09-15,30.3654,-98.6125,0.1219019
TXS04,2016-09-17,30.3654,-98.6125,0.1217556
TXS04,2016-09-20,30.3654,-98.6125,0.104941
TXS04,2016-09-23,30.3654,-98.6125,0.1037356
TXS04,2016-09-25,30.3654,-98.6125,0.1861494
TXS04,2016-10-01,30.3654,-98.6125,0.205107
TXS04,2016-10-03,30.3654,-98.6125,0.1771563
TXS04,2016-10-06,30.3654,-98.6125,0.1354468
TXS04,2016-10-09,30.3654,-98.6125,0.1469067
TXS04,2016-10-11,30.3654,-98.6125,0.1343946
TXS04,2016-10-14,30.3654,-98.6125,0.1326079
TXS04,2016-10-17,30.3654,-98.6125,0.1243396
TXS04,2016-10-19,30.3654,-98.6125,0.1260151
TXS04,2016-10-22,30.3654,-98.6125,0.143714
TXS04,2016-10-25,30.3654,-98.6125,0.1292841
TXS04,2016-10-27,30.3654,-98.6125,0.1207872
TXS04,2016-10-30,30.3654,-98.6125,0.1042926
TXS04,2016-11-02,30.3654,-98.6125,0.1030248
TXS04,2016-11-04,30.3654,-98.6125,0.2698764
TXS04,2016-11-07,30.3654,-98.6125,0.3071508
TXS04,2016-11-10,30.3654,-98.6125,0.3466536
TXS04,2016-11-12,30.3654,-98.6125,0.3066194
TXS04,2016-11-15,30.3654,-98.6125,0.2754867
TXS04,2016-11-18,30.3654,-98.6125,0.2215839
TXS04,2016-11-20,30.3654,-98.6125,0.2345323
TXS04,2016-11-23,30.3654,-98.6125,0.2569731
TXS04,2016-11-26,30.3654,-98.6125,0.2294982
TXS04,2016-11-28,30.3654,-98.6125,0.1929148
TXS04,2016-12-01,30.3654,-98.6125,0.1957175
TXS04,2016-12-04,30.3654,-98.6125,0.295259
TXS04,2016-12-06,30.3654,-98.6125,0.3174942
TXS04,2016-12-09,30.3654,-98.6125,0.2545071
TXS04,2016-12-12,30.3654,-98.6125,0.2724421
TXS04,2016-12-14,30.3654,-98.6125,0.2769567
TXS04,2016-12-17,30.3654,-98.6125,0.240173
TXS04,2016-12-20,30.3654,-98.6125,0.224755
TXS04,2016-12-22,30.3654,-98.6125,0.2305315
TXS04,2016-12-25,30.3654,-98.6125,0.2275911
TXS04,2016-12-28,30.3654,-98.6125,0.2085391
TXS04,2016-12-30,30.3654,-98.6125,0.236521
TXS04,2017-01-02,30.3654,-98.6125,0.3085057
TXS04,2017-01-05,30.3654,-98.6125,0.21512
TXS04,2017-01-07,30.3654,-98.6125,0.1952875
TXS04,2017-01-10,30.3654,-98.6125,0.1865147
TXS04,2017-01-13,30.3654,-98.6125,0.1920713
TXS04,2017-01-15,30.3654,-98.6125,0.2198539
TXS04,2017-01-18,30.3654,-98.6125,0.2905979
TXS04,2017-01-21,30.3654,-98.6125,0.2605771
TXS04,2017-01-23,30.3654,-98.6125,0.2583241
TXS04,2017-01-26,30.3654,-98.6125,0.2340919
TXS04,2017-01-29,30.3654,-98.6125,0.2022215
TXS04,2017-01-31,30.3654,-98.6125,0.2067034
TXS04,2017-02-03,30.3654,-98.6125,0.1806317
TXS04,2017-02-06,30.3654,-98.6125,0.1671329
TXS04,2017-02-08,30.3654,-98.6125,0.1972704
TXS04,2017-02-11,30.3654,-98.6125,0.15207
TXS04,2017-02-14,30.3654,-98.6125,0.3907244
TXS04,2017-02-16,30.3654,-98.6125,0.2830227
TXS04,2017-02-19,30.3654,-98.6125,0.2245257
TXS04,2017-02-22,30.3654,-98.6125,0.2598291
TXS04,2017-02-24,30.3654,-98.6125,0.2622325
TXS04,2017-02-27,30.3654,-98.6125,0.1966801
TXS04,2017-03-02,30.3654,-98.6125,0.1946698
TXS04,2017-03-04,30.3654,-98.6125,0.1784813
TXS04,2017-03-07,30.3654,-98.6125,0.2543734
TXS04,2017-03-10,30.3654,-98.6125,0.2234003
TXS04,2017-03-12,30.3654,-98.6125,0.2735136
TXS04,2017-03-15,30.3654,-98.6125,0.2126008
TXS04,2017-03-18,30.3654,-98.6125,0.1886006
TXS04,2017-03-20,30.3654,-98.6125,0.1841177
TXS04,2017-03-23,30.3654,-98.6125,0.1562204
TXS04,2017-03-26,30.3654,-98.6125,0.1460284
TXS04,2017-03-28,30.3654,-98.6125,0.1374304
TXS04,2017-03-31,30.3654,-98.6125,0.1920106
TXS04,2017-04-03,30.3654,-98.6125,0.2933247
TXS04,2017-04-05,30.3654,-98.6125,0.2370172
TXS04,2017-04-08,30.3654,-98.6125,0.1701089
TXS04,2017-04-11,30.3654,-98.6125,0.2053161
TXS04,2017-04-13,30.3654,-98.6125,0.215425
TXS04,2017-04-16,30.3654,-98.6125,0.1973124
TXS04,2017-04-19,30.3654,-98.6125,0.1767149
TXS04,2017-04-21,30.3654,-98.6125,0.1445866
TXS04,2017-04-24,30.3654,-98.6125,0.1398995
TXS04,2017-04-27,30.3654,-98.6125,0.1283654
TXS04,2017-04-29,30.3654,-98.6125,0.1159364
TXS04,2017-05-02,30.3654,-98.6125,0.1371426
TXS04,2017-05-05,30.3654,-98.6125,0.1150478
TXS04,2017-05-07,30.3654,-98.6125,0.114144
TXS04,2017-05-10,30.3654,-98.6125,0.1443609
TXS04,2017-05-13,30.3654,-98.6125,0.1306895
TXS04,2017-05-15,30.3654,-98.6125,0.1210241
TXS04,2017-05-18,30.3654,-98.6125,0.1559372
TXS04,2017-05-21,30.3654,-98.6125,0.2405832
TXS04,2017-05-23,30.3654,-98.6125,0.2640424
TXS04,2017-05-26,30.3654,-98.6125,0.1799922
TXS04,2017-05-29,30.3654,-98.6125,0.250641
TXS04,2017-05-31,30.3654,-98.6125,0.210978
TXS04,2017-06-03,30.3654,-98.6125,0.1875326
TXS04,2017-06-06,30.3654,-98.6125,0.2344745
TXS04,2017-06-08,30.3654,-98.6125,0.179887
TXS04,2017-06-11,30.3654,-98.6125,0.1332964
TXS04,2017-06-14,30.3654,-98.6125,0.1172619
TXS04,2017-06-16,30.3654,-98.6125,0.1144235
TXS04,2017-06-19,30.3654,-98.6125,0.1179929
TXS04,2017-06-22,30.3654,-98.6125,0.1290502
TXS04,2017-06-24,30.3654,-98.6125,0.1109312
TXS04,2017-06-27,30.3654,-98.6125,0.2769477
TXS04,2017-06-30,30.3654,-98.6125,0.1685881
TXS04,2017-07-02,30.3654,-98.6125,0.1744911
TXS04,2017-07-05,30.3654,-98.6125,0.1463332
TXS04,2017-07-08,30.3654,-98.6125,0.1200357
TXS04,2017-07-10,30.3654,-98.6125,0.1410294
TXS04,2017-07-13,30.3654,-98.6125,0.1126842
TXS04,2017-07-16,30.3654,-98.6125,0.1293839
TXS04,2017-07-18,30.3654,-98.6125,0.16228
TXS04,2017-07-21,30.3654,-98.6125,0.1139299
TXS04,2017-07-24,30.3654,-98.6125,0.2392095
TXS04,2017-07-26,30.3654,-98.6125,0.198167
TXS04,2017-07-29,30.3654,-98.6125,0.1258982
TXS04,2017-08-01,30.3654,-98.6125,0.1276719
TXS04,2017-08-03,30.3654,-98.6125,0.1718011
TXS04,2017-08-06,30.3654,-98.6125,0.1305297
TXS04,2017-08-09,30.3654,-98.6125,0.261074
TXS04,2017-08-11,30.3654,-98.6125,0.2225434
TXS04,2017-08-14,30.3654,-98.6125,0.1506052
TXS04,2017-08-17,30.3654,-98.6125,0.1239536
TXS04,2017-08-19,30.3654,-98.6125,0.1112887
TXS04,2017-08-22,30.3654,-98.6125,0.1190291
TXS04,2017-08-25,30.3654,-98.6125,0.1303832
TXS04,2017-08-27,30.3654,-98.6125,0.2897006
TXS04,2017-08-30,30.3654,-98.6125,0.2165133
TXS04,2017-09-02,30.3654,-98.6125,0.1430288
TXS04,2017-09-04,30.3654,-98.6125,0.1343993
TXS04,2017-09-07,30.3654,-98.6125,0.1297747
TXS04,2017-09-10,30.3654,-98.6125,0.1121856
TXS04,2017-09-12,30.3654,-98.6125,0.1129472
TXS04,2017-09-15,30.3654,-98.6125,0.1098462
TXS04,2017-09-18,30.3654,-98.6125,0.0998687
TXS04,2017-09-20,30.3654,-98.6125,0.0979194
TXS04,2017-09-23,30.3654,-98.6125,0.1131968
TXS04,2017-09-26,30.3654,-98.6125,0.1594437
TXS04,2017-09-28,30.3654,-98.6125,0.2886197
TXS04,2017-10-01,30.3654,-98.6125,0.2708578
TXS04,2017-10-04,30.3654,-98.6125,0.2565523
TXS04,2017-10-06,30.3654,-98.6125,0.2293868
TXS04,2017-10-09,30.3654,-98.6125,0.2027913
TXS04,2017-10-12,30.3654,-98.6125,0.1576047
TXS04,2017-10-14,30.3654,-98.6125,0.1457752
TXS04,2017-10-17,30.3654,-98.6125,0.1473572
TXS04,2017-10-20,30.3654,-98.6125,0.1217505
TXS04,2017-10-22,30.3654,-98.6125,0.2754441
TXS04,2017-10-25,30.3654,-98.6125,0.1745558
TXS04,2017-10-28,30.3654,-98.6125,0.1467638
TXS04,2017-10-30,30.3654,-98.6125,0.1399939
TXS04,2017-11-02,30.3654,-98.6125,0.1317929
TXS04,2017-11-05,30.3654,-98.6125,0.1234363
TXS04,2017-11-07,30.3654,-98.6125,0.1291127
TXS04,2017-11-10,30.3654,-98.6125,0.2206851
TXS04,2017-11-13,30.3654,-98.6125,0.1961921
TXS04,2017-11-15,30.3654,-98.6125,0.1821143
TXS04,2017-11-18,30.3654,-98.6125,0.1629737
TXS04,2017-11-21,30.3654,-98.6125,0.127905
TXS04,2017-11-23,30.3654,-98.6125,0.1537655
TXS04,2017-11-26,30.3654,-98.6125,0.1329184
TXS04,2017-11-29,30.3654,-98.6125,0.1288685
TXS04,2017-12-01,30.3654,-98.6125,0.1248573
TXS04,2017-12-04,30.3654,-98.6125,0.1331346
TXS04,2017-12-07,30.3654,-98.6125,0.3127933
TXS04,2017-12-09,30.3654,-98.6125,0.2411557
TXS04,2017-12-12,30.3654,-98.6125,0.2583887
TXS04,2017-12-15,30.3654,-98.6125,0.2274417
TXS04,2017-12-17,30.3654,-98.6125,0.2482109
TXS04,2017-12-20,30.3654,-98.6125,0.2541353
TXS04,2017-12-23,30.3654,-98.6125,0.2694364
TXS04,2017-12-25,30.3654,-98.6125,0.2284805
TXS04,2017-12-28,30.3654,-98.6125,0.2341629
TXS04,2017-12-31,30.3654,-98.6125,0.205351
TXS04,2018-01-02,30.3654,-98.6125,0.208812
TXS04,2018-01-05,30.3654,-98.6125,0.2125295
TXS04,2018-01-08,30.3654,-98.6125,0.2160879
TXS04,2018-01-10,30.3654,-98.6125,0.206096
TXS04,2018-01-13,30.3654,-98.6125,0.186499
TXS04,2018-01-18,30.3654,-98.6125,0.1719582
TXS04,2018-01-24,30.3654,-98.6125,0.1750299
TXS04,2018-01-26,30.3654,-98.6125,0.1397628
TXS04,2018-01-29,30.3654,-98.6125,0.192737
TXS04,2018-02-01,30.3654,-98.6125,0.1527195
TXS04,2018-02-03,30.3654,-98.6125,0.1343858
TXS04,2018-02-06,30.3654,-98.6125,0.1148153
TXS04,2018-02-09,30.3654,-98.6125,0.1774917
TXS04,2018-02-11,30.3654,-98.6125,0.1611827
TXS04,2018-02-14,30.3654,-98.6125,0.1370953
TXS04,2018-02-17,30.3654,-98.6125,0.1500502
TXS04,2018-02-19,30.3654,-98.6125,0.147283
TXS04,2018-02-22,30.3654,-98.6125,0.3181337
TXS04,2018-02-25,30.3654,-98.6125,0.2667033
TXS04,2018-02-27,30.3654,-98.6125,0.2294433
TXS04,2018-03-02,30.3654,-98.6125,0.259517
TXS04,2018-03-05,30.3654,-98.6125,0.2234597
TXS04,2018-03-07,30.3654,-98.6125,0.2340729
TXS04,2018-03-10,30.3654,-98.6125,0.1602609
TXS04,2018-03-13,30.3654,-98.6125,0.150184
TXS04,2018-03-15,30.3654,-98.6125,0.1359383
TXS04,2018-03-18,30.3654,-98.6125,0.1266174
TXS04,2018-03-21,30.3654,-98.6125,0.1373264
TXS04,2018-03-23,30.3654,-98.6125,0.1166631
TXS04,2018-03-26,30.3654,-98.6125,0.1230568
TXS04,2018-03-29,30.3654,-98.6125,0.2937911
TXS04,2018-03-31,30.3654,-98.6125,0.2114884
TXS04,2018-04-03,30.3654,-98.6125,0.1710081
TXS04,2018-04-06,30.3654,-98.6125,0.1232542
TXS04,2018-04-08,30.3654,-98.6125,0.143049
TXS04,2018-04-11,30.3654,-98.6125,0.1176217
TXS04,2018-04-14,30.3654,-98.6125,0.1630159
TXS04,2018-04-16,30.3654,-98.6125,0.1316064
TXS04,2018-04-19,30.3654,-98.6125,0.1229941
TXS04,2018-04-22,30.3654,-98.6125,0.1657793
TXS04,2018-04-24,30.3654,-98.6125,0.1298296
TXS04,2018-04-27,30.3654,-98.6125,0.1861656
TXS04,2018-04-30,30.3654,-98.6125,0.1380228
TXS04,2018-05-02,30.3654,-98.6125,0.1247929
TXS04,2018-05-08,30.3654,-98.6125,0.2102525
TXS04,2018-05-10,30.3654,-98.6125,0.1702099
TXS04,2018-05-13,30.3654,-98.6125,0.1277203
TXS04,2018-05-16,30.3654,-98.6125,0.3171322
TXS04,2018-05-18,30.3654,-98.6125,0.1993595
TXS04,2018-05-21,30.3654,-98.6125,0.2394914
TXS04,2018-05-24,30.3654,-98.6125,0.1548582
TXS04,2018-05-26,30.3654,-98.6125,0.1358883
TXS04,2018-06-01,30.3654,-98.6125,0.098408
TXS04,2018-06-03,30.3654,-98.6125,0.1150534
TXS04,2018-06-06,30.3654,-98.6125,0.1691749
TXS04,2018-06-09,30.3654,-98.6125,0.1306164
TXS04,2018-06-11,30.3654,-98.6125,0.1246882
TXS04,2018-06-14,30.3654,-98.6125,0.1118968
TXS04,2018-06-17,30.3654,-98.6125,0.1095157
TXS04,2018-06-19,30.3654,-98.6125,0.1425185
TXS04,2018-06-22,30.3654,-98.6125,0.1499439
TXS04,2018-06-25,30.3654,-98.6125,0.0942803
TXS04,2018-06-30,30.3654,-98.6125,0.1114972
TXS04,2018-07-03,30.3654,-98.6125,0.0914378
TXS04,2018-07-05,30.3654,-98.6125,0.2308111
TXS04,2018-07-08,30.3654,-98.6125,0.2261742
TXS04,2018-07-11,30.3654,-98.6125,0.1806744
TXS04,2018-07-13,30.3654,-98.6125,0.1405661
TXS04,2018-07-16,30.3654,-98.6125,0.106268
TXS04,2018-07-19,30.3654,-98.6125,0.1060273
TXS04,2018-07-21,30.3654,-98.6125,0.1134931
TXS04,2018-07-24,30.3654,-98.6125,0.1015342
TXS04,2018-07-27,30.3654,-98.6125,0.1160055
TXS04,2018-07-29,30.3654,-98.6125,0.1016722
TXS04,2018-08-01,30.3654,-98.6125,0.1364017
TXS04,2018-08-04,30.3654,-98.6125,0.0992238
TXS04,2018-08-06,30.3654,-98.6125,0.126005
TXS04,2018-08-09,30.3654,-98.6125,0.0965992
TXS04,2018-08-12,30.3654,-98.6125,0.233115
TXS04,2018-08-14,30.3654,-98.6125,0.2279901
TXS04,2018-08-17,30.3654,-98.6125,0.1582871
TXS04,2018-08-20,30.3654,-98.6125,0.1290693
TXS04,2018-08-22,30.3654,-98.6125,0.1297301
TXS04,2018-08-25,30.3654,-98.6125,0.1062529
TXS04,2018-08-28,30.3654,-98.6125,0.102302
TXS04,2018-08-30,30.3654,-98.6125,0.109994
TXS04,2018-09-02,30.3654,-98.6125,0.102624
TXS04,2018-09-05,30.3654,-98.6125,0.2305754
TXS04,2018-09-07,30.3654,-98.6125,0.2662812
TXS04,2018-09-10,30.3654,-98.6125,0.2905786
TXS04,2018-09-13,30.3654,-98.6125,0.2852177
TXS04,2018-09-15,30.3654,-98.6125,0.352974
TXS04,2018-09-18,30.3654,-98.6125,0.2997223
TXS04,2018-09-21,30.3654,-98.6125,0.2497935
TXS04,2018-09-23,30.3654,-98.6125,0.2966307
TXS04,2018-09-26,30.3654,-98.6125,0.2301021
TXS04,2018-09-29,30.3654,-98.6125,0.1856792
TXS04,2018-10-01,30.3654,-98.6125,0.2157614
TXS04,2018-10-04,30.3654,-98.6125,0.194905
TXS04,2018-10-07,30.3654,-98.6125,0.1577252
TXS04,2018-10-09,30.3654,-98.6125,0.2744222
TXS04,2018-10-12,30.3654,-98.6125,0.2405314
TXS04,2018-10-15,30.3654,-98.6125,0.4234091
TXS04,2018-10-17,30.3654,-98.6125,0.388409
TXS04,2018-10-20,30.3654,-98.6125,0.3347583
TXS04,2018-10-23,30.3654,-98.6125,0.309314
TXS04,2018-10-25,30.3654,-98.6125,0.2936225
TXS04,2018-10-28,30.3654,-98.6125,0.293988
TXS04,2018-10-31,30.3654,-98.6125,0.2636748
TXS04,2018-11-02,30.3654,-98.6125,0.2834634
TXS04,2018-11-05,30.3654,-98.6125,0.2666119
TXS04,2018-11-08,30.3654,-98.6125,0.2325931
TXS04,2018-11-10,30.3654,-98.6125,0.2554879
TXS04,2018-11-13,30.3654,-98.6125,0.2758059
TXS04,2018-11-16,30.3654,-98.6125,0.2602181
TXS04,2018-11-18,30.3654,-98.6125,0.2481832
TXS04,2018-11-21,30.3654,-98.6125,0.2526615
TXS04,2018-11-24,30.3654,-98.6125,0.2262317
TXS04,2018-11-26,30.3654,-98.6125,0.2212913
TXS04,2018-11-29,30.3654,-98.6125,0.1689466
TXS04,2018-12-02,30.3654,-98.6125,0.2042639
TXS04,2018-12-04,30.3654,-98.6125,0.2003058
TXS04,2018-12-07,30.3654,-98.6125,0.2435149
TXS04,2018-12-10,30.3654,-98.6125,0.2767074
TXS04,2018-12-12,30.3654,-98.6125,0.2690599
TXS04,2018-12-15,30.3654,-98.6125,0.2481287
TXS04,2018-12-18,30.3654,-98.6125,0.2613961
TXS04,2018-12-20,30.3654,-98.6125,0.2670452
TXS04,2018-12-23,30.3654,-98.6125,0.2557715
TXS04,2018-12-26,30.3654,-98.6125,0.2655589
TXS04,2018-12-28,30.3654,-98.6125,0.3214039
TXS04,2018-12-31,30.3654,-98.6125,0.3183309
TXS04,2019-01-03,30.3654,-98.6125,0.3828984
TXS04,2019-01-05,30.3654,-98.6125,0.2907539
TXS04,2019-01-08,30.3654,-98.6125,0.3147613
TXS04,2019-01-11,30.3654,-98.6125,0.2766742
TXS04,2019-01-13,30.3654,-98.6125,0.3112475
TXS04,2019-01-16,30.3654,-98.6125,0.2725771
TXS04,2019-01-19,30.3654,-98.6125,0.273214
TXS04,2019-01-21,30.3654,-98.6125,0.2507964
TXS04,2019-01-24,30.3654,-98.6125,0.246858
TXS04,2019-01-27,30.3654,-98.6125,0.3173931
TXS04,2019-01-29,30.3654,-98.6125,0.2678108
TXS04,2019-02-01,30.3654,-98.6125,0.2311234
TXS04,2019-02-04,30.3654,-98.6125,0.271305
TXS04,2019-02-06,30.3654,-98.6125,0.2425697
TXS04,2019-02-09,30.3654,-98.6125,0.2687593
TXS04,2019-02-12,30.3654,-98.6125,0.2990007
TXS04,2019-02-14,30.3654,-98.6125,0.2554097
TXS04,2019-02-17,30.3654,-98.6125,0.2312132
TXS04,2019-02-20,30.3654,-98.6125,0.2187559
TXS04,2019-02-22,30.3654,-98.6125,0.2038863
TXS04,2019-02-25,30.3654,-98.6125,0.1886309
TXS04,2019-02-28,30.3654,-98.6125,0.1980375
TXS04,2019-03-02,30.3654,-98.6125,0.2308205
TXS04,2019-03-05,30.3654,-98.6125,0.2143244
TXS04,2019-03-08,30.3654,-98.6125,0.1842894
TXS04,2019-03-10,30.3654,-98.6125,0.1964905
TXS04,2019-03-13,30.3654,-98.6125,0.3509666
TXS04,2019-03-16,30.3654,-98.6125,0.2033912
TXS04,2019-03-18,30.3654,-98.6125,0.1880829
TXS04,2019-03-21,30.3654,-98.6125,0.1607521
TXS04,2019-03-24,30.3654,-98.6125,0.1401362
TXS04,2019-03-26,30.3654,-98.6125,0.1750451
TXS04,2019-03-29,30.3654,-98.6125,0.1324682
TXS04,2019-04-01,30.3654,-98.6125,0.1246367
TXS04,2019-04-03,30.3654,-98.6125,0.1174674
TXS04,2019-04-06,30.3654,-98.6125,0.1231734
TXS04,2019-04-09,30.3654,-98.6125,0.246572
TXS04,2019-04-11,30.3654,-98.6125,0.185935
TXS04,2019-04-14,30.3654,-98.6125,0.2164702
TXS04,2019-04-17,30.3654,-98.6125,0.1487541
TXS04,2019-04-19,30.3654,-98.6125,0.2654783
TXS04,2019-04-22,30.3654,-98.6125,0.1624643
TXS04,2019-04-25,30.3654,-98.6125,0.2996593
TXS04,2019-04-27,30.3654,-98.6125,0.2349681
TXS04,2019-04-30,30.3654,-98.6125,0.1592045
TXS04,2019-05-03,30.3654,-98.6125,0.3274102
TXS04,2019-05-08,30.3654,-98.6125,0.2869938
TXS04,2019-05-11,30.3654,-98.6125,0.2909358
TXS04,2019-05-13,30.3654,-98.6125,0.2546242
TXS04,2019-05-16,30.3654,-98.6125,0.226814
TXS04,2019-05-21,30.3654,-98.6125,0.2224195
TXS04,2019-05-24,30.3654,-98.6125,0.1468946
TXS04,2019-05-27,30.3654,-98.6125,0.1369304
TXS04,2019-05-29,30.3654,-98.6125,0.1319021
TXS04,2019-06-01,30.3654,-98.6125,0.1942061
TXS04,2019-06-04,30.3654,-98.6125,0.1445174
TXS04,2019-06-06,30.3654,-98.6125,0.2648417
TXS04,2019-06-09,30.3654,-98.6125,0.1546669
TXS04,2019-06-12,30.3654,-98.6125,0.2289008
TXS04,2019-06-14,30.3654,-98.6125,0.1860243
TXS04,2019-06-17,30.3654,-98.6125,0.2956791
TXS04,2019-07-24,30.3654,-98.6125,0.1376009
TXS04,2019-07-27,30.3654,-98.6125,0.1019241
TXS04,2019-08-01,30.3654,-98.6125,0.1001815
TXS04,2019-08-04,30.3654,-98.6125,0.1322518
TXS04,2019-08-07,30.3654,-98.6125,0.1016503
TXS04,2019-08-09,30.3654,-98.6125,0.1037704
TXS04,2019-08-12,30.3654,-98.6125,0.1067828
TXS04,2019-08-15,30.3654,-98.6125,0.1464463
TXS04,2019-08-17,30.3654,-98.6125,0.1247304
TXS04,2019-08-20,30.3654,-98.6125,0.1060681
TXS04,2019-08-23,30.3654,-98.6125,0.107291
TXS04,2019-08-25,30.3654,-98.6125,0.1630686
TXS04,2019-08-28,30.3654,-98.6125,0.1216839
TXS04,2019-08-31,30.3654,-98.6125,0.1240133
TXS04,2019-09-02,30.3654,-98.6125,0.178863
TXS04,2019-09-05,30.3654,-98.6125,0.1389599
TXS04,2019-09-08,30.3654,-98.6125,0.1081709
TXS04,2019-09-10,30.3654,-98.6125,0.1061385
TXS04,2019-09-13,30.3654,-98.6125,0.1435
TXS04,2019-09-16,30.3654,-98.6125,0.1160562
TXS04,2019-09-18,30.3654,-98.6125,0.1258357
TXS04,2019-09-21,30.3654,-98.6125,0.1568701
TXS04,2019-09-24,30.3654,-98.6125,0.106523
TXS04,2019-09-26,30.3654,-98.6125,0.1051773
TXS04,2019-09-29,30.3654,-98.6125,0.1482174
TXS04,2019-10-02,30.3654,-98.6125,0.1184284
TXS04,2019-10-04,30.3654,-98.6125,0.1297121
TXS04,2019-10-07,30.3654,-98.6125,0.1574317
TXS04,2019-10-10,30.3654,-98.6125,0.1158977
TXS04,2019-10-12,30.3654,-98.6125,0.2095525
TXS04,2019-10-15,30.3654,-98.6125,0.1738704
TXS04,2019-10-18,30.3654,-98.6125,0.1671082
TXS04,2019-10-20,30.3654,-98.6125,0.1416076
TXS04,2019-10-23,30.3654,-98.6125,0.2164824
TXS04,2019-10-26,30.3654,-98.6125,0.2509536
TXS04,2019-10-28,30.3654,-98.6125,0.2108729
TXS04,2019-10-31,30.3654,-98.6125,0.2613401
TXS04,2019-11-03,30.3654,-98.6125,0.2313874
TXS04,2019-11-05,30.3654,-98.6125,0.1864164
TXS04,2019-11-08,30.3654,-98.6125,0.344387
TXS04,2019-11-11,30.3654,-98.6125,0.2197986
TXS04,2019-11-13,30.3654,-98.6125,0.2517578
TXS04,2019-11-16,30.3654,-98.6125,0.2344875
TXS04,2019-11-19,30.3654,-98.6125,0.2346425
TXS04,2019-11-21,30.3654,-98.6125,0.2252078
TXS04,2019-11-24,30.3654,-98.6125,0.2114293
TXS04,2019-11-27,30.3654,-98.6125,0.1933968
TXS04,2019-11-29,30.3654,-98.6125,0.1636804
TXS04,2019-12-02,30.3654,-98.6125,0.1946309
TXS04,2019-12-05,30.3654,-98.6125,0.1574696
TXS04,2019-12-07,30.3654,-98.6125,0.1676985
TXS04,2019-12-10,30.3654,-98.6125,0.2067746
TXS04,2019-12-13,30.3654,-98.6125,0.1987772
TXS04,2019-12-15,30.3654,-98.6125,0.2154877
TXS04,2019-12-18,30.3654,-98.6125,0.1773672
TXS04,2019-12-21,30.3654,-98.6125,0.1532839
TXS04,2019-12-23,30.3654,-98.6125,0.1774517
TXS04,2019-12-26,30.3654,-98.6125,0.1536839
TXS04,2019-12-29,30.3654,-98.6125,0.174408
TXS04,2019-12-31,30.3654,-98.6125,0.1638182
TXS04,2020-01-03,30.3654,-98.6125,0.1485785
TXS04,2020-01-06,30.3654,-98.6125,0.1491168
TXS04,2020-01-08,30.3654,-98.6125,0.1493627
TXS04,2020-01-11,30.3654,-98.6125,0.3028937
TXS04,2020-01-14,30.3654,-98.6125,0.2206449
TXS04,2020-01-16,30.3654,-98.6125,0.2114888
TXS04,2020-01-19,30.3654,-98.6125,0.2881011
TXS04,2020-01-22,30.3654,-98.6125,0.323212
TXS04,2020-01-24,30.3654,-98.6125,0.2704997
TXS04,2020-01-27,30.3654,-98.6125,0.2396316
TXS04,2020-01-30,30.3654,-98.6125,0.2412698
TXS04,2020-02-04,30.3654,-98.6125,0.2035623
TXS04,2020-02-07,30.3654,-98.6125,0.1977863
TXS04,2020-02-09,30.3654,-98.6125,0.1767707
TXS04,2020-02-12,30.3654,-98.6125,0.3516744
TXS04,2020-02-15,30.3654,-98.6125,0.2458976
TXS04,2020-02-17,30.3654,-98.6125,0.225887
TXS04,2020-02-20,30.3654,-98.6125,0.3570809
TXS04,2020-02-23,30.3654,-98.6125,0.2568844
TXS04,2020-02-25,30.3654,-98.6125,0.2405204
TXS04,2020-02-28,30.3654,-98.6125,0.2132256
TXS04,2020-03-02,30.3654,-98.6125,0.1589265
TXS04,2020-03-04,30.3654,-98.6125,0.3276595
TXS04,2020-03-07,30.3654,-98.6125,0.2499493
TXS04,2020-03-10,30.3654,-98.6125,0.2572542
TXS04,2020-03-12,30.3654,-98.6125,0.2222554
TXS04,2020-03-15,30.3654,-98.6125,0.2056917
TXS04,2020-03-18,30.3654,-98.6125,0.2400356
TXS04,2020-03-20,30.3654,-98.6125,0.3522762
TXS04,2020-03-23,30.3654,-98.6125,0.2904033
TXS04,2020-03-26,30.3654,-98.6125,0.231092
TXS04,2020-03-28,30.3654,-98.6125,0.2321205
TXS04,2020-03-31,30.3654,-98.6125,0.1915509
TXS04,2020-04-03,30.3654,-98.6125,0.2220348
TXS04,2020-04-05,30.3654,-98.6125,0.3264201
TXS04,2020-04-08,30.3654,-98.6125,0.2420511
TXS04,2020-04-11,30.3654,-98.6125,0.2211531
TXS04,2020-04-13,30.3654,-98.6125,0.2548587
TXS04,2020-04-16,30.3654,-98.6125,0.2173528
TXS04,2020-04-19,30.3654,-98.6125,0.1625246
TXS04,2020-04-21,30.3654,-98.6125,0.170899
TXS04,2020-04-24,30.3654,-98.6125,0.167194
TXS04,2020-04-27,30.3654,-98.6125,0.1217521
TXS04,2020-04-29,30.3654,-98.6125,0.1607237
TXS04,2020-05-02,30.3654,-98.6125,0.1301832
TXS04,2020-05-05,30.3654,-98.6125,0.1193406
TXS04,2020-05-07,30.3654,-98.6125,0.1216626
TXS04,2020-05-10,30.3654,-98.6125,0.1258334
TXS04,2020-05-13,30.3654,-98.6125,0.2766764
TXS04,2020-05-15,30.3654,-98.6125,0.231448
TXS04,2020-05-18,30.3654,-98.6125,0.2406745
TXS04,2020-05-21,30.3654,-98.6125,0.198167
TXS04,2020-05-23,30.3654,-98.6125,0.1534452
TXS04,2020-05-29,30.3654,-98.6125,0.28099
TXS04,2020-05-31,30.3654,-98.6125,0.2262422
TXS04,2020-06-06,30.3654,-98.6125,0.1725312
TXS04,2020-06-08,30.3654,-98.6125,0.1563866
TXS04,2020-06-11,30.3654,-98.6125,0.1481867
TXS04,2020-06-14,30.3654,-98.6125,0.1193817
TXS04,2020-06-16,30.3654,-98.6125,0.1230219
TXS04,2020-06-19,30.3654,-98.6125,0.1251209
TXS04,2020-06-22,30.3654,-98.6125,0.1188134
TXS04,2020-06-24,30.3654,-98.6125,0.184348
TXS04,2020-06-27,30.3654,-98.6125,0.1391155
TXS04,2020-06-30,30.3654,-98.6125,0.149229
TXS04,2020-07-02,30.3654,-98.6125,0.1367064
TXS04,2020-07-05,30.3654,-98.6125,0.1083676
TXS04,2020-07-08,30.3654,-98.6125,0.1428549
TXS04,2020-07-10,30.3654,-98.6125,0.127137
TXS04,2020-07-13,30.3654,-98.6125,0.1148443
TXS04,2020-07-16,30.3654,-98.6125,0.1022228
TXS04,2020-07-18,30.3654,-98.6125,0.1066828
TXS04,2020-07-21,30.3654,-98.6125,0.1138245
TXS04,2020-07-24,30.3654,-98.6125,0.0952813
TXS04,2020-07-26,30.3654,-98.6125,0.1209456
TXS04,2020-07-29,30.3654,-98.6125,0.145113
TXS04,2020-08-01,30.3654,-98.6125,0.1587782
TXS04,2020-08-03,30.3654,-98.6125,0.1382608
TXS04,2020-08-06,30.3654,-98.6125,0.1244641
TXS04,2020-08-09,30.3654,-98.6125,0.1092054
TXS04,2020-08-11,30.3654,-98.6125,0.1019299
TXS04,2020-08-14,30.3654,-98.6125,0.1029329
TXS04,2020-08-17,30.3654,-98.6125,0.1191811
TXS04,2020-08-19,30.3654,-98.6125,0.1200653
TXS04,2020-08-22,30.3654,-98.6125,0.24559
TXS04,2020-08-25,30.3654,-98.6125,0.1579829
TXS04,2020-08-27,30.3654,-98.6125,0.1295389
TXS04,2020-08-30,30.3654,-98.6125,0.1082083
TXS04,2020-09-02,30.3654,-98.6125,0.1305477
TXS04,2020-09-04,30.3654,-98.6125,0.2201781
TXS04,2020-09-07,30.3654,-98.6125,0.2449152
TXS04,2020-09-10,30.3654,-98.6125,0.3705584
TXS04,2020-09-12,30.3654,-98.6125,0.3042153
TXS04,2020-09-15,30.3654,-98.6125,0.2298736
TXS04,2020-09-18,30.3654,-98.6125,0.2479159
TXS04,2020-09-20,30.3654,-98.6125,0.2141362
TXS04,2020-09-23,30.3654,-98.6125,0.2040823
TXS04,2020-09-26,30.3654,-98.6125,0.1679654
TXS04,2020-09-28,30.3654,-98.6125,0.1644516
TXS04,2020-10-01,30.3654,-98.6125,0.1449395
TXS04,2020-10-04,30.3654,-98.6125,0.1246653
TXS04,2020-10-09,30.3654,-98.6125,0.1211312
TXS04,2020-10-12,30.3654,-98.6125,0.1216218
TXS04,2020-10-14,30.3654,-98.6125,0.1195438
TXS04,2020-10-17,30.3654,-98.6125,0.1177477
TXS04,2020-10-20,30.3654,-98.6125,0.1177066
TXS04,2020-10-22,30.3654,-98.6125,0.119241
TXS04,2020-10-25,30.3654,-98.6125,0.1349062
TXS04,2020-10-28,30.3654,-98.6125,0.2738214
TXS04,2020-10-30,30.3654,-98.6125,0.1792305
TXS04,2020-11-02,30.3654,-98.6125,0.1676303
TXS04,2020-11-05,30.3654,-98.6125,0.1134461
TXS04,2020-11-07,30.3654,-98.6125,0.1213328
TXS04,2020-11-10,30.3654,-98.6125,0.121825
TXS04,2020-11-15,30.3654,-98.6125,0.1410353
TXS04,2020-11-18,30.3654,-98.6125,0.1225632
TXS04,2020-11-21,30.3654,-98.6125,0.1183026
TXS04,2020-11-23,30.3654,-98.6125,0.1302735
TXS04,2020-11-26,30.3654,-98.6125,0.1329188
TXS04,2020-11-29,30.3654,-98.6125,0.2660318
TXS04,2020-12-01,30.3654,-98.6125,0.2094447
TXS04,2020-12-04,30.3654,-98.6125,0.1905563
TXS04,2020-12-07,30.3654,-98.6125,0.1889893
TXS04,2020-12-09,30.3654,-98.6125,0.1872478
TXS04,2020-12-12,30.3654,-98.6125,0.1668337
TXS04,2020-12-15,30.3654,-98.6125,0.1528803
TXS04,2020-12-17,30.3654,-98.6125,0.1597738
TXS04,2020-12-20,30.3654,-98.6125,0.2635844
TXS04,2020-12-23,30.3654,-98.6125,0.1885367
TXS04,2020-12-25,30.3654,-98.6125,0.2257053
TXS04,2020-12-28,30.3654,-98.6125,0.144106
TXS04,2020-12-31,30.3654,-98.6125,0.332825
TXS04,2021-01-02,30.3654,-98.6125,0.2536629
TXS04,2021-01-05,30.3654,-98.6125,0.2461496
TXS04,2021-01-08,30.3654,-98.6125,0.2184634
TXS04,2021-01-10,30.3654,-98.6125,0.3143958
TXS04,2021-01-13,30.3654,-98.6125,0.249466
TXS04,2021-01-16,30.3654,-98.6125,0.2272656
TXS04,2021-01-18,30.3654,-98.6125,0.2154772
TXS04,2021-01-21,30.3654,-98.6125,0.2671003
TXS04,2021-01-24,30.3654,-98.6125,0.2304032
TXS04,2021-01-26,30.3654,-98.6125,0.2467837
TXS04,2021-01-29,30.3654,-98.6125,0.211759
TXS04,2021-02-01,30.3654,-98.6125,0.2097182
TXS04,2021-02-03,30.3654,-98.6125,0.1698603
TXS04,2021-02-06,30.3654,-98.6125,0.167393
TXS04,2021-02-09,30.3654,-98.6125,0.1327406
TXS04,2021-02-11,30.3654,-98.6125,0.1969241
TXS04,2021-02-14,30.3654,-98.6125,0.2672348
TXS04,2021-02-22,30.3654,-98.6125,0.2614811
TXS04,2021-02-25,30.3654,-98.6125,0.2225617
TXS04,2021-02-27,30.3654,-98.6125,0.2444244
TXS04,2021-03-02,30.3654,-98.6125,0.2571411
TXS04,2021-03-05,30.3654,-98.6125,0.2085648
TXS04,2021-03-07,30.3654,-98.6125,0.2022564
TXS04,2021-03-08,30.3654,-98.6125,0.19722
TXS04,2021-03-10,30.3654,-98.6125,0.1756863
TXS04,2021-03-13,30.3654,-98.6125,0.1399027
TXS04,2021-03-15,30.3654,-98.6125,0.1638202
TXS04,2021-03-18,30.3654,-98.6125,0.1831336
TXS04,2021-03-21,30.3654,-98.6125,0.1285001
TXS04,2021-03-23,30.3654,-98.6125,0.2846371
TXS04,2021-03-26,30.3654,-98.6125,0.2780124
TXS04,2021-03-29,30.3654,-98.6125,0.2015491
TXS04,2021-03-31,30.3654,-98.6125,0.1635814
TXS04,2021-04-03,30.3654,-98.6125,0.1790014
TXS04,2021-04-06,30.3654,-98.6125,0.1705685
TXS04,2021-04-08,30.3654,-98.6125,0.1538971
TXS04,2021-04-11,30.3654,-98.6125,0.1424912
TXS04,2021-04-14,30.3654,-98.6125,0.1188089
TXS04,2021-04-16,30.3654,-98.6125,0.2570663
TXS04,2021-04-19,30.3654,-98.6125,0.1357613
TXS04,2021-04-22,30.3654,-98.6125,0.1211642
TXS04,2021-04-24,30.3654,-98.6125,0.1630513
TXS04,2021-04-27,30.3654,-98.6125,0.1243815
TXS04,2021-04-30,30.3654,-98.6125,0.3072501
TXS04,2021-05-02,30.3654,-98.6125,0.3897759
TXS04,2021-05-05,30.3654,-98.6125,0.2540727
TXS04,2021-05-08,30.3654,-98.6125,0.1829112
TXS04,2021-05-10,30.3654,-98.6125,0.2348472
TXS04,2021-05-13,30.3654,-98.6125,0.2411031
TXS04,2021-05-16,30.3654,-98.6125,0.1911426
TXS04,2021-05-18,30.3654,-98.6125,0.2428838
TXS04,2021-05-21,30.3654,-98.6125,0.2034345
TXS04,2021-05-24,30.3654,-98.6125,0.2932856
TXS04,2021-05-26,30.3654,-98.6125,0.2655871
TXS04,2021-05-29,30.3654,-98.6125,0.3230515
TXS04,2021-06-01,30.3654,-98.6125,0.3121422
TXS04,2021-06-03,30.3654,-98.6125,0.3049413
TXS04,2021-06-06,30.3654,-98.6125,0.258502
TXS04,2021-06-09,30.3654,-98.6125,0.2626762
TXS04,2021-06-11,30.3654,-98.6125,0.2019027
TXS04,2021-06-14,30.3654,-98.6125,0.1577477
TXS04,2021-06-17,30.3654,-98.6125,0.1317931
TXS04,2021-06-19,30.3654,-98.6125,0.1183236
TXS04,2021-06-22,30.3654,-98.6125,0.2739724
TXS04,2021-06-25,30.3654,-98.6125,0.1821845
TXS04,2021-06-27,30.3654,-98.6125,0.1532648
TXS04,2021-06-30,30.3654,-98.6125,0.1957827
TXS04,2021-07-03,30.3654,-98.6125,0.1481871
TXS04,2021-07-05,30.3654,-98.6125,0.215066
TXS04,2021-07-08,30.3654,-98.6125,0.2588511
TXS04,2021-07-11,30.3654,-98.6125,0.2595817
TXS04,2021-07-13,30.3654,-98.6125,0.2305658
TXS04,2021-07-16,30.3654,-98.6125,0.166381
TXS04,2021-07-19,30.3654,-98.6125,0.1285139
TXS04,2021-07-21,30.3654,-98.6125,0.2054479
TXS04,2021-07-24,30.3654,-98.6125,0.1623053
TXS04,2021-07-27,30.3654,-98.6125,0.1114695
TXS04,2021-07-29,30.3654,-98.6125,0.1191656
TXS04,2021-08-01,30.3654,-98.6125,0.112444
TXS04,2021-08-04,30.3654,-98.6125,0.1865492
TXS04,2021-08-06,30.3654,-98.6125,0.1594186
TXS04,2021-08-09,30.3654,-98.6125,0.1177023
TXS04,2021-08-12,30.3654,-98.6125,0.1067663
TXS04,2021-08-14,30.3654,-98.6125,0.1071723
TXS04,2021-08-17,30.3654,-98.6125,0.1737698
TXS04,2021-08-20,30.3654,-98.6125,0.1502147
TXS04,2021-08-22,30.3654,-98.6125,0.1361775
TXS04,2021-08-25,30.3654,-98.6125,0.1162725
TXS04,2021-08-28,30.3654,-98.6125,0.1300177
TXS04,2021-08-30,30.3654,-98.6125,0.1414464
TXS04,2021-09-02,30.3654,-98.6125,0.1323731
TXS04,2021-09-05,30.3654,-98.6125,0.116633
TXS04,2021-09-07,30.3654,-98.6125,0.1950433
TXS04,2021-09-10,30.3654,-98.6125,0.1430309
TXS04,2021-09-13,30.3654,-98.6125,0.1095246
TXS04,2021-09-15,30.3654,-98.6125,0.1060659
TXS04,2021-09-18,30.3654,-98.6125,0.1102063
TXS04,2021-09-21,30.3654,-98.6125,0.1012655
TXS04,2021-09-23,30.3654,-98.6125,0.1380883
TXS04,2021-09-26,30.3654,-98.6125,0.1109275
TXS04,2021-09-29,30.3654,-98.6125,0.2934599
TXS04,2021-10-01,30.3654,-98.6125,0.3549133
TXS04,2021-10-04,30.3654,-98.6125,0.2691184
TXS04,2021-10-07,30.3654,-98.6125,0.1943
TXS04,2021-10-09,30.3654,-98.6125,0.1572833
TXS04,2021-10-12,30.3654,-98.6125,0.2139614
TXS04,2021-10-15,30.3654,-98.6125,0.2966828
TXS04,2021-10-17,30.3654,-98.6125,0.2559596
TXS04,2021-10-20,30.3654,-98.6125,0.1849904
TXS04,2021-10-23,30.3654,-98.6125,0.190258
TXS04,2021-10-25,30.3654,-98.6125,0.1585062
TXS04,2021-10-28,30.3654,-98.6125,0.2632016
TXS04,2021-10-31,30.3654,-98.6125,0.2048442
TXS04,2021-11-02,30.3654,-98.6125,0.1636515
TXS04,2021-11-05,30.3654,-98.6125,0.2807203
TXS04,2021-11-08,30.3654,-98.6125,0.2593994
TXS04,2021-11-10,30.3654,-98.6125,0.2112631
TXS04,2021-11-13,30.3654,-98.6125,0.2134203
TXS04,2021-11-16,30.3654,-98.6125,0.1730836
TXS04,2021-11-18,30.3654,-98.6125,0.199642
TXS04,2021-11-21,30.3654,-98.6125,0.1551685
TXS04,2021-11-24,30.3654,-98.6125,0.1432417
TXS04,2021-11-26,30.3654,-98.6125,0.1652427
TXS04,2021-11-29,30.3654,-98.6125,0.2049015
TXS04,2021-12-02,30.3654,-98.6125,0.1706585
TXS04,2021-12-04,30.3654,-98.6125,0.173325
TXS04,2021-12-07,30.3654,-98.6125,0.1738745
TXS04,2021-12-10,30.3654,-98.6125,0.140506
TXS04,2021-12-12,30.3654,-98.6125,0.216343
TXS04,2021-12-15,30.3654,-98.6125,0.1337901
TXS04,2021-12-18,30.3654,-98.6125,0.187363
TXS04,2021-12-20,30.3654,-98.6125,0.1937171
TXS04,2021-12-23,30.3654,-98.6125,0.1605776
TXS04,2021-12-26,30.3654,-98.6125,0.1552638
TXS04,2021-12-28,30.3654,-98.6125,0.1578353
TXS04,2021-12-31,30.3654,-98.6125,0.1402365
TXS04,2022-01-03,30.3654,-98.6125,0.1327973
TXS04,2022-01-05,30.3654,-98.6125,0.1302433
TXS04,2022-01-08,30.3654,-98.6125,0.1037006
TXS04,2022-01-11,30.3654,-98.6125,0.1266322
TXS04,2022-01-13,30.3654,-98.6125,0.1704902
TXS04,2022-01-16,30.3654,-98.6125,0.1437696
TXS04,2022-01-19,30.3654,-98.6125,0.135946
TXS04,2022-01-21,30.3654,-98.6125,0.1248308
TXS04,2022-01-24,30.3654,-98.6125,0.1195548
TXS04,2022-01-27,30.3654,-98.6125,0.1529218
TXS04,2022-02-01,30.3654,-98.6125,0.2344622
TXS04,2022-02-04,30.3654,-98.6125,0.1914066
TXS04,2022-02-09,30.3654,-98.6125,0.2330842
TXS04,2022-02-12,30.3654,-98.6125,0.1901331
TXS04,2022-02-14,30.3654,-98.6125,0.2003476
TXS04,2022-02-17,30.3654,-98.6125,0.1707902
TXS04,2022-02-20,30.3654,-98.6125,0.1460959
TXS04,2022-02-25,30.3654,-98.6125,0.1165923
TXS04,2022-02-28,30.3654,-98.6125,0.1580693
TXS04,2022-03-02,30.3654,-98.6125,0.1420386
TXS04,2022-03-05,30.3654,-98.6125,0.1299828
TXS04,2022-03-08,30.3654,-98.6125,0.1320243
TXS04,2022-03-10,30.3654,-98.6125,0.1276432
TXS04,2022-03-16,30.3654,-98.6125,0.1244818
TXS04,2022-03-18,30.3654,-98.6125,0.1329772
TXS04,2022-03-21,30.3654,-98.6125,0.1301043
TXS04,2022-03-24,30.3654,-98.6125,0.134535
TXS04,2022-03-26,30.3654,-98.6125,0.1375714
TXS04,2022-03-29,30.3654,-98.6125,0.1095361
TXS04,2022-04-01,30.3654,-98.6125,0.1531838
TXS04,2022-04-03,30.3654,-98.6125,0.1314496
TXS04,2022-04-06,30.3654,-98.6125,0.1319696
TXS04,2022-04-09,30.3654,-98.6125,0.1077027
TXS04,2022-04-11,30.3654,-98.6125,0.1201709
TXS04,2022-04-14,30.3654,-98.6125,0.1248933
TXS04,2022-04-17,30.3654,-98.6125,0.1161874
TXS04,2022-04-19,30.3654,-98.6125,0.1497455
TXS04,2022-04-22,30.3654,-98.6125,0.1532618
TXS04,2022-04-25,30.3654,-98.6125,0.1387632
TXS04,2022-04-27,30.3654,-98.6125,0.2056719
TXS04,2022-04-30,30.3654,-98.6125,0.1629701
TXS04,2022-05-03,30.3654,-98.6125,0.1395799
TXS04,2022-05-05,30.3654,-98.6125,0.1468515
TXS04,2022-05-08,30.3654,-98.6125,0.1612929
TXS04,2022-05-11,30.3654,-98.6125,0.1155477
TXS04,2022-05-13,30.3654,-98.6125,0.1200983
TXS04,2022-05-16,30.3654,-98.6125,0.1164494
TXS04,2022-05-19,30.3654,-98.6125,0.1110888
TXS04,2022-05-21,30.3654,-98.6125,0.1209014
TXS04,2022-05-24,30.3654,-98.6125,0.1150234
TXS04,2022-05-27,30.3654,-98.6125,0.1975996
TXS04,2022-05-29,30.3654,-98.6125,0.1598478
TXS04,2022-06-01,30.3654,-98.6125,0.1143982
TXS04,2022-06-04,30.3654,-98.6125,0.3166413
TXS04,2022-06-06,30.3654,-98.6125,0.1782652
TXS04,2022-06-09,30.3654,-98.6125,0.1132867
TXS04,2022-06-12,30.3654,-98.6125,0.109919
TXS04,2022-06-14,30.3654,-98.6125,0.1063632
TXS04,2022-06-17,30.3654,-98.6125,0.1119333
TXS04,2022-06-20,30.3654,-98.6125,0.1132469
TXS04,2022-06-22,30.3654,-98.6125,0.1056387
TXS04,2022-06-25,30.3654,-98.6125,0.1072128
TXS04,2022-06-28,30.3654,-98.6125,0.243037
TXS04,2022-06-30,30.3654,-98.6125,0.1537337
TXS04,2022-07-03,30.3654,-98.6125,0.1196525
TXS04,2022-07-06,30.3654,-98.6125,0.1049506
TXS04,2022-07-08,30.3654,-98.6125,0.1169471
TXS04,2022-07-11,30.3654,-98.6125,0.1401706
TXS04,2022-07-14,30.3654,-98.6125,0.1312374
TXS04,2022-07-16,30.3654,-98.6125,0.2227028
TXS04,2022-07-19,30.3654,-98.6125,0.1354292
TXS04,2022-07-22,30.3654,-98.6125,0.1149152
TXS04,2022-07-24,30.3654,-98.6125,0.1150571
TXS04,2022-07-27,30.3654,-98.6125,0.1123316
TXS04,2022-07-30,30.3654,-98.6125,0.1155438
TXS04,2022-08-01,30.3654,-98.6125,0.1107393
TXS04,2022-08-04,30.3654,-98.6125,0.1050297
TXS04,2022-09-24,30.3654,-98.6125,0.115726
TXS04,2022-09-27,30.3654,-98.6125,0.1268747
TXS04,2022-09-29,30.3654,-98.6125,0.1189847
TXS04,2022-10-02,30.3654,-98.6125,0.1115455
TXS04,2022-10-05,30.3654,-98.6125,0.103161
TXS04,2022-10-07,30.3654,-98.6125,0.1158592
TXS04,2022-10-10,30.3654,-98.6125,0.1159947
TXS04,2022-10-13,30.3654,-98.6125,0.1111425
TXS04,2022-10-15,30.3654,-98.6125,0.1065726
TXS04,2022-10-18,30.3654,-98.6125,0.1991809
TXS04,2022-10-21,30.3654,-98.6125,0.1289174
TXS04,2022-10-23,30.3654,-98.6125,0.1176553
TXS04,2022-10-26,30.3654,-98.6125,0.1784419
TXS04,2022-10-29,30.3654,-98.6125,0.2564378
TXS04,2022-10-31,30.3654,-98.6125,0.1974289
TXS04,2022-11-03,30.3654,-98.6125,0.1615715
TXS04,2022-11-06,30.3654,-98.6125,0.1510187
TXS04,2022-11-08,30.3654,-98.6125,0.1873939
TXS04,2022-11-11,30.3654,-98.6125,0.1628409
TXS04,2022-11-14,30.3654,-98.6125,0.227429
TXS04,2022-11-19,30.3654,-98.6125,0.1960738
TXS04,2022-11-22,30.3654,-98.6125,0.2614485
TXS04,2022-11-24,30.3654,-98.6125,0.263803
TXS04,2022-11-27,30.3654,-98.6125,0.29253
TXS04,2022-11-30,30.3654,-98.6125,0.2575655
TXS04,2022-12-02,30.3654,-98.6125,0.2538632
TXS04,2022-12-05,30.3654,-98.6125,0.220777
TXS04,2022-12-08,30.3654,-98.6125,0.2373759
TXS04,2022-12-10,30.3654,-98.6125,0.2157595
TXS04,2022-12-13,30.3654,-98.6125,0.2071933
TXS04,2022-12-16,30.3654,-98.6125,0.1920464
TXS04,2022-12-18,30.3654,-98.6125,0.1899108
TXS04,2022-12-21,30.3654,-98.6125,0.2451404
TXS04,2022-12-24,30.3654,-98.6125,0.1730514
TXS04,2022-12-26,30.3654,-98.6125,0.1955371
TXS04,2022-12-29,30.3654,-98.6125,0.1595024
TXS04,2023-01-01,30.3654,-98.6125,0.1822336
TXS04,2023-01-03,30.3654,-98.6125,0.1889909
TXS04,2023-01-06,30.3654,-98.6125,0.1542364
TXS04,2023-01-09,30.3654,-98.6125,0.1462758
TXS04,2023-01-11,30.3654,-98.6125,0.1512809
TXS04,2023-01-14,30.3654,-98.6125,0.1483739
TXS04,2023-01-17,30.3654,-98.6125,0.1258924
TXS04,2023-01-19,30.3654,-98.6125,0.1412435
TXS04,2023-01-22,30.3654,-98.6125,0.1257727
TXS04,2023-01-25,30.3654,-98.6125,0.2629799
TXS04,2023-01-27,30.3654,-98.6125,0.2160219
TXS04,2023-01-30,30.3654,-98.6125,0.2313099
TXS04,2023-02-02,30.3654,-98.6125,0.2982304
TXS04,2023-02-04,30.3654,-98.6125,0.2326439
TXS04,2023-02-07,30.3654,-98.6125,0.2260792
TXS04,2023-02-10,30.3654,-98.6125,0.2642952
TXS04,2023-02-12,30.3654,-98.6125,0.2508521
TXS04,2023-02-15,30.3654,-98.6125,0.2064912
TXS04,2023-02-18,30.3654,-98.6125,0.1845116
TXS04,2023-02-20,30.3654,-98.6125,0.1668679
TXS04,2023-02-23,30.3654,-98.6125,0.1616783
TXS04,2023-02-26,30.3654,-98.6125,0.1347451
TXS04,2023-02-28,30.3654,-98.6125,0.1410038
TXS04,2023-03-03,30.3654,-98.6125,0.2559938
TXS04,2023-03-06,30.3654,-98.6125,0.1643691
TXS04,2023-03-08,30.3654,-98.6125,0.1616213
TXS04,2023-03-11,30.3654,-98.6125,0.1423195
TXS04,2023-03-14,30.3654,-98.6125,0.1278668
TXS04,2023-03-16,30.3654,-98.6125,0.1072062
TXS04,2023-03-19,30.3654,-98.6125,0.1385136
TXS04,2023-03-22,30.3654,-98.6125,0.1270675
TXS04,2023-03-24,30.3654,-98.6125,0.1418423
TXS04,2023-03-27,30.3654,-98.6125,0.1205972
TXS04,2023-03-30,30.3654,-98.6125,0.1174519
TXS04,2023-04-01,30.3654,-98.6125,0.1461992
TXS04,2023-04-04,30.3654,-98.6125,0.112736
TXS04,2023-04-07,30.3654,-98.6125,0.2742313
TXS04,2023-04-09,30.3654,-98.6125,0.2682215
TXS04,2023-04-12,30.3654,-98.6125,0.1990256
TXS04,2023-04-15,30.3654,-98.6125,0.1462423
TXS04,2023-04-17,30.3654,-98.6125,0.1253819
TXS04,2023-04-20,30.3654,-98.6125,0.1152843
TXS04,2023-04-23,30.3654,-98.6125,0.2447227
TXS04,2023-04-25,30.3654,-98.6125,0.1807563
TXS04,2023-04-28,30.3654,-98.6125,0.1789251
TXS04,2023-05-01,30.3654,-98.6125,0.1696807
TXS04,2023-05-06,30.3654,-98.6125,0.1810199
TXS04,2023-05-09,30.3654,-98.6125,0.2463687
TXS04,2023-05-11,30.3654,-98.6125,0.2245517
TXS04,2023-05-14,30.3654,-98.6125,0.2932852
TXS04,2023-05-17,30.3654,-98.6125,0.2961055
TXS04,2023-05-19,30.3654,-98.6125,0.2230192
TXS04,2023-05-22,30.3654,-98.6125,0.2638763
TXS04,2023-05-25,30.3654,-98.6125,0.3035104
TXS04,2023-05-27,30.3654,-98.6125,0.2412124
TXS04,2023-05-30,30.3654,-98.6125,0.2446952
TXS04,2023-06-02,30.3654,-98.6125,0.1704651
TXS04,2023-06-04,30.3654,-98.6125,0.2611773
TXS04,2023-06-07,30.3654,-98.6125,0.1808674
TXS04,2023-06-10,30.3654,-98.6125,0.256142
TXS04,2023-06-12,30.3654,-98.6125,0.1732326
TXS04,2023-06-18,30.3654,-98.6125,0.1397892
TXS04,2023-06-20,30.3654,-98.6125,0.1362388
TXS04,2023-06-23,30.3654,-98.6125,0.2342849
TXS04,2023-06-26,30.3654,-98.6125,0.1203174
TXS04,2023-06-28,30.3654,-98.6125,0.1147238
TXS04,2023-07-04,30.3654,-98.6125,0.1188984
TXS04,2023-07-06,30.3654,-98.6125,0.1197429
TXS04,2023-07-09,30.3654,-98.6125,0.103162
TXS04,2023-07-12,30.3654,-98.6125,0.0938548
TXS04,2023-07-14,30.3654,-98.6125,0.1164898
TXS04,2023-07-20,30.3654,-98.6125,0.099279
TXS04,2023-07-22,30.3654,-98.6125,0.0861615
TXS04,2023-07-25,30.3654,-98.6125,0.1095537
TXS04,2023-07-28,30.3654,-98.6125,0.1034416
TXS04,2023-07-30,30.3654,-98.6125,0.0980321
TXS04,2023-08-02,30.3654,-98.6125,0.1083001
TXS04,2023-08-05,30.3654,-98.6125,0.1001659
TXS04,2023-08-07,30.3654,-98.6125,0.1002691
TXS04,2023-08-10,30.3654,-98.6125,0.0986728
TXS04,2023-08-13,30.3654,-98.6125,0.0948631
TXS04,2023-08-15,30.3654,-98.6125,0.1006725
TXS04,2023-08-18,30.3654,-98.6125,0.1172523
TXS04,2023-08-21,30.3654,-98.6125,0.0994808
TXS04,2023-08-23,30.3654,-98.6125,0.1276898
TXS04,2023-08-26,30.3654,-98.6125,0.1081657
TXS04,2023-08-29,30.3654,-98.6125,0.1264486
TXS04,2023-08-31,30.3654,-98.6125,0.11843
TXS04,2023-09-03,30.3654,-98.6125,0.1144638
TXS04,2023-09-06,30.3654,-98.6125,0.099612
TXS04,2023-09-08,30.3654,-98.6125,0.105181
TXS04,2023-09-11,30.3654,-98.6125,0.1651549
TXS04,2023-09-14,30.3654,-98.6125,0.2825171
TXS04,2023-09-16,30.3654,-98.6125,0.2701702
TXS04,2023-09-19,30.3654,-98.6125,0.2010616
TXS04,2023-09-22,30.3654,-98.6125,0.148004
TXS04,2023-09-24,30.3654,-98.6125,0.1294711
TXS04,2023-09-27,30.3654,-98.6125,0.2036146
TXS04,2023-09-30,30.3654,-98.6125,0.1506543
TXS04,2023-10-02,30.3654,-98.6125,0.158494
TXS04,2023-10-05,30.3654,-98.6125,0.3647287
TXS04,2023-10-08,30.3654,-98.6125,0.2405156
TXS04,2023-10-10,30.3654,-98.6125,0.1952052
TXS04,2023-10-13,30.3654,-98.6125,0.1559407
TXS04,2023-10-16,30.3654,-98.6125,0.141194
TXS04,2023-10-18,30.3654,-98.6125,0.1378306
TXS04,2023-10-21,30.3654,-98.6125,0.1246016
TXS04,2023-10-24,30.3654,-98.6125,0.1465814
TXS04,2023-10-26,30.3654,-98.6125,0.4162619
TXS04,2023-10-29,30.3654,-98.6125,0.3007714
TXS04,2023-11-01,30.3654,-98.6125,0.2938499
TXS04,2023-11-03,30.3654,-98.6125,0.2466747
TXS04,2023-11-06,30.3654,-98.6125,0.2070835
TXS04,2023-11-09,30.3654,-98.6125,0.1716433
TXS04,2023-11-11,30.3654,-98.6125,0.3082896
TXS04,2023-11-14,30.3654,-98.6125,0.3225063
TXS04,2023-11-17,30.3654,-98.6125,0.2593396
TXS04,2023-11-19,30.3654,-98.6125,0.2453316
TXS04,2023-11-22,30.3654,-98.6125,0.2346485
TXS04,2023-11-25,30.3654,-98.6125,0.2013739
TXS04,2023-11-27,30.3654,-98.6125,0.2251328
TXS04,2023-11-30,30.3654,-98.6125,0.1937102
TXS04,2023-12-03,30.3654,-98.6125,0.2029583
TXS04,2023-12-05,30.3654,-98.6125,0.1941653
TXS04,2023-12-08,30.3654,-98.6125,0.1568224
TXS04,2023-12-11,30.3654,-98.6125,0.1651801
TXS04,2023-12-13,30.3654,-98.6125,0.1513559
TXS04,2023-12-16,30.3654,-98.6125,0.2611661
TXS04,2023-12-19,30.3654,-98.6125,0.2144271
TXS04,2023-12-21,30.3654,-98.6125,0.2007625
TXS04,2023-12-24,30.3654,-98.6125,0.3623634
TXS04,2023-12-27,30.3654,-98.6125,0.2682371
TXS04,2023-12-29,30.3654,-98.6125,0.2433116
TXS05,2015-04-03,30.3982,-98.6311,0.1362193
TXS05,2015-04-06,30.3982,-98.6311,0.1352203
TXS05,2015-04-08,30.3982,-98.6311,0.1317943
TXS05,2015-04-11,30.3982,-98.6311,0.1814831
TXS05,2015-04-14,30.3982,-98.6311,0.1808886
TXS05,2015-04-16,30.3982,-98.6311,0.1369458
TXS05,2015-04-19,30.3982,-98.6311,0.3133093
TXS05,2015-04-22,30.3982,-98.6311,0.1972726
TXS05,2015-04-24,30.3982,-98.6311,0.3356165
TXS05,2015-04-27,30.3982,-98.6311,0.2917611
TXS05,2015-05-05,30.3982,-98.6311,0.1212482
TXS05,2015-05-08,30.3982,-98.6311,0.1579169
TXS05,2015-05-10,30.3982,-98.6311,0.1891312
TXS05,2015-05-16,30.3982,-98.6311,0.2583081
TXS05,2015-05-18,30.3982,-98.6311,0.2659848
TXS05,2015-05-21,30.3982,-98.6311,0.3363354
TXS05,2015-05-24,30.3982,-98.6311,0.355181
TXS05,2015-05-26,30.3982,-98.6311,0.3178736
TXS05,2015-05-29,30.3982,-98.6311,0.4152367
TXS05,2015-06-01,30.3982,-98.6311,0.2795948
TXS05,2015-06-03,30.3982,-98.6311,0.2263606
TXS05,2015-06-06,30.3982,-98.6311,0.1722382
TXS05,2015-06-09,30.3982,-98.6311,0.1534704
TXS05,2015-06-11,30.3982,-98.6311,0.1304226
TXS05,2015-06-14,30.3982,-98.6311,0.1296835
TXS05,2015-06-19,30.3982,-98.6311,0.224501
TXS05,2015-06-25,30.3982,-98.6311,0.1560776
TXS05,2015-06-27,30.3982,-98.6311,0.1554246
TXS05,2015-06-30,30.3982,-98.6311,0.1721663
TXS05,2015-07-03,30.3982,-98.6311,0.152808
TXS05,2015-07-05,30.3982,-98.6311,0.1289373
TXS05,2015-07-08,30.3982,-98.6311,0.1055933
TXS05,2015-07-11,30.3982,-98.6311,0.1078292
TXS05,2015-07-13,30.3982,-98.6311,0.1051679
TXS05,2015-07-16,30.3982,-98.6311,0.1128646
TXS05,2015-07-19,30.3982,-98.6311,0.0990415
TXS05,2015-07-21,30.3982,-98.6311,0.1075787
TXS05,2015-07-22,30.3982,-98.6311,0.0927737
TXS05,2015-07-24,30.3982,-98.6311,0.1002831
TXS05,2015-07-29,30.3982,-98.6311,0.0997373
TXS05,2015-07-30,30.3982,-98.6311,0.0867529
TXS05,2015-08-01,30.3982,-98.6311,0.1487271
TXS05,2015-08-04,30.3982,-98.6311,0.112205
TXS05,2015-08-06,30.3982,-98.6311,0.1108691
TXS05,2015-08-07,30.3982,-98.6311,0.104746
TXS05,2015-08-09,30.3982,-98.6311,0.1167934
TXS05,2015-08-14,30.3982,-98.6311,0.1227906
TXS05,2015-08-17,30.3982,-98.6311,0.1318967
TXS05,2015-08-20,30.3982,-98.6311,0.1011642
TXS05,2015-08-22,30.3982,-98.6311,0.1189608
TXS05,2015-08-25,30.3982,-98.6311,0.1160226
TXS05,2015-08-28,30.3982,-98.6311,0.1123231
TXS05,2015-08-30,30.3982,-98.6311,0.1070622
TXS05,2015-09-02,30.3982,-98.6311,0.1265117
TXS05,2015-09-05,30.3982,-98.6311,0.1110184
TXS05,2015-09-07,30.3982,-98.6311,0.1102695
TXS05,2015-09-10,30.3982,-98.6311,0.1431148
TXS05,2015-09-13,30.3982,-98.6311,0.141351
TXS05,2015-09-15,30.3982,-98.6311,0.1173674
TXS05,2015-09-18,30.3982,-98.6311,0.1331915
TXS05,2015-09-21,30.3982,-98.6311,0.1143582
TXS05,2015-09-23,30.3982,-98.6311,0.1140662
TXS05,2015-09-26,30.3982,-98.6311,0.1112871
TXS05,2015-09-29,30.3982,-98.6311,0.1155356
TXS05,2015-10-01,30.3982,-98.6311,0.1249773
TXS05,2015-10-04,30.3982,-98.6311,0.1133122
TXS05,2015-10-07,30.3982,-98.6311,0.1112544
TXS05,2015-10-09,30.3982,-98.6311,0.128654
TXS05,2015-10-12,30.3982,-98.6311,0.1116458
TXS05,2015-10-15,30.3982,-98.6311,0.1099898
TXS05,2015-10-17,30.3982,-98.6311,0.1148698
TXS05,2015-10-20,30.3982,-98.6311,0.1134154
TXS05,2015-10-28,30.3982,-98.6311,0.28123
TXS05,2015-10-31,30.3982,-98.6311,0.3731005
TXS05,2015-11-02,30.3982,-98.6311,0.3240941
TXS05,2015-11-05,30.3982,-98.6311,0.2768833
TXS05,2015-11-08,30.3982,-98.6311,0.3008386
TXS05,2015-11-10,30.3982,-98.6311,0.2910415
TXS05,2015-11-13,30.3982,-98.6311,0.2489773
TXS05,2015-11-16,30.3982,-98.6311,0.2262732
TXS05,2015-11-18,30.3982,-98.6311,0.3098533
TXS05,2015-11-21,30.3982,-98.6311,0.2374769
TXS05,2015-11-24,30.3982,-98.6311,0.1971537
TXS05,2015-11-26,30.3982,-98.6311,0.1910063
TXS05,2015-11-29,30.3982,-98.6311,0.3365411
TXS05,2015-12-02,30.3982,-98.6311,0.3117931
TXS05,2015-12-04,30.3982,-98.6311,0.2832333
TXS05,2015-12-07,30.3982,-98.6311,0.2602756
TXS05,2015-12-10,30.3982,-98.6311,0.2478759
TXS05,2015-12-12,30.3982,-98.6311,0.2223389
TXS05,2015-12-18,30.3982,-98.6311,0.2584693
TXS05,2015-12-20,30.3982,-98.6311,0.2371999
TXS05,2015-12-23,30.3982,-98.6311,0.2553446
TXS05,2015-12-26,30.3982,-98.6311,0.214028
TXS05,2015-12-28,30.3982,-98.6311,0.3167754
TXS05,2015-12-31,30.3982,-98.6311,0.2724542
TXS05,2016-01-03,30.3982,-98.6311,0.2892514
TXS05,2016-01-05,30.3982,-98.6311,0.2839744
TXS05,2016-01-08,30.3982,-98.6311,0.2824145
TXS05,2016-01-11,30.3982,-98.6311,0.2551588
TXS05,2016-01-13,30.3982,-98.6311,0.2595306
TXS05,2016-01-16,30.3982,-98.6311,0.2491598
TXS05,2016-01-19,30.3982,-98.6311,0.2167239
TXS05,2016-01-21,30.3982,-98.6311,0.2140874
TXS05,2016-01-24,30.3982,-98.6311,0.1963153
TXS05,2016-01-27,30.3982,-98.6311,0.2087153
TXS05,2016-01-29,30.3982,-98.6311,0.1971451
TXS05,2016-02-01,30.3982,-98.6311,0.1885187
TXS05,2016-02-04,30.3982,-98.6311,0.1625891
TXS05,2016-02-06,30.3982,-98.6311,0.1689945
TXS05,2016-02-09,30.3982,-98.6311,0.151234
TXS05,2016-02-12,30.3982,-98.6311,0.1516389
TXS05,2016-02-14,30.3982,-98.6311,0.1395541
TXS05,2016-02-17,30.3982,-98.6311,0.1510524
TXS05,2016-02-20,30.3982,-98.6311,0.1207546
TXS05,2016-02-22,30.3982,-98.6311,0.1860252
TXS05,2016-02-25,30.3982,-98.6311,0.2641722
TXS05,2016-02-28,30.3982,-98.6311,0.20409
TXS05,2016-03-01,30.3982,-98.6311,0.1857022
TXS05,2016-03-04,30.3982,-98.6311,0.1781437
TXS05,2016-03-07,30.3982,-98.6311,0.1413655
TXS05,2016-03-09,30.3982,-98.6311,0.3401136
TXS05,2016-03-12,30.3982,-98.6311,0.3387555
TXS05,2016-03-15,30.3982,-98.6311,0.2650459
TXS05,2016-03-17,30.3982,-98.6311,0.2168514
TXS05,2016-03-20,30.3982,-98.6311,0.2379698
TXS05,2016-03-23,30.3982,-98.6311,0.1849055
TXS05,2016-03-25,30.3982,-98.6311,0.2164492
TXS05,2016-03-28,30.3982,-98.6311,0.1768277
TXS05,2016-03-31,30.3982,-98.6311,0.1710305
TXS05,2016-04-02,30.3982,-98.6311,0.2404579
TXS05,2016-04-05,30.3982,-98.6311,0.1809623
TXS05,2016-04-08,30.3982,-98.6311,0.1423026
TXS05,2016-04-10,30.3982,-98.6311,0.1413776
TXS05,2016-04-13,30.3982,-98.6311,0.2791487
TXS05,2016-04-16,30.3982,-98.6311,0.2097603
TXS05,2016-04-18,30.3982,-98.6311,0.272137
TXS05,2016-04-21,30.3982,-98.6311,0.3462588
TXS05,2016-04-24,30.3982,-98.6311,0.2106979
TXS05,2016-04-26,30.3982,-98.6311,0.1878005
TXS05,2016-04-29,30.3982,-98.6311,0.2145025
TXS05,2016-05-04,30.3982,-98.6311,0.1940268
TXS05,2016-05-07,30.3982,-98.6311,0.1394427
TXS05,2016-05-10,30.3982,-98.6311,0.1291899
TXS05,2016-05-12,30.3982,-98.6311,0.155207
TXS05,2016-05-15,30.3982,-98.6311,0.1970483
TXS05,2016-05-18,30.3982,-98.6311,0.2456614
TXS05,2016-05-20,30.3982,-98.6311,0.2790099
TXS05,2016-05-23,30.3982,-98.6311,0.235025
TXS05,2016-05-26,30.3982,-98.6311,0.2025651
TXS05,2016-05-28,30.3982,-98.6311,0.2550069
TXS05,2016-05-31,30.3982,-98.6311,0.2526393
TXS05,2016-06-03,30.3982,-98.6311,0.2978719
TXS05,2016-06-05,30.3982,-98.6311,0.2757505
TXS05,2016-06-08,30.3982,-98.6311,0.2010839
TXS05,2016-06-11,30.3982,-98.6311,0.1606285
TXS05,2016-06-13,30.3982,-98.6311,0.1525798
TXS05,2016-06-16,30.3982,-98.6311,0.1396254
TXS05,2016-06-19,30.3982,-98.6311,0.1235576
TXS05,2016-06-21,30.3982,-98.6311,0.1366806
TXS05,2016-06-24,30.3982,-98.6311,0.1114681
TXS05,2016-06-27,30.3982,-98.6311,0.1158795
TXS05,2016-06-29,30.3982,-98.6311,0.1426011
TXS05,2016-07-02,30.3982,-98.6311,0.1174237
TXS05,2016-07-05,30.3982,-98.6311,0.1031742
TXS05,2016-07-07,30.3982,-98.6311,0.1058128
TXS05,2016-07-10,30.3982,-98.6311,0.1058742
TXS05,2016-07-13,30.3982,-98.6311,0.1069978
TXS05,2016-07-15,30.3982,-98.6311,0.107256
TXS05,2016-07-18,30.3982,-98.6311,0.106187
TXS05,2016-07-21,30.3982,-98.6311,0.0965871
TXS05,2016-07-23,30.3982,-98.6311,0.1075148
TXS05,2016-07-26,30.3982,-98.6311,0.2260303
TXS05,2016-07-29,30.3982,-98.6311,0.1438669
TXS05,2016-07-31,30.3982,-98.6311,0.1149795
TXS05,2016-08-03,30.3982,-98.6311,0.1128505
TXS05,2016-08-06,30.3982,-98.6311,0.1047808
TXS05,2016-08-08,30.3982,-98.6311,0.1051275
TXS05,2016-08-11,30.3982,-98.6311,0.1036143
TXS05,2016-08-14,30.3982,-98.6311,0.2672846
TXS05,2016-08-16,30.3982,-98.6311,0.2894975
TXS05,2016-08-19,30.3982,-98.6311,0.2774415
TXS05,2016-08-22,30.3982,-98.6311,0.2756137
TXS05,2016-08-24,30.3982,-98.6311,0.2386606
TXS05,2016-08-27,30.3982,-98.6311,0.1917514
TXS05,2016-08-30,30.3982,-98.6311,0.1544894
TXS05,2016-09-01,30.3982,-98.6311,0.1726676
TXS05,2016-09-04,30.3982,-98.6311,0.1683352
TXS05,2016-09-07,30.3982,-98.6311,0.1649072
TXS05,2016-09-09,30.3982,-98.6311,0.1220703
TXS05,2016-09-12,30.3982,-98.6311,0.1359489
TXS05,2016-09-15,30.3982,-98.6311,0.1262044
TXS05,2016-09-17,30.3982,-98.6311,0.1227703
TXS05,2016-09-20,30.3982,-98.6311,0.1014182
TXS05,2016-09-23,30.3982,-98.6311,0.0977904
TXS05,2016-09-25,30.3982,-98.6311,0.2101886
TXS05,2016-10-01,30.3982,-98.6311,0.2033694
TXS05,2016-10-03,30.3982,-98.6311,0.1781305
TXS05,2016-10-06,30.3982,-98.6311,0.1358568
TXS05,2016-10-09,30.3982,-98.6311,0.142391
TXS05,2016-10-11,30.3982,-98.6311,0.1337555
TXS05,2016-10-14,30.3982,-98.6311,0.1334818
TXS05,2016-10-17,30.3982,-98.6311,0.124887
TXS05,2016-10-19,30.3982,-98.6311,0.1169544
TXS05,2016-10-22,30.3982,-98.6311,0.1406854
TXS05,2016-10-25,30.3982,-98.6311,0.1169875
TXS05,2016-10-27,30.3982,-98.6311,0.1199571
TXS05,2016-10-30,30.3982,-98.6311,0.1021438
TXS05,2016-11-02,30.3982,-98.6311,0.1045949
TXS05,2016-11-04,30.3982,-98.6311,0.2556138
TXS05,2016-11-07,30.3982,-98.6311,0.3013196
TXS05,2016-11-10,30.3982,-98.6311,0.3490134
TXS05,2016-11-12,30.3982,-98.6311,0.3073702
TXS05,2016-11-15,30.3982,-98.6311,0.264349
TXS05,2016-11-18,30.3982,-98.6311,0.2170792
TXS05,2016-11-20,30.3982,-98.6311,0.2241119
TXS05,2016-11-23,30.3982,-98.6311,0.256735
TXS05,2016-11-26,30.3982,-98.6311,0.2266891
TXS05,2016-11-28,30.3982,-98.6311,0.1968084
TXS05,2016-12-01,30.3982,-98.6311,0.1985765
TXS05,2016-12-04,30.3982,-98.6311,0.2941348
TXS05,2016-12-06,30.3982,-98.6311,0.3265478
TXS05,2016-12-09,30.3982,-98.6311,0.2560665
TXS05,2016-12-12,30.3982,-98.6311,0.2722649
TXS05,2016-12-14,30.3982,-98.6311,0.2719811
TXS05,2016-12-17,30.3982,-98.6311,0.2373068
TXS05,2016-12-20,30.3982,-98.6311,0.2264213
TXS05,2016-12-22,30.3982,-98.6311,0.2226922
TXS05,2016-12-25,30.3982,-98.6311,0.22333
TXS05,2016-12-28,30.3982,-98.6311,0.1929077
TXS05,2016-12-30,30.3982,-98.6311,0.2222446
TXS05,2017-01-02,30.3982,-98.6311,0.3095733
TXS05,2017-01-05,30.3982,-98.6311,0.2307172
TXS05,2017-01-07,30.3982,-98.6311,0.1836877
TXS05,2017-01-10,30.3982,-98.6311,0.1876929
TXS05,2017-01-13,30.3982,-98.6311,0.1866932
TXS05,2017-01-15,30.3982,-98.6311,0.215708
TXS05,2017-01-18,30.3982,-98.6311,0.2881954
TXS05,2017-01-21,30.3982,-98.6311,0.2618408
TXS05,2017-01-23,30.3982,-98.6311,0.2438085
TXS05,2017-01-26,30.3982,-98.6311,0.2300571
TXS05,2017-01-29,30.3982,-98.6311,0.2101289
TXS05,2017-01-31,30.3982,-98.6311,0.1902825
TXS05,2017-02-03,30.3982,-98.6311,0.1824209
TXS05,2017-02-06,30.3982,-98.6311,0.1650842
TXS05,2017-02-08,30.3982,-98.6311,0.1808524
TXS05,2017-02-11,30.3982,-98.6311,0.1505225
TXS05,2017-02-14,30.3982,-98.6311,0.3869717
TXS05,2017-02-16,30.3982,-98.6311,0.2780842
TXS05,2017-02-19,30.3982,-98.6311,0.237663
TXS05,2017-02-22,30.3982,-98.6311,0.2604992
TXS05,2017-02-24,30.3982,-98.6311,0.2384516
TXS05,2017-02-27,30.3982,-98.6311,0.1959566
TXS05,2017-03-02,30.3982,-98.6311,0.2047692
TXS05,2017-03-04,30.3982,-98.6311,0.1782585
TXS05,2017-03-07,30.3982,-98.6311,0.2426878
TXS05,2017-03-10,30.3982,-98.6311,0.2211024
TXS05,2017-03-12,30.3982,-98.6311,0.2896505
TXS05,2017-03-15,30.3982,-98.6311,0.2018052
TXS05,2017-03-18,30.3982,-98.6311,0.1748152
TXS05,2017-03-20,30.3982,-98.6311,0.1855931
TXS05,2017-03-23,30.3982,-98.6311,0.1492631
TXS05,2017-03-26,30.3982,-98.6311,0.1421537
TXS05,2017-03-28,30.3982,-98.6311,0.140311
TXS05,2017-03-31,30.3982,-98.6311,0.189804
TXS05,2017-04-03,30.3982,-98.6311,0.2897116
TXS05,2017-04-05,30.3982,-98.6311,0.2470888
TXS05,2017-04-08,30.3982,-98.6311,0.1731902
TXS05,2017-04-11,30.3982,-98.6311,0.2169837
TXS05,2017-04-13,30.3982,-98.6311,0.218836
TXS05,2017-04-16,30.3982,-98.6311,0.1968746
TXS05,2017-04-19,30.3982,-98.6311,0.1767965
TXS05,2017-04-21,30.3982,-98.6311,0.1491416
TXS05,2017-04-24,30.3982,-98.6311,0.1427401
TXS05,2017-04-27,30.3982,-98.6311,0.1234577
TXS05,2017-04-29,30.3982,-98.6311,0.1127628
TXS05,2017-05-02,30.3982,-98.6311,0.1313028
TXS05,2017-05-05,30.3982,-98.6311,0.1065931
TXS05,2017-05-07,30.3982,-98.6311,0.1106681
TXS05,2017-05-10,30.3982,-98.6311,0.1368869
TXS05,2017-05-13,30.3982,-98.6311,0.1195975
TXS05,2017-05-15,30.3982,-98.6311,0.1127388
TXS05,2017-05-18,30.3982,-98.6311,0.1481978
TXS05,2017-05-21,30.3982,-98.6311,0.2309992
TXS05,2017-05-23,30.3982,-98.6311,0.2471344
TXS05,2017-05-26,30.3982,-98.6311,0.1770586
TXS05,2017-05-29,30.3982,-98.6311,0.2411197
TXS05,2017-05-31,30.3982,-98.6311,0.2033683
TXS05,2017-06-03,30.3982,-98.6311,0.1825753
TXS05,2017-06-06,30.3982,-98.6311,0.2255418
TXS05,2017-06-08,30.3982,-98.6311,0.1747417
TXS05,2017-06-11,30.3982,-98.6311,0.1302925
TXS05,2017-06-14,30.3982,-98.6311,0.109605
TXS05,2017-06-16,30.3982,-98.6311,0.1111929
TXS05,2017-06-19,30.3982,-98.6311,0.1148446
TXS05,2017-06-22,30.3982,-98.6311,0.1248493
TXS05,2017-06-24,30.3982,-98.6311,0.1097209
TXS05,2017-06-27,30.3982,-98.6311,0.2724933
TXS05,2017-06-30,30.3982,-98.6311,0.1611795
TXS05,2017-07-02,30.3982,-98.6311,0.1825462
TXS05,2017-07-05,30.3982,-98.6311,0.1433363
TXS05,2017-07-08,30.3982,-98.6311,0.1070483
TXS05,2017-07-10,30.3982,-98.6311,0.1514256
TXS05,2017-07-13,30.3982,-98.6311,0.1117261
TXS05,2017-07-16,30.3982,-98.6311,0.1256912
TXS05,2017-07-18,30.3982,-98.6311,0.1591332
TXS05,2017-07-21,30.3982,-98.6311,0.1075846
TXS05,2017-07-24,30.3982,-98.6311,0.2393189
TXS05,2017-07-26,30.3982,-98.6311,0.200039
TXS05,2017-07-29,30.3982,-98.6311,0.1244597
TXS05,2017-08-01,30.3982,-98.6311,0.126448
TXS05,2017-08-03,30.3982,-98.6311,0.1854733
TXS05,2017-08-06,30.3982,-98.6311,0.1304118
TXS05,2017-08-09,30.3982,-98.6311,0.258583
TXS05,2017-08-11,30.3982,-98.6311,0.2208404
TXS05,2017-08-14,30.3982,-98.6311,0.154323
TXS05,2017-08-17,30.3982,-98.6311,0.1244895
TXS05,2017-08-19,30.3982,-98.6311,0.1143983
TXS05,2017-08-22,30.3982,-98.6311,0.1194588
TXS05,2017-08-25,30.3982,-98.6311,0.1287993
TXS05,2017-08-27,30.3982,-98.6311,0.2651619
TXS05,2017-08-30,30.3982,-98.6311,0.1987792
TXS05,2017-09-02,30.3982,-98.6311,0.1369334
TXS05,2017-09-04,30.3982,-98.6311,0.1301283
TXS05,2017-09-07,30.3982,-98.6311,0.130348
TXS05,2017-09-10,30.3982,-98.6311,0.1050193
TXS05,2017-09-12,30.3982,-98.6311,0.1127843
TXS05,2017-09-15,30.3982,-98.6311,0.103312
TXS05,2017-09-18,30.3982,-98.6311,0.0992876
TXS05,2017-09-20,30.3982,-98.6311,0.0957029
TXS05,2017-09-23,30.3982,-98.6311,0.107135
TXS05,2017-09-26,30.3982,-98.6311,0.1366819
TXS05,2017-09-28,30.3982,-98.6311,0.2902734
TXS05,2017-10-01,30.3982,-98.6311,0.2634948
TXS05,2017-10-04,30.3982,-98.6311,0.2672082
TXS05,2017-10-06,30.3982,-98.6311,0.2227716
TXS05,2017-10-09,30.3982,-98.6311,0.191991
TXS05,2017-10-12,30.3982,-98.6311,0.1538647
TXS05,2017-10-14,30.3982,-98.6311,0.1348972
TXS05,2017-10-17,30.3982,-98.6311,0.1381768
TXS05,2017-10-20,30.3982,-98.6311,0.114864
TXS05,2017-10-22,30.3982,-98.6311,0.2422746
TXS05,2017-10-25,30.3982,-98.6311,0.1726317
TXS05,2017-10-28,30.3982,-98.6311,0.1364523
TXS05,2017-10-30,30.3982,-98.6311,0.128345
TXS05,2017-11-02,30.3982,-98.6311,0.1202428
TXS05,2017-11-05,30.3982,-98.6311,0.1165363
TXS05,2017-11-07,30.3982,-98.6311,0.1203335
TXS05,2017-11-10,30.3982,-98.6311,0.2132562
TXS05,2017-11-13,30.3982,-98.6311,0.1909998
TXS05,2017-11-15,30.3982,-98.6311,0.1703419
TXS05,2017-11-18,30.3982,-98.6311,0.1612422
TXS05,2017-11-21,30.3982,-98.6311,0.1256223
TXS05,2017-11-23,30.3982,-98.6311,0.1464224
TXS05,2017-11-26,30.3982,-98.6311,0.1281541
TXS05,2017-11-29,30.3982,-98.6311,0.1229448
TXS05,2017-12-01,30.3982,-98.6311,0.1119909
TXS05,2017-12-04,30.3982,-98.6311,0.1273276
TXS05,2017-12-07,30.3982,-98.6311,0.3079668
TXS05,2017-12-09,30.3982,-98.6311,0.2430779
TXS05,2017-12-12,30.3982,-98.6311,0.2545432
TXS05,2017-12-15,30.3982,-98.6311,0.2273693
TXS05,2017-12-17,30.3982,-98.6311,0.2450064
TXS05,2017-12-20,30.3982,-98.6311,0.2505203
TXS05,2017-12-23,30.3982,-98.6311,0.2597993
TXS05,2017-12-25,30.3982,-98.6311,0.2181868
TXS05,2017-12-28,30.3982,-98.6311,0.2219372
TXS05,2017-12-31,30.3982,-98.6311,0.1963787
TXS05,2018-01-02,30.3982,-98.6311,0.1963703
TXS05,2018-01-05,30.3982,-98.6311,0.2066327
TXS05,2018-01-08,30.3982,-98.6311,0.1974965
TXS05,2018-01-10,30.3982,-98.6311,0.1912751
TXS05,2018-01-13,30.3982,-98.6311,0.1826734
TXS05,2018-01-18,30.3982,-98.6311,0.1685615
TXS05,2018-01-24,30.3982,-98.6311,0.1654287
TXS05,2018-01-26,30.3982,-98.6311,0.1275074
TXS05,2018-01-29,30.3982,-98.6311,0.1914336
TXS05,2018-02-01,30.3982,-98.6311,0.1434861
TXS05,2018-02-03,30.3982,-98.6311,0.1343412
TXS05,2018-02-06,30.3982,-98.6311,0.1130504
TXS05,2018-02-09,30.3982,-98.6311,0.1681257
TXS05,2018-02-11,30.3982,-98.6311,0.1522969
TXS05,2018-02-14,30.3982,-98.6311,0.133405
TXS05,2018-02-17,30.3982,-98.6311,0.1442225
TXS05,2018-02-19,30.3982,-98.6311,0.136696
TXS05,2018-02-22,30.3982,-98.6311,0.3155836
TXS05,2018-02-25,30.3982,-98.6311,0.2485781
TXS05,2018-02-27,30.3982,-98.6311,0.2313713
TXS05,2018-03-02,30.3982,-98.6311,0.2674525
TXS05,2018-03-05,30.3982,-98.6311,0.2145051
TXS05,2018-03-07,30.3982,-98.6311,0.2290764
TXS05,2018-03-10,30.3982,-98.6311,0.1628776
TXS05,2018-03-13,30.3982,-98.6311,0.1477312
TXS05,2018-03-15,30.3982,-98.6311,0.1299907
TXS05,2018-03-18,30.3982,-98.6311,0.125591
TXS05,2018-03-21,30.3982,-98.6311,0.1268058
TXS05,2018-03-23,30.3982,-98.6311,0.1124345
TXS05,2018-03-26,30.3982,-98.6311,0.1182883
TXS05,2018-03-29,30.3982,-98.6311,0.2799751
TXS05,2018-03-31,30.3982,-98.6311,0.1996965
TXS05,2018-04-03,30.3982,-98.6311,0.1602985
TXS05,2018-04-06,30.3982,-98.6311,0.126393
TXS05,2018-04-08,30.3982,-98.6311,0.1313947
TXS05,2018-04-11,30.3982,-98.6311,0.1132328
TXS05,2018-04-14,30.3982,-98.6311,0.1777078
TXS05,2018-04-16,30.3982,-98.6311,0.1237821
TXS05,2018-04-19,30.3982,-98.6311,0.1207849
TXS05,2018-04-22,30.3982,-98.6311,0.1566857
TXS05,2018-04-24,30.3982,-98.6311,0.1192714
TXS05,2018-04-27,30.3982,-98.6311,0.1729557
TXS05,2018-04-30,30.3982,-98.6311,0.1273862
TXS05,2018-05-02,30.3982,-98.6311,0.1163221
TXS05,2018-05-08,30.3982,-98.6311,0.2081167
TXS05,2018-05-10,30.3982,-98.6311,0.1563839
TXS05,2018-05-13,30.3982,-98.6311,0.1281508
TXS05,2018-05-16,30.3982,-98.6311,0.3208586
TXS05,2018-05-18,30.3982,-98.6311,0.201869
TXS05,2018-05-21,30.3982,-98.6311,0.2298426
TXS05,2018-05-24,30.3982,-98.6311,0.1622249
TXS05,2018-05-26,30.3982,-98.6311,0.1339486
TXS05,2018-06-01,30.3982,-98.6311,0.091896
TXS05,2018-06-03,30.3982,-98.6311,0.1091031
TXS05,2018-06-06,30.3982,-98.6311,0.1836733
TXS05,2018-06-09,30.3982,-98.6311,0.1295723
TXS05,2018-06-11,30.3982,-98.6311,0.1134384
TXS05,2018-06-14,30.3982,-98.6311,0.1135522
TXS05,2018-06-17,30.3982,-98.6311,0.1027104
TXS05,2018-06-19,30.3982,-98.6311,0.1393135
TXS05,2018-06-22,30.3982,-98.6311,0.1396258
TXS05,2018-06-25,30.3982,-98.6311,0.0921186
TXS05,2018-06-30,30.3982,-98.6311,0.1111408
TXS05,2018-07-03,30.3982,-98.6311,0.0921404
TXS05,2018-07-05,30.3982,-98.6311,0.2584364
TXS05,2018-07-08,30.3982,-98.6311,0.2195315
TXS05,2018-07-11,30.3982,-98.6311,0.1662418
TXS05,2018-07-13,30.3982,-98.6311,0.1251203
TXS05,2018-07-14,30.3982,-98.6311,0.1131926
TXS05,2018-07-16,30.3982,-98.6311,0.0985989
TXS05,2018-07-19,30.3982,-98.6311,0.1011699
TXS05,2018-07-21,30.3982,-98.6311,0.1110497
TXS05,2018-07-24,30.3982,-98.6311,0.0985031
TXS05,2018-07-27,30.3982,-98.6311,0.1210252
TXS05,2018-07-29,30.3982,-98.6311,0.1015392
TXS05,2018-08-01,30.3982,-98.6311,0.1409869
TXS05,2018-08-04,30.3982,-98.6311,0.1027703
TXS05,2018-08-06,30.3982,-98.6311,0.1054202
TXS05,2018-08-09,30.3982,-98.6311,0.0965211
TXS05,2018-08-12,30.3982,-98.6311,0.2349336
TXS05,2018-08-14,30.3982,-98.6311,0.2227029
TXS05,2018-08-17,30.3982,-98.6311,0.1535274
TXS05,2018-08-20,30.3982,-98.6311,0.1236007
TXS05,2018-08-22,30.3982,-98.6311,0.1261187
TXS05,2018-08-25,30.3982,-98.6311,0.1031336
TXS05,2018-08-28,30.3982,-98.6311,0.0912896
TXS05,2018-08-30,30.3982,-98.6311,0.1080367
TXS05,2018-09-02,30.3982,-98.6311,0.0974986
TXS05,2018-09-05,30.3982,-98.6311,0.2202217
TXS05,2018-09-07,30.3982,-98.6311,0.2586739
TXS05,2018-09-10,30.3982,-98.6311,0.2990785
TXS05,2018-09-13,30.3982,-98.6311,0.2696049
TXS05,2018-09-15,30.3982,-98.6311,0.3482298
TXS05,2018-09-18,30.3982,-98.6311,0.281794
TXS05,2018-09-21,30.3982,-98.6311,0.2491716
TXS05,2018-09-23,30.3982,-98.6311,0.2947504
TXS05,2018-09-26,30.3982,-98.6311,0.2237669
TXS05,2018-09-29,30.3982,-98.6311,0.1765453
TXS05,2018-10-01,30.3982,-98.6311,0.2143396
TXS05,2018-10-04,30.3982,-98.6311,0.1809461
TXS05,2018-10-07,30.3982,-98.6311,0.1448963
TXS05,2018-10-09,30.3982,-98.6311,0.2691996
TXS05,2018-10-12,30.3982,-98.6311,0.2348798
TXS05,2018-10-15,30.3982,-98.6311,0.4222235
TXS05,2018-10-17,30.3982,-98.6311,0.4071531
TXS05,2018-10-20,30.3982,-98.6311,0.3528156
TXS05,2018-10-23,30.3982,-98.6311,0.3106335
TXS05,2018-10-25,30.3982,-98.6311,0.3312493
TXS05,2018-10-28,30.3982,-98.6311,0.2877025
TXS05,2018-10-31,30.3982,-98.6311,0.2581602
TXS05,2018-11-02,30.3982,-98.6311,0.2936467
TXS05,2018-11-05,30.3982,-98.6311,0.2694553
TXS05,2018-11-08,30.3982,-98.6311,0.2461857
TXS05,2018-11-10,30.3982,-98.6311,0.2484764
TXS05,2018-11-13,30.3982,-98.6311,0.2808505
TXS05,2018-11-16,30.3982,-98.6311,0.2583615
TXS05,2018-11-18,30.3982,-98.6311,0.2393567
TXS05,2018-11-21,30.3982,-98.6311,0.2498608
TXS05,2018-11-24,30.3982,-98.6311,0.2208113
TXS05,2018-11-26,30.3982,-98.6311,0.2273967
TXS05,2018-11-29,30.3982,-98.6311,0.1688458
TXS05,2018-12-02,30.3982,-98.6311,0.2068867
TXS05,2018-12-04,30.3982,-98.6311,0.2074062
TXS05,2018-12-07,30.3982,-98.6311,0.2453226
TXS05,2018-12-10,30.3982,-98.6311,0.2742357
TXS05,2018-12-12,30.3982,-98.6311,0.2702193
TXS05,2018-12-15,30.3982,-98.6311,0.2521261
TXS05,2018-12-18,30.3982,-98.6311,0.2675645
TXS05,2018-12-20,30.3982,-98.6311,0.2576316
TXS05,2018-12-23,30.3982,-98.6311,0.2577166
TXS05,2018-12-26,30.3982,-98.6311,0.267908
TXS05,2018-12-28,30.3982,-98.6311,0.3263246
TXS05,2018-12-31,30.3982,-98.6311,0.3121287
TXS05,2019-01-03,30.3982,-98.6311,0.3759907
TXS05,2019-01-05,30.3982,-98.6311,0.2849391
TXS05,2019-01-08,30.3982,-98.6311,0.3133086
TXS05,2019-01-11,30.3982,-98.6311,0.2723037
TXS05,2019-01-13,30.3982,-98.6311,0.3225363
TXS05,2019-01-16,30.3982,-98.6311,0.275383
TXS05,2019-01-19,30.3982,-98.6311,0.2815281
TXS05,2019-01-21,30.3982,-98.6311,0.2543677
TXS05,2019-01-24,30.3982,-98.6311,0.2359658
TXS05,2019-01-27,30.3982,-98.6311,0.3201337
TXS05,2019-01-29,30.3982,-98.6311,0.2698575
TXS05,2019-02-01,30.3982,-98.6311,0.218181
TXS05,2019-02-04,30.3982,-98.6311,0.2446564
TXS05,2019-02-06,30.3982,-98.6311,0.2310969
TXS05,2019-02-09,30.3982,-98.6311,0.256421
TXS05,2019-02-12,30.3982,-98.6311,0.286398
TXS05,2019-02-14,30.3982,-98.6311,0.2451034
TXS05,2019-02-17,30.3982,-98.6311,0.2278935
TXS05,2019-02-20,30.3982,-98.6311,0.1996208
TXS05,2019-02-22,30.3982,-98.6311,0.1884359
TXS05,2019-02-25,30.3982,-98.6311,0.1859077
TXS05,2019-02-28,30.3982,-98.6311,0.1914797
TXS05,2019-03-02,30.3982,-98.6311,0.2219645
TXS05,2019-03-05,30.3982,-98.6311,0.2048439
TXS05,2019-03-08,30.3982,-98.6311,0.1649173
TXS05,2019-03-10,30.3982,-98.6311,0.1915983
TXS05,2019-03-13,30.3982,-98.6311,0.3577258
TXS05,2019-03-16,30.3982,-98.6311,0.1981714
TXS05,2019-03-18,30.3982,-98.6311,0.1842457
TXS05,2019-03-21,30.3982,-98.6311,0.1545459
TXS05,2019-03-24,30.3982,-98.6311,0.14028
TXS05,2019-03-26,30.3982,-98.6311,0.1517445
TXS05,2019-03-29,30.3982,-98.6311,0.1265452
TXS05,2019-04-01,30.3982,-98.6311,0.1233739
TXS05,2019-04-03,30.3982,-98.6311,0.1070876
TXS05,2019-04-06,30.3982,-98.6311,0.1167022
TXS05,2019-04-09,30.3982,-98.6311,0.2198132
TXS05,2019-04-11,30.3982,-98.6311,0.1699338
TXS05,2019-04-14,30.3982,-98.6311,0.2125661
TXS05,2019-04-17,30.3982,-98.6311,0.1409906
TXS05,2019-04-19,30.3982,-98.6311,0.2779824
TXS05,2019-04-22,30.3982,-98.6311,0.1654846
TXS05,2019-04-25,30.3982,-98.6311,0.2945001
TXS05,2019-04-27,30.3982,-98.6311,0.2390759
TXS05,2019-04-30,30.3982,-98.6311,0.1483906
TXS05,2019-05-03,30.3982,-98.6311,0.310958
TXS05,2019-05-08,30.3982,-98.6311,0.2756678
TXS05,2019-05-11,30.3982,-98.6311,0.2825048
TXS05,2019-05-13,30.3982,-98.6311,0.239884
TXS05,2019-05-16,30.3982,-98.6311,0.2088058
TXS05,2019-05-21,30.3982,-98.6311,0.2067023
TXS05,2019-05-24,30.3982,-98.6311,0.1364312
TXS05,2019-05-27,30.3982,-98.6311,0.1246153
TXS05,2019-05-29,30.3982,-98.6311,0.1178793
TXS05,2019-06-01,30.3982,-98.6311,0.1784481
TXS05,2019-06-04,30.3982,-98.6311,0.1360096
TXS05,2019-06-06,30.3982,-98.6311,0.2509649
TXS05,2019-06-09,30.3982,-98.6311,0.1475618
TXS05,2019-06-12,30.3982,-98.6311,0.2306993
TXS05,2019-06-14,30.3982,-98.6311,0.1892397
TXS05,2019-06-17,30.3982,-98.6311,0.2705179
TXS05,2019-07-24,30.3982,-98.6311,0.124667
TXS05,2019-07-27,30.3982,-98.6311,0.0946424
TXS05,2019-08-01,30.3982,-98.6311,0.1006467
TXS05,2019-08-04,30.3982,-98.6311,0.1242742
TXS05,2019-08-07,30.3982,-98.6311,0.0943646
TXS05,2019-08-09,30.3982,-98.6311,0.0969014
TXS05,2019-08-12,30.3982,-98.6311,0.1067596
TXS05,2019-08-15,30.3982,-98.6311,0.1236657
TXS05,2019-08-17,30.3982,-98.6311,0.1160796
TXS05,2019-08-20,30.3982,-98.6311,0.095159
TXS05,2019-08-23,30.3982,-98.6311,0.0996061
TXS05,2019-08-25,30.3982,-98.6311,0.1573883
TXS05,2019-08-28,30.3982,-98.6311,0.1178388
TXS05,2019-08-31,30.3982,-98.6311,0.119865
TXS05,2019-09-02,30.3982,-98.6311,0.1818999
TXS05,2019-09-05,30.3982,-98.6311,0.1340422
TXS05,2019-09-08,30.3982,-98.6311,0.1028825
TXS05,2019-09-10,30.3982,-98.6311,0.1054131
TXS05,2019-09-13,30.3982,-98.6311,0.1367553
TXS05,2019-09-16,30.3982,-98.6311,0.108221
TXS05,2019-09-18,30.3982,-98.6311,0.1176664
TXS05,2019-09-21,30.3982,-98.6311,0.1522434
TXS05,2019-09-24,30.3982,-98.6311,0.1008288
TXS05,2019-09-26,30.3982,-98.6311,0.1029591
TXS05,2019-09-29,30.3982,-98.6311,0.1404244
TXS05,2019-10-02,30.3982,-98.6311,0.1127549
TXS05,2019-10-04,30.3982,-98.6311,0.1146515
TXS05,2019-10-07,30.3982,-98.6311,0.167638
TXS05,2019-10-10,30.3982,-98.6311,0.1106409
TXS05,2019-10-12,30.3982,-98.6311,0.212673
TXS05,2019-10-15,30.3982,-98.6311,0.174239
TXS05,2019-10-18,30.3982,-98.6311,0.1546245
TXS05,2019-10-20,30.3982,-98.6311,0.1369936
TXS05,2019-10-23,30.3982,-98.6311,0.2186694
TXS05,2019-10-26,30.3982,-98.6311,0.2413511
TXS05,2019-10-28,30.3982,-98.6311,0.2108169
TXS05,2019-10-31,30.3982,-98.6311,0.2498512
TXS05,2019-11-03,30.3982,-98.6311,0.2217736
TXS05,2019-11-05,30.3982,-98.6311,0.1914877
TXS05,2019-11-08,30.3982,-98.6311,0.3310607
TXS05,2019-11-11,30.3982,-98.6311,0.2225848
TXS05,2019-11-13,30.3982,-98.6311,0.2498172
TXS05,2019-11-16,30.3982,-98.6311,0.2330998
TXS05,2019-11-19,30.3982,-98.6311,0.230762
TXS05,2019-11-21,30.3982,-98.6311,0.2107642
TXS05,2019-11-24,30.3982,-98.6311,0.2120954
TXS05,2019-11-27,30.3982,-98.6311,0.1847861
TXS05,2019-11-29,30.3982,-98.6311,0.1467415
TXS05,2019-12-02,30.3982,-98.6311,0.1858397
TXS05,2019-12-05,30.3982,-98.6311,0.1531087
TXS05,2019-12-07,30.3982,-98.6311,0.1599118
TXS05,2019-12-10,30.3982,-98.6311,0.2118687
TXS05,2019-12-13,30.3982,-98.6311,0.2037033
TXS05,2019-12-15,30.3982,-98.6311,0.1939069
TXS05,2019-12-18,30.3982,-98.6311,0.1696144
TXS05,2019-12-21,30.3982,-98.6311,0.143608
TXS05,2019-12-23,30.3982,-98.6311,0.1655334
TXS05,2019-12-26,30.3982,-98.6311,0.145333
TXS05,2019-12-29,30.3982,-98.6311,0.1746514
TXS05,2019-12-31,30.3982,-98.6311,0.1525417
TXS05,2020-01-03,30.3982,-98.6311,0.1450852
TXS05,2020-01-06,30.3982,-98.6311,0.1467513
TXS05,2020-01-08,30.3982,-98.6311,0.1412297
TXS05,2020-01-11,30.3982,-98.6311,0.2960967
TXS05,2020-01-14,30.3982,-98.6311,0.2251709
TXS05,2020-01-16,30.3982,-98.6311,0.2128488
TXS05,2020-01-19,30.3982,-98.6311,0.2797256
TXS05,2020-01-22,30.3982,-98.6311,0.301619
TXS05,2020-01-24,30.3982,-98.6311,0.2649278
TXS05,2020-01-27,30.3982,-98.6311,0.2447424
TXS05,2020-01-30,30.3982,-98.6311,0.2505972
TXS05,2020-02-04,30.3982,-98.6311,0.2011305
TXS05,2020-02-07,30.3982,-98.6311,0.2047861
TXS05,2020-02-09,30.3982,-98.6311,0.1808579
TXS05,2020-02-12,30.3982,-98.6311,0.339103
TXS05,2020-02-15,30.3982,-98.6311,0.2467455
TXS05,2020-02-17,30.3982,-98.6311,0.2234223
TXS05,2020-02-20,30.3982,-98.6311,0.3500458
TXS05,2020-02-23,30.3982,-98.6311,0.2508355
TXS05,2020-02-25,30.3982,-98.6311,0.2407626
TXS05,2020-02-28,30.3982,-98.6311,0.217195
TXS05,2020-03-02,30.3982,-98.6311,0.1553438
TXS05,2020-03-04,30.3982,-98.6311,0.3494487
TXS05,2020-03-07,30.3982,-98.6311,0.2501689
TXS05,2020-03-10,30.3982,-98.6311,0.2396953
TXS05,2020-03-12,30.3982,-98.6311,0.2102884
TXS05,2020-03-15,30.3982,-98.6311,0.1996147
TXS05,2020-03-18,30.3982,-98.6311,0.2356133
TXS05,2020-03-20,30.3982,-98.6311,0.3638606
TXS05,2020-03-23,30.3982,-98.6311,0.2815146
TXS05,2020-03-26,30.3982,-98.6311,0.2360857
TXS05,2020-03-28,30.3982,-98.6311,0.2285658
TXS05,2020-03-31,30.3982,-98.6311,0.1953887
TXS05,2020-04-03,30.3982,-98.6311,0.2159801
TXS05,2020-04-05,30.3982,-98.6311,0.3084063
TXS05,2020-04-08,30.3982,-98.6311,0.2371595
TXS05,2020-04-11,30.3982,-98.6311,0.2179058
TXS05,2020-04-13,30.3982,-98.6311,0.2798073
TXS05,2020-04-16,30.3982,-98.6311,0.2225566
TXS05,2020-04-19,30.3982,-98.6311,0.1646125
TXS05,2020-04-21,30.3982,-98.6311,0.1744642
TXS05,2020-04-24,30.3982,-98.6311,0.161466
TXS05,2020-04-27,30.3982,-98.6311,0.122863
TXS05,2020-04-29,30.3982,-98.6311,0.1826895
TXS05,2020-05-02,30.3982,-98.6311,0.1320105
TXS05,2020-05-05,30.3982,-98.6311,0.1148785
TXS05,2020-05-07,30.3982,-98.6311,0.1203572
TXS05,2020-05-10,30.3982,-98.6311,0.1189814
TXS05,2020-05-13,30.3982,-98.6311,0.2566167
TXS05,2020-05-15,30.3982,-98.6311,0.2180117
TXS05,2020-05-18,30.3982,-98.6311,0.2312647
TXS05,2020-05-21,30.3982,-98.6311,0.2124776
TXS05,2020-05-23,30.3982,-98.6311,0.1490934
TXS05,2020-05-29,30.3982,-98.6311,0.2656574
TXS05,2020-05-31,30.3982,-98.6311,0.2041598
TXS05,2020-06-06,30.3982,-98.6311,0.1631297
TXS05,2020-06-08,30.3982,-98.6311,0.1430971
TXS05,2020-06-11,30.3982,-98.6311,0.1396329
TXS05,2020-06-14,30.3982,-98.6311,0.1103252
TXS05,2020-06-16,30.3982,-98.6311,0.1123448
TXS05,2020-06-19,30.3982,-98.6311,0.1209817
TXS05,2020-06-22,30.3982,-98.6311,0.1125418
TXS05,2020-06-24,30.3982,-98.6311,0.1806078
TXS05,2020-06-27,30.3982,-98.6311,0.1374176
TXS05,2020-06-30,30.3982,-98.6311,0.1459841
TXS05,2020-07-02,30.3982,-98.6311,0.1274015
TXS05,2020-07-05,30.3982,-98.6311,0.1077501
TXS05,2020-07-08,30.3982,-98.6311,0.1422942
TXS05,2020-07-10,30.3982,-98.6311,0.1179237
TXS05,2020-07-13,30.3982,-98.6311,0.1044671
TXS05,2020-07-16,30.3982,-98.6311,0.0978745
TXS05,2020-07-18,30.3982,-98.6311,0.0995957
TXS05,2020-07-21,30.3982,-98.6311,0.1095829
TXS05,2020-07-24,30.3982,-98.6311,0.0911294
TXS05,2020-07-26,30.3982,-98.6311,0.1117249
TXS05,2020-07-29,30.3982,-98.6311,0.1429583
TXS05,2020-08-01,30.3982,-98.6311,0.1504511
TXS05,2020-08-03,30.3982,-98.6311,0.121467
TXS05,2020-08-06,30.3982,-98.6311,0.1151397
TXS05,2020-08-09,30.3982,-98.6311,0.0986083
TXS05,2020-08-11,30.3982,-98.6311,0.0948116
TXS05,2020-08-14,30.3982,-98.6311,0.0973902
TXS05,2020-08-17,30.3982,-98.6311,0.1178338
TXS05,2020-08-19,30.3982,-98.6311,0.1115756
TXS05,2020-08-22,30.3982,-98.6311,0.2247812
TXS05,2020-08-25,30.3982,-98.6311,0.1441224
TXS05,2020-08-27,30.3982,-98.6311,0.1223117
TXS05,2020-08-30,30.3982,-98.6311,0.1110653
TXS05,2020-09-02,30.3982,-98.6311,0.1328085
TXS05,2020-09-04,30.3982,-98.6311,0.20056
TXS05,2020-09-07,30.3982,-98.6311,0.2397036
TXS05,2020-09-10,30.3982,-98.6311,0.3723423
TXS05,2020-09-12,30.3982,-98.6311,0.292975
TXS05,2020-09-15,30.3982,-98.6311,0.2223515
TXS05,2020-09-18,30.3982,-98.6311,0.2519222
TXS05,2020-09-20,30.3982,-98.6311,0.2098934
TXS05,2020-09-23,30.3982,-98.6311,0.1984787
TXS05,2020-09-26,30.3982,-98.6311,0.1612912
TXS05,2020-09-28,30.3982,-98.6311,0.1704109
TXS05,2020-10-01,30.3982,-98.6311,0.135488
TXS05,2020-10-04,30.3982,-98.6311,0.1220804
TXS05,2020-10-09,30.3982,-98.6311,0.1158606
TXS05,2020-10-12,30.3982,-98.6311,0.1213694
TXS05,2020-10-14,30.3982,-98.6311,0.115855
TXS05,2020-10-17,30.3982,-98.6311,0.1166971
TXS05,2020-10-20,30.3982,-98.6311,0.1168893
TXS05,2020-10-22,30.3982,-98.6311,0.1198989
TXS05,2020-10-25,30.3982,-98.6311,0.1306437
TXS05,2020-10-28,30.3982,-98.6311,0.2577631
TXS05,2020-10-30,30.3982,-98.6311,0.1813161
TXS05,2020-11-02,30.3982,-98.6311,0.1689533
TXS05,2020-11-05,30.3982,-98.6311,0.1158762
TXS05,2020-11-07,30.3982,-98.6311,0.1236231
TXS05,2020-11-10,30.3982,-98.6311,0.1165766
TXS05,2020-11-15,30.3982,-98.6311,0.1368055
TXS05,2020-11-18,30.3982,-98.6311,0.1208526
TXS05,2020-11-21,30.3982,-98.6311,0.116354
TXS05,2020-11-23,30.3982,-98.6311,0.1269041
TXS05,2020-11-26,30.3982,-98.6311,0.12885
TXS05,2020-11-29,30.3982,-98.6311,0.2551372
TXS05,2020-12-01,30.3982,-98.6311,0.2128204
TXS05,2020-12-04,30.3982,-98.6311,0.1825858
TXS05,2020-12-07,30.3982,-98.6311,0.1904915
TXS05,2020-12-09,30.3982,-98.6311,0.1758267
TXS05,2020-12-12,30.3982,-98.6311,0.1670102
TXS05,2020-12-15,30.3982,-98.6311,0.1479967
TXS05,2020-12-17,30.3982,-98.6311,0.155439
TXS05,2020-12-20,30.3982,-98.6311,0.2601611
TXS05,2020-12-23,30.3982,-98.6311,0.1887393
TXS05,2020-12-25,30.3982,-98.6311,0.2132267
TXS05,2020-12-28,30.3982,-98.6311,0.1388897
TXS05,2020-12-31,30.3982,-98.6311,0.3505396
TXS05,2021-01-02,30.3982,-98.6311,0.2420112
TXS05,2021-01-05,30.3982,-98.6311,0.2440747
TXS05,2021-01-08,30.3982,-98.6311,0.2152898
TXS05,2021-01-10,30.3982,-98.6311,0.3070132
TXS05,2021-01-13,30.3982,-98.6311,0.2536676
TXS05,2021-01-16,30.3982,-98.6311,0.2272893
TXS05,2021-01-18,30.3982,-98.6311,0.2159505
TXS05,2021-01-21,30.3982,-98.6311,0.26999
TXS05,2021-01-24,30.3982,-98.6311,0.2304344
TXS05,2021-01-26,30.3982,-98.6311,0.2476876
TXS05,2021-01-29,30.3982,-98.6311,0.210516
TXS05,2021-02-01,30.3982,-98.6311,0.2047131
TXS05,2021-02-03,30.3982,-98.6311,0.1665276
TXS05,2021-02-06,30.3982,-98.6311,0.1599906
TXS05,2021-02-09,30.3982,-98.6311,0.1353822
TXS05,2021-02-11,30.3982,-98.6311,0.2104449
TXS05,2021-02-14,30.3982,-98.6311,0.2652306
TXS05,2021-02-22,30.3982,-98.6311,0.2581447
TXS05,2021-02-25,30.3982,-98.6311,0.2267269
TXS05,2021-02-27,30.3982,-98.6311,0.2398568
TXS05,2021-03-02,30.3982,-98.6311,0.2503298
TXS05,2021-03-05,30.3982,-98.6311,0.2018791
TXS05,2021-03-07,30.3982,-98.6311,0.2026754
TXS05,2021-03-08,30.3982,-98.6311,0.1714177
TXS05,2021-03-10,30.3982,-98.6311,0.1706902
TXS05,2021-03-13,30.3982,-98.6311,0.1404294
TXS05,2021-03-15,30.3982,-98.6311,0.1584234
TXS05,2021-03-18,30.3982,-98.6311,0.1828478
TXS05,2021-03-21,30.3982,-98.6311,0.1293814
TXS05,2021-03-23,30.3982,-98.6311,0.2855618
TXS05,2021-03-26,30.3982,-98.6311,0.2825317
TXS05,2021-03-29,30.3982,-98.6311,0.1983486
TXS05,2021-03-31,30.3982,-98.6311,0.1612004
TXS05,2021-04-03,30.3982,-98.6311,0.1757278
TXS05,2021-04-06,30.3982,-98.6311,0.1593608
TXS05,2021-04-08,30.3982,-98.6311,0.1591587
TXS05,2021-04-11,30.3982,-98.6311,0.1386993
TXS05,2021-04-14,30.3982,-98.6311,0.1220815
TXS05,2021-04-16,30.3982,-98.6311,0.2702083
TXS05,2021-04-19,30.3982,-98.6311,0.1423451
TXS05,2021-04-22,30.3982,-98.6311,0.122322
TXS05,2021-04-24,30.3982,-98.6311,0.1599535
TXS05,2021-04-27,30.3982,-98.6311,0.1214437
TXS05,2021-04-30,30.3982,-98.6311,0.2999563
TXS05,2021-05-02,30.3982,-98.6311,0.396509
TXS05,2021-05-05,30.3982,-98.6311,0.2505427
TXS05,2021-05-08,30.3982,-98.6311,0.17676
TXS05,2021-05-10,30.3982,-98.6311,0.2298898
TXS05,2021-05-13,30.3982,-98.6311,0.2335432
TXS05,2021-05-16,30.3982,-98.6311,0.1888134
TXS05,2021-05-18,30.3982,-98.6311,0.247945
TXS05,2021-05-21,30.3982,-98.6311,0.2020203
TXS05,2021-05-24,30.3982,-98.6311,0.2913161
TXS05,2021-05-26,30.3982,-98.6311,0.2641632
TXS05,2021-05-29,30.3982,-98.6311,0.2975219
TXS05,2021-06-01,30.3982,-98.6311,0.3102736
TXS05,2021-06-03,30.3982,-98.6311,0.2869616
TXS05,2021-06-06,30.3982,-98.6311,0.2660102
TXS05,2021-06-09,30.3982,-98.6311,0.2561097
TXS05,2021-06-11,30.3982,-98.6311,0.2009902
TXS05,2021-06-14,30.3982,-98.6311,0.1570662
TXS05,2021-06-17,30.3982,-98.6311,0.1337274
TXS05,2021-06-19,30.3982,-98.6311,0.1244653
TXS05,2021-06-22,30.3982,-98.6311,0.2777119
TXS05,2021-06-25,30.3982,-98.6311,0.1798114
TXS05,2021-06-27,30.3982,-98.6311,0.1503499
TXS05,2021-06-30,30.3982,-98.6311,0.180582
TXS05,2021-07-03,30.3982,-98.6311,0.1389875
TXS05,2021-07-05,30.3982,-98.6311,0.2029603
TXS05,2021-07-08,30.3982,-98.6311,0.2463837
TXS05,2021-07-11,30.3982,-98.6311,0.2387022
TXS05,2021-07-13,30.3982,-98.6311,0.2139462
TXS05,2021-07-16,30.3982,-98.6311,0.1594362
TXS05,2021-07-19,30.3982,-98.6311,0.1250014
TXS05,2021-07-21,30.3982,-98.6311,0.1937892
TXS05,2021-07-24,30.3982,-98.6311,0.1628746
TXS05,2021-07-27,30.3982,-98.6311,0.1120917
TXS05,2021-07-29,30.3982,-98.6311,0.115465
TXS05,2021-08-01,30.3982,-98.6311,0.1048488
TXS05,2021-08-04,30.3982,-98.6311,0.1697652
TXS05,2021-08-06,30.3982,-98.6311,0.1605877
TXS05,2021-08-09,30.3982,-98.6311,0.1106525
TXS05,2021-08-12,30.3982,-98.6311,0.0959124
TXS05,2021-08-14,30.3982,-98.6311,0.1033098
TXS05,2021-08-17,30.3982,-98.6311,0.1747379
TXS05,2021-08-20,30.3982,-98.6311,0.1536285
TXS05,2021-08-22,30.3982,-98.6311,0.1340942
TXS05,2021-08-25,30.3982,-98.6311,0.1156424
TXS05,2021-08-28,30.3982,-98.6311,0.1284263
TXS05,2021-08-30,30.3982,-98.6311,0.1272559
TXS05,2021-09-02,30.3982,-98.6311,0.1243144
TXS05,2021-09-05,30.3982,-98.6311,0.112971
TXS05,2021-09-07,30.3982,-98.6311,0.1749505
TXS05,2021-09-10,30.3982,-98.6311,0.1419372
TXS05,2021-09-13,30.3982,-98.6311,0.1051213
TXS05,2021-09-15,30.3982,-98.6311,0.1106646
TXS05,2021-09-18,30.3982,-98.6311,0.1113164
TXS05,2021-09-21,30.3982,-98.6311,0.0966025
TXS05,2021-09-23,30.3982,-98.6311,0.1298439
TXS05,2021-09-26,30.3982,-98.6311,0.1127226
TXS05,2021-09-29,30.3982,-98.6311,0.3075139
TXS05,2021-10-01,30.3982,-98.6311,0.3312137
TXS05,2021-10-04,30.3982,-98.6311,0.2578672
TXS05,2021-10-07,30.3982,-98.6311,0.1946009
TXS05,2021-10-09,30.3982,-98.6311,0.1634775
TXS05,2021-10-12,30.3982,-98.6311,0.1925251
TXS05,2021-10-15,30.3982,-98.6311,0.2773558
TXS05,2021-10-17,30.3982,-98.6311,0.2491765
TXS05,2021-10-20,30.3982,-98.6311,0.1869337
TXS05,2021-10-23,30.3982,-98.6311,0.1801907
TXS05,2021-10-25,30.3982,-98.6311,0.1604437
TXS05,2021-10-28,30.3982,-98.6311,0.2591217
TXS05,2021-10-31,30.3982,-98.6311,0.1983083
TXS05,2021-11-02,30.3982,-98.6311,0.158758
TXS05,2021-11-05,30.3982,-98.6311,0.2811302
TXS05,2021-11-08,30.3982,-98.6311,0.2443781
TXS05,2021-11-10,30.3982,-98.6311,0.2088519
TXS05,2021-11-13,30.3982,-98.6311,0.2085525
TXS05,2021-11-16,30.3982,-98.6311,0.16808
TXS05,2021-11-18,30.3982,-98.6311,0.1864889
TXS05,2021-11-21,30.3982,-98.6311,0.147921
TXS05,2021-11-24,30.3982,-98.6311,0.1382914
TXS05,2021-11-26,30.3982,-98.6311,0.1639055
TXS05,2021-11-29,30.3982,-98.6311,0.200299
TXS05,2021-12-02,30.3982,-98.6311,0.1719543
TXS05,2021-12-04,30.3982,-98.6311,0.1681619
TXS05,2021-12-07,30.3982,-98.6311,0.1655149
TXS05,2021-12-10,30.3982,-98.6311,0.1364265
TXS05,2021-12-12,30.3982,-98.6311,0.1996947
TXS05,2021-12-15,30.3982,-98.6311,0.1317637
TXS05,2021-12-18,30.3982,-98.6311,0.1980667
TXS05,2021-12-20,30.3982,-98.6311,0.1873261
TXS05,2021-12-23,30.3982,-98.6311,0.1600232
TXS05,2021-12-26,30.3982,-98.6311,0.1505037
TXS05,2021-12-28,30.3982,-98.6311,0.1489919
TXS05,2021-12-31,30.3982,-98.6311,0.137059
TXS05,2022-01-03,30.3982,-98.6311,0.1269366
TXS05,2022-01-05,30.3982,-98.6311,0.1248919
TXS05,2022-01-08,30.3982,-98.6311,0.1027603
TXS05,2022-01-11,30.3982,-98.6311,0.1190512
TXS05,2022-01-13,30.3982,-98.6311,0.1700212
TXS05,2022-01-16,30.3982,-98.6311,0.1471514
TXS05,2022-01-19,30.3982,-98.6311,0.145424
TXS05,2022-01-21,30.3982,-98.6311,0.1201213
TXS05,2022-01-24,30.3982,-98.6311,0.1287521
TXS05,2022-01-27,30.3982,-98.6311,0.1571959
TXS05,2022-02-01,30.3982,-98.6311,0.2327431
TXS05,2022-02-04,30.3982,-98.6311,0.1836942
TXS05,2022-02-09,30.3982,-98.6311,0.2357714
TXS05,2022-02-12,30.3982,-98.6311,0.1823233
TXS05,2022-02-14,30.3982,-98.6311,0.1875861
TXS05,2022-02-17,30.3982,-98.6311,0.1605577
TXS05,2022-02-20,30.3982,-98.6311,0.146359
TXS05,2022-02-25,30.3982,-98.6311,0.1129324
TXS05,2022-02-28,30.3982,-98.6311,0.1507691
TXS05,2022-03-02,30.3982,-98.6311,0.1366846
TXS05,2022-03-05,30.3982,-98.6311,0.1259832
TXS05,2022-03-08,30.3982,-98.6311,0.1217095
TXS05,2022-03-10,30.3982,-98.6311,0.1229845
TXS05,2022-03-16,30.3982,-98.6311,0.1232055
TXS05,2022-03-18,30.3982,-98.6311,0.1271057
TXS05,2022-03-21,30.3982,-98.6311,0.1159326
TXS05,2022-03-24,30.3982,-98.6311,0.1322093
TXS05,2022-03-26,30.3982,-98.6311,0.129037
TXS05,2022-03-29,30.3982,-98.6311,0.1140245
TXS05,2022-04-01,30.3982,-98.6311,0.141277
TXS05,2022-04-03,30.3982,-98.6311,0.1360975
TXS05,2022-04-06,30.3982,-98.6311,0.1286792
TXS05,2022-04-09,30.3982,-98.6311,0.1066706
TXS05,2022-04-11,30.3982,-98.6311,0.108422
TXS05,2022-04-14,30.3982,-98.6311,0.1183635
TXS05,2022-04-17,30.3982,-98.6311,0.1132262
TXS05,2022-04-19,30.3982,-98.6311,0.1457484
TXS05,2022-04-22,30.3982,-98.6311,0.1397939
TXS05,2022-04-25,30.3982,-98.6311,0.1277331
TXS05,2022-04-27,30.3982,-98.6311,0.1880221
TXS05,2022-04-30,30.3982,-98.6311,0.1447921
TXS05,2022-05-03,30.3982,-98.6311,0.1277077
TXS05,2022-05-05,30.3982,-98.6311,0.1305825
TXS05,2022-05-08,30.3982,-98.6311,0.1572894
TXS05,2022-05-11,30.3982,-98.6311,0.112786
TXS05,2022-05-13,30.3982,-98.6311,0.1085425
TXS05,2022-05-16,30.3982,-98.6311,0.1139748
TXS05,2022-05-19,30.3982,-98.6311,0.1016485
TXS05,2022-05-21,30.3982,-98.6311,0.1133149
TXS05,2022-05-24,30.3982,-98.6311,0.1040951
TXS05,2022-05-27,30.3982,-98.6311,0.2019371
TXS05,2022-05-29,30.3982,-98.6311,0.1646433
TXS05,2022-06-01,30.3982,-98.6311,0.1168805
TXS05,2022-06-04,30.3982,-98.6311,0.3296338
TXS05,2022-06-06,30.3982,-98.6311,0.1732937
TXS05,2022-06-09,30.3982,-98.6311,0.1103473
TXS05,2022-06-12,30.3982,-98.6311,0.1042428
TXS05,2022-06-14,30.3982,-98.6311,0.1042991
TXS05,2022-06-17,30.3982,-98.6311,0.1061456
TXS05,2022-06-20,30.3982,-98.6311,0.110006
TXS05,2022-06-22,30.3982,-98.6311,0.0997384
TXS05,2022-06-25,30.3982,-98.6311,0.1038834
TXS05,2022-06-28,30.3982,-98.6311,0.2781711
TXS05,2022-06-30,30.3982,-98.6311,0.1607618
TXS05,2022-07-03,30.3982,-98.6311,0.1185804
TXS05,2022-07-06,30.3982,-98.6311,0.0975615
TXS05,2022-07-08,30.3982,-98.6311,0.1059653
TXS05,2022-07-11,30.3982,-98.6311,0.127628
TXS05,2022-07-14,30.3982,-98.6311,0.1243744
TXS05,2022-07-16,30.3982,-98.6311,0.2086373
TXS05,2022-07-19,30.3982,-98.6311,0.1278675
TXS05,2022-07-22,30.3982,-98.6311,0.1127991
TXS05,2022-07-24,30.3982,-98.6311,0.1054132
TXS05,2022-07-27,30.3982,-98.6311,0.1040389
TXS05,2022-07-30,30.3982,-98.6311,0.1030552
TXS05,2022-08-01,30.3982,-98.6311,0.1016562
TXS05,2022-08-04,30.3982,-98.6311,0.1027349
TXS05,2022-09-24,30.3982,-98.6311,0.1115031
TXS05,2022-09-27,30.3982,-98.6311,0.1279394
TXS05,2022-09-29,30.3982,-98.6311,0.113888
TXS05,2022-10-02,30.3982,-98.6311,0.1103346
TXS05,2022-10-05,30.3982,-98.6311,0.1008948
TXS05,2022-10-07,30.3982,-98.6311,0.1013599
TXS05,2022-10-10,30.3982,-98.6311,0.1124567
TXS05,2022-10-13,30.3982,-98.6311,0.1079679
TXS05,2022-10-15,30.3982,-98.6311,0.1055112
TXS05,2022-10-18,30.3982,-98.6311,0.1911523
TXS05,2022-10-21,30.3982,-98.6311,0.1333933
TXS05,2022-10-23,30.3982,-98.6311,0.106895
TXS05,2022-10-26,30.3982,-98.6311,0.1729471
TXS05,2022-10-29,30.3982,-98.6311,0.2498407
TXS05,2022-10-31,30.3982,-98.6311,0.223287
TXS05,2022-11-03,30.3982,-98.6311,0.1574063
TXS05,2022-11-06,30.3982,-98.6311,0.143395
TXS05,2022-11-08,30.3982,-98.6311,0.2003967
TXS05,2022-11-11,30.3982,-98.6311,0.1680562
TXS05,2022-11-14,30.3982,-98.6311,0.2252902
TXS05,2022-11-19,30.3982,-98.6311,0.1922296
TXS05,2022-11-22,30.3982,-98.6311,0.2514141
TXS05,2022-11-24,30.3982,-98.6311,0.2643929
TXS05,2022-11-27,30.3982,-98.6311,0.2897729
TXS05,2022-11-30,30.3982,-98.6311,0.2666071
TXS05,2022-12-02,30.3982,-98.6311,0.260339
TXS05,2022-12-05,30.3982,-98.6311,0.2264411
TXS05,2022-12-08,30.3982,-98.6311,0.2147311
TXS05,2022-12-10,30.3982,-98.6311,0.2139229
TXS05,2022-12-13,30.3982,-98.6311,0.2105172
TXS05,2022-12-16,30.3982,-98.6311,0.198994
TXS05,2022-12-18,30.3982,-98.6311,0.1989856
TXS05,2022-12-21,30.3982,-98.6311,0.2424217
TXS05,2022-12-24,30.3982,-98.6311,0.171231
TXS05,2022-12-26,30.3982,-98.6311,0.193852
TXS05,2022-12-29,30.3982,-98.6311,0.1651721
TXS05,2023-01-01,30.3982,-98.6311,0.1779009
TXS05,2023-01-03,30.3982,-98.6311,0.1938335
TXS05,2023-01-06,30.3982,-98.6311,0.1564344
TXS05,2023-01-09,30.3982,-98.6311,0.144577
TXS05,2023-01-11,30.3982,-98.6311,0.1546846
TXS05,2023-01-14,30.3982,-98.6311,0.1373859
TXS05,2023-01-17,30.3982,-98.6311,0.1254915
TXS05,2023-01-19,30.3982,-98.6311,0.1472425
TXS05,2023-01-22,30.3982,-98.6311,0.1244327
TXS05,2023-01-25,30.3982,-98.6311,0.24793
TXS05,2023-01-27,30.3982,-98.6311,0.2338356
TXS05,2023-01-30,30.3982,-98.6311,0.230529
TXS05,2023-02-02,30.3982,-98.6311,0.2705316
TXS05,2023-02-04,30.3982,-98.6311,0.2348206
TXS05,2023-02-07,30.3982,-98.6311,0.2218932
TXS05,2023-02-10,30.3982,-98.6311,0.2515027
TXS05,2023-02-12,30.3982,-98.6311,0.2415206
TXS05,2023-02-15,30.3982,-98.6311,0.1987082
TXS05,2023-02-18,30.3982,-98.6311,0.1890372
TXS05,2023-02-20,30.3982,-98.6311,0.1630657
TXS05,2023-02-23,30.3982,-98.6311,0.1645903
TXS05,2023-02-26,30.3982,-98.6311,0.1295729
TXS05,2023-02-28,30.3982,-98.6311,0.1365288
TXS05,2023-03-03,30.3982,-98.6311,0.2607314
TXS05,2023-03-06,30.3982,-98.6311,0.165387
TXS05,2023-03-08,30.3982,-98.6311,0.1613285
TXS05,2023-03-11,30.3982,-98.6311,0.143449
TXS05,2023-03-14,30.3982,-98.6311,0.1241013
TXS05,2023-03-16,30.3982,-98.6311,0.0975647
TXS05,2023-03-19,30.3982,-98.6311,0.1368947
TXS05,2023-03-22,30.3982,-98.6311,0.1148999
TXS05,2023-03-24,30.3982,-98.6311,0.1364322
TXS05,2023-03-27,30.3982,-98.6311,0.1158616
TXS05,2023-03-30,30.3982,-98.6311,0.1059505
TXS05,2023-04-01,30.3982,-98.6311,0.1306061
TXS05,2023-04-04,30.3982,-98.6311,0.1078087
TXS05,2023-04-07,30.3982,-98.6311,0.2766268
TXS05,2023-04-09,30.3982,-98.6311,0.2740599
TXS05,2023-04-12,30.3982,-98.6311,0.1971624
TXS05,2023-04-15,30.3982,-98.6311,0.1461043
TXS05,2023-04-17,30.3982,-98.6311,0.1202479
TXS05,2023-04-20,30.3982,-98.6311,0.1052522
TXS05,2023-04-23,30.3982,-98.6311,0.2400709
TXS05,2023-04-25,30.3982,-98.6311,0.1828783
TXS05,2023-04-28,30.3982,-98.6311,0.1762833
TXS05,2023-05-01,30.3982,-98.6311,0.1679839
TXS05,2023-05-06,30.3982,-98.6311,0.1919695
TXS05,2023-05-09,30.3982,-98.6311,0.2481323
TXS05,2023-05-11,30.3982,-98.6311,0.2281597
TXS05,2023-05-14,30.3982,-98.6311,0.2898549
TXS05,2023-05-17,30.3982,-98.6311,0.2873764
TXS05,2023-05-19,30.3982,-98.6311,0.2165909
TXS05,2023-05-22,30.3982,-98.6311,0.2665088
TXS05,2023-05-25,30.3982,-98.6311,0.3143741
TXS05,2023-05-27,30.3982,-98.6311,0.2378762
TXS05,2023-05-30,30.3982,-98.6311,0.2286368
TXS05,2023-06-02,30.3982,-98.6311,0.1593373
TXS05,2023-06-04,30.3982,-98.6311,0.2735097
TXS05,2023-06-07,30.3982,-98.6311,0.1785577
TXS05,2023-06-10,30.3982,-98.6311,0.2548033
TXS05,2023-06-12,30.3982,-98.6311,0.1756739
TXS05,2023-06-18,30.3982,-98.6311,0.1451673
TXS05,2023-06-20,30.3982,-98.6311,0.1318079
TXS05,2023-06-23,30.3982,-98.6311,0.2160527
TXS05,2023-06-26,30.3982,-98.6311,0.1175018
TXS05,2023-06-28,30.3982,-98.6311,0.1103838
TXS05,2023-07-04,30.3982,-98.6311,0.1173573
TXS05,2023-07-06,30.3982,-98.6311,0.1139208
TXS05,2023-07-09,30.3982,-98.6311,0.1022008
TXS05,2023-07-12,30.3982,-98.6311,0.0978352
TXS05,2023-07-14,30.3982,-98.6311,0.111367
TXS05,2023-07-20,30.3982,-98.6311,0.0955335
TXS05,2023-07-22,30.3982,-98.6311,0.0911362
TXS05,2023-07-25,30.3982,-98.6311,0.1060274
TXS05,2023-07-28,30.3982,-98.6311,0.0977609
TXS05,2023-07-30,30.3982,-98.6311,0.0925342
TXS05,2023-08-02,30.3982,-98.6311,0.0932997
TXS05,2023-08-05,30.3982,-98.6311,0.0916662
TXS05,2023-08-07,30.3982,-98.6311,0.0917718
TXS05,2023-08-10,30.3982,-98.6311,0.0936854
TXS05,2023-08-13,30.3982,-98.6311,0.0922748
TXS05,2023-08-15,30.3982,-98.6311,0.0943502
TXS05,2023-08-18,30.3982,-98.6311,0.1090318
TXS05,2023-08-21,30.3982,-98.6311,0.0941323
TXS05,2023-08-23,30.3982,-98.6311,0.1162144
TXS05,2023-08-26,30.3982,-98.6311,0.1048063
TXS05,2023-08-29,30.3982,-98.6311,0.124196
TXS05,2023-08-31,30.3982,-98.6311,0.1137279
TXS05,2023-09-03,30.3982,-98.6311,0.1106524
TXS05,2023-09-06,30.3982,-98.6311,0.0999374
TXS05,2023-09-08,30.3982,-98.6311,0.1141379
TXS05,2023-09-11,30.3982,-98.6311,0.1710882
TXS05,2023-09-14,30.3982,-98.6311,0.2837725
TXS05,2023-09-16,30.3982,-98.6311,0.2744623
TXS05,2023-09-19,30.3982,-98.6311,0.2058953
TXS05,2023-09-22,30.3982,-98.6311,0.156263
TXS05,2023-09-24,30.3982,-98.6311,0.1407609
TXS05,2023-09-27,30.3982,-98.6311,0.2124701
TXS05,2023-09-30,30.3982,-98.6311,0.1513685
TXS05,2023-10-02,30.3982,-98.6311,0.1663909
TXS05,2023-10-05,30.3982,-98.6311,0.3609452
TXS05,2023-10-08,30.3982,-98.6311,0.2469299
TXS05,2023-10-10,30.3982,-98.6311,0.1945489
TXS05,2023-10-13,30.3982,-98.6311,0.1557229
TXS05,2023-10-16,30.3982,-98.6311,0.141678
TXS05,2023-10-18,30.3982,-98.6311,0.1408729
TXS05,2023-10-21,30.3982,-98.6311,0.1229529
TXS05,2023-10-24,30.3982,-98.6311,0.1429265
TXS05,2023-10-26,30.3982,-98.6311,0.4216907
TXS05,2023-10-29,30.3982,-98.6311,0.297011
TXS05,2023-11-01,30.3982,-98.6311,0.2892621
TXS05,2023-11-03,30.3982,-98.6311,0.2390518
TXS05,2023-11-06,30.3982,-98.6311,0.2185454
TXS05,2023-11-09,30.3982,-98.6311,0.1680856
TXS05,2023-11-11,30.3982,-98.6311,0.3102367
TXS05,2023-11-14,30.3982,-98.6311,0.329367
TXS05,2023-11-17,30.3982,-98.6311,0.2547726
TXS05,2023-11-19,30.3982,-98.6311,0.2695346
TXS05,2023-11-22,30.3982,-98.6311,0.2370681
TXS05,2023-11-25,30.3982,-98.6311,0.2047297
TXS05,2023-11-27,30.3982,-98.6311,0.2374935
TXS05,2023-11-30,30.3982,-98.6311,0.1918198
TXS05,2023-12-03,30.3982,-98.6311,0.2071243
TXS05,2023-12-05,30.3982,-98.6311,0.1948692
TXS05,2023-12-08,30.3982,-98.6311,0.1574179
TXS05,2023-12-11,30.3982,-98.6311,0.1596774
TXS05,2023-12-13,30.3982,-98.6311,0.1437106
TXS05,2023-12-16,30.3982,-98.6311,0.2594043
TXS05,2023-12-19,30.3982,-98.6311,0.2002554
TXS05,2023-12-21,30.3982,-98.6311,0.2003237
TXS05,2023-12-24,30.3982,-98.6311,0.3593283
TXS05,2023-12-27,30.3982,-98.6311,0.2727628
TXS05,2023-12-29,30.3982,-98.6311,0.241683
TXS06,2015-04-03,30.4511,-98.7123,0.1309454
TXS06,2015-04-06,30.4511,-98.7123,0.1370219
TXS06,2015-04-08,30.4511,-98.7123,0.1268894
TXS06,2015-04-11,30.4511,-98.7123,0.1669621
TXS06,2015-04-14,30.4511,-98.7123,0.165473
TXS06,2015-04-16,30.4511,-98.7123,0.1259635
TXS06,2015-04-19,30.4511,-98.7123,0.3021416
TXS06,2015-04-22,30.4511,-98.7123,0.1991816
TXS06,2015-04-24,30.4511,-98.7123,0.3486375
TXS06,2015-04-27,30.4511,-98.7123,0.3014809
TXS06,2015-05-05,30.4511,-98.7123,0.1281317
TXS06,2015-05-08,30.4511,-98.7123,0.146454
TXS06,2015-05-10,30.4511,-98.7123,0.1873135
TXS06,2015-05-16,30.4511,-98.7123,0.2544906
TXS06,2015-05-18,30.4511,-98.7123,0.2757542
TXS06,2015-05-21,30.4511,-98.7123,0.3427616
TXS06,2015-05-24,30.4511,-98.7123,0.3902465
TXS06,2015-05-26,30.4511,-98.7123,0.3081127
TXS06,2015-05-29,30.4511,-98.7123,0.3901198
TXS06,2015-06-01,30.4511,-98.7123,0.2688068
TXS06,2015-06-03,30.4511,-98.7123,0.2279424
TXS06,2015-06-06,30.4511,-98.7123,0.1650983
TXS06,2015-06-09,30.4511,-98.7123,0.1462276
TXS06,2015-06-11,30.4511,-98.7123,0.1222226
TXS06,2015-06-14,30.4511,-98.7123,0.1319112
TXS06,2015-06-19,30.4511,-98.7123,0.2311152
TXS06,2015-06-25,30.4511,-98.7123,0.1609871
TXS06,2015-06-27,30.4511,-98.7123,0.1555635
TXS06,2015-06-30,30.4511,-98.7123,0.1694508
TXS06,2015-07-03,30.4511,-98.7123,0.1440883
TXS06,2015-07-05,30.4511,-98.7123,0.127359
TXS06,2015-07-08,30.4511,-98.7123,0.1116883
TXS06,2015-07-11,30.4511,-98.7123,0.1076672
TXS06,2015-07-13,30.4511,-98.7123,0.101696
TXS06,2015-07-14,30.4511,-98.7123,0.0886537
TXS06,2015-07-16,30.4511,-98.7123,0.1015955
TXS06,2015-07-19,30.4511,-98.7123,0.0919467
TXS06,2015-07-21,30.4511,-98.7123,0.0980764
TXS06,2015-07-22,30.4511,-98.7123,0.0862257
TXS06,2015-07-24,30.4511,-98.7123,0.0942522
TXS06,2015-07-29,30.4511,-98.7123,0.0998757
TXS06,2015-07-30,30.4511,-98.7123,0.0805107
TXS06,2015-08-01,30.4511,-98.7123,0.1586073
TXS06,2015-08-04,30.4511,-98.7123,0.1147906
TXS06,2015-08-06,30.4511,-98.7123,0.1074629
TXS06,2015-08-07,30.4511,-98.7123,0.1074517
TXS06,2015-08-09,30.4511,-98.7123,0.1216968
TXS06,2015-08-14,30.4511,-98.7123,0.1210481
TXS06,2015-08-15,30.4511,-98.7123,0.1218872
TXS06,2015-08-17,30.4511,-98.7123,0.123201
TXS06,2015-08-20,30.4511,-98.7123,0.097236
TXS06,2015-08-22,30.4511,-98.7123,0.1086805
TXS06,2015-08-25,30.4511,-98.7123,0.1166533
TXS06,2015-08-28,30.4511,-98.7123,0.1108358
TXS06,2015-08-30,30.4511,-98.7123,0.1005519
TXS06,2015-09-02,30.4511,-98.7123,0.128414
TXS06,2015-09-05,30.4511,-98.7123,0.1032181
TXS06,2015-09-07,30.4511,-98.7123,0.113188
TXS06,2015-09-10,30.4511,-98.7123,0.1504392
TXS06,2015-09-13,30.4511,-98.7123,0.1290372
TXS06,2015-09-15,30.4511,-98.7123,0.1159924
TXS06,2015-09-18,30.4511,-98.7123,0.1222086
TXS06,2015-09-21,30.4511,-98.7123,0.1021791
TXS06,2015-09-23,30.4511,-98.7123,0.1144755
TXS06,2015-09-26,30.4511,-98.7123,0.103498
TXS06,2015-09-29,30.4511,-98.7123,0.1081752
TXS06,2015-10-01,30.4511,-98.7123,0.1172715
TXS06,2015-10-04,30.4511,-98.7123,0.1065271
TXS06,2015-10-07,30.4511,-98.7123,0.1058871
TXS06,2015-10-09,30.4511,-98.7123,0.140798
TXS06,2015-10-12,30.4511,-98.7123,0.1168521
TXS06,2015-10-15,30.4511,-98.7123,0.1066128
TXS06,2015-10-17,30.4511,-98.7123,0.1137606
TXS06,2015-10-20,30.4511,-98.7123,0.1027147
TXS06,2015-10-28,30.4511,-98.7123,0.2764022
TXS06,2015-10-31,30.4511,-98.7123,0.3550856
TXS06,2015-11-02,30.4511,-98.7123,0.2789402
TXS06,2015-11-05,30.4511,-98.7123,0.2767343
TXS06,2015-11-08,30.4511,-98.7123,0.2795783
TXS06,2015-11-10,30.4511,-98.7123,0.2806682
TXS06,2015-11-13,30.4511,-98.7123,0.2591064
TXS06,2015-11-16,30.4511,-98.7123,0.2352009
TXS06,2015-11-18,30.4511,-98.7123,0.3032193
TXS06,2015-11-21,30.4511,-98.7123,0.2332855
TXS06,2015-11-24,30.4511,-98.7123,0.2103407
TXS06,2015-11-26,30.4511,-98.7123,0.2007934
TXS06,2015-11-29,30.4511,-98.7123,0.3452395
TXS06,2015-12-02,30.4511,-98.7123,0.2846093
TXS06,2015-12-04,30.4511,-98.7123,0.2601721
TXS06,2015-12-07,30.4511,-98.7123,0.2538124
TXS06,2015-12-10,30.4511,-98.7123,0.2471721
TXS06,2015-12-12,30.4511,-98.7123,0.2330655
TXS06,2015-12-18,30.4511,-98.7123,0.2648222
TXS06,2015-12-20,30.4511,-98.7123,0.2324603
TXS06,2015-12-23,30.4511,-98.7123,0.2471507
TXS06,2015-12-26,30.4511,-98.7123,0.2138522
TXS06,2015-12-28,30.4511,-98.7123,0.3047281
TXS06,2015-12-29,30.4511,-98.7123,0.2674119
TXS06,2015-12-31,30.4511,-98.7123,0.280553
TXS06,2016-01-03,30.4511,-98.7123,0.2998646
TXS06,2016-01-05,30.4511,-98.7123,0.277005
TXS06,2016-01-06,30.4511,-98.7123,0.2625448
TXS06,2016-01-08,30.4511,-98.7123,0.27752
TXS06,2016-01-11,30.4511,-98.7123,0.2703106
TXS06,2016-01-13,30.4511,-98.7123,0.2519198
TXS06,2016-01-14,30.4511,-98.7123,0.2423282
TXS06,2016-01-16,30.4511,-98.7123,0.252671
TXS06,2016-01-19,30.4511,-98.7123,0.2055973
TXS06,2016-01-21,30.4511,-98.7123,0.2024653
TXS06,2016-01-24,30.4511,-98.7123,0.1980706
TXS06,2016-01-27,30.4511,-98.7123,0.2023859
TXS06,2016-01-29,30.4511,-98.7123,0.1850096
TXS06,2016-02-01,30.4511,-98.7123,0.1794491
TXS06,2016-02-04,30.4511,-98.7123,0.161447
TXS06,2016-02-06,30.4511,-98.7123,0.1594127
TXS06,2016-02-09,30.4511,-98.7123,0.1506748
TXS06,2016-02-12,30.4511,-98.7123,0.1516102
TXS06,2016-02-14,30.4511,-98.7123,0.1294681
TXS06,2016-02-17,30.4511,-98.7123,0.1496216
TXS06,2016-02-20,30.4511,-98.7123,0.1139478
TXS06,2016-02-22,30.4511,-98.7123,0.1874697
TXS06,2016-02-25,30.4511,-98.7123,0.2606163
TXS06,2016-02-28,30.4511,-98.7123,0.2000833
TXS06,2016-03-01,30.4511,-98.7123,0.1896361
TXS06,2016-03-04,30.4511,-98.7123,0.1773702
TXS06,2016-03-07,30.4511,-98.7123,0.1326181
TXS06,2016-03-09,30.4511,-98.7123,0.3203113
TXS06,2016-03-12,30.4511,-98.7123,0.3457963
TXS06,2016-03-15,30.4511,-98.7123,0.2690135
TXS06,2016-03-17,30.4511,-98.7123,0.2174437
TXS06,2016-03-20,30.4511,-98.7123,0.2541517
TXS06,2016-03-23,30.4511,-98.7123,0.1868104
TXS06,2016-03-25,30.4511,-98.7123,0.2037093
TXS06,2016-03-28,30.4511,-98.7123,0.1615674
TXS06,2016-03-31,30.4511,-98.7123,0.1614104
TXS06,2016-04-02,30.4511,-98.7123,0.2488367
TXS06,2016-04-05,30.4511,-98.7123,0.1792866
TXS06,2016-04-08,30.4511,-98.7123,0.1460036
TXS06,2016-04-10,30.4511,-98.7123,0.1335151
TXS06,2016-04-13,30.4511,-98.7123,0.2706584
TXS06,2016-04-16,30.4511,-98.7123,0.1914491
TXS06,2016-04-18,30.4511,-98.7123,0.2975342
TXS06,2016-04-21,30.4511,-98.7123,0.3771938
TXS06,2016-04-24,30.4511,-98.7123,0.2226293
TXS06,2016-04-26,30.4511,-98.7123,0.185603
TXS06,2016-04-29,30.4511,-98.7123,0.1967549
TXS06,2016-05-04,30.4511,-98.7123,0.1806846
TXS06,2016-05-07,30.4511,-98.7123,0.1432512
TXS06,2016-05-10,30.4511,-98.7123,0.1210573
TXS06,2016-05-12,30.4511,-98.7123,0.1518531
TXS06,2016-05-15,30.4511,-98.7123,0.1866327
TXS06,2016-05-18,30.4511,-98.7123,0.2581019
TXS06,2016-05-20,30.4511,-98.7123,0.2701719
TXS06,2016-05-23,30.4511,-98.7123,0.2309745
TXS06,2016-05-26,30.4511,-98.7123,0.195658
TXS06,2016-05-28,30.4511,-98.7123,0.2471014
TXS06,2016-05-31,30.4511,-98.7123,0.2507579
TXS06,2016-06-03,30.4511,-98.7123,0.3031727
TXS06,2016-06-05,30.4511,-98.7123,0.2748156
TXS06,2016-06-08,30.4511,-98.7123,0.1886644
TXS06,2016-06-11,30.4511,-98.7123,0.1549504
TXS06,2016-06-13,30.4511,-98.7123,0.1444275
TXS06,2016-06-16,30.4511,-98.7123,0.1347018
TXS06,2016-06-19,30.4511,-98.7123,0.115463
TXS06,2016-06-21,30.4511,-98.7123,0.1248261
TXS06,2016-06-24,30.4511,-98.7123,0.111056
TXS06,2016-06-27,30.4511,-98.7123,0.1136717
TXS06,2016-06-29,30.4511,-98.7123,0.1485758
TXS06,2016-07-02,30.4511,-98.7123,0.1201552
TXS06,2016-07-05,30.4511,-98.7123,0.1089422
TXS06,2016-07-07,30.4511,-98.7123,0.1058964
TXS06,2016-07-10,30.4511,-98.7123,0.1025849
TXS06,2016-07-13,30.4511,-98.7123,0.1065675
TXS06,2016-07-15,30.4511,-98.7123,0.098761
TXS06,2016-07-18,30.4511,-98.7123,0.1078845
TXS06,2016-07-21,30.4511,-98.7123,0.0943247
TXS06,2016-07-23,30.4511,-98.7123,0.0968431
TXS06,2016-07-26,30.4511,-98.7123,0.2098169
TXS06,2016-07-29,30.4511,-98.7123,0.148453
TXS06,2016-07-31,30.4511,-98.7123,0.1203649
TXS06,2016-08-03,30.4511,-98.7123,0.1139343
TXS06,2016-08-06,30.4511,-98.7123,0.1025893
TXS06,2016-08-08,30.4511,-98.7123,0.1109577
TXS06,2016-08-11,30.4511,-98.7123,0.0918919
TXS06,2016-08-14,30.4511,-98.7123,0.2668555
TXS06,2016-08-16,30.4511,-98.7123,0.299603
TXS06,2016-08-19,30.4511,-98.7123,0.2821586
TXS06,2016-08-22,30.4511,-98.7123,0.2792776
TXS06,2016-08-24,30.4511,-98.7123,0.2495396
TXS06,2016-08-27,30.4511,-98.7123,0.1787018
TXS06,2016-08-30,30.4511,-98.7123,0.1469462
TXS06,2016-09-01,30.4511,-98.7123,0.1636088
TXS06,2016-09-04,30.4511,-98.7123,0.1556926
TXS06,2016-09-07,30.4511,-98.7123,0.1603079
TXS06,2016-09-09,30.4511,-98.7123,0.1268189
TXS06,2016-09-12,30.4511,-98.7123,0.1250385
TXS06,2016-09-15,30.4511,-98.7123,0.1165522
TXS06,2016-09-17,30.4511,-98.7123,0.1213409
TXS06,2016-09-20,30.4511,-98.7123,0.1015942
TXS06,2016-09-23,30.4511,-98.7123,0.0991102
TXS06,2016-09-25,30.4511,-98.7123,0.2127067
TXS06,2016-10-01,30.4511,-98.7123,0.201033
TXS06,2016-10-03,30.4511,-98.7123,0.1764834
TXS06,2016-10-06,30.4511,-98.7123,0.1493954
TXS06,2016-10-09,30.4511,-98.7123,0.1414778
TXS06,2016-10-11,30.4511,-98.7123,0.1350266
TXS06,2016-10-14,30.4511,-98.7123,0.1417956
TXS06,2016-10-17,30.4511,-98.7123,0.1317799
TXS06,2016-10-19,30.4511,-98.7123,0.1168143
TXS06,2016-10-22,30.4511,-98.7123,0.1356689
TXS06,2016-10-25,30.4511,-98.7123,0.1142551
TXS06,2016-10-27,30.4511,-98.7123,0.1141624
TXS06,2016-10-30,30.4511,-98.7123,0.1102142
TXS06,2016-11-02,30.4511,-98.7123,0.1043697
TXS06,2016-11-04,30.4511,-98.7123,0.2507294
TXS06,2016-11-05,30.4511,-98.7123,0.2170281
TXS06,2016-11-07,30.4511,-98.7123,0.2751673
TXS06,2016-11-10,30.4511,-98.7123,0.324944
TXS06,2016-11-12,30.4511,-98.7123,0.2908683
TXS06,2016-11-15,30.4511,-98.7123,0.2514796
TXS06,2016-11-18,30.4511,-98.7123,0.2172294
TXS06,2016-11-20,30.4511,-98.7123,0.2342443
TXS06,2016-11-23,30.4511,-98.7123,0.2414254
TXS06,2016-11-26,30.4511,-98.7123,0.2265811
TXS06,2016-11-28,30.4511,-98.7123,0.1851109
TXS06,2016-12-01,30.4511,-98.7123,0.1890831
TXS06,2016-12-04,30.4511,-98.7123,0.2816862
TXS06,2016-12-06,30.4511,-98.7123,0.3085369
TXS06,2016-12-09,30.4511,-98.7123,0.2565638
TXS06,2016-12-12,30.4511,-98.7123,0.2691927
TXS06,2016-12-14,30.4511,-98.7123,0.2755361
TXS06,2016-12-17,30.4511,-98.7123,0.2475505
TXS06,2016-12-20,30.4511,-98.7123,0.2282648
TXS06,2016-12-22,30.4511,-98.7123,0.2155645
TXS06,2016-12-25,30.4511,-98.7123,0.2139415
TXS06,2016-12-28,30.4511,-98.7123,0.1987565
TXS06,2016-12-30,30.4511,-98.7123,0.2153258
TXS06,2017-01-02,30.4511,-98.7123,0.2894135
TXS06,2017-01-05,30.4511,-98.7123,0.2272351
TXS06,2017-01-07,30.4511,-98.7123,0.1839717
TXS06,2017-01-10,30.4511,-98.7123,0.1923114
TXS06,2017-01-13,30.4511,-98.7123,0.1823649
TXS06,2017-01-15,30.4511,-98.7123,0.2217473
TXS06,2017-01-18,30.4511,-98.7123,0.3037892
TXS06,2017-01-21,30.4511,-98.7123,0.2480374
TXS06,2017-01-23,30.4511,-98.7123,0.2379577
TXS06,2017-01-26,30.4511,-98.7123,0.2049991
TXS06,2017-01-29,30.4511,-98.7123,0.1905957
TXS06,2017-01-31,30.4511,-98.7123,0.1890495
TXS06,2017-02-03,30.4511,-98.7123,0.1737764
TXS06,2017-02-06,30.4511,-98.7123,0.1601676
TXS06,2017-02-08,30.4511,-98.7123,0.1755669
TXS06,2017-02-11,30.4511,-98.7123,0.1471646
TXS06,2017-02-14,30.4511,-98.7123,0.3783975
TXS06,2017-02-16,30.4511,-98.7123,0.2703066
TXS06,2017-02-19,30.4511,-98.7123,0.2313628
TXS06,2017-02-22,30.4511,-98.7123,0.2722432
TXS06,2017-02-24,30.4511,-98.7123,0.227017
TXS06,2017-02-27,30.4511,-98.7123,0.1814411
TXS06,2017-03-02,30.4511,-98.7123,0.2173502
TXS06,2017-03-04,30.4511,-98.7123,0.1847262
TXS06,2017-03-07,30.4511,-98.7123,0.2281975
TXS06,2017-03-10,30.4511,-98.7123,0.2297779
TXS06,2017-03-12,30.4511,-98.7123,0.2753853
TXS06,2017-03-15,30.4511,-98.7123,0.2074819
TXS06,2017-03-18,30.4511,-98.7123,0.1687867
TXS06,2017-03-20,30.4511,-98.7123,0.1716941
TXS06,2017-03-23,30.4511,-98.7123,0.1491221
TXS06,2017-03-26,30.4511,-98.7123,0.1321903
TXS06,2017-03-28,30.4511,-98.7123,0.1333496
TXS06,2017-03-31,30.4511,-98.7123,0.1870907
TXS06,2017-04-03,30.4511,-98.7123,0.2815796
TXS06,2017-04-05,30.4511,-98.7123,0.2245484
TXS06,2017-04-08,30.4511,-98.7123,0.1615219
TXS06,2017-04-11,30.4511,-98.7123,0.239926
TXS06,2017-04-13,30.4511,-98.7123,0.213772
TXS06,2017-04-16,30.4511,-98.7123,0.2037276
TXS06,2017-04-19,30.4511,-98.7123,0.1795089
TXS06,2017-04-21,30.4511,-98.7123,0.1419771
TXS06,2017-04-24,30.4511,-98.7123,0.1393227
TXS06,2017-04-27,30.4511,-98.7123,0.1211978
TXS06,2017-04-29,30.4511,-98.7123,0.1200063
TXS06,2017-05-02,30.4511,-98.7123,0.1332548
TXS06,2017-05-05,30.4511,-98.7123,0.1129088
TXS06,2017-05-07,30.4511,-98.7123,0.108656
TXS06,2017-05-10,30.4511,-98.7123,0.1374204
TXS06,2017-05-13,30.4511,-98.7123,0.1148032
TXS06,2017-05-15,30.4511,-98.7123,0.1081351
TXS06,2017-05-18,30.4511,-98.7123,0.1454659
TXS06,2017-05-21,30.4511,-98.7123,0.2227161
TXS06,2017-05-23,30.4511,-98.7123,0.2465792
TXS06,2017-05-26,30.4511,-98.7123,0.1618606
TXS06,2017-05-29,30.4511,-98.7123,0.2331942
TXS06,2017-05-31,30.4511,-98.7123,0.2034839
TXS06,2017-06-03,30.4511,-98.7123,0.1905622
TXS06,2017-06-06,30.4511,-98.7123,0.2143066
TXS06,2017-06-08,30.4511,-98.7123,0.1719883
TXS06,2017-06-09,30.4511,-98.7123,0.1542349
TXS06,2017-06-11,30.4511,-98.7123,0.1347642
TXS06,2017-06-14,30.4511,-98.7123,0.1058967
TXS06,2017-06-16,30.4511,-98.7123,0.1191375
TXS06,2017-06-19,30.4511,-98.7123,0.1127077
TXS06,2017-06-22,30.4511,-98.7123,0.1214547
TXS06,2017-06-24,30.4511,-98.7123,0.1081725
TXS06,2017-06-27,30.4511,-98.7123,0.2816022
TXS06,2017-06-30,30.4511,-98.7123,0.1640633
TXS06,2017-07-02,30.4511,-98.7123,0.1954287
TXS06,2017-07-05,30.4511,-98.7123,0.1288619
TXS06,2017-07-08,30.4511,-98.7123,0.1022949
TXS06,2017-07-10,30.4511,-98.7123,0.1457429
TXS06,2017-07-13,30.4511,-98.7123,0.0997805
TXS06,2017-07-16,30.4511,-98.7123,0.1441216
TXS06,2017-07-18,30.4511,-98.7123,0.1545152
TXS06,2017-07-21,30.4511,-98.7123,0.1108368
TXS06,2017-07-24,30.4511,-98.7123,0.2513674
TXS06,2017-07-26,30.4511,-98.7123,0.187319
TXS06,2017-07-29,30.4511,-98.7123,0.1208581
TXS06,2017-08-01,30.4511,-98.7123,0.1285749
TXS06,2017-08-03,30.4511,-98.7123,0.1990325
TXS06,2017-08-06,30.4511,-98.7123,0.1273763
TXS06,2017-08-09,30.4511,-98.7123,0.2579639
TXS06,2017-08-11,30.4511,-98.7123,0.2243244
TXS06,2017-08-14,30.4511,-98.7123,0.154982
TXS06,2017-08-17,30.4511,-98.7123,0.1231539
TXS06,2017-08-19,30.4511,-98.7123,0.1193596
TXS06,2017-08-22,30.4511,-98.7123,0.1164651
TXS06,2017-08-25,30.4511,-98.7123,0.1299344
TXS06,2017-08-27,30.4511,-98.7123,0.2750013
TXS06,2017-08-30,30.4511,-98.7123,0.192831
TXS06,2017-09-02,30.4511,-98.7123,0.1400474
TXS06,2017-09-04,30.4511,-98.7123,0.1261162
TXS06,2017-09-07,30.4511,-98.7123,0.1357078
TXS06,2017-09-10,30.4511,-98.7123,0.1038075
TXS06,2017-09-12,30.4511,-98.7123,0.105679
TXS06,2017-09-15,30.4511,-98.7123,0.0975072
TXS06,2017-09-18,30.4511,-98.7123,0.1017257
TXS06,2017-09-20,30.4511,-98.7123,0.099936
TXS06,2017-09-23,30.4511,-98.7123,0.1029751
TXS06,2017-09-26,30.4511,-98.7123,0.1532264
TXS06,2017-09-28,30.4511,-98.7123,0.2927984
TXS06,2017-10-01,30.4511,-98.7123,0.2668204
TXS06,2017-10-04,30.4511,-98.7123,0.2936222
TXS06,2017-10-06,30.4511,-98.7123,0.226649
TXS06,2017-10-09,30.4511,-98.7123,0.1793646
TXS06,2017-10-12,30.4511,-98.7123,0.1489149
TXS06,2017-10-14,30.4511,-98.7123,0.1385234
TXS06,2017-10-17,30.4511,-98.7123,0.1378445
TXS06,2017-10-20,30.4511,-98.7123,0.1143248
TXS06,2017-10-22,30.4511,-98.7123,0.2170365
TXS06,2017-10-25,30.4511,-98.7123,0.1588698
TXS06,2017-10-28,30.4511,-98.7123,0.1241408
TXS06,2017-10-30,30.4511,-98.7123,0.124258
TXS06,2017-11-02,30.4511,-98.7123,0.1087466
TXS06,2017-11-05,30.4511,-98.7123,0.1146552
TXS06,2017-11-07,30.4511,-98.7123,0.1189407
TXS06,2017-11-10,30.4511,-98.7123,0.1949746
TXS06,2017-11-13,30.4511,-98.7123,0.1994348
TXS06,2017-11-15,30.4511,-98.7123,0.1862167
TXS06,2017-11-18,30.4511,-98.7123,0.1598748
TXS06,2017-11-21,30.4511,-98.7123,0.126369
TXS06,2017-11-23,30.4511,-98.7123,0.1412065
TXS06,2017-11-26,30.4511,-98.7123,0.1259579
TXS06,2017-11-29,30.4511,-98.7123,0.1183252
TXS06,2017-12-01,30.4511,-98.7123,0.117454
TXS06,2017-12-04,30.4511,-98.7123,0.1180749
TXS06,2017-12-07,30.4511,-98.7123,0.2948382
TXS06,2017-12-09,30.4511,-98.7123,0.2415608
TXS06,2017-12-12,30.4511,-98.7123,0.2399816
TXS06,2017-12-15,30.4511,-98.7123,0.2109655
TXS06,2017-12-17,30.4511,-98.7123,0.2131997
TXS06,2017-12-20,30.4511,-98.7123,0.2405113
TXS06,2017-12-23,30.4511,-98.7123,0.2411275
TXS06,2017-12-25,30.4511,-98.7123,0.2113262
TXS06,2017-12-28,30.4511,-98.7123,0.2040853
TXS06,2017-12-31,30.4511,-98.7123,0.2053698
TXS06,2018-01-02,30.4511,-98.7123,0.192076
TXS06,2018-01-05,30.4511,-98.7123,0.1908162
TXS06,2018-01-08,30.4511,-98.7123,0.1855003
TXS06,2018-01-10,30.4511,-98.7123,0.1902842
TXS06,2018-01-13,30.4511,-98.7123,0.165455
TXS06,2018-01-18,30.4511,-98.7123,0.1585435
TXS06,2018-01-24,30.4511,-98.7123,0.1599123
TXS06,2018-01-26,30.4511,-98.7123,0.1238627
TXS06,2018-01-29,30.4511,-98.7123,0.1774832
TXS06,2018-02-01,30.4511,-98.7123,0.1444659
TXS06,2018-02-03,30.4511,-98.7123,0.1299981
TXS06,2018-02-06,30.4511,-98.7123,0.1114631
TXS06,2018-02-09,30.4511,-98.7123,0.1742703
TXS06,2018-02-11,30.4511,-98.7123,0.1433201
TXS06,2018-02-14,30.4511,-98.7123,0.1191751
TXS06,2018-02-17,30.4511,-98.7123,0.1373544
TXS06,2018-02-19,30.4511,-98.7123,0.1341019
TXS06,2018-02-22,30.4511,-98.7123,0.3052718
TXS06,2018-02-25,30.4511,-98.7123,0.2413246
TXS06,2018-02-27,30.4511,-98.7123,0.2205833
TXS06,2018-03-02,30.4511,-98.7123,0.2760493
TXS06,2018-03-05,30.4511,-98.7123,0.2166625
TXS06,2018-03-07,30.4511,-98.7123,0.2307433
TXS06,2018-03-10,30.4511,-98.7123,0.1654093
TXS06,2018-03-13,30.4511,-98.7123,0.1409957
TXS06,2018-03-15,30.4511,-98.7123,0.1318217
TXS06,2018-03-18,30.4511,-98.7123,0.1249883
TXS06,2018-03-21,30.4511,-98.7123,0.118372
TXS06,2018-03-23,30.4511,-98.7123,0.1066515
TXS06,2018-03-26,30.4511,-98.7123,0.1184666
TXS06,2018-03-29,30.4511,-98.7123,0.2846012
TXS06,2018-03-31,30.4511,-98.7123,0.2016118
TXS06,2018-04-03,30.4511,-98.7123,0.1734815
TXS06,2018-04-06,30.4511,-98.7123,0.1270639
TXS06,2018-04-08,30.4511,-98.7123,0.1309556
TXS06,2018-04-11,30.4511,-98.7123,0.114593
TXS06,2018-04-14,30.4511,-98.7123,0.1748162
TXS06,2018-04-16,30.4511,-98.7123,0.1225282
TXS06,2018-04-19,30.4511,-98.7123,0.1144292
TXS06,2018-04-22,30.4511,-98.7123,0.1539685
TXS06,2018-04-24,30.4511,-98.7123,0.1167216
TXS06,2018-04-27,30.4511,-98.7123,0.1990421
TXS06,2018-04-30,30.4511,-98.7123,0.1264598
TXS06,2018-05-02,30.4511,-98.7123,0.1137054
TXS06,2018-05-08,30.4511,-98.7123,0.2196095
TXS06,2018-05-10,30.4511,-98.7123,0.1527355
TXS06,2018-05-13,30.4511,-98.7123,0.1198631
TXS06,2018-05-16,30.4511,-98.7123,0.2749468
TXS06,2018-05-18,30.4511,-98.7123,0.1844347
TXS06,2018-05-21,30.4511,-98.7123,0.2329573
TXS06,2018-05-24,30.4511,-98.7123,0.1562469
TXS06,2018-05-26,30.4511,-98.7123,0.1339888
TXS06,2018-06-01,30.4511,-98.7123,0.0948491
TXS06,2018-06-03,30.4511,-98.7123,0.1122957
TXS06,2018-06-06,30.4511,-98.7123,0.1638793
TXS06,2018-06-09,30.4511,-98.7123,0.1205789
TXS06,2018-06-11,30.4511,-98.7123,0.1188421
TXS06,2018-06-14,30.4511,-98.7123,0.1169397
TXS06,2018-06-17,30.4511,-98.7123,0.1016233
TXS06,2018-06-19,30.4511,-98.7123,0.1289982
TXS06,2018-06-22,30.4511,-98.7123,0.1267499
TXS06,2018-06-25,30.4511,-98.7123,0.0942291
TXS06,2018-06-28,30.4511,-98.7123,0.1004606
TXS06,2018-06-30,30.4511,-98.7123,0.0965882
TXS06,2018-07-03,30.4511,-98.7123,0.0963412
TXS06,2018-07-05,30.4511,-98.7123,0.2447737
TXS06,2018-07-06,30.4511,-98.7123,0.1856241
TXS06,2018-07-08,30.4511,-98.7123,0.2219722
TXS06,2018-07-11,30.4511,-98.7123,0.1576297
TXS06,2018-07-13,30.4511,-98.7123,0.1231908
TXS06,2018-07-14,30.4511,-98.7123,0.1091367
TXS06,2018-07-16,30.4511,-98.7123,0.1006668
TXS06,2018-07-19,30.4511,-98.7123,0.0999466
TXS06,2018-07-21,30.4511,-98.7123,0.1023163
TXS06,2018-07-22,30.4511,-98.7123,0.0973953
TXS06,2018-07-24,30.4511,-98.7123,0.1006867
TXS06,2018-07-27,30.4511,-98.7123,0.1113255
TXS06,2018-07-29,30.4511,-98.7123,0.0990939
TXS06,2018-07-30,30.4511,-98.7123,0.1049998
TXS06,2018-08-01,30.4511,-98.7123,0.1446738
TXS06,2018-08-04,30.4511,-98.7123,0.0909283
TXS06,2018-08-06,30.4511,-98.7123,0.0988327
TXS06,2018-08-09,30.4511,-98.7123,0.1007374
TXS06,2018-08-12,30.4511,-98.7123,0.2278721
TXS06,2018-08-14,30.4511,-98.7123,0.2391396
TXS06,2018-08-17,30.4511,-98.7123,0.16324
TXS06,2018-08-20,30.4511,-98.7123,0.1168459
TXS06,2018-08-22,30.4511,-98.7123,0.1246998
TXS06,2018-08-25,30.4511,-98.7123,0.0969122
TXS06,2018-08-28,30.4511,-98.7123,0.1012161
TXS06,2018-08-30,30.4511,-98.7123,0.106055
TXS06,2018-09-02,30.4511,-98.7123,0.0937159
TXS06,2018-09-05,30.4511,-98.7123,0.2382946
TXS06,2018-09-07,30.4511,-98.7123,0.2435345
TXS06,2018-09-10,30.4511,-98.7123,0.3079926
TXS06,2018-09-13,30.4511,-98.7123,0.2592879
TXS06,2018-09-15,30.4511,-98.7123,0.3329603
TXS06,2018-09-18,30.4511,-98.7123,0.2822359
TXS06,2018-09-21,30.4511,-98.7123,0.2667191
TXS06,2018-09-23,30.4511,-98.7123,0.2842346
TXS06,2018-09-26,30.4511,-98.7123,0.2250503
TXS06,2018-09-29,30.4511,-98.7123,0.1738215
TXS06,2018-10-01,30.4511,-98.7123,0.2109509
TXS06,2018-10-04,30.4511,-98.7123,0.1631609
TXS06,2018-10-07,30.4511,-98.7123,0.1390365
TXS06,2018-10-09,30.4511,-98.7123,0.2619658
TXS06,2018-10-12,30.4511,-98.7123,0.2371745
TXS06,2018-10-15,30.4511,-98.7123,0.4251055
TXS06,2018-10-17,30.4511,-98.7123,0.3812456
TXS06,2018-10-20,30.4511,-98.7123,0.3356512
TXS06,2018-10-23,30.4511,-98.7123,0.3227384
TXS06,2018-10-25,30.4511,-98.7123,0.3476951
TXS06,2018-10-28,30.4511,-98.7123,0.301564
TXS06,2018-10-31,30.4511,-98.7123,0.2726516
TXS06,2018-11-02,30.4511,-98.7123,0.3101323
TXS06,2018-11-05,30.4511,-98.7123,0.2607841
TXS06,2018-11-08,30.4511,-98.7123,0.2534549
TXS06,2018-11-10,30.4511,-98.7123,0.2607576
TXS06,2018-11-13,30.4511,-98.7123,0.2677596
TXS06,2018-11-16,30.4511,-98.7123,0.2602258
TXS06,2018-11-18,30.4511,-98.7123,0.2677357
TXS06,2018-11-21,30.4511,-98.7123,0.232213
TXS06,2018-11-24,30.4511,-98.7123,0.2225802
TXS06,2018-11-26,30.4511,-98.7123,0.2261196
TXS06,2018-11-29,30.4511,-98.7123,0.1828482
TXS06,2018-12-02,30.4511,-98.7123,0.1983105
TXS06,2018-12-04,30.4511,-98.7123,0.2044847
TXS06,2018-12-07,30.4511,-98.7123,0.25303
TXS06,2018-12-10,30.4511,-98.7123,0.2828291
TXS06,2018-12-12,30.4511,-98.7123,0.265624
TXS06,2018-12-15,30.4511,-98.7123,0.2708733
TXS06,2018-12-18,30.4511,-98.7123,0.2685547
TXS06,2018-12-20,30.4511,-98.7123,0.2717059
TXS06,2018-12-23,30.4511,-98.7123,0.2716973
TXS06,2018-12-26,30.4511,-98.7123,0.237372
TXS06,2018-12-28,30.4511,-98.7123,0.3200979
TXS06,2018-12-31,30.4511,-98.7123,0.2984958
TXS06,2019-01-03,30.4511,-98.7123,0.3585449
TXS06,2019-01-05,30.4511,-98.7123,0.2835796
TXS06,2019-01-08,30.4511,-98.7123,0.2958924
TXS06,2019-01-11,30.4511,-98.7123,0.2854849
TXS06,2019-01-13,30.4511,-98.7123,0.2993326
TXS06,2019-01-16,30.4511,-98.7123,0.2889532
TXS06,2019-01-19,30.4511,-98.7123,0.2778325
TXS06,2019-01-21,30.4511,-98.7123,0.241856
TXS06,2019-01-24,30.4511,-98.7123,0.2254597
TXS06,2019-01-27,30.4511,-98.7123,0.305046
TXS06,2019-01-29,30.4511,-98.7123,0.2812515
TXS06,2019-02-01,30.4511,-98.7123,0.2245287
TXS06,2019-02-04,30.4511,-98.7123,0.2234116
TXS06,2019-02-06,30.4511,-98.7123,0.2362405
TXS06,2019-02-09,30.4511,-98.7123,0.2297652
TXS06,2019-02-12,30.4511,-98.7123,0.257656
TXS06,2019-02-14,30.4511,-98.7123,0.224608
TXS06,2019-02-17,30.4511,-98.7123,0.2253046
TXS06,2019-02-20,30.4511,-98.7123,0.2055663
TXS06,2019-02-22,30.4511,-98.7123,0.1816546
TXS06,2019-02-25,30.4511,-98.7123,0.1921047
TXS06,2019-02-28,30.4511,-98.7123,0.1828437
TXS06,2019-03-02,30.4511,-98.7123,0.2086688
TXS06,2019-03-05,30.4511,-98.7123,0.2138145
TXS06,2019-03-08,30.4511,-98.7123,0.1616098
TXS06,2019-03-10,30.4511,-98.7123,0.1794275
TXS06,2019-03-13,30.4511,-98.7123,0.3306436
TXS06,2019-03-16,30.4511,-98.7123,0.2059995
TXS06,2019-03-18,30.4511,-98.7123,0.1933958
TXS06,2019-03-21,30.4511,-98.7123,0.1621553
TXS06,2019-03-24,30.4511,-98.7123,0.1325007
TXS06,2019-03-26,30.4511,-98.7123,0.1574337
TXS06,2019-03-29,30.4511,-98.7123,0.1276574
TXS06,2019-04-01,30.4511,-98.7123,0.1181103
TXS06,2019-04-03,30.4511,-98.7123,0.1106316
TXS06,2019-04-06,30.4511,-98.7123,0.1156073
TXS06,2019-04-09,30.4511,-98.7123,0.2083015
TXS06,2019-04-11,30.4511,-98.7123,0.1587398
TXS06,2019-04-14,30.4511,-98.7123,0.2147551
TXS06,2019-04-17,30.4511,-98.7123,0.1266502
TXS06,2019-04-19,30.4511,-98.7123,0.2555023
TXS06,2019-04-22,30.4511,-98.7123,0.1546717
TXS06,2019-04-25,30.4511,-98.7123,0.2739754
TXS06,2019-04-27,30.4511,-98.7123,0.2351908
TXS06,2019-04-30,30.4511,-98.7123,0.1443565
TXS06,2019-05-03,30.4511,-98.7123,0.3018615
TXS06,2019-05-08,30.4511,-98.7123,0.2630729
TXS06,2019-05-11,30.4511,-98.7123,0.2869587
TXS06,2019-05-13,30.4511,-98.7123,0.2467056
TXS06,2019-05-16,30.4511,-98.7123,0.2181061
TXS06,2019-05-21,30.4511,-98.7123,0.2137301
TXS06,2019-05-24,30.4511,-98.7123,0.1403071
TXS06,2019-05-27,30.4511,-98.7123,0.1266166
TXS06,2019-05-29,30.4511,-98.7123,0.1139862
TXS06,2019-06-01,30.4511,-98.7123,0.1714646
TXS06,2019-06-04,30.4511,-98.7123,0.1368638
TXS06,2019-06-06,30.4511,-98.7123,0.256832
TXS06,2019-06-09,30.4511,-98.7123,0.1527101
TXS06,2019-06-12,30.4511,-98.7123,0.2328084
TXS06,2019-06-14,30.4511,-98.7123,0.1912815
TXS06,2019-06-17,30.4511,-98.7123,0.288159
TXS06,2019-07-24,30.4511,-98.7123,0.119153
TXS06,2019-07-27,30.4511,-98.7123,0.0914589
TXS06,2019-08-01,30.4511,-98.7123,0.0891291
TXS06,2019-08-04,30.4511,-98.7123,0.1188797
TXS06,2019-08-07,30.4511,-98.7123,0.0893729
TXS06,2019-08-09,30.4511,-98.7123,0.0990394
TXS06,2019-08-12,30.4511,-98.7123,0.0886795
TXS06,2019-08-15,30.4511,-98.7123,0.1262135
TXS06,2019-08-17,30.4511,-98.7123,0.1167725
TXS06,2019-08-20,30.4511,-98.7123,0.0928406
TXS06,2019-08-23,30.4511,-98.7123,0.093843
TXS06,2019-08-25,30.4511,-98.7123,0.1581729
TXS06,2019-08-28,30.4511,-98.7123,0.1132215
TXS06,2019-08-31,30.4511,-98.7123,0.1145162
TXS06,2019-09-02,30.4511,-98.7123,0.1711162
TXS06,2019-09-05,30.4511,-98.7123,0.1156338
TXS06,2019-09-08,30.4511,-98.7123,0.1002185
TXS06,2019-09-10,30.4511,-98.7123,0.1013691
TXS06,2019-09-13,30.4511,-98.7123,0.1391733
TXS06,2019-09-16,30.4511,-98.7123,0.108224
TXS06,2019-09-18,30.4511,-98.7123,0.1136867
TXS06,2019-09-21,30.4511,-98.7123,0.1345732
TXS06,2019-09-24,30.4511,-98.7123,0.1000522
TXS06,2019-09-26,30.4511,-98.7123,0.1099999
TXS06,2019-09-29,30.4511,-98.7123,0.1397125
TXS06,2019-10-02,30.4511,-98.7123,0.11249
TXS06,2019-10-04,30.4511,-98.7123,0.1077117
TXS06,2019-10-07,30.4511,-98.7123,0.1798059
TXS06,2019-10-10,30.4511,-98.7123,0.1195178
TXS06,2019-10-12,30.4511,-98.7123,0.2103111
TXS06,2019-10-15,30.4511,-98.7123,0.1751575
TXS06,2019-10-18,30.4511,-98.7123,0.1568298
TXS06,2019-10-20,30.4511,-98.7123,0.1383474
TXS06,2019-10-23,30.4511,-98.7123,0.2337733
TXS06,2019-10-26,30.4511,-98.7123,0.2389915
TXS06,2019-10-28,30.4511,-98.7123,0.2167393
TXS06,2019-10-31,30.4511,-98.7123,0.2797516
TXS06,2019-11-03,30.4511,-98.7123,0.2183999
TXS06,2019-11-05,30.4511,-98.7123,0.1877019
TXS06,2019-11-06,30.4511,-98.7123,0.1845081
TXS06,2019-11-08,30.4511,-98.7123,0.3222392
TXS06,2019-11-11,30.4511,-98.7123,0.2177935
TXS06,2019-11-13,30.4511,-98.7123,0.2460327
TXS06,2019-11-16,30.4511,-98.7123,0.248972
TXS06,2019-11-19,30.4511,-98.7123,0.2213089
TXS06,2019-11-21,30.4511,-98.7123,0.2001006
TXS06,2019-11-24,30.4511,-98.7123,0.207168
TXS06,2019-11-27,30.4511,-98.7123,0.181373
TXS06,2019-11-29,30.4511,-98.7123,0.1427895
TXS06,2019-12-02,30.4511,-98.7123,0.1674711
TXS06,2019-12-05,30.4511,-98.7123,0.1442406
TXS06,2019-12-07,30.4511,-98.7123,0.1586096
TXS06,2019-12-10,30.4511,-98.7123,0.2176246
TXS06,2019-12-13,30.4511,-98.7123,0.2021167
TXS06,2019-12-15,30.4511,-98.7123,0.1687351
TXS06,2019-12-18,30.4511,-98.7123,0.1630751
TXS06,2019-12-21,30.4511,-98.7123,0.1412726
TXS06,2019-12-23,30.4511,-98.7123,0.1484489
TXS06,2019-12-26,30.4511,-98.7123,0.1348722
TXS06,2019-12-29,30.4511,-98.7123,0.1652312
TXS06,2019-12-31,30.4511,-98.7123,0.1490067
TXS06,2020-01-03,30.4511,-98.7123,0.1511826
TXS06,2020-01-06,30.4511,-98.7123,0.1346774
TXS06,2020-01-08,30.4511,-98.7123,0.1411454
TXS06,2020-01-11,30.4511,-98.7123,0.2919081
TXS06,2020-01-14,30.4511,-98.7123,0.2196553
TXS06,2020-01-16,30.4511,-98.7123,0.1891991
TXS06,2020-01-19,30.4511,-98.7123,0.2907419
TXS06,2020-01-22,30.4511,-98.7123,0.2902886
TXS06,2020-01-24,30.4511,-98.7123,0.2621211
TXS06,2020-01-27,30.4511,-98.7123,0.2450231
TXS06,2020-01-30,30.4511,-98.7123,0.2617103
TXS06,2020-02-04,30.4511,-98.7123,0.2136533
TXS06,2020-02-07,30.4511,-98.7123,0.198575
TXS06,2020-02-09,30.4511,-98.7123,0.1690739
TXS06,2020-02-12,30.4511,-98.7123,0.3229999
TXS06,2020-02-15,30.4511,-98.7123,0.2382811
TXS06,2020-02-17,30.4511,-98.7123,0.2286737
TXS06,2020-02-20,30.4511,-98.7123,0.3081816
TXS06,2020-02-23,30.4511,-98.7123,0.2416013
TXS06,2020-02-25,30.4511,-98.7123,0.2261229
TXS06,2020-02-28,30.4511,-98.7123,0.2218098
TXS06,2020-03-02,30.4511,-98.7123,0.1571318
TXS06,2020-03-04,30.4511,-98.7123,0.331646
TXS06,2020-03-07,30.4511,-98.7123,0.251443
TXS06,2020-03-10,30.4511,-98.7123,0.231746
TXS06,2020-03-12,30.4511,-98.7123,0.2128513
TXS06,2020-03-15,30.4511,-98.7123,0.1779745
TXS06,2020-03-18,30.4511,-98.7123,0.2515861
TXS06,2020-03-20,30.4511,-98.7123,0.3706317
TXS06,2020-03-23,30.4511,-98.7123,0.2975605
TXS06,2020-03-26,30.4511,-98.7123,0.22419
TXS06,2020-03-28,30.4511,-98.7123,0.2278776
TXS06,2020-03-31,30.4511,-98.7123,0.2024304
TXS06,2020-04-03,30.4511,-98.7123,0.2302887
TXS06,2020-04-05,30.4511,-98.7123,0.3101335
TXS06,2020-04-08,30.4511,-98.7123,0.2290178
TXS06,2020-04-11,30.4511,-98.7123,0.2387239
TXS06,2020-04-13,30.4511,-98.7123,0.2893494
TXS06,2020-04-16,30.4511,-98.7123,0.2236346
TXS06,2020-04-19,30.4511,-98.7123,0.1698088
TXS06,2020-04-21,30.4511,-98.7123,0.1742891
TXS06,2020-04-24,30.4511,-98.7123,0.1541828
TXS06,2020-04-27,30.4511,-98.7123,0.1199275
TXS06,2020-04-29,30.4511,-98.7123,0.1535341
TXS06,2020-05-02,30.4511,-98.7123,0.1173823
TXS06,2020-05-05,30.4511,-98.7123,0.1122698
TXS06,2020-05-07,30.4511,-98.7123,0.1206758
TXS06,2020-05-10,30.4511,-98.7123,0.116296
TXS06,2020-05-13,30.4511,-98.7123,0.2344154
TXS06,2020-05-15,30.4511,-98.7123,0.2106699
TXS06,2020-05-18,30.4511,-98.7123,0.2432044
TXS06,2020-05-21,30.4511,-98.7123,0.2203916
TXS06,2020-05-23,30.4511,-98.7123,0.1562578
TXS06,2020-05-29,30.4511,-98.7123,0.2940906
TXS06,2020-05-31,30.4511,-98.7123,0.2127497
TXS06,2020-06-06,30.4511,-98.7123,0.1674964
TXS06,2020-06-08,30.4511,-98.7123,0.1493653
TXS06,2020-06-11,30.4511,-98.7123,0.1449675
TXS06,2020-06-14,30.4511,-98.7123,0.1264183
TXS06,2020-06-16,30.4511,-98.7123,0.104177
TXS06,2020-06-19,30.4511,-98.7123,0.1133398
TXS06,2020-06-22,30.4511,-98.7123,0.1047572
TXS06,2020-06-24,30.4511,-98.7123,0.1896719
TXS06,2020-06-27,30.4511,-98.7123,0.1348807
TXS06,2020-06-30,30.4511,-98.7123,0.1362732
TXS06,2020-07-02,30.4511,-98.7123,0.133815
TXS06,2020-07-05,30.4511,-98.7123,0.1164816
TXS06,2020-07-08,30.4511,-98.7123,0.1443244
TXS06,2020-07-10,30.4511,-98.7123,0.1131722
TXS06,2020-07-11,30.4511,-98.7123,0.0977773
TXS06,2020-07-13,30.4511,-98.7123,0.1023304
TXS06,2020-07-16,30.4511,-98.7123,0.098662
TXS06,2020-07-18,30.4511,-98.7123,0.1069011
TXS06,2020-07-21,30.4511,-98.7123,0.1077204
TXS06,2020-07-24,30.4511,-98.7123,0.0952129
TXS06,2020-07-26,30.4511,-98.7123,0.1145769
TXS06,2020-07-29,30.4511,-98.7123,0.1550731
TXS06,2020-08-01,30.4511,-98.7123,0.1560843
TXS06,2020-08-03,30.4511,-98.7123,0.116979
TXS06,2020-08-06,30.4511,-98.7123,0.1189513
TXS06,2020-08-09,30.4511,-98.7123,0.0999142
TXS06,2020-08-11,30.4511,-98.7123,0.094875
TXS06,2020-08-14,30.4511,-98.7123,0.0919132
TXS06,2020-08-17,30.4511,-98.7123,0.1148927
TXS06,2020-08-19,30.4511,-98.7123,0.1116444
TXS06,2020-08-22,30.4511,-98.7123,0.1605849
TXS06,2020-08-25,30.4511,-98.7123,0.1285628
TXS06,2020-08-27,30.4511,-98.7123,0.1230412
TXS06,2020-08-30,30.4511,-98.7123,0.1041671
TXS06,2020-09-02,30.4511,-98.7123,0.1368057
TXS06,2020-09-04,30.4511,-98.7123,0.206218
TXS06,2020-09-07,30.4511,-98.7123,0.2348955
TXS06,2020-09-10,30.4511,-98.7123,0.3324441
TXS06,2020-09-12,30.4511,-98.7123,0.2809944
TXS06,2020-09-15,30.4511,-98.7123,0.2230038
TXS06,2020-09-18,30.4511,-98.7123,0.2412869
TXS06,2020-09-20,30.4511,-98.7123,0.1930916
TXS06,2020-09-23,30.4511,-98.7123,0.1875504
TXS06,2020-09-26,30.4511,-98.7123,0.1565561
TXS06,2020-09-28,30.4511,-98.7123,0.1659776
TXS06,2020-10-01,30.4511,-98.7123,0.1375823
TXS06,2020-10-04,30.4511,-98.7123,0.1194394
TXS06,2020-10-09,30.4511,-98.7123,0.1122917
TXS06,2020-10-12,30.4511,-98.7123,0.1152389
TXS06,2020-10-14,30.4511,-98.7123,0.1141908
TXS06,2020-10-17,30.4511,-98.7123,0.1157105
TXS06,2020-10-20,30.4511,-98.7123,0.1123425
TXS06,2020-10-22,30.4511,-98.7123,0.1163826
TXS06,2020-10-25,30.4511,-98.7123,0.1277132
TXS06,2020-10-28,30.4511,-98.7123,0.2497164
TXS06,2020-10-30,30.4511,-98.7123,0.1971436
TXS06,2020-11-02,30.4511,-98.7123,0.1604698
TXS06,2020-11-05,30.4511,-98.7123,0.1166762
TXS06,2020-11-07,30.4511,-98.7123,0.122952
TXS06,2020-11-10,30.4511,-98.7123,0.1098368
TXS06,2020-11-15,30.4511,-98.7123,0.1387153
TXS06,2020-11-18,30.4511,-98.7123,0.1184894
TXS06,2020-11-21,30.4511,-98.7123,0.1076325
TXS06,2020-11-23,30.4511,-98.7123,0.1210563
TXS06,2020-11-26,30.4511,-98.7123,0.1243539
TXS06,2020-11-29,30.4511,-98.7123,0.2476715
TXS06,2020-12-01,30.4511,-98.7123,0.2165166
TXS06,2020-12-04,30.4511,-98.7123,0.1853968
TXS06,2020-12-07,30.4511,-98.7123,0.1762025
TXS06,2020-12-09,30.4511,-98.7123,0.1662551
TXS06,2020-12-10,30.4511,-98.7123,0.1752176
TXS06,2020-12-12,30.4511,-98.7123,0.1573061
TXS06,2020-12-15,30.4511,-98.7123,0.1372837
TXS06,2020-12-17,30.4511,-98.7123,0.140404
TXS06,2020-12-18,30.4511,-98.7123,0.1396905
TXS06,2020-12-20,30.4511,-98.7123,0.2364473
TXS06,2020-12-23,30.4511,-98.7123,0.1702922
TXS06,2020-12-25,30.4511,-98.7123,0.1963599
TXS06,2020-12-28,30.4511,-98.7123,0.1333034
TXS06,2020-12-31,30.4511,-98.7123,0.3683213
TXS06,2021-01-02,30.4511,-98.7123,0.2393508
TXS06,2021-01-05,30.4511,-98.7123,0.2435411
TXS06,2021-01-08,30.4511,-98.7123,0.2269092
TXS06,2021-01-10,30.4511,-98.7123,0.3299238
TXS06,2021-01-13,30.4511,-98.7123,0.2441525
TXS06,2021-01-16,30.4511,-98.7123,0.2229269
TXS06,2021-01-18,30.4511,-98.7123,0.2154722
TXS06,2021-01-21,30.4511,-98.7123,0.2633409
TXS06,2021-01-24,30.4511,-98.7123,0.2353914
TXS06,2021-01-26,30.4511,-98.7123,0.2350898
TXS06,2021-01-29,30.4511,-98.7123,0.2121857
TXS06,2021-02-01,30.4511,-98.7123,0.1990179
TXS06,2021-02-03,30.4511,-98.7123,0.1592293
TXS06,2021-02-06,30.4511,-98.7123,0.164096
TXS06,2021-02-09,30.4511,-98.7123,0.1266413
TXS06,2021-02-11,30.4511,-98.7123,0.2299748
TXS06,2021-02-14,30.4511,-98.7123,0.2539352
TXS06,2021-02-22,30.4511,-98.7123,0.2551086
TXS06,2021-02-25,30.4511,-98.7123,0.2267773
TXS06,2021-02-27,30.4511,-98.7123,0.2143449
TXS06,2021-03-02,30.4511,-98.7123,0.2375393
TXS06,2021-03-05,30.4511,-98.7123,0.2070499
TXS06,2021-03-07,30.4511,-98.7123,0.2057791
TXS06,2021-03-08,30.4511,-98.7123,0.1917866
TXS06,2021-03-10,30.4511,-98.7123,0.1562628
TXS06,2021-03-13,30.4511,-98.7123,0.1368574
TXS06,2021-03-15,30.4511,-98.7123,0.1586927
TXS06,2021-03-16,30.4511,-98.7123,0.1407235
TXS06,2021-03-18,30.4511,-98.7123,0.1827518
TXS06,2021-03-21,30.4511,-98.7123,0.1241145
TXS06,2021-03-23,30.4511,-98.7123,0.2819865
TXS06,2021-03-24,30.4511,-98.7123,0.2139704
TXS06,2021-03-26,30.4511,-98.7123,0.2927091
TXS06,2021-03-29,30.4511,-98.7123,0.2120773
TXS06,2021-03-31,30.4511,-98.7123,0.1648819
TXS06,2021-04-03,30.4511,-98.7123,0.1743135
TXS06,2021-04-06,30.4511,-98.7123,0.1522526
TXS06,2021-04-08,30.4511,-98.7123,0.151235
TXS06,2021-04-11,30.4511,-98.7123,0.1341741
TXS06,2021-04-14,30.4511,-98.7123,0.1213938
TXS06,2021-04-16,30.4511,-98.7123,0.2710837
TXS06,2021-04-19,30.4511,-98.7123,0.1496577
TXS06,2021-04-22,30.4511,-98.7123,0.1247912
TXS06,2021-04-24,30.4511,-98.7123,0.1589099
TXS06,2021-04-27,30.4511,-98.7123,0.1130768
TXS06,2021-04-30,30.4511,-98.7123,0.3044452
TXS06,2021-05-02,30.4511,-98.7123,0.3614425
TXS06,2021-05-05,30.4511,-98.7123,0.2423597
TXS06,2021-05-08,30.4511,-98.7123,0.1670378
TXS06,2021-05-10,30.4511,-98.7123,0.2291664
TXS06,2021-05-13,30.4511,-98.7123,0.2248868
TXS06,2021-05-16,30.4511,-98.7123,0.1817662
TXS06,2021-05-18,30.4511,-98.7123,0.2230504
TXS06,2021-05-21,30.4511,-98.7123,0.2001853
TXS06,2021-05-24,30.4511,-98.7123,0.2664587
TXS06,2021-05-26,30.4511,-98.7123,0.2223701
TXS06,2021-05-29,30.4511,-98.7123,0.3213212
TXS06,2021-06-01,30.4511,-98.7123,0.3189747
TXS06,2021-06-03,30.4511,-98.7123,0.3345184
TXS06,2021-06-06,30.4511,-98.7123,0.2755609
TXS06,2021-06-09,30.4511,-98.7123,0.2300775
TXS06,2021-06-11,30.4511,-98.7123,0.2073876
TXS06,2021-06-14,30.4511,-98.7123,0.1522769
TXS06,2021-06-17,30.4511,-98.7123,0.1346749
TXS06,2021-06-19,30.4511,-98.7123,0.1198204
TXS06,2021-06-22,30.4511,-98.7123,0.2583029
TXS06,2021-06-25,30.4511,-98.7123,0.1565726
TXS06,2021-06-27,30.4511,-98.7123,0.1440353
TXS06,2021-06-30,30.4511,-98.7123,0.1655062
TXS06,2021-07-03,30.4511,-98.7123,0.125327
TXS06,2021-07-05,30.4511,-98.7123,0.2066801
TXS06,2021-07-08,30.4511,-98.7123,0.2277993
TXS06,2021-07-11,30.4511,-98.7123,0.2328215
TXS06,2021-07-13,30.4511,-98.7123,0.2228388
TXS06,2021-07-16,30.4511,-98.7123,0.1629433
TXS06,2021-07-19,30.4511,-98.7123,0.1216977
TXS06,2021-07-21,30.4511,-98.7123,0.1918619
TXS06,2021-07-24,30.4511,-98.7123,0.1534347
TXS06,2021-07-27,30.4511,-98.7123,0.1122325
TXS06,2021-07-29,30.4511,-98.7123,0.1217301
TXS06,2021-08-01,30.4511,-98.7123,0.1051723
TXS06,2021-08-04,30.4511,-98.7123,0.1689598
TXS06,2021-08-06,30.4511,-98.7123,0.1581749
TXS06,2021-08-09,30.4511,-98.7123,0.1074853
TXS06,2021-08-12,30.4511,-98.7123,0.0880953
TXS06,2021-08-14,30.4511,-98.7123,0.1030412
TXS06,2021-08-17,30.4511,-98.7123,0.1592585
TXS06,2021-08-20,30.4511,-98.7123,0.1422569
TXS06,2021-08-22,30.4511,-98.7123,0.1193575
TXS06,2021-08-25,30.4511,-98.7123,0.1075022
TXS06,2021-08-28,30.4511,-98.7123,0.120998
TXS06,2021-08-30,30.4511,-98.7123,0.1261184
TXS06,2021-08-31,30.4511,-98.7123,0.1506953
TXS06,2021-09-02,30.4511,-98.7123,0.1201179
TXS06,2021-09-05,30.4511,-98.7123,0.1111217
TXS06,2021-09-07,30.4511,-98.7123,0.1728052
TXS06,2021-09-08,30.4511,-98.7123,0.1373776
TXS06,2021-09-10,30.4511,-98.7123,0.1421266
TXS06,2021-09-13,30.4511,-98.7123,0.1003867
TXS06,2021-09-15,30.4511,-98.7123,0.1031001
TXS06,2021-09-16,30.4511,-98.7123,0.1070369
TXS06,2021-09-18,30.4511,-98.7123,0.1158801
TXS06,2021-09-21,30.4511,-98.7123,0.0895573
TXS06,2021-09-23,30.4511,-98.7123,0.1271904
TXS06,2021-09-26,30.4511,-98.7123,0.118366
TXS06,2021-09-29,30.4511,-98.7123,0.3065664
TXS06,2021-10-01,30.4511,-98.7123,0.3492851
TXS06,2021-10-04,30.4511,-98.7123,0.2358892
TXS06,2021-10-07,30.4511,-98.7123,0.2014875
TXS06,2021-10-09,30.4511,-98.7123,0.1672092
TXS06,2021-10-12,30.4511,-98.7123,0.1943403
TXS06,2021-10-15,30.4511,-98.7123,0.2560904
TXS06,2021-10-17,30.4511,-98.7123,0.2414631
TXS06,2021-10-20,30.4511,-98.7123,0.1863628
TXS06,2021-10-23,30.4511,-98.7123,0.1788053
TXS06,2021-10-25,30.4511,-98.7123,0.1580309
TXS06,2021-10-28,30.4511,-98.7123,0.2718761
TXS06,2021-10-31,30.4511,-98.7123,0.1891558
TXS06,2021-11-02,30.4511,-98.7123,0.1580359
TXS06,2021-11-05,30.4511,-98.7123,0.2694601
TXS06,2021-11-08,30.4511,-98.7123,0.231449
TXS06,2021-11-10,30.4511,-98.7123,0.2070253
TXS06,2021-11-13,30.4511,-98.7123,0.2089995
TXS06,2021-11-16,30.4511,-98.7123,0.1629926
TXS06,2021-11-18,30.4511,-98.7123,0.1867958
TXS06,2021-11-21,30.4511,-98.7123,0.1358443
TXS06,2021-11-24,30.4511,-98.7123,0.1344692
TXS06,2021-11-26,30.4511,-98.7123,0.1607089
TXS06,2021-11-29,30.4511,-98.7123,0.2153578
TXS06,2021-12-02,30.4511,-98.7123,0.1797326
TXS06,2021-12-04,30.4511,-98.7123,0.1694353
TXS06,2021-12-07,30.4511,-98.7123,0.1673747
TXS06,2021-12-10,30.4511,-98.7123,0.1373432
TXS06,2021-12-12,30.4511,-98.7123,0.202942
TXS06,2021-12-15,30.4511,-98.7123,0.134712
TXS06,2021-12-18,30.4511,-98.7123,0.1829225
TXS06,2021-12-20,30.4511,-98.7123,0.1855764
TXS06,2021-12-23,30.4511,-98.7123,0.1549697
TXS06,2021-12-26,30.4511,-98.7123,0.1366346
TXS06,2021-12-28,30.4511,-98.7123,0.1521854
TXS06,2021-12-31,30.4511,-98.7123,0.1240071
TXS06,2022-01-03,30.4511,-98.7123,0.122294
TXS06,2022-01-05,30.4511,-98.7123,0.1217386
TXS06,2022-01-06,30.4511,-98.7123,0.1249086
TXS06,2022-01-08,30.4511,-98.7123,0.0949012
TXS06,2022-01-11,30.4511,-98.7123,0.1233333
TXS06,2022-01-13,30.4511,-98.7123,0.1811023
TXS06,2022-01-14,30.4511,-98.7123,0.1828527
TXS06,2022-01-16,30.4511,-98.7123,0.1554452
TXS06,2022-01-19,30.4511,-98.7123,0.1370136
TXS06,2022-01-21,30.4511,-98.7123,0.1258017
TXS06,2022-01-24,30.4511,-98.7123,0.1249231
TXS06,2022-01-27,30.4511,-98.7123,0.1482934
TXS06,2022-02-01,30.4511,-98.7123,0.2066155
TXS06,2022-02-04,30.4511,-98.7123,0.1667247
TXS06,2022-02-09,30.4511,-98.7123,0.2178092
TXS06,2022-02-12,30.4511,-98.7123,0.2061884
TXS06,2022-02-14,30.4511,-98.7123,0.1923716
TXS06,2022-02-17,30.4511,-98.7123,0.1511743
TXS06,2022-02-20,30.4511,-98.7123,0.1492508
TXS06,2022-02-25,30.4511,-98.7123,0.1178561
TXS06,2022-02-28,30.4511,-98.7123,0.1521288
TXS06,2022-03-02,30.4511,-98.7123,0.1363119
TXS06,2022-03-05,30.4511,-98.7123,0.1212135
TXS06,2022-03-08,30.4511,-98.7123,0.120922
TXS06,2022-03-10,30.4511,-98.7123,0.1210734
TXS06,2022-03-16,30.4511,-98.7123,0.1022844
TXS06,2022-03-18,30.4511,-98.7123,0.1254091
TXS06,2022-03-21,30.4511,-98.7123,0.1003119
TXS06,2022-03-24,30.4511,-98.7123,0.1172047
TXS06,2022-03-26,30.4511,-98.7123,0.1214465
TXS06,2022-03-29,30.4511,-98.7123,0.1054788
TXS06,2022-04-01,30.4511,-98.7123,0.1416128
TXS06,2022-04-03,30.4511,-98.7123,0.1331517
TXS06,2022-04-06,30.4511,-98.7123,0.1162487
TXS06,2022-04-09,30.4511,-98.7123,0.0928868
TXS06,2022-04-11,30.4511,-98.7123,0.0984517
TXS06,2022-04-14,30.4511,-98.7123,0.1143969
TXS06,2022-04-17,30.4511,-98.7123,0.1096114
TXS06,2022-04-19,30.4511,-98.7123,0.1577052
TXS06,2022-04-22,30.4511,-98.7123,0.1325198
TXS06,2022-04-25,30.4511,-98.7123,0.1384527
TXS06,2022-04-27,30.4511,-98.7123,0.1854336
TXS06,2022-04-30,30.4511,-98.7123,0.1414758
TXS06,2022-05-03,30.4511,-98.7123,0.1199952
TXS06,2022-05-05,30.4511,-98.7123,0.1251933
TXS06,2022-05-08,30.4511,-98.7123,0.1571063
TXS06,2022-05-11,30.4511,-98.7123,0.1111484
TXS06,2022-05-13,30.4511,-98.7123,0.1054058
TXS06,2022-05-16,30.4511,-98.7123,0.1046854
TXS06,2022-05-19,30.4511,-98.7123,0.0977075
TXS06,2022-05-21,30.4511,-98.7123,0.1049681
TXS06,2022-05-24,30.4511,-98.7123,0.0959322
TXS06,2022-05-27,30.4511,-98.7123,0.1853024
TXS06,2022-05-29,30.4511,-98.7123,0.1527036
TXS06,2022-05-30,30.4511,-98.7123,0.1345948
TXS06,2022-06-01,30.4511,-98.7123,0.1206806
TXS06,2022-06-04,30.4511,-98.7123,0.3376867
TXS06,2022-06-06,30.4511,-98.7123,0.1714776
TXS06,2022-06-09,30.4511,-98.7123,0.1181716
TXS06,2022-06-12,30.4511,-98.7123,0.0944003
TXS06,2022-06-14,30.4511,-98.7123,0.1048601
TXS06,2022-06-17,30.4511,-98.7123,0.0995669
TXS06,2022-06-20,30.4511,-98.7123,0.0998507
TXS06,2022-06-22,30.4511,-98.7123,0.0974141
TXS06,2022-06-25,30.4511,-98.7123,0.1056024
TXS06,2022-06-28,30.4511,-98.7123,0.253283
TXS06,2022-06-30,30.4511,-98.7123,0.1544472
TXS06,2022-07-03,30.4511,-98.7123,0.1233226
TXS06,2022-07-06,30.4511,-98.7123,0.0968618
TXS06,2022-07-08,30.4511,-98.7123,0.1065732
TXS06,2022-07-11,30.4511,-98.7123,0.1188949
TXS06,2022-07-14,30.4511,-98.7123,0.1359266
TXS06,2022-07-16,30.4511,-98.7123,0.2114406
TXS06,2022-07-19,30.4511,-98.7123,0.1364485
TXS06,2022-07-22,30.4511,-98.7123,0.1013537
TXS06,2022-07-24,30.4511,-98.7123,0.0999255
TXS06,2022-07-27,30.4511,-98.7123,0.1059891
TXS06,2022-07-30,30.4511,-98.7123,0.0988204
TXS06,2022-08-01,30.4511,-98.7123,0.1062404
TXS06,2022-08-04,30.4511,-98.7123,0.1013926
TXS06,2022-09-24,30.4511,-98.7123,0.1168272
TXS06,2022-09-27,30.4511,-98.7123,0.136025
TXS06,2022-09-29,30.4511,-98.7123,0.1156116
TXS06,2022-10-02,30.4511,-98.7123,0.110465
TXS06,2022-10-05,30.4511,-98.7123,0.1034221
TXS06,2022-10-07,30.4511,-98.7123,0.1002118
TXS06,2022-10-10,30.4511,-98.7123,0.1034067
TXS06,2022-10-13,30.4511,-98.7123,0.1013972
TXS06,2022-10-15,30.4511,-98.7123,0.1063332
TXS06,2022-10-18,30.4511,-98.7123,0.1827278
TXS06,2022-10-21,30.4511,-98.7123,0.127554
TXS06,2022-10-23,30.4511,-98.7123,0.1113403
TXS06,2022-10-26,30.4511,-98.7123,0.1780778
TXS06,2022-10-29,30.4511,-98.7123,0.2445659
TXS06,2022-10-31,30.4511,-98.7123,0.2135802
TXS06,2022-11-03,30.4511,-98.7123,0.1584923
TXS06,2022-11-06,30.4511,-98.7123,0.1472819
TXS06,2022-11-08,30.4511,-98.7123,0.191256
TXS06,2022-11-11,30.4511,-98.7123,0.16639
TXS06,2022-11-14,30.4511,-98.7123,0.2267321
TXS06,2022-11-19,30.4511,-98.7123,0.1829696
TXS06,2022-11-22,30.4511,-98.7123,0.2269572
TXS06,2022-11-24,30.4511,-98.7123,0.2639277
TXS06,2022-11-27,30.4511,-98.7123,0.2797406
TXS06,2022-11-30,30.4511,-98.7123,0.2704006
TXS06,2022-12-02,30.4511,-98.7123,0.2392965
TXS06,2022-12-05,30.4511,-98.7123,0.2107335
TXS06,2022-12-08,30.4511,-98.7123,0.2126987
TXS06,2022-12-10,30.4511,-98.7123,0.2149597
TXS06,2022-12-13,30.4511,-98.7123,0.2189882
TXS06,2022-12-16,30.4511,-98.7123,0.1949266
TXS06,2022-12-18,30.4511,-98.7123,0.2008331
TXS06,2022-12-21,30.4511,-98.7123,0.2341538
TXS06,2022-12-24,30.4511,-98.7123,0.1714642
TXS06,2022-12-26,30.4511,-98.7123,0.1776815
TXS06,2022-12-29,30.4511,-98.7123,0.1701881
TXS06,2023-01-01,30.4511,-98.7123,0.1879667
TXS06,2023-01-03,30.4511,-98.7123,0.1909681
TXS06,2023-01-06,30.4511,-98.7123,0.1517629
TXS06,2023-01-09,30.4511,-98.7123,0.1477327
TXS06,2023-01-11,30.4511,-98.7123,0.1456442
TXS06,2023-01-14,30.4511,-98.7123,0.1360263
TXS06,2023-01-17,30.4511,-98.7123,0.1328144
TXS06,2023-01-19,30.4511,-98.7123,0.143308
TXS06,2023-01-22,30.4511,-98.7123,0.1329075
TXS06,2023-01-25,30.4511,-98.7123,0.2613911
TXS06,2023-01-27,30.4511,-98.7123,0.2233833
TXS06,2023-01-30,30.4511,-98.7123,0.224567
TXS06,2023-02-02,30.4511,-98.7123,0.2736936
TXS06,2023-02-04,30.4511,-98.7123,0.2108653
TXS06,2023-02-07,30.4511,-98.7123,0.2138934
TXS06,2023-02-10,30.4511,-98.7123,0.2413695
TXS06,2023-02-12,30.4511,-98.7123,0.2303066
TXS06,2023-02-15,30.4511,-98.7123,0.1976516
TXS06,2023-02-18,30.4511,-98.7123,0.1815711
TXS06,2023-02-20,30.4511,-98.7123,0.1613612
TXS06,2023-02-23,30.4511,-98.7123,0.1687114
TXS06,2023-02-26,30.4511,-98.7123,0.1212541
TXS06,2023-02-28,30.4511,-98.7123,0.139479
TXS06,2023-03-03,30.4511,-98.7123,0.2707689
TXS06,2023-03-06,30.4511,-98.7123,0.1655305
TXS06,2023-03-08,30.4511,-98.7123,0.1656791
TXS06,2023-03-11,30.4511,-98.7123,0.1409793
TXS06,2023-03-14,30.4511,-98.7123,0.1172704
TXS06,2023-03-16,30.4511,-98.7123,0.0974611
TXS06,2023-03-19,30.4511,-98.7123,0.1357508
TXS06,2023-03-22,30.4511,-98.7123,0.1104788
TXS06,2023-03-24,30.4511,-98.7123,0.137384
TXS06,2023-03-27,30.4511,-98.7123,0.1110808
TXS06,2023-03-30,30.4511,-98.7123,0.1058496
TXS06,2023-04-01,30.4511,-98.7123,0.1245163
TXS06,2023-04-04,30.4511,-98.7123,0.0989409
TXS06,2023-04-07,30.4511,-98.7123,0.2502148
TXS06,2023-04-09,30.4511,-98.7123,0.2686588
TXS06,2023-04-12,30.4511,-98.7123,0.1898458
TXS06,2023-04-15,30.4511,-98.7123,0.1526487
TXS06,2023-04-17,30.4511,-98.7123,0.1229931
TXS06,2023-04-20,30.4511,-98.7123,0.1175776
TXS06,2023-04-23,30.4511,-98.7123,0.2510076
TXS06,2023-04-25,30.4511,-98.7123,0.1972854
TXS06,2023-04-28,30.4511,-98.7123,0.1821193
TXS06,2023-05-01,30.4511,-98.7123,0.1511571
TXS06,2023-05-06,30.4511,-98.7123,0.1727747
TXS06,2023-05-09,30.4511,-98.7123,0.2713397
TXS06,2023-05-11,30.4511,-98.7123,0.2224122
TXS06,2023-05-14,30.4511,-98.7123,0.3142032
TXS06,2023-05-17,30.4511,-98.7123,0.2638662
TXS06,2023-05-19,30.4511,-98.7123,0.2060855
TXS06,2023-05-22,30.4511,-98.7123,0.2858664
TXS06,2023-05-25,30.4511,-98.7123,0.3031885
TXS06,2023-05-27,30.4511,-98.7123,0.234892
TXS06,2023-05-30,30.4511,-98.7123,0.2365853
TXS06,2023-06-02,30.4511,-98.7123,0.1556337
TXS06,2023-06-04,30.4511,-98.7123,0.2738682
TXS06,2023-06-07,30.4511,-98.7123,0.1769989
TXS06,2023-06-10,30.4511,-98.7123,0.2380725
TXS06,2023-06-12,30.4511,-98.7123,0.1783561
TXS06,2023-06-18,30.4511,-98.7123,0.1551338
TXS06,2023-06-20,30.4511,-98.7123,0.1406821
TXS06,2023-06-23,30.4511,-98.7123,0.2228729
TXS06,2023-06-26,30.4511,-98.7123,0.1191184
TXS06,2023-06-28,30.4511,-98.7123,0.1100679
TXS06,2023-07-04,30.4511,-98.7123,0.1131003
TXS06,2023-07-06,30.4511,-98.7123,0.1120913
TXS06,2023-07-09,30.4511,-98.7123,0.1031505
TXS06,2023-07-12,30.4511,-98.7123,0.0924309
TXS06,2023-07-14,30.4511,-98.7123,0.1050924
TXS06,2023-07-20,30.4511,-98.7123,0.1051807
TXS06,2023-07-22,30.4511,-98.7123,0.1008548
TXS06,2023-07-25,30.4511,-98.7123,0.1044336
TXS06,2023-07-28,30.4511,-98.7123,0.0886797
TXS06,2023-07-30,30.4511,-98.7123,0.0967974
TXS06,2023-08-02,30.4511,-98.7123,0.0991969
TXS06,2023-08-05,30.4511,-98.7123,0.0885327
TXS06,2023-08-07,30.4511,-98.7123,0.0936326
TXS06,2023-08-10,30.4511,-98.7123,0.0965793
TXS06,2023-08-13,30.4511,-98.7123,0.0886596
TXS06,2023-08-15,30.4511,-98.7123,0.0999748
TXS06,2023-08-18,30.4511,-98.7123,0.1031254
TXS06,2023-08-21,30.4511,-98.7123,0.0989592
TXS06,2023-08-23,30.4511,-98.7123,0.1158505
TXS06,2023-08-26,30.4511,-98.7123,0.1145059
TXS06,2023-08-29,30.4511,-98.7123,0.1282056
TXS06,2023-08-31,30.4511,-98.7123,0.1160739
TXS06,2023-09-03,30.4511,-98.7123,0.1070004
TXS06,2023-09-06,30.4511,-98.7123,0.0973368
TXS06,2023-09-08,30.4511,-98.7123,0.1088556
TXS06,2023-09-11,30.4511,-98.7123,0.1667531
TXS06,2023-09-14,30.4511,-98.7123,0.2813603
TXS06,2023-09-16,30.4511,-98.7123,0.2821317
TXS06,2023-09-19,30.4511,-98.7123,0.2042963
TXS06,2023-09-22,30.4511,-98.7123,0.1610601
TXS06,2023-09-24,30.4511,-98.7123,0.1444875
TXS06,2023-09-27,30.4511,-98.7123,0.2025041
TXS06,2023-09-30,30.4511,-98.7123,0.1697957
TXS06,2023-10-02,30.4511,-98.7123,0.1678229
TXS06,2023-10-05,30.4511,-98.7123,0.3711846
TXS06,2023-10-08,30.4511,-98.7123,0.2646119
TXS06,2023-10-10,30.4511,-98.7123,0.2018958
TXS06,2023-10-13,30.4511,-98.7123,0.1497269
TXS06,2023-10-16,30.4511,-98.7123,0.1449983
TXS06,2023-10-18,30.4511,-98.7123,0.1392384
TXS06,2023-10-19,30.4511,-98.7123,0.1227931
TXS06,2023-10-21,30.4511,-98.7123,0.1268736
TXS06,2023-10-24,30.4511,-98.7123,0.1608104
TXS06,2023-10-26,30.4511,-98.7123,0.3787793
TXS06,2023-10-29,30.4511,-98.7123,0.2943887
TXS06,2023-11-01,30.4511,-98.7123,0.2833819
TXS06,2023-11-03,30.4511,-98.7123,0.2370619
TXS06,2023-11-06,30.4511,-98.7123,0.2282602
TXS06,2023-11-09,30.4511,-98.7123,0.1753602
TXS06,2023-11-11,30.4511,-98.7123,0.2946479
TXS06,2023-11-14,30.4511,-98.7123,0.3401875
TXS06,2023-11-17,30.4511,-98.7123,0.247566
TXS06,2023-11-19,30.4511,-98.7123,0.2605485
TXS06,2023-11-20,30.4511,-98.7123,0.2622766
TXS06,2023-11-22,30.4511,-98.7123,0.2556272
TXS06,2023-11-25,30.4511,-98.7123,0.2103085
TXS06,2023-11-27,30.4511,-98.7123,0.2235951
TXS06,2023-11-30,30.4511,-98.7123,0.2040572
TXS06,2023-12-03,30.4511,-98.7123,0.2235156
TXS06,2023-12-05,30.4511,-98.7123,0.1976903
TXS06,2023-12-08,30.4511,-98.7123,0.1574106
TXS06,2023-12-11,30.4511,-98.7123,0.1609506
TXS06,2023-12-13,30.4511,-98.7123,0.1406574
TXS06,2023-12-16,30.4511,-98.7123,0.2566703
TXS06,2023-12-19,30.4511,-98.7123,0.222108
TXS06,2023-12-21,30.4511,-98.7123,0.194918
TXS06,2023-12-24,30.4511,-98.7123,0.3496388
TXS06,2023-12-27,30.4511,-98.7123,0.2651579
TXS06,2023-12-29,30.4511,-98.7123,0.2393238
