ID,Latitude,Longitude,Date,DAYMET_Region,DAYMET_004_Line_Y_1000,DAYMET_004_Sample_X_1000,DAYMET_004_prcp,DAYMET_004_tmax,DAYMET_004_tmin
TXS01,30.42047,-98.80332,2024-01-01,na,6272.0,4673.0,0.0,13.54,0.5
TXS01,30.42047,-98.80332,2024-01-02,na,6272.0,4673.0,16.2199993,9.1400003,1.17
TXS01,30.42047,-98.80332,2024-01-03,na,6272.0,4673.0,0.0,9.0799999,3.71
TXS01,30.42047,-98.80332,2024-01-04,na,6272.0,4673.0,8.29,10.1300001,4.6500001
TXS01,30.42047,-98.80332,2024-01-05,na,6272.0,4673.0,0.0,15.3100004,4.04
TXS01,30.42047,-98.80332,2024-01-06,na,6272.0,4673.0,0.0,16.6900005,-0.25
TXS01,30.42047,-98.80332,2024-01-07,na,6272.0,4673.0,4.8299999,16.5300007,-1.58
TXS01,30.42047,-98.80332,2024-01-08,na,6272.0,4673.0,10.8599997,16.4699993,3.21
TXS01,30.42047,-98.80332,2024-01-09,na,6272.0,4673.0,0.0,12.6300001,-0.09
TXS01,30.42047,-98.80332,2024-01-10,na,6272.0,4673.0,0.0,18.0599995,-1.37
TXS01,30.42047,-98.80332,2024-01-11,na,6272.0,4673.0,0.0,21.3700008,0.21
TXS01,30.42047,-98.80332,2024-01-12,na,6272.0,4673.0,0.0,14.71,0.07
TXS01,30.42047,-98.80332,2024-01-13,na,6272.0,4673.0,0.0,13.6899996,-3.03
TXS01,30.42047,-98.80332,2024-01-14,na,6272.0,4673.0,0.0,0.01,-9.3599997
TXS01,30.42047,-98.80332,2024-01-15,na,6272.0,4673.0,0.0,-5.6599998,-10.9799995
TXS01,30.42047,-98.80332,2024-01-16,na,6272.0,4673.0,0.0,-0.88,-11.1999998
TXS01,30.42047,-98.80332,2024-01-17,na,6272.0,4673.0,0.0,8.3299999,-11.5500002
TXS01,30.42047,-98.80332,2024-01-18,na,6272.0,4673.0,0.0,20.4300003,-4.1900001
TXS01,30.42047,-98.80332,2024-01-19,na,6272.0,4673.0,0.0,7.77,-4.0500002
TXS01,30.42047,-98.80332,2024-01-20,na,6272.0,4673.0,0.0,4.8200002,-6.3200002
TXS01,30.42047,-98.80332,2024-01-21,na,6272.0,4673.0,8.1000004,6.5500002,-1.92
TXS01,30.42047,-98.80332,2024-01-22,na,6272.0,4673.0,4.1999998,16.3799992,0.65
TXS01,30.42047,-98.80332,2024-01-23,na,6272.0,4673.0,0.58,16.4200001,9.1300001
TXS01,30.42047,-98.80332,2024-01-24,na,6272.0,4673.0,4.1999998,13.7200003,9.71
TXS01,30.42047,-98.80332,2024-01-25,na,6272.0,4673.0,0.0,18.8799992,6.79
TXS01,30.42047,-98.80332,2024-01-26,na,6272.0,4673.0,0.0,19.0200005,8.1300001
TXS01,30.42047,-98.80332,2024-01-27,na,6272.0,4673.0,0.0,16.2999992,6.1799998
TXS01,30.42047,-98.80332,2024-01-28,na,6272.0,4673.0,0.0,18.0,1.39
TXS01,30.42047,-98.80332,2024-01-29,na,6272.0,4673.0,0.0,19.9799995,1.67
TXS01,30.42047,-98.80332,2024-01-30,na,6272.0,4673.0,0.0,21.1900005,3.28
TXS01,30.42047,-98.80332,2024-01-31,na,6272.0,4673.0,0.0,22.0699997,2.74
TXS01,30.42047,-98.80332,2024-02-01,na,6272.0,4673.0,0.0,20.4799995,5.5
TXS01,30.42047,-98.80332,2024-02-02,na,6272.0,4673.0,7.2199998,18.0200005,11.0799999
TXS01,30.42047,-98.80332,2024-02-03,na,6272.0,4673.0,0.0,19.4599991,8.6199999
TXS01,30.42047,-98.80332,2024-02-04,na,6272.0,4673.0,0.0,18.0400009,8.1700001
TXS01,30.42047,-98.80332,2024-02-05,na,6272.0,4673.0,0.0,16.7299995,7.1900001
TXS01,30.42047,-98.80332,2024-02-06,na,6272.0,4673.0,0.0,18.6900005,2.04
TXS01,30.42047,-98.80332,2024-02-07,na,6272.0,4673.0,0.0,18.7999992,5.6300001
TXS01,30.42047,-98.80332,2024-02-08,na,6272.0,4673.0,0.0,19.7700005,9.3000002
TXS01,30.42047,-98.80332,2024-02-09,na,6272.0,4673.0,18.0499992,21.9400005,11.1400003
TXS01,30.42047,-98.80332,2024-02-10,na,6272.0,4673.0,14.5,16.8400002,12.4200001
TXS01,30.42047,-98.80332,2024-02-11,na,6272.0,4673.0,0.0,14.0900002,5.9299998
TXS01,30.42047,-98.80332,2024-02-12,na,6272.0,4673.0,0.0,13.9099998,2.2
TXS01,30.42047,-98.80332,2024-02-13,na,6272.0,4673.0,0.0,18.1000004,0.02
TXS01,30.42047,-98.80332,2024-02-14,na,6272.0,4673.0,0.0,17.0599995,2.9200001
TXS01,30.42047,-98.80332,2024-02-15,na,6272.0,4673.0,0.0,19.2999992,8.5799999
TXS01,30.42047,-98.80332,2024-02-16,na,6272.0,4673.0,0.0,20.8899994,7.71
TXS01,30.42047,-98.80332,2024-02-17,na,6272.0,4673.0,0.0,8.0100002,0.36
TXS01,30.42047,-98.80332,2024-02-18,na,6272.0,4673.0,0.0,12.3400002,-3.24
TXS01,30.42047,-98.80332,2024-02-19,na,6272.0,4673.0,0.0,20.3999996,-0.7
TXS01,30.42047,-98.80332,2024-02-20,na,6272.0,4673.0,0.0,25.8799992,3.21
TXS01,30.42047,-98.80332,2024-02-21,na,6272.0,4673.0,0.0,25.7000008,7.9699998
TXS01,30.42047,-98.80332,2024-02-22,na,6272.0,4673.0,0.0,27.1299992,12.1700001
TXS01,30.42047,-98.80332,2024-02-23,na,6272.0,4673.0,0.0,22.4200001,8.7299995
TXS01,30.42047,-98.80332,2024-02-24,na,6272.0,4673.0,0.0,24.2099991,5.02
TXS01,30.42047,-98.80332,2024-02-25,na,6272.0,4673.0,0.0,29.3700008,10.1300001
TXS01,30.42047,-98.80332,2024-02-26,na,6272.0,4673.0,0.0,32.2900009,10.9300003
TXS01,30.42047,-98.80332,2024-02-27,na,6272.0,4673.0,0.0,28.1000004,14.8999996
TXS01,30.42047,-98.80332,2024-02-28,na,6272.0,4673.0,0.0,19.0100002,6.3899999
TXS01,30.42047,-98.80332,2024-02-29,na,6272.0,4673.0,0.0,9.0299997,2.47
TXS01,30.42047,-98.80332,2024-03-01,na,6272.0,4673.0,0.0,25.5400009,-0.28
TXS01,30.42047,-98.80332,2024-03-02,na,6272.0,4673.0,0.0,27.9500008,5.1900001
TXS01,30.42047,-98.80332,2024-03-03,na,6272.0,4673.0,0.0,25.3899994,11.0
TXS01,30.42047,-98.80332,2024-03-04,na,6272.0,4673.0,0.0,25.6599998,13.2700005
TXS01,30.42047,-98.80332,2024-03-05,na,6272.0,4673.0,0.0,28.5400009,11.3199997
TXS01,30.42047,-98.80332,2024-03-06,na,6272.0,4673.0,0.0,28.0300007,9.2299995
TXS01,30.42047,-98.80332,2024-03-07,na,6272.0,4673.0,4.1300001,21.5900002,14.3800001
TXS01,30.42047,-98.80332,2024-03-08,na,6272.0,4673.0,0.0,24.0200005,9.3800001
TXS01,30.42047,-98.80332,2024-03-09,na,6272.0,4673.0,0.0,15.54,4.8499999
TXS01,30.42047,-98.80332,2024-03-10,na,6272.0,4673.0,0.0,17.6599998,2.6400001
TXS01,30.42047,-98.80332,2024-03-11,na,6272.0,4673.0,0.0,21.3400002,6.1300001
TXS01,30.42047,-98.80332,2024-03-12,na,6272.0,4673.0,0.0,23.3199997,10.1599998
TXS01,30.42047,-98.80332,2024-03-13,na,6272.0,4673.0,0.0,27.6599998,14.54
TXS01,30.42047,-98.80332,2024-03-14,na,6272.0,4673.0,0.0,26.0100002,17.5300007
TXS01,30.42047,-98.80332,2024-03-15,na,6272.0,4673.0,1.3200001,20.7900009,16.3600006
TXS01,30.42047,-98.80332,2024-03-16,na,6272.0,4673.0,4.6100001,19.75,13.1300001
TXS01,30.42047,-98.80332,2024-03-17,na,6272.0,4673.0,7.8299999,16.1399994,12.29
TXS01,30.42047,-98.80332,2024-03-18,na,6272.0,4673.0,0.0,16.7900009,8.6899996
TXS01,30.42047,-98.80332,2024-03-19,na,6272.0,4673.0,0.0,17.9400005,6.52
TXS01,30.42047,-98.80332,2024-03-20,na,6272.0,4673.0,0.0,18.8799992,5.8499999
TXS01,30.42047,-98.80332,2024-03-21,na,6272.0,4673.0,12.7200003,19.5799999,8.9799995
TXS01,30.42047,-98.80332,2024-03-22,na,6272.0,4673.0,0.0,23.4500008,9.0699997
TXS01,30.42047,-98.80332,2024-03-23,na,6272.0,4673.0,0.0,21.8899994,7.8600001
TXS01,30.42047,-98.80332,2024-03-24,na,6272.0,4673.0,6.1199999,20.75,10.79
TXS01,30.42047,-98.80332,2024-03-25,na,6272.0,4673.0,0.0,22.1800003,10.6599998
TXS01,30.42047,-98.80332,2024-03-26,na,6272.0,4673.0,0.0,19.4899998,3.75
TXS01,30.42047,-98.80332,2024-03-27,na,6272.0,4673.0,0.74,19.8899994,5.1700001
TXS01,30.42047,-98.80332,2024-03-28,na,6272.0,4673.0,0.0,23.6499996,4.4400001
TXS01,30.42047,-98.80332,2024-03-29,na,6272.0,4673.0,0.0,24.0400009,9.9300003
TXS01,30.42047,-98.80332,2024-03-30,na,6272.0,4673.0,0.0,22.0400009,14.4899998
TXS01,30.42047,-98.80332,2024-03-31,na,6272.0,4673.0,0.0,23.7999992,16.7399998
TXS01,30.42047,-98.80332,2024-04-01,na,6272.0,4673.0,0.81,27.2800007,16.7000008
TXS01,30.42047,-98.80332,2024-04-02,na,6272.0,4673.0,0.0,20.6399994,10.0299997
TXS01,30.42047,-98.80332,2024-04-03,na,6272.0,4673.0,0.0,24.8199997,4.7199998
TXS01,30.42047,-98.80332,2024-04-04,na,6272.0,4673.0,0.0,28.6499996,5.6300001
TXS01,30.42047,-98.80332,2024-04-05,na,6272.0,4673.0,0.0,28.2099991,9.4099998
TXS01,30.42047,-98.80332,2024-04-06,na,6272.0,4673.0,0.0,26.0,12.8800001
TXS01,30.42047,-98.80332,2024-04-07,na,6272.0,4673.0,0.0,26.4500008,13.1899996
TXS01,30.42047,-98.80332,2024-04-08,na,6272.0,4673.0,0.0,25.4099998,12.0900002
TXS01,30.42047,-98.80332,2024-04-09,na,6272.0,4673.0,11.8000002,29.0799999,16.2700005
TXS01,30.42047,-98.80332,2024-04-10,na,6272.0,4673.0,0.0,21.2299995,10.21
TXS01,30.42047,-98.80332,2024-04-11,na,6272.0,4673.0,0.0,24.9300003,8.1499996
TXS01,30.42047,-98.80332,2024-04-12,na,6272.0,4673.0,0.0,27.0699997,8.9300003
TXS01,30.42047,-98.80332,2024-04-13,na,6272.0,4673.0,0.0,27.1800003,11.6999998
TXS01,30.42047,-98.80332,2024-04-14,na,6272.0,4673.0,0.0,28.7000008,16.0499992
TXS01,30.42047,-98.80332,2024-04-15,na,6272.0,4673.0,0.92,27.9699993,18.2900009
TXS01,30.42047,-98.80332,2024-04-16,na,6272.0,4673.0,0.0,29.2999992,19.1399994
TXS01,30.42047,-98.80332,2024-04-17,na,6272.0,4673.0,0.0,29.1800003,20.2600002
TXS01,30.42047,-98.80332,2024-04-18,na,6272.0,4673.0,0.0,29.4099998,20.2600002
TXS01,30.42047,-98.80332,2024-04-19,na,6272.0,4673.0,0.56,22.1200008,16.4899998
TXS01,30.42047,-98.80332,2024-04-20,na,6272.0,4673.0,20.5,18.4699993,12.96
TXS01,30.42047,-98.80332,2024-04-21,na,6272.0,4673.0,0.0,18.5699997,8.4300003
TXS01,30.42047,-98.80332,2024-04-22,na,6272.0,4673.0,0.0,21.7999992,6.73
TXS01,30.42047,-98.80332,2024-04-23,na,6272.0,4673.0,0.0,24.0599995,10.6300001
TXS01,30.42047,-98.80332,2024-04-24,na,6272.0,4673.0,0.0,27.0400009,16.5499992
TXS01,30.42047,-98.80332,2024-04-25,na,6272.0,4673.0,0.0,26.0400009,18.6599998
TXS01,30.42047,-98.80332,2024-04-26,na,6272.0,4673.0,4.4499998,27.6399994,20.3099995
TXS01,30.42047,-98.80332,2024-04-27,na,6272.0,4673.0,17.5699997,27.5599995,21.0200005
TXS01,30.42047,-98.80332,2024-04-28,na,6272.0,4673.0,0.0,28.8400002,16.3799992
TXS01,30.42047,-98.80332,2024-04-29,na,6272.0,4673.0,0.0,30.3600006,14.8199997
TXS01,30.42047,-98.80332,2024-04-30,na,6272.0,4673.0,0.0,29.5599995,17.4099998
TXS01,30.42047,-98.80332,2024-05-01,na,6272.0,4673.0,28.2000008,26.3199997,19.1200008
TXS01,30.42047,-98.80332,2024-05-02,na,6272.0,4673.0,6.6399999,26.0900002,19.6399994
TXS01,30.42047,-98.80332,2024-05-03,na,6272.0,4673.0,5.5500002,26.1599998,19.9799995
TXS01,30.42047,-98.80332,2024-05-04,na,6272.0,4673.0,24.1100006,23.8199997,20.1399994
TXS01,30.42047,-98.80332,2024-05-05,na,6272.0,4673.0,2.5999999,23.7099991,15.71
TXS01,30.42047,-98.80332,2024-05-06,na,6272.0,4673.0,0.0,28.0599995,18.5799999
TXS01,30.42047,-98.80332,2024-05-07,na,6272.0,4673.0,0.0,30.8299999,20.3500004
TXS01,30.42047,-98.80332,2024-05-08,na,6272.0,4673.0,0.55,32.3699989,22.1200008
TXS01,30.42047,-98.80332,2024-05-09,na,6272.0,4673.0,0.0,33.4000015,20.6700001
TXS01,30.42047,-98.80332,2024-05-10,na,6272.0,4673.0,0.0,27.7299995,17.3400002
TXS01,30.42047,-98.80332,2024-05-11,na,6272.0,4673.0,1.08,26.0799999,17.6499996
TXS01,30.42047,-98.80332,2024-05-12,na,6272.0,4673.0,4.3600001,25.9599991,17.2199993
TXS01,30.42047,-98.80332,2024-05-13,na,6272.0,4673.0,0.0,28.2600002,17.1299992
TXS01,30.42047,-98.80332,2024-05-14,na,6272.0,4673.0,0.0,31.2000008,13.8299999
TXS01,30.42047,-98.80332,2024-05-15,na,6272.0,4673.0,0.0,32.7299995,16.9200001
TXS01,30.42047,-98.80332,2024-05-16,na,6272.0,4673.0,11.3900003,26.9200001,17.8700008
TXS01,30.42047,-98.80332,2024-05-17,na,6272.0,4673.0,0.0,28.5100002,14.0200005
TXS01,30.42047,-98.80332,2024-05-18,na,6272.0,4673.0,0.0,33.9599991,15.75
TXS01,30.42047,-98.80332,2024-05-19,na,6272.0,4673.0,0.0,33.3899994,18.6299992
TXS01,30.42047,-98.80332,2024-05-20,na,6272.0,4673.0,0.0,33.1899986,19.7999992
TXS01,30.42047,-98.80332,2024-05-21,na,6272.0,4673.0,0.0,32.9700012,21.7600002
TXS01,30.42047,-98.80332,2024-05-22,na,6272.0,4673.0,0.0,31.6000004,21.9799995
TXS01,30.42047,-98.80332,2024-05-23,na,6272.0,4673.0,0.0,31.5799999,22.6100006
TXS01,30.42047,-98.80332,2024-05-24,na,6272.0,4673.0,0.0,32.0499992,23.2199993
TXS01,30.42047,-98.80332,2024-05-25,na,6272.0,4673.0,0.0,35.2700005,23.5100002
TXS01,30.42047,-98.80332,2024-05-26,na,6272.0,4673.0,0.0,36.5,22.9799995
TXS01,30.42047,-98.80332,2024-05-27,na,6272.0,4673.0,17.0400009,38.2999992,22.8799992
TXS01,30.42047,-98.80332,2024-05-28,na,6272.0,4673.0,4.5,31.9300003,20.9799995
TXS01,30.42047,-98.80332,2024-05-29,na,6272.0,4673.0,0.0,30.9200001,19.1000004
TXS01,30.42047,-98.80332,2024-05-30,na,6272.0,4673.0,28.6100006,31.3299999,20.6399994
TXS01,30.42047,-98.80332,2024-05-31,na,6272.0,4673.0,4.3899999,30.3999996,16.4099998
TXS01,30.42047,-98.80332,2024-06-01,na,6272.0,4673.0,0.0,30.6100006,18.4500008
TXS01,30.42047,-98.80332,2024-06-02,na,6272.0,4673.0,0.0,31.8999996,21.7299995
TXS01,30.42047,-98.80332,2024-06-03,na,6272.0,4673.0,0.0,32.8199997,23.7900009
TXS01,30.42047,-98.80332,2024-06-04,na,6272.0,4673.0,0.0,35.7999992,24.2900009
TXS01,30.42047,-98.80332,2024-06-05,na,6272.0,4673.0,0.0,33.4399986,22.6599998
TXS01,30.42047,-98.80332,2024-06-06,na,6272.0,4673.0,0.0,35.0400009,20.5799999
TXS01,30.42047,-98.80332,2024-06-07,na,6272.0,4673.0,0.0,35.5900002,20.7099991
TXS01,30.42047,-98.80332,2024-06-08,na,6272.0,4673.0,0.0,35.1599998,21.5699997
TXS01,30.42047,-98.80332,2024-06-09,na,6272.0,4673.0,6.2600002,34.2299995,21.6399994
TXS01,30.42047,-98.80332,2024-06-10,na,6272.0,4673.0,0.0,33.2200012,20.5200005
TXS01,30.42047,-98.80332,2024-06-11,na,6272.0,4673.0,19.6100006,32.0999985,19.8600006
TXS01,30.42047,-98.80332,2024-06-12,na,6272.0,4673.0,0.0,31.0200005,21.0
TXS01,30.42047,-98.80332,2024-06-13,na,6272.0,4673.0,0.0,33.0,21.6599998
TXS01,30.42047,-98.80332,2024-06-14,na,6272.0,4673.0,0.0,33.8800011,22.0799999
TXS01,30.42047,-98.80332,2024-06-15,na,6272.0,4673.0,0.0,33.6500015,21.7299995
TXS01,30.42047,-98.80332,2024-06-16,na,6272.0,4673.0,0.0,33.4599991,22.9099998
TXS01,30.42047,-98.80332,2024-06-17,na,6272.0,4673.0,0.0,33.9700012,23.5799999
TXS01,30.42047,-98.80332,2024-06-18,na,6272.0,4673.0,0.0,32.8300018,22.6700001
TXS01,30.42047,-98.80332,2024-06-19,na,6272.0,4673.0,47.3499985,28.5499992,21.0100002
TXS01,30.42047,-98.80332,2024-06-20,na,6272.0,4673.0,14.3900003,28.8400002,20.8600006
TXS01,30.42047,-98.80332,2024-06-21,na,6272.0,4673.0,0.0,30.75,21.5300007
TXS01,30.42047,-98.80332,2024-06-22,na,6272.0,4673.0,0.0,32.2200012,21.4300003
TXS01,30.42047,-98.80332,2024-06-23,na,6272.0,4673.0,0.0,33.1399994,20.5200005
TXS01,30.42047,-98.80332,2024-06-24,na,6272.0,4673.0,0.0,33.4700012,21.6100006
TXS01,30.42047,-98.80332,2024-06-25,na,6272.0,4673.0,0.0,33.6699982,23.7900009
TXS01,30.42047,-98.80332,2024-06-26,na,6272.0,4673.0,0.0,34.1199989,24.4500008
TXS01,30.42047,-98.80332,2024-06-27,na,6272.0,4673.0,0.0,35.8100014,23.8400002
TXS01,30.42047,-98.80332,2024-06-28,na,6272.0,4673.0,0.0,35.2200012,23.8500004
TXS01,30.42047,-98.80332,2024-06-29,na,6272.0,4673.0,0.0,35.0800018,24.3400002
TXS01,30.42047,-98.80332,2024-06-30,na,6272.0,4673.0,0.0,34.4000015,23.4400005
TXS01,30.42047,-98.80332,2024-07-01,na,6272.0,4673.0,0.0,35.2000008,21.6399994
TXS01,30.42047,-98.80332,2024-07-02,na,6272.0,4673.0,0.0,36.5999985,23.0599995
TXS01,30.42047,-98.80332,2024-07-03,na,6272.0,4673.0,0.0,35.8100014,23.6100006
TXS01,30.42047,-98.80332,2024-07-04,na,6272.0,4673.0,0.0,35.7900009,24.1399994
TXS01,30.42047,-98.80332,2024-07-05,na,6272.0,4673.0,0.0,35.75,23.1499996
TXS01,30.42047,-98.80332,2024-07-06,na,6272.0,4673.0,26.0200005,34.1500015,20.7099991
TXS01,30.42047,-98.80332,2024-07-07,na,6272.0,4673.0,0.0,33.2200012,20.75
TXS01,30.42047,-98.80332,2024-07-08,na,6272.0,4673.0,0.0,32.1399994,21.8799992
TXS01,30.42047,-98.80332,2024-07-09,na,6272.0,4673.0,0.0,32.3300018,21.2299995
TXS01,30.42047,-98.80332,2024-07-10,na,6272.0,4673.0,0.0,33.0900002,21.1299992
TXS01,30.42047,-98.80332,2024-07-11,na,6272.0,4673.0,0.0,32.9700012,19.1900005
TXS01,30.42047,-98.80332,2024-07-12,na,6272.0,4673.0,0.0,32.4000015,19.6900005
TXS01,30.42047,-98.80332,2024-07-13,na,6272.0,4673.0,0.4,30.8400002,21.0100002
TXS01,30.42047,-98.80332,2024-07-14,na,6272.0,4673.0,0.0,32.8899994,22.4300003
TXS01,30.42047,-98.80332,2024-07-15,na,6272.0,4673.0,0.0,34.6300011,22.9200001
TXS01,30.42047,-98.80332,2024-07-16,na,6272.0,4673.0,0.0,35.5099983,21.7900009
TXS01,30.42047,-98.80332,2024-07-17,na,6272.0,4673.0,0.0,34.5099983,22.7399998
TXS01,30.42047,-98.80332,2024-07-18,na,6272.0,4673.0,29.2299995,32.4599991,21.9599991
TXS01,30.42047,-98.80332,2024-07-19,na,6272.0,4673.0,0.0,33.3300018,21.0
TXS01,30.42047,-98.80332,2024-07-20,na,6272.0,4673.0,0.0,33.7599983,21.3600006
TXS01,30.42047,-98.80332,2024-07-21,na,6272.0,4673.0,5.1799998,32.5,22.0799999
TXS01,30.42047,-98.80332,2024-07-22,na,6272.0,4673.0,39.1699982,28.6499996,21.4200001
TXS01,30.42047,-98.80332,2024-07-23,na,6272.0,4673.0,35.3600006,27.0799999,21.3999996
TXS01,30.42047,-98.80332,2024-07-24,na,6272.0,4673.0,0.0,30.5699997,20.4500008
TXS01,30.42047,-98.80332,2024-07-25,na,6272.0,4673.0,2.8499999,31.25,20.3799992
TXS01,30.42047,-98.80332,2024-07-26,na,6272.0,4673.0,4.6199999,31.1700001,20.9799995
TXS01,30.42047,-98.80332,2024-07-27,na,6272.0,4673.0,0.0,31.8899994,20.2900009
TXS01,30.42047,-98.80332,2024-07-28,na,6272.0,4673.0,1.29,30.8299999,21.4899998
TXS01,30.42047,-98.80332,2024-07-29,na,6272.0,4673.0,0.0,32.2700005,23.1399994
TXS01,30.42047,-98.80332,2024-07-30,na,6272.0,4673.0,0.0,32.8499985,23.4599991
TXS01,30.42047,-98.80332,2024-07-31,na,6272.0,4673.0,0.0,33.3300018,23.8999996
TXS01,30.42047,-98.80332,2024-08-01,na,6272.0,4673.0,0.0,34.2799988,21.6100006
TXS01,30.42047,-98.80332,2024-08-02,na,6272.0,4673.0,0.0,34.9300003,22.2000008
TXS01,30.42047,-98.80332,2024-08-03,na,6272.0,4673.0,0.0,35.4300003,22.0100002
TXS01,30.42047,-98.80332,2024-08-04,na,6272.0,4673.0,0.0,35.0299988,22.6299992
TXS01,30.42047,-98.80332,2024-08-05,na,6272.0,4673.0,0.0,34.5600014,21.3799992
TXS01,30.42047,-98.80332,2024-08-06,na,6272.0,4673.0,0.0,35.2799988,21.4500008
TXS01,30.42047,-98.80332,2024-08-07,na,6272.0,4673.0,0.0,37.4399986,21.6499996
TXS01,30.42047,-98.80332,2024-08-08,na,6272.0,4673.0,0.0,36.8499985,22.4099998
TXS01,30.42047,-98.80332,2024-08-09,na,6272.0,4673.0,3.01,35.4199982,21.4400005
TXS01,30.42047,-98.80332,2024-08-10,na,6272.0,4673.0,0.0,35.0499992,21.8999996
TXS01,30.42047,-98.80332,2024-08-11,na,6272.0,4673.0,0.0,35.7000008,23.1900005
TXS01,30.42047,-98.80332,2024-08-12,na,6272.0,4673.0,0.0,35.6899986,22.7700005
TXS01,30.42047,-98.80332,2024-08-13,na,6272.0,4673.0,0.0,35.3899994,22.7999992
TXS01,30.42047,-98.80332,2024-08-14,na,6272.0,4673.0,0.0,35.2000008,23.1900005
TXS01,30.42047,-98.80332,2024-08-15,na,6272.0,4673.0,0.0,36.2200012,23.3199997
TXS01,30.42047,-98.80332,2024-08-16,na,6272.0,4673.0,0.0,36.5499992,23.6200008
TXS01,30.42047,-98.80332,2024-08-17,na,6272.0,4673.0,0.0,37.0699997,23.4799995
TXS01,30.42047,-98.80332,2024-08-18,na,6272.0,4673.0,0.0,37.2700005,23.0499992
TXS01,30.42047,-98.80332,2024-08-19,na,6272.0,4673.0,0.0,37.7000008,22.0699997
TXS01,30.42047,-98.80332,2024-08-20,na,6272.0,4673.0,0.0,39.7000008,22.2800007
TXS01,30.42047,-98.80332,2024-08-21,na,6272.0,4673.0,0.0,41.0299988,22.6100006
TXS01,30.42047,-98.80332,2024-08-22,na,6272.0,4673.0,0.0,40.6300011,23.2299995
TXS01,30.42047,-98.80332,2024-08-23,na,6272.0,4673.0,0.0,38.0099983,24.2099991
TXS01,30.42047,-98.80332,2024-08-24,na,6272.0,4673.0,0.0,35.9300003,23.3799992
TXS01,30.42047,-98.80332,2024-08-25,na,6272.0,4673.0,0.0,34.7700005,21.9699993
TXS01,30.42047,-98.80332,2024-08-26,na,6272.0,4673.0,0.0,33.6399994,20.4200001
TXS01,30.42047,-98.80332,2024-08-27,na,6272.0,4673.0,0.0,31.2099991,20.4899998
TXS01,30.42047,-98.80332,2024-08-28,na,6272.0,4673.0,7.1799998,32.4500008,21.2199993
TXS01,30.42047,-98.80332,2024-08-29,na,6272.0,4673.0,0.0,32.4399986,19.9699993
TXS01,30.42047,-98.80332,2024-08-30,na,6272.0,4673.0,0.0,32.5400009,21.25
TXS01,30.42047,-98.80332,2024-08-31,na,6272.0,4673.0,0.0,33.0699997,21.6299992
TXS01,30.42047,-98.80332,2024-09-01,na,6272.0,4673.0,5.54,32.2599983,21.4899998
TXS01,30.42047,-98.80332,2024-09-02,na,6272.0,4673.0,18.1399994,27.9200001,21.9400005
TXS01,30.42047,-98.80332,2024-09-03,na,6272.0,4673.0,42.6899986,27.0200005,21.5400009
TXS01,30.42047,-98.80332,2024-09-04,na,6272.0,4673.0,0.0,27.0300007,20.7800007
TXS01,30.42047,-98.80332,2024-09-05,na,6272.0,4673.0,0.0,28.6000004,19.9099998
TXS01,30.42047,-98.80332,2024-09-06,na,6272.0,4673.0,0.0,30.2600002,20.6599998
TXS01,30.42047,-98.80332,2024-09-07,na,6272.0,4673.0,0.0,29.1000004,19.5599995
TXS01,30.42047,-98.80332,2024-09-08,na,6272.0,4673.0,0.0,27.5699997,14.9200001
TXS01,30.42047,-98.80332,2024-09-09,na,6272.0,4673.0,0.0,27.9599991,11.3000002
TXS01,30.42047,-98.80332,2024-09-10,na,6272.0,4673.0,0.0,29.6399994,13.0699997
TXS01,30.42047,-98.80332,2024-09-11,na,6272.0,4673.0,0.0,30.6700001,16.6900005
TXS01,30.42047,-98.80332,2024-09-12,na,6272.0,4673.0,0.0,31.5599995,17.9799995
TXS01,30.42047,-98.80332,2024-09-13,na,6272.0,4673.0,0.0,33.2900009,18.0
TXS01,30.42047,-98.80332,2024-09-14,na,6272.0,4673.0,0.0,32.8100014,20.2800007
TXS01,30.42047,-98.80332,2024-09-15,na,6272.0,4673.0,0.0,34.0699997,21.8600006
TXS01,30.42047,-98.80332,2024-09-16,na,6272.0,4673.0,0.0,33.7099991,18.8099995
TXS01,30.42047,-98.80332,2024-09-17,na,6272.0,4673.0,0.0,33.2799988,19.3799992
TXS01,30.42047,-98.80332,2024-09-18,na,6272.0,4673.0,0.0,33.5,20.8700008
TXS01,30.42047,-98.80332,2024-09-19,na,6272.0,4673.0,0.0,34.3800011,22.6200008
TXS01,30.42047,-98.80332,2024-09-20,na,6272.0,4673.0,0.0,34.1800003,22.5799999
TXS01,30.42047,-98.80332,2024-09-21,na,6272.0,4673.0,0.0,33.4799995,22.2000008
TXS01,30.42047,-98.80332,2024-09-22,na,6272.0,4673.0,0.0,32.9500008,22.1900005
TXS01,30.42047,-98.80332,2024-09-23,na,6272.0,4673.0,1.33,28.8700008,21.4699993
TXS01,30.42047,-98.80332,2024-09-24,na,6272.0,4673.0,0.0,31.9300003,18.9400005
TXS01,30.42047,-98.80332,2024-09-25,na,6272.0,4673.0,0.0,30.5900002,18.75
TXS01,30.42047,-98.80332,2024-09-26,na,6272.0,4673.0,0.0,29.75,14.1099997
TXS01,30.42047,-98.80332,2024-09-27,na,6272.0,4673.0,0.0,32.2099991,12.75
TXS01,30.42047,-98.80332,2024-09-28,na,6272.0,4673.0,0.0,31.75,13.8800001
TXS01,30.42047,-98.80332,2024-09-29,na,6272.0,4673.0,0.0,32.0499992,13.5100002
TXS01,30.42047,-98.80332,2024-09-30,na,6272.0,4673.0,0.0,33.1599998,13.71
TXS01,30.42047,-98.80332,2024-10-01,na,6272.0,4673.0,0.0,32.9000015,14.2799997
TXS01,30.42047,-98.80332,2024-10-02,na,6272.0,4673.0,0.0,31.7299995,14.8500004
TXS01,30.42047,-98.80332,2024-10-03,na,6272.0,4673.0,0.0,32.2999992,15.7600002
TXS01,30.42047,-98.80332,2024-10-04,na,6272.0,4673.0,0.0,31.9400005,15.0900002
TXS01,30.42047,-98.80332,2024-10-05,na,6272.0,4673.0,0.0,31.8299999,15.6099997
TXS01,30.42047,-98.80332,2024-10-06,na,6272.0,4673.0,0.0,31.5900002,16.5900002
TXS01,30.42047,-98.80332,2024-10-07,na,6272.0,4673.0,0.0,31.6200008,15.1099997
TXS01,30.42047,-98.80332,2024-10-08,na,6272.0,4673.0,0.0,32.8300018,14.8400002
TXS01,30.42047,-98.80332,2024-10-09,na,6272.0,4673.0,0.0,32.8800011,13.6300001
TXS01,30.42047,-98.80332,2024-10-10,na,6272.0,4673.0,0.0,33.9700012,13.7799997
TXS01,30.42047,-98.80332,2024-10-11,na,6272.0,4673.0,0.0,33.0,15.3800001
TXS01,30.42047,-98.80332,2024-10-12,na,6272.0,4673.0,0.0,33.6899986,15.0699997
TXS01,30.42047,-98.80332,2024-10-13,na,6272.0,4673.0,0.0,35.5400009,15.3000002
TXS01,30.42047,-98.80332,2024-10-14,na,6272.0,4673.0,0.0,33.5299988,14.3000002
TXS01,30.42047,-98.80332,2024-10-15,na,6272.0,4673.0,0.0,33.0999985,13.0500002
TXS01,30.42047,-98.80332,2024-10-16,na,6272.0,4673.0,0.0,24.4699993,11.1899996
TXS01,30.42047,-98.80332,2024-10-17,na,6272.0,4673.0,0.0,23.4799995,7.8899999
TXS01,30.42047,-98.80332,2024-10-18,na,6272.0,4673.0,0.0,24.2099991,11.0900002
TXS01,30.42047,-98.80332,2024-10-19,na,6272.0,4673.0,0.0,26.25,14.8500004
TXS01,30.42047,-98.80332,2024-10-20,na,6272.0,4673.0,0.0,27.9899998,13.71
TXS01,30.42047,-98.80332,2024-10-21,na,6272.0,4673.0,0.0,28.7999992,12.5200005
TXS01,30.42047,-98.80332,2024-10-22,na,6272.0,4673.0,0.0,28.4599991,15.1999998
TXS01,30.42047,-98.80332,2024-10-23,na,6272.0,4673.0,0.0,30.1900005,14.9700003
TXS01,30.42047,-98.80332,2024-10-24,na,6272.0,4673.0,0.0,29.4099998,15.5100002
TXS01,30.42047,-98.80332,2024-10-25,na,6272.0,4673.0,0.0,30.5100002,15.8500004
TXS01,30.42047,-98.80332,2024-10-26,na,6272.0,4673.0,0.0,31.0699997,15.4200001
TXS01,30.42047,-98.80332,2024-10-27,na,6272.0,4673.0,0.0,31.2299995,14.6700001
TXS01,30.42047,-98.80332,2024-10-28,na,6272.0,4673.0,0.0,29.4400005,14.6099997
TXS01,30.42047,-98.80332,2024-10-29,na,6272.0,4673.0,0.0,29.3999996,18.5599995
TXS01,30.42047,-98.80332,2024-10-30,na,6272.0,4673.0,0.0,28.4699993,20.7399998
TXS01,30.42047,-98.80332,2024-10-31,na,6272.0,4673.0,0.0,26.2399998,18.3099995
TXS01,30.42047,-98.80332,2024-11-01,na,6272.0,4673.0,0.0,26.3400002,15.5
TXS01,30.42047,-98.80332,2024-11-02,na,6272.0,4673.0,2.77,23.8700008,18.2000008
TXS01,30.42047,-98.80332,2024-11-03,na,6272.0,4673.0,0.0,26.7199993,20.5499992
TXS01,30.42047,-98.80332,2024-11-04,na,6272.0,4673.0,0.0,29.1399994,18.6399994
TXS01,30.42047,-98.80332,2024-11-05,na,6272.0,4673.0,0.0,23.4500008,9.6099997
TXS01,30.42047,-98.80332,2024-11-06,na,6272.0,4673.0,0.0,25.5599995,5.1799998
TXS01,30.42047,-98.80332,2024-11-07,na,6272.0,4673.0,0.0,27.3199997,11.9700003
TXS01,30.42047,-98.80332,2024-11-08,na,6272.0,4673.0,11.0600004,24.8600006,15.0799999
TXS01,30.42047,-98.80332,2024-11-09,na,6272.0,4673.0,0.0,24.5900002,9.5299997
TXS01,30.42047,-98.80332,2024-11-10,na,6272.0,4673.0,0.0,28.1000004,10.04
TXS01,30.42047,-98.80332,2024-11-11,na,6272.0,4673.0,0.0,28.0499992,10.2799997
TXS01,30.42047,-98.80332,2024-11-12,na,6272.0,4673.0,0.0,26.7999992,11.0200005
TXS01,30.42047,-98.80332,2024-11-13,na,6272.0,4673.0,0.0,26.6399994,11.4300003
TXS01,30.42047,-98.80332,2024-11-14,na,6272.0,4673.0,0.0,23.7000008,4.8699999
TXS01,30.42047,-98.80332,2024-11-15,na,6272.0,4673.0,0.0,24.0100002,3.6199999
TXS01,30.42047,-98.80332,2024-11-16,na,6272.0,4673.0,0.0,24.7900009,9.1000004
TXS01,30.42047,-98.80332,2024-11-17,na,6272.0,4673.0,10.6599998,25.2399998,14.0699997
TXS01,30.42047,-98.80332,2024-11-18,na,6272.0,4673.0,2.6099999,23.7199993,11.6199999
TXS01,30.42047,-98.80332,2024-11-19,na,6272.0,4673.0,0.0,25.2999992,7.5
TXS01,30.42047,-98.80332,2024-11-20,na,6272.0,4673.0,0.0,18.8799992,4.8299999
TXS01,30.42047,-98.80332,2024-11-21,na,6272.0,4673.0,0.0,20.9300003,0.96
TXS01,30.42047,-98.80332,2024-11-22,na,6272.0,4673.0,0.0,23.1399994,2.24
TXS01,30.42047,-98.80332,2024-11-23,na,6272.0,4673.0,0.0,23.5900002,3.6400001
TXS01,30.42047,-98.80332,2024-11-24,na,6272.0,4673.0,0.0,25.4699993,10.2200003
TXS01,30.42047,-98.80332,2024-11-25,na,6272.0,4673.0,0.0,25.2000008,8.0699997
TXS01,30.42047,-98.80332,2024-11-26,na,6272.0,4673.0,0.0,20.0900002,3.3699999
TXS01,30.42047,-98.80332,2024-11-27,na,6272.0,4673.0,0.0,26.0200005,8.46
TXS01,30.42047,-98.80332,2024-11-28,na,6272.0,4673.0,0.0,14.75,5.4299998
TXS01,30.42047,-98.80332,2024-11-29,na,6272.0,4673.0,0.0,13.8999996,1.58
TXS01,30.42047,-98.80332,2024-11-30,na,6272.0,4673.0,0.0,18.4099998,1.16
TXS01,30.42047,-98.80332,2024-12-01,na,6272.0,4673.0,0.0,19.8799992,1.12
TXS01,30.42047,-98.80332,2024-12-02,na,6272.0,4673.0,0.0,18.8899994,3.25
TXS01,30.42047,-98.80332,2024-12-03,na,6272.0,4673.0,1.16,16.6700001,5.8600001
TXS01,30.42047,-98.80332,2024-12-04,na,6272.0,4673.0,1.09,15.3500004,7.6399999
TXS01,30.42047,-98.80332,2024-12-05,na,6272.0,4673.0,0.0,13.9200001,8.4200001
TXS01,30.42047,-98.80332,2024-12-06,na,6272.0,4673.0,1.35,9.3900003,5.1199999
TXS01,30.42047,-98.80332,2024-12-07,na,6272.0,4673.0,4.9299998,8.2299995,4.6100001
TXS01,30.42047,-98.80332,2024-12-08,na,6272.0,4673.0,0.0,16.5300007,5.3200002
TXS01,30.42047,-98.80332,2024-12-09,na,6272.0,4673.0,0.0,23.8799992,5.6599998
TXS01,30.42047,-98.80332,2024-12-10,na,6272.0,4673.0,0.0,16.1299992,3.76
TXS01,30.42047,-98.80332,2024-12-11,na,6272.0,4673.0,0.0,16.0499992,-1.9299999
TXS01,30.42047,-98.80332,2024-12-12,na,6272.0,4673.0,0.0,17.0499992,-1.62
TXS01,30.42047,-98.80332,2024-12-13,na,6272.0,4673.0,0.0,19.1700001,5.48
TXS01,30.42047,-98.80332,2024-12-14,na,6272.0,4673.0,0.0,24.4200001,14.5299997
TXS01,30.42047,-98.80332,2024-12-15,na,6272.0,4673.0,0.0,23.9799995,16.9200001
TXS01,30.42047,-98.80332,2024-12-16,na,6272.0,4673.0,1.45,23.2800007,16.2999992
TXS01,30.42047,-98.80332,2024-12-17,na,6272.0,4673.0,0.0,23.5300007,14.4899998
TXS01,30.42047,-98.80332,2024-12-18,na,6272.0,4673.0,0.66,19.6299992,9.25
TXS01,30.42047,-98.80332,2024-12-19,na,6272.0,4673.0,0.0,20.4500008,0.97
TXS01,30.42047,-98.80332,2024-12-20,na,6272.0,4673.0,0.0,18.5200005,2.6099999
TXS01,30.42047,-98.80332,2024-12-21,na,6272.0,4673.0,0.0,18.4300003,0.19
TXS01,30.42047,-98.80332,2024-12-22,na,6272.0,4673.0,0.0,19.0100002,3.8800001
TXS01,30.42047,-98.80332,2024-12-23,na,6272.0,4673.0,0.0,21.6800003,9.4200001
TXS01,30.42047,-98.80332,2024-12-24,na,6272.0,4673.0,0.0,20.4200001,12.1899996
TXS01,30.42047,-98.80332,2024-12-25,na,6272.0,4673.0,0.0,17.0,10.3599997
TXS01,30.42047,-98.80332,2024-12-26,na,6272.0,4673.0,0.0,23.4400005,7.7800002
TXS01,30.42047,-98.80332,2024-12-27,na,6272.0,4673.0,0.0,25.8999996,4.1100001
TXS01,30.42047,-98.80332,2024-12-28,na,6272.0,4673.0,0.0,24.6000004,7.8099999
TXS01,30.42047,-98.80332,2024-12-29,na,6272.0,4673.0,0.0,26.8400002,4.96
TXS01,30.42047,-98.80332,2024-12-30,na,6272.0,4673.0,0.0,29.7700005,5.8400002
TXS01,30.42047,-98.80332,2025-01-01,na,6272.0,4673.0,0.0,14.8900003,1.51
TXS01,30.42047,-98.80332,2025-01-02,na,6272.0,4673.0,0.0,18.2800007,1.13
TXS01,30.42047,-98.80332,2025-01-03,na,6272.0,4673.0,0.0,17.3500004,6.1799998
TXS01,30.42047,-98.80332,2025-01-04,na,6272.0,4673.0,0.0,20.6399994,9.6199999
TXS01,30.42047,-98.80332,2025-01-05,na,6272.0,4673.0,0.0,18.6100006,6.5500002
TXS01,30.42047,-98.80332,2025-01-06,na,6272.0,4673.0,0.0,7.1199999,-5.3400002
TXS01,30.42047,-98.80332,2025-01-07,na,6272.0,4673.0,0.0,7.73,-5.1500001
TXS01,30.42047,-98.80332,2025-01-08,na,6272.0,4673.0,0.0,3.9300001,-3.6500001
TXS01,30.42047,-98.80332,2025-01-09,na,6272.0,4673.0,31.5900002,2.6500001,-1.72
TXS01,30.42047,-98.80332,2025-01-10,na,6272.0,4673.0,0.0,6.3000002,-1.51
TXS01,30.42047,-98.80332,2025-01-11,na,6272.0,4673.0,0.0,12.8800001,-5.48
TXS01,30.42047,-98.80332,2025-01-12,na,6272.0,4673.0,0.0,13.4200001,-2.55
TXS01,30.42047,-98.80332,2025-01-13,na,6272.0,4673.0,0.0,11.9799995,-1.67
TXS01,30.42047,-98.80332,2025-01-14,na,6272.0,4673.0,0.0,12.4300003,-2.8800001
TXS01,30.42047,-98.80332,2025-01-15,na,6272.0,4673.0,0.0,15.6700001,0.5
TXS01,30.42047,-98.80332,2025-01-16,na,6272.0,4673.0,0.0,16.9500008,-1.13
TXS01,30.42047,-98.80332,2025-01-17,na,6272.0,4673.0,0.0,18.0100002,4.4299998
TXS01,30.42047,-98.80332,2025-01-18,na,6272.0,4673.0,0.0,14.2799997,2.78
TXS01,30.42047,-98.80332,2025-01-19,na,6272.0,4673.0,0.0,5.0599999,-5.8400002
TXS01,30.42047,-98.80332,2025-01-20,na,6272.0,4673.0,0.74,-0.87,-8.3599997
TXS01,30.42047,-98.80332,2025-01-21,na,6272.0,4673.0,0.0,2.47,-7.5700002
TXS01,30.42047,-98.80332,2025-01-22,na,6272.0,4673.0,0.0,12.1999998,-7.3899999
TXS01,30.42047,-98.80332,2025-01-23,na,6272.0,4673.0,0.0,10.7799997,-4.9299998
TXS01,30.42047,-98.80332,2025-01-24,na,6272.0,4673.0,0.0,13.1000004,-7.0300002
TXS01,30.42047,-98.80332,2025-01-25,na,6272.0,4673.0,0.58,15.3699999,-2.0999999
TXS01,30.42047,-98.80332,2025-01-26,na,6272.0,4673.0,0.0,11.9799995,5.0599999
TXS01,30.42047,-98.80332,2025-01-27,na,6272.0,4673.0,0.0,9.6000004,5.4200001
TXS01,30.42047,-98.80332,2025-01-28,na,6272.0,4673.0,1.79,11.6400003,6.1500001
TXS01,30.42047,-98.80332,2025-01-29,na,6272.0,4673.0,14.5900002,17.3299999,8.6300001
TXS01,30.42047,-98.80332,2025-01-30,na,6272.0,4673.0,0.0,18.6800003,8.7299995
TXS01,30.42047,-98.80332,2025-01-31,na,6272.0,4673.0,0.0,20.4699993,4.7199998
TXS01,30.42047,-98.80332,2025-02-01,na,6272.0,4673.0,0.0,23.5599995,0.78
TXS01,30.42047,-98.80332,2025-02-02,na,6272.0,4673.0,0.0,27.1700001,3.6600001
TXS01,30.42047,-98.80332,2025-02-03,na,6272.0,4673.0,0.0,28.3500004,9.1999998
TXS01,30.42047,-98.80332,2025-02-04,na,6272.0,4673.0,0.0,26.2900009,12.9700003
TXS01,30.42047,-98.80332,2025-02-05,na,6272.0,4673.0,0.0,23.0900002,15.7399998
TXS01,30.42047,-98.80332,2025-02-06,na,6272.0,4673.0,0.0,27.1499996,14.71
TXS01,30.42047,-98.80332,2025-02-07,na,6272.0,4673.0,0.0,26.9300003,15.8599997
TXS01,30.42047,-98.80332,2025-02-08,na,6272.0,4673.0,0.0,28.8999996,16.2000008
TXS01,30.42047,-98.80332,2025-02-09,na,6272.0,4673.0,0.0,16.8299999,9.0900002
TXS01,30.42047,-98.80332,2025-02-10,na,6272.0,4673.0,1.58,9.7299995,5.3800001
TXS01,30.42047,-98.80332,2025-02-11,na,6272.0,4673.0,3.8299999,14.04,5.9299998
TXS01,30.42047,-98.80332,2025-02-12,na,6272.0,4673.0,0.0,12.2200003,4.5100002
TXS01,30.42047,-98.80332,2025-02-13,na,6272.0,4673.0,0.0,7.6500001,-2.4400001
TXS01,30.42047,-98.80332,2025-02-14,na,6272.0,4673.0,0.0,12.8699999,-1.99
TXS01,30.42047,-98.80332,2025-02-15,na,6272.0,4673.0,0.0,24.2900009,4.75
TXS01,30.42047,-98.80332,2025-02-16,na,6272.0,4673.0,0.0,11.6800003,-0.91
TXS01,30.42047,-98.80332,2025-02-17,na,6272.0,4673.0,0.0,16.4799995,-2.1400001
TXS01,30.42047,-98.80332,2025-02-18,na,6272.0,4673.0,0.0,18.0599995,-3.27
TXS01,30.42047,-98.80332,2025-02-19,na,6272.0,4673.0,0.0,1.5599999,-10.3900003
TXS01,30.42047,-98.80332,2025-02-20,na,6272.0,4673.0,0.0,0.31,-10.9799995
TXS01,30.42047,-98.80332,2025-02-21,na,6272.0,4673.0,0.0,1.9299999,-6.98
TXS01,30.42047,-98.80332,2025-02-22,na,6272.0,4673.0,0.0,8.6800003,-3.51
TXS01,30.42047,-98.80332,2025-02-23,na,6272.0,4673.0,0.0,21.5400009,0.34
TXS01,30.42047,-98.80332,2025-02-24,na,6272.0,4673.0,0.0,25.7199993,1.79
TXS01,30.42047,-98.80332,2025-02-25,na,6272.0,4673.0,0.0,27.1499996,4.71
TXS01,30.42047,-98.80332,2025-02-26,na,6272.0,4673.0,0.0,27.8700008,7.9499998
TXS01,30.42047,-98.80332,2025-02-27,na,6272.0,4673.0,0.0,19.6599998,9.5699997
TXS01,30.42047,-98.80332,2025-02-28,na,6272.0,4673.0,0.0,23.9899998,4.3200002
TXS01,30.42047,-98.80332,2025-03-01,na,6272.0,4673.0,0.0,27.1100006,5.5799999
TXS01,30.42047,-98.80332,2025-03-02,na,6272.0,4673.0,0.0,26.0900002,11.4899998
TXS01,30.42047,-98.80332,2025-03-03,na,6272.0,4673.0,2.8399999,23.3799992,16.1700001
TXS01,30.42047,-98.80332,2025-03-04,na,6272.0,4673.0,0.0,21.1000004,10.21
TXS01,30.42047,-98.80332,2025-03-05,na,6272.0,4673.0,0.0,20.25,7.3499999
TXS01,30.42047,-98.80332,2025-03-06,na,6272.0,4673.0,0.0,23.1499996,5.6300001
TXS01,30.42047,-98.80332,2025-03-07,na,6272.0,4673.0,0.44,28.2199993,11.2600002
TXS01,30.42047,-98.80332,2025-03-08,na,6272.0,4673.0,0.0,23.9699993,9.6400003
TXS01,30.42047,-98.80332,2025-03-09,na,6272.0,4673.0,0.0,17.6800003,3.5799999
TXS01,30.42047,-98.80332,2025-03-10,na,6272.0,4673.0,0.0,24.5,0.35
TXS01,30.42047,-98.80332,2025-03-11,na,6272.0,4673.0,0.0,28.0300007,4.5799999
TXS01,30.42047,-98.80332,2025-03-12,na,6272.0,4673.0,0.0,31.4899998,9.4200001
TXS01,30.42047,-98.80332,2025-03-13,na,6272.0,4673.0,0.0,31.6200008,9.8599997
TXS01,30.42047,-98.80332,2025-03-14,na,6272.0,4673.0,0.0,31.8400002,13.8299999
TXS01,30.42047,-98.80332,2025-03-15,na,6272.0,4673.0,0.0,23.7000008,12.1199999
TXS01,30.42047,-98.80332,2025-03-16,na,6272.0,4673.0,0.0,24.2099991,3.9300001
TXS01,30.42047,-98.80332,2025-03-17,na,6272.0,4673.0,0.0,27.4099998,2.3800001
TXS01,30.42047,-98.80332,2025-03-18,na,6272.0,4673.0,0.0,28.5699997,9.9099998
TXS01,30.42047,-98.80332,2025-03-19,na,6272.0,4673.0,0.0,23.1499996,10.5600004
TXS01,30.42047,-98.80332,2025-03-20,na,6272.0,4673.0,0.0,20.4099998,0.59
TXS01,30.42047,-98.80332,2025-03-21,na,6272.0,4673.0,0.0,24.3199997,3.0899999
TXS01,30.42047,-98.80332,2025-03-22,na,6272.0,4673.0,0.0,27.75,7.7199998
TXS01,30.42047,-98.80332,2025-03-23,na,6272.0,4673.0,6.0900002,30.0499992,14.0699997
TXS01,30.42047,-98.80332,2025-03-24,na,6272.0,4673.0,0.0,29.2199993,10.5699997
TXS01,30.42047,-98.80332,2025-03-25,na,6272.0,4673.0,0.0,30.7299995,12.3500004
TXS01,30.42047,-98.80332,2025-03-26,na,6272.0,4673.0,7.2199998,27.8899994,15.1899996
TXS01,30.42047,-98.80332,2025-03-27,na,6272.0,4673.0,25.0499992,20.0300007,14.9300003
TXS01,30.42047,-98.80332,2025-03-28,na,6272.0,4673.0,2.0,22.6700001,14.29
TXS01,30.42047,-98.80332,2025-03-29,na,6272.0,4673.0,0.0,29.4099998,16.25
TXS01,30.42047,-98.80332,2025-03-30,na,6272.0,4673.0,0.0,30.1200008,18.1599998
TXS01,30.42047,-98.80332,2025-03-31,na,6272.0,4673.0,0.0,26.8799992,16.2299995
TXS01,30.42047,-98.80332,2025-04-01,na,6272.0,4673.0,0.0,28.4899998,15.4899998
TXS01,30.42047,-98.80332,2025-04-02,na,6272.0,4673.0,0.0,28.7900009,18.7399998
TXS01,30.42047,-98.80332,2025-04-03,na,6272.0,4673.0,0.0,29.2800007,19.2399998
TXS01,30.42047,-98.80332,2025-04-04,na,6272.0,4673.0,34.3800011,24.3999996,14.1199999
TXS01,30.42047,-98.80332,2025-04-05,na,6272.0,4673.0,0.0,15.4499998,8.9099998
TXS01,30.42047,-98.80332,2025-04-06,na,6272.0,4673.0,0.0,13.6400003,3.79
TXS01,30.42047,-98.80332,2025-04-07,na,6272.0,4673.0,0.0,20.0,0.88
TXS01,30.42047,-98.80332,2025-04-08,na,6272.0,4673.0,0.0,24.9599991,3.1300001
TXS01,30.42047,-98.80332,2025-04-09,na,6272.0,4673.0,0.0,28.7000008,8.9099998
TXS01,30.42047,-98.80332,2025-04-10,na,6272.0,4673.0,0.0,32.2999992,10.6800003
TXS01,30.42047,-98.80332,2025-04-11,na,6272.0,4673.0,0.0,30.25,12.46
TXS01,30.42047,-98.80332,2025-04-12,na,6272.0,4673.0,0.0,30.6299992,13.5600004
TXS01,30.42047,-98.80332,2025-04-13,na,6272.0,4673.0,0.0,32.0299988,15.4200001
TXS01,30.42047,-98.80332,2025-04-14,na,6272.0,4673.0,0.0,32.4799995,15.0799999
TXS01,30.42047,-98.80332,2025-04-15,na,6272.0,4673.0,0.0,27.1700001,16.0
TXS01,30.42047,-98.80332,2025-04-16,na,6272.0,4673.0,0.0,26.5300007,15.0600004
TXS01,30.42047,-98.80332,2025-04-17,na,6272.0,4673.0,0.0,28.8199997,16.5599995
TXS01,30.42047,-98.80332,2025-04-18,na,6272.0,4673.0,0.0,30.2199993,17.9500008
TXS01,30.42047,-98.80332,2025-04-19,na,6272.0,4673.0,13.4499998,26.25,18.7900009
TXS01,30.42047,-98.80332,2025-04-20,na,6272.0,4673.0,0.0,25.3799992,13.0500002
TXS01,30.42047,-98.80332,2025-04-21,na,6272.0,4673.0,0.0,28.4899998,9.3000002
TXS01,30.42047,-98.80332,2025-04-22,na,6272.0,4673.0,13.7299995,28.0100002,13.3999996
TXS01,30.42047,-98.80332,2025-04-23,na,6272.0,4673.0,0.0,26.6000004,15.1599998
TXS01,30.42047,-98.80332,2025-04-24,na,6272.0,4673.0,0.0,27.7700005,17.1499996
TXS01,30.42047,-98.80332,2025-04-25,na,6272.0,4673.0,0.0,28.1399994,18.0900002
TXS01,30.42047,-98.80332,2025-04-26,na,6272.0,4673.0,0.0,27.1100006,18.2000008
TXS01,30.42047,-98.80332,2025-04-27,na,6272.0,4673.0,0.0,27.9699993,18.3199997
TXS01,30.42047,-98.80332,2025-04-28,na,6272.0,4673.0,0.0,28.4300003,19.5900002
TXS01,30.42047,-98.80332,2025-04-29,na,6272.0,4673.0,0.0,29.1900005,20.1499996
TXS01,30.42047,-98.80332,2025-04-30,na,6272.0,4673.0,0.0,31.1599998,19.9099998
TXS01,30.42047,-98.80332,2025-05-01,na,6272.0,4673.0,0.0,31.4500008,18.4599991
TXS01,30.42047,-98.80332,2025-05-02,na,6272.0,4673.0,11.46,26.2399998,16.1800003
TXS01,30.42047,-98.80332,2025-05-03,na,6272.0,4673.0,0.0,25.5799999,13.2799997
TXS01,30.42047,-98.80332,2025-05-04,na,6272.0,4673.0,0.0,26.6700001,10.9499998
TXS01,30.42047,-98.80332,2025-05-05,na,6272.0,4673.0,7.3800001,21.9799995,13.4099998
TXS01,30.42047,-98.80332,2025-05-06,na,6272.0,4673.0,1.89,28.7900009,15.7700005
TXS01,30.42047,-98.80332,2025-05-07,na,6272.0,4673.0,0.0,27.9099998,14.04
TXS01,30.42047,-98.80332,2025-05-08,na,6272.0,4673.0,0.8,26.1399994,14.9200001
TXS01,30.42047,-98.80332,2025-05-09,na,6272.0,4673.0,0.0,25.9599991,14.1199999
TXS01,30.42047,-98.80332,2025-05-10,na,6272.0,4673.0,0.0,26.5100002,13.8100004
TXS01,30.42047,-98.80332,2025-05-11,na,6272.0,4673.0,0.0,27.2199993,11.6999998
TXS01,30.42047,-98.80332,2025-05-12,na,6272.0,4673.0,0.0,32.2400017,9.0100002
TXS01,30.42047,-98.80332,2025-05-13,na,6272.0,4673.0,0.0,37.3899994,13.8900003
TXS01,30.42047,-98.80332,2025-05-14,na,6272.0,4673.0,0.0,37.6100006,18.75
TXS01,30.42047,-98.80332,2025-05-15,na,6272.0,4673.0,0.0,36.2400017,20.5599995
TXS01,30.42047,-98.80332,2025-05-16,na,6272.0,4673.0,0.0,35.6100006,22.3600006
TXS01,30.42047,-98.80332,2025-05-17,na,6272.0,4673.0,0.0,34.9700012,22.9899998
TXS01,30.42047,-98.80332,2025-05-18,na,6272.0,4673.0,0.0,32.6199989,22.9099998
TXS01,30.42047,-98.80332,2025-05-19,na,6272.0,4673.0,0.0,30.1700001,23.2199993
TXS01,30.42047,-98.80332,2025-05-20,na,6272.0,4673.0,0.0,31.9799995,20.5200005
TXS01,30.42047,-98.80332,2025-05-21,na,6272.0,4673.0,0.0,33.7999992,18.1299992
TXS01,30.42047,-98.80332,2025-05-22,na,6272.0,4673.0,34.1500015,35.25,19.6299992
TXS01,30.42047,-98.80332,2025-05-23,na,6272.0,4673.0,0.0,34.3800011,19.0200005
TXS01,30.42047,-98.80332,2025-05-24,na,6272.0,4673.0,0.0,34.0499992,21.4599991
TXS01,30.42047,-98.80332,2025-05-25,na,6272.0,4673.0,0.0,33.9399986,22.4300003
TXS01,30.42047,-98.80332,2025-05-26,na,6272.0,4673.0,50.4599991,30.8199997,20.1599998
TXS01,30.42047,-98.80332,2025-05-27,na,6272.0,4673.0,2.6700001,31.7000008,16.9099998
TXS01,30.42047,-98.80332,2025-05-28,na,6272.0,4673.0,0.0,30.0699997,17.7800007
TXS01,30.42047,-98.80332,2025-05-29,na,6272.0,4673.0,17.6900005,30.3700008,18.9099998
TXS01,30.42047,-98.80332,2025-05-30,na,6272.0,4673.0,0.0,27.0100002,17.8500004
TXS01,30.42047,-98.80332,2025-05-31,na,6272.0,4673.0,0.0,29.3600006,18.3999996
TXS01,30.42047,-98.80332,2025-06-01,na,6272.0,4673.0,0.0,32.9799995,19.8700008
TXS01,30.42047,-98.80332,2025-06-02,na,6272.0,4673.0,0.0,32.7299995,21.2700005
TXS01,30.42047,-98.80332,2025-06-03,na,6272.0,4673.0,64.9300003,31.1800003,22.3400002
TXS01,30.42047,-98.80332,2025-06-04,na,6272.0,4673.0,0.0,28.8500004,19.4400005
TXS01,30.42047,-98.80332,2025-06-05,na,6272.0,4673.0,0.0,31.4099998,20.6299992
TXS01,30.42047,-98.80332,2025-06-06,na,6272.0,4673.0,0.0,32.4700012,22.5400009
TXS01,30.42047,-98.80332,2025-06-07,na,6272.0,4673.0,0.0,32.9300003,22.7399998
TXS01,30.42047,-98.80332,2025-06-08,na,6272.0,4673.0,0.0,33.6399994,22.25
TXS01,30.42047,-98.80332,2025-06-09,na,6272.0,4673.0,0.0,31.7199993,20.3899994
TXS01,30.42047,-98.80332,2025-06-10,na,6272.0,4673.0,64.0800018,33.0900002,19.2800007
TXS01,30.42047,-98.80332,2025-06-11,na,6272.0,4673.0,25.4899998,29.9899998,17.8999996
TXS01,30.42047,-98.80332,2025-06-12,na,6272.0,4673.0,0.0,29.1299992,18.8199997
TXS01,30.42047,-98.80332,2025-06-13,na,6272.0,4673.0,0.0,31.4899998,19.1399994
TXS01,30.42047,-98.80332,2025-06-14,na,6272.0,4673.0,0.0,32.7099991,21.8500004
TXS01,30.42047,-98.80332,2025-06-15,na,6272.0,4673.0,5.52,32.1500015,21.2800007
TXS01,30.42047,-98.80332,2025-06-16,na,6272.0,4673.0,0.0,32.5200005,19.6499996
TXS01,30.42047,-98.80332,2025-06-17,na,6272.0,4673.0,0.0,32.75,20.4300003
TXS01,30.42047,-98.80332,2025-06-18,na,6272.0,4673.0,0.0,32.2099991,22.25
TXS01,30.42047,-98.80332,2025-06-19,na,6272.0,4673.0,0.0,32.9700012,22.4599991
TXS01,30.42047,-98.80332,2025-06-20,na,6272.0,4673.0,0.0,33.0400009,22.6499996
TXS01,30.42047,-98.80332,2025-06-21,na,6272.0,4673.0,3.6500001,31.6100006,22.5599995
TXS01,30.42047,-98.80332,2025-06-22,na,6272.0,4673.0,0.0,31.9699993,22.5300007
TXS01,30.42047,-98.80332,2025-06-23,na,6272.0,4673.0,0.0,32.9700012,22.6299992
TXS01,30.42047,-98.80332,2025-06-24,na,6272.0,4673.0,0.0,32.8499985,21.8199997
TXS01,30.42047,-98.80332,2025-06-25,na,6272.0,4673.0,0.0,33.1899986,21.4400005
TXS01,30.42047,-98.80332,2025-06-26,na,6272.0,4673.0,0.0,32.9300003,21.5499992
TXS01,30.42047,-98.80332,2025-06-27,na,6272.0,4673.0,0.0,33.2000008,21.5
TXS01,30.42047,-98.80332,2025-06-28,na,6272.0,4673.0,0.0,33.4799995,21.8899994
TXS01,30.42047,-98.80332,2025-06-29,na,6272.0,4673.0,0.0,34.0,21.5699997
TXS01,30.42047,-98.80332,2025-06-30,na,6272.0,4673.0,1.87,32.8199997,21.7199993
TXS01,30.42047,-98.80332,2025-07-01,na,6272.0,4673.0,0.0,32.1199989,20.9200001
TXS01,30.42047,-98.80332,2025-07-02,na,6272.0,4673.0,3.3,30.8700008,21.9500008
TXS01,30.42047,-98.80332,2025-07-03,na,6272.0,4673.0,61.8499985,30.1299992,22.1599998
TXS01,30.42047,-98.80332,2025-07-04,na,6272.0,4673.0,70.9800034,24.5400009,21.2099991
TXS01,30.42047,-98.80332,2025-07-05,na,6272.0,4673.0,7.77,26.7999992,21.3199997
TXS01,30.42047,-98.80332,2025-07-06,na,6272.0,4673.0,22.0200005,27.8199997,21.8299999
TXS01,30.42047,-98.80332,2025-07-07,na,6272.0,4673.0,3.48,29.8099995,22.2299995
TXS01,30.42047,-98.80332,2025-07-08,na,6272.0,4673.0,0.0,31.9699993,22.1599998
TXS01,30.42047,-98.80332,2025-07-09,na,6272.0,4673.0,18.1100006,31.6000004,21.5200005
TXS01,30.42047,-98.80332,2025-07-10,na,6272.0,4673.0,0.0,31.8700008,21.0400009
TXS01,30.42047,-98.80332,2025-07-11,na,6272.0,4673.0,0.0,31.4899998,21.6200008
TXS01,30.42047,-98.80332,2025-07-12,na,6272.0,4673.0,0.0,31.9500008,22.4300003
TXS01,30.42047,-98.80332,2025-07-13,na,6272.0,4673.0,32.5099983,28.9599991,19.6200008
TXS01,30.42047,-98.80332,2025-07-14,na,6272.0,4673.0,4.3400002,28.7600002,20.1900005
TXS01,30.42047,-98.80332,2025-07-15,na,6272.0,4673.0,0.0,30.4200001,21.5300007
TXS01,30.42047,-98.80332,2025-07-16,na,6272.0,4673.0,0.0,31.8899994,22.1800003
TXS01,30.42047,-98.80332,2025-07-17,na,6272.0,4673.0,0.0,32.5400009,21.4799995
TXS01,30.42047,-98.80332,2025-07-18,na,6272.0,4673.0,0.0,32.3100014,20.1299992
TXS01,30.42047,-98.80332,2025-07-19,na,6272.0,4673.0,0.0,31.9400005,22.0799999
TXS01,30.42047,-98.80332,2025-07-20,na,6272.0,4673.0,0.0,30.8700008,23.1599998
TXS01,30.42047,-98.80332,2025-07-21,na,6272.0,4673.0,0.0,31.6900005,23.0499992
TXS01,30.42047,-98.80332,2025-07-22,na,6272.0,4673.0,0.0,32.3300018,22.5699997
TXS01,30.42047,-98.80332,2025-07-23,na,6272.0,4673.0,0.0,33.3300018,22.0900002
TXS01,30.42047,-98.80332,2025-07-24,na,6272.0,4673.0,0.0,34.3199997,22.1700001
TXS01,30.42047,-98.80332,2025-07-25,na,6272.0,4673.0,0.0,34.25,20.9699993
TXS01,30.42047,-98.80332,2025-07-26,na,6272.0,4673.0,0.0,33.3800011,22.1200008
TXS01,30.42047,-98.80332,2025-07-27,na,6272.0,4673.0,0.0,32.5900002,22.7999992
TXS01,30.42047,-98.80332,2025-07-28,na,6272.0,4673.0,0.0,33.0400009,22.1700001
TXS01,30.42047,-98.80332,2025-07-29,na,6272.0,4673.0,0.0,34.3899994,20.7399998
TXS01,30.42047,-98.80332,2025-07-30,na,6272.0,4673.0,0.0,35.1399994,17.2999992
TXS01,30.42047,-98.80332,2025-07-31,na,6272.0,4673.0,0.0,36.25,18.8700008
TXS01,30.42047,-98.80332,2025-08-01,na,6272.0,4673.0,0.0,35.9300003,21.0499992
TXS01,30.42047,-98.80332,2025-08-02,na,6272.0,4673.0,14.1700001,33.7200012,21.6700001
TXS01,30.42047,-98.80332,2025-08-03,na,6272.0,4673.0,0.0,34.75,19.1100006
TXS01,30.42047,-98.80332,2025-08-04,na,6272.0,4673.0,0.0,32.6399994,20.9500008
TXS01,30.42047,-98.80332,2025-08-05,na,6272.0,4673.0,0.0,33.75,19.1499996
TXS01,30.42047,-98.80332,2025-08-06,na,6272.0,4673.0,0.0,34.0900002,20.4200001
TXS01,30.42047,-98.80332,2025-08-07,na,6272.0,4673.0,0.0,34.5699997,21.5599995
TXS01,30.42047,-98.80332,2025-08-08,na,6272.0,4673.0,0.0,35.1399994,21.8299999
TXS01,30.42047,-98.80332,2025-08-09,na,6272.0,4673.0,0.0,35.4599991,21.8899994
TXS01,30.42047,-98.80332,2025-08-10,na,6272.0,4673.0,0.0,34.9300003,21.6599998
TXS01,30.42047,-98.80332,2025-08-11,na,6272.0,4673.0,0.0,34.7299995,21.5599995
TXS01,30.42047,-98.80332,2025-08-12,na,6272.0,4673.0,0.0,34.6500015,22.2399998
TXS01,30.42047,-98.80332,2025-08-13,na,6272.0,4673.0,5.1199999,34.5299988,20.6900005
TXS01,30.42047,-98.80332,2025-08-14,na,6272.0,4673.0,0.0,35.8499985,21.5100002
TXS01,30.42047,-98.80332,2025-08-15,na,6272.0,4673.0,0.0,34.9399986,22.7199993
TXS01,30.42047,-98.80332,2025-08-16,na,6272.0,4673.0,3.74,32.6800003,22.2399998
TXS01,30.42047,-98.80332,2025-08-17,na,6272.0,4673.0,0.0,34.6699982,22.3899994
TXS01,30.42047,-98.80332,2025-08-18,na,6272.0,4673.0,0.0,36.0200005,21.7399998
TXS01,30.42047,-98.80332,2025-08-19,na,6272.0,4673.0,23.6900005,34.7799988,21.4500008
TXS01,30.42047,-98.80332,2025-08-20,na,6272.0,4673.0,0.0,34.2599983,19.5
TXS01,30.42047,-98.80332,2025-08-21,na,6272.0,4673.0,0.0,32.9300003,20.5900002
TXS01,30.42047,-98.80332,2025-08-22,na,6272.0,4673.0,0.0,33.2400017,19.4799995
TXS01,30.42047,-98.80332,2025-08-23,na,6272.0,4673.0,0.0,33.0299988,19.8700008
TXS01,30.42047,-98.80332,2025-08-24,na,6272.0,4673.0,0.0,34.0699997,19.1700001
TXS01,30.42047,-98.80332,2025-08-25,na,6272.0,4673.0,0.0,34.0400009,19.8400002
TXS01,30.42047,-98.80332,2025-08-26,na,6272.0,4673.0,0.0,33.6800003,19.3600006
TXS01,30.42047,-98.80332,2025-08-27,na,6272.0,4673.0,0.0,33.9199982,21.0200005
TXS01,30.42047,-98.80332,2025-08-28,na,6272.0,4673.0,0.0,35.7099991,22.8400002
TXS01,30.42047,-98.80332,2025-08-29,na,6272.0,4673.0,0.0,36.4599991,23.2900009
TXS01,30.42047,-98.80332,2025-08-30,na,6272.0,4673.0,4.1700001,34.7200012,22.5200005
TXS01,30.42047,-98.80332,2025-08-31,na,6272.0,4673.0,53.7999992,31.6800003,21.3999996
TXS01,30.42047,-98.80332,2025-09-01,na,6272.0,4673.0,0.0,31.6200008,20.4099998
TXS01,30.42047,-98.80332,2025-09-02,na,6272.0,4673.0,0.0,32.6800003,18.7700005
TXS01,30.42047,-98.80332,2025-09-03,na,6272.0,4673.0,0.0,33.1800003,19.0300007
TXS01,30.42047,-98.80332,2025-09-04,na,6272.0,4673.0,0.0,35.7799988,16.4400005
TXS01,30.42047,-98.80332,2025-09-05,na,6272.0,4673.0,0.0,35.6800003,19.9899998
TXS01,30.42047,-98.80332,2025-09-06,na,6272.0,4673.0,59.9099998,28.7900009,20.9500008
TXS01,30.42047,-98.80332,2025-09-07,na,6272.0,4673.0,22.7399998,24.8899994,20.1200008
TXS01,30.42047,-98.80332,2025-09-08,na,6272.0,4673.0,0.0,27.6000004,18.4300003
TXS01,30.42047,-98.80332,2025-09-09,na,6272.0,4673.0,0.0,30.1000004,14.9399996
TXS01,30.42047,-98.80332,2025-09-10,na,6272.0,4673.0,0.0,31.5900002,15.8100004
TXS01,30.42047,-98.80332,2025-09-11,na,6272.0,4673.0,0.0,32.0299988,16.0300007
TXS01,30.42047,-98.80332,2025-09-12,na,6272.0,4673.0,0.0,32.1800003,18.4400005
TXS01,30.42047,-98.80332,2025-09-13,na,6272.0,4673.0,0.0,31.4500008,18.2800007
TXS01,30.42047,-98.80332,2025-09-14,na,6272.0,4673.0,0.0,31.7199993,18.9799995
TXS01,30.42047,-98.80332,2025-09-15,na,6272.0,4673.0,0.0,31.7399998,18.8899994
TXS01,30.42047,-98.80332,2025-09-16,na,6272.0,4673.0,0.0,31.5499992,18.1299992
TXS01,30.42047,-98.80332,2025-09-17,na,6272.0,4673.0,0.0,32.0,17.1100006
TXS01,30.42047,-98.80332,2025-09-18,na,6272.0,4673.0,0.0,31.9899998,17.8199997
TXS01,30.42047,-98.80332,2025-09-19,na,6272.0,4673.0,0.0,32.5499992,18.4099998
TXS01,30.42047,-98.80332,2025-09-20,na,6272.0,4673.0,0.0,32.8100014,18.0400009
TXS01,30.42047,-98.80332,2025-09-21,na,6272.0,4673.0,0.0,33.2000008,20.6200008
TXS01,30.42047,-98.80332,2025-09-22,na,6272.0,4673.0,0.0,34.1300011,21.5799999
TXS01,30.42047,-98.80332,2025-09-23,na,6272.0,4673.0,0.0,34.7000008,22.3799992
TXS01,30.42047,-98.80332,2025-09-24,na,6272.0,4673.0,1.02,27.9799995,21.3500004
TXS01,30.42047,-98.80332,2025-09-25,na,6272.0,4673.0,0.0,29.0300007,17.8799992
TXS01,30.42047,-98.80332,2025-09-26,na,6272.0,4673.0,0.0,30.6800003,13.8400002
TXS01,30.42047,-98.80332,2025-09-27,na,6272.0,4673.0,0.0,31.75,13.1599998
TXS01,30.42047,-98.80332,2025-09-28,na,6272.0,4673.0,0.0,30.9699993,13.46
TXS01,30.42047,-98.80332,2025-09-29,na,6272.0,4673.0,0.0,29.75,14.3199997
TXS01,30.42047,-98.80332,2025-09-30,na,6272.0,4673.0,0.0,31.5900002,14.6400003
TXS01,30.42047,-98.80332,2025-10-01,na,6272.0,4673.0,0.0,33.0600014,14.4700003
TXS01,30.42047,-98.80332,2025-10-02,na,6272.0,4673.0,0.0,33.4700012,15.4700003
TXS01,30.42047,-98.80332,2025-10-03,na,6272.0,4673.0,0.0,32.8499985,15.9499998
TXS01,30.42047,-98.80332,2025-10-04,na,6272.0,4673.0,0.0,30.7999992,16.5400009
TXS01,30.42047,-98.80332,2025-10-05,na,6272.0,4673.0,0.0,30.8700008,16.2299995
TXS01,30.42047,-98.80332,2025-10-06,na,6272.0,4673.0,0.0,31.7399998,16.6200008
TXS01,30.42047,-98.80332,2025-10-07,na,6272.0,4673.0,0.0,31.9699993,17.4500008
TXS01,30.42047,-98.80332,2025-10-08,na,6272.0,4673.0,0.0,31.3199997,17.8500004
TXS01,30.42047,-98.80332,2025-10-09,na,6272.0,4673.0,0.0,30.9799995,17.6800003
TXS01,30.42047,-98.80332,2025-10-10,na,6272.0,4673.0,0.0,31.3899994,15.5500002
TXS01,30.42047,-98.80332,2025-10-11,na,6272.0,4673.0,0.0,32.0999985,14.3400002
TXS01,30.42047,-98.80332,2025-10-12,na,6272.0,4673.0,0.0,30.9599991,14.6599998
TXS01,30.42047,-98.80332,2025-10-13,na,6272.0,4673.0,0.0,30.4899998,15.0900002
TXS01,30.42047,-98.80332,2025-10-14,na,6272.0,4673.0,0.0,30.2800007,16.0900002
TXS01,30.42047,-98.80332,2025-10-15,na,6272.0,4673.0,0.0,31.0499992,14.0699997
TXS01,30.42047,-98.80332,2025-10-16,na,6272.0,4673.0,0.0,29.2700005,14.6499996
TXS01,30.42047,-98.80332,2025-10-17,na,6272.0,4673.0,0.0,30.5300007,15.2299995
TXS01,30.42047,-98.80332,2025-10-18,na,6272.0,4673.0,0.0,32.8899994,17.2099991
TXS01,30.42047,-98.80332,2025-10-19,na,6272.0,4673.0,0.0,28.9200001,13.6099997
TXS01,30.42047,-98.80332,2025-10-20,na,6272.0,4673.0,0.0,31.9200001,12.3999996
TXS01,30.42047,-98.80332,2025-10-21,na,6272.0,4673.0,0.0,28.5300007,15.75
TXS01,30.42047,-98.80332,2025-10-22,na,6272.0,4673.0,0.0,29.2999992,12.9499998
TXS01,30.42047,-98.80332,2025-10-23,na,6272.0,4673.0,0.0,30.25,16.4200001
TXS01,30.42047,-98.80332,2025-10-24,na,6272.0,4673.0,45.2000008,29.0100002,16.1499996
TXS01,30.42047,-98.80332,2025-10-25,na,6272.0,4673.0,0.0,26.4300003,15.0500002
TXS01,30.42047,-98.80332,2025-10-26,na,6272.0,4673.0,0.0,28.4400005,12.6199999
TXS01,30.42047,-98.80332,2025-10-27,na,6272.0,4673.0,0.0,30.0400009,13.7700005
TXS01,30.42047,-98.80332,2025-10-28,na,6272.0,4673.0,0.0,26.3899994,14.1599998
TXS01,30.42047,-98.80332,2025-10-29,na,6272.0,4673.0,0.0,18.6599998,6.9299998
TXS01,30.42047,-98.80332,2025-10-30,na,6272.0,4673.0,0.0,20.9799995,1.38
TXS01,30.42047,-98.80332,2025-10-31,na,6272.0,4673.0,0.0,22.6599998,2.3099999
TXS01,30.42047,-98.80332,2025-11-01,na,6272.0,4673.0,1.11,19.5,6.25
TXS01,30.42047,-98.80332,2025-11-02,na,6272.0,4673.0,0.0,22.0499992,5.3600001
TXS01,30.42047,-98.80332,2025-11-03,na,6272.0,4673.0,0.0,24.1000004,5.6199999
TXS01,30.42047,-98.80332,2025-11-04,na,6272.0,4673.0,0.0,24.7800007,6.6599998
TXS01,30.42047,-98.80332,2025-11-05,na,6272.0,4673.0,0.0,28.0799999,9.2700005
TXS01,30.42047,-98.80332,2025-11-06,na,6272.0,4673.0,0.0,28.3700008,10.6400003
TXS01,30.42047,-98.80332,2025-11-07,na,6272.0,4673.0,0.0,30.8199997,11.5200005
TXS01,30.42047,-98.80332,2025-11-08,na,6272.0,4673.0,0.0,30.2000008,9.8199997
TXS01,30.42047,-98.80332,2025-11-09,na,6272.0,4673.0,0.0,20.8099995,8.2600002
TXS01,30.42047,-98.80332,2025-11-10,na,6272.0,4673.0,0.0,16.8500004,0.87
TXS01,30.42047,-98.80332,2025-11-11,na,6272.0,4673.0,0.0,22.5799999,2.0
TXS01,30.42047,-98.80332,2025-11-12,na,6272.0,4673.0,0.0,26.0900002,7.2199998
TXS01,30.42047,-98.80332,2025-11-13,na,6272.0,4673.0,0.0,27.0400009,10.5699997
TXS01,30.42047,-98.80332,2025-11-14,na,6272.0,4673.0,0.0,27.9899998,13.9899998
TXS01,30.42047,-98.80332,2025-11-15,na,6272.0,4673.0,0.0,28.2000008,15.9200001
TXS01,30.42047,-98.80332,2025-11-16,na,6272.0,4673.0,0.0,30.0,14.6899996
TXS01,30.42047,-98.80332,2025-11-17,na,6272.0,4673.0,0.0,28.7999992,15.6899996
TXS01,30.42047,-98.80332,2025-11-18,na,6272.0,4673.0,0.0,26.0799999,16.7099991
TXS01,30.42047,-98.80332,2025-11-19,na,6272.0,4673.0,7.3299999,26.1200008,17.0799999
TXS01,30.42047,-98.80332,2025-11-20,na,6272.0,4673.0,11.3100004,25.4500008,15.9200001
TXS01,30.42047,-98.80332,2025-11-21,na,6272.0,4673.0,2.98,24.7399998,13.71
TXS01,30.42047,-98.80332,2025-11-22,na,6272.0,4673.0,0.0,24.0300007,9.7399998
TXS01,30.42047,-98.80332,2025-11-23,na,6272.0,4673.0,0.14,19.4400005,11.3500004
TXS01,30.42047,-98.80332,2025-11-24,na,6272.0,4673.0,3.21,23.3600006,12.04
TXS01,30.42047,-98.80332,2025-11-25,na,6272.0,4673.0,0.0,25.8099995,7.46
TXS01,30.42047,-98.80332,2025-11-26,na,6272.0,4673.0,0.0,16.9400005,7.4499998
TXS01,30.42047,-98.80332,2025-11-27,na,6272.0,4673.0,0.0,15.6499996,5.96
TXS01,30.42047,-98.80332,2025-11-28,na,6272.0,4673.0,5.5,17.0699997,7.9200001
TXS01,30.42047,-98.80332,2025-11-29,na,6272.0,4673.0,0.0,22.9500008,10.75
TXS01,30.42047,-98.80332,2025-11-30,na,6272.0,4673.0,0.0,12.1400003,4.6100001
TXS01,30.42047,-98.80332,2025-12-01,na,6272.0,4673.0,0.0,7.7399998,2.6300001
TXS01,30.42047,-98.80332,2025-12-02,na,6272.0,4673.0,0.0,15.3400002,-1.11
TXS01,30.42047,-98.80332,2025-12-03,na,6272.0,4673.0,1.95,19.0599995,0.9
TXS01,30.42047,-98.80332,2025-12-04,na,6272.0,4673.0,0.0,11.6899996,4.3800001
TXS01,30.42047,-98.80332,2025-12-05,na,6272.0,4673.0,0.0,14.9399996,4.4099998
TXS01,30.42047,-98.80332,2025-12-06,na,6272.0,4673.0,0.0,24.3299999,4.4299998
TXS01,30.42047,-98.80332,2025-12-07,na,6272.0,4673.0,0.0,17.3199997,5.5999999
TXS01,30.42047,-98.80332,2025-12-08,na,6272.0,4673.0,0.0,17.6499996,-0.29
TXS01,30.42047,-98.80332,2025-12-09,na,6272.0,4673.0,0.0,19.7999992,-0.23
TXS01,30.42047,-98.80332,2025-12-10,na,6272.0,4673.0,0.0,20.1599998,2.71
TXS01,30.42047,-98.80332,2025-12-11,na,6272.0,4673.0,0.0,20.8600006,0.48
TXS01,30.42047,-98.80332,2025-12-12,na,6272.0,4673.0,0.0,22.5499992,4.6300001
TXS01,30.42047,-98.80332,2025-12-13,na,6272.0,4673.0,0.0,24.9899998,9.6499996
TXS01,30.42047,-98.80332,2025-12-14,na,6272.0,4673.0,0.0,13.6199999,2.8299999
TXS01,30.42047,-98.80332,2025-12-15,na,6272.0,4673.0,0.0,15.5299997,0.28
TXS01,30.42047,-98.80332,2025-12-16,na,6272.0,4673.0,0.0,14.3199997,3.79
TXS01,30.42047,-98.80332,2025-12-17,na,6272.0,4673.0,0.0,18.25,10.1199999
TXS01,30.42047,-98.80332,2025-12-18,na,6272.0,4673.0,0.0,21.9599991,7.8099999
TXS01,30.42047,-98.80332,2025-12-19,na,6272.0,4673.0,0.0,20.8500004,0.42
TXS01,30.42047,-98.80332,2025-12-20,na,6272.0,4673.0,0.0,26.8700008,5.5500002
TXS01,30.42047,-98.80332,2025-12-21,na,6272.0,4673.0,0.0,20.1900005,5.8899999
TXS01,30.42047,-98.80332,2025-12-22,na,6272.0,4673.0,0.0,24.1100006,5.8699999
TXS01,30.42047,-98.80332,2025-12-23,na,6272.0,4673.0,0.0,24.8799992,13.3000002
TXS01,30.42047,-98.80332,2025-12-24,na,6272.0,4673.0,0.0,23.4300003,13.6700001
TXS01,30.42047,-98.80332,2025-12-25,na,6272.0,4673.0,0.0,25.0499992,12.3800001
TXS01,30.42047,-98.80332,2025-12-26,na,6272.0,4673.0,0.0,29.1499996,13.4799995
TXS01,30.42047,-98.80332,2025-12-27,na,6272.0,4673.0,0.0,24.5100002,14.6199999
TXS01,30.42047,-98.80332,2025-12-28,na,6272.0,4673.0,0.0,25.3299999,12.9399996
TXS01,30.42047,-98.80332,2025-12-29,na,6272.0,4673.0,0.0,9.0900002,3.3800001
TXS01,30.42047,-98.80332,2025-12-30,na,6272.0,4673.0,0.0,15.4700003,0.84
TXS01,30.42047,-98.80332,2025-12-31,na,6272.0,4673.0,0.0,20.4799995,-1.21
TXS02,30.34771,-98.77726,2024-01-01,na,6280.0,4675.0,0.0,14.1099997,-0.03
TXS02,30.34771,-98.77726,2024-01-02,na,6280.0,4675.0,19.25,9.1499996,0.81
TXS02,30.34771,-98.77726,2024-01-03,na,6280.0,4675.0,0.0,8.6700001,3.76
TXS02,30.34771,-98.77726,2024-01-04,na,6280.0,4675.0,7.1300001,9.5100002,4.54
TXS02,30.34771,-98.77726,2024-01-05,na,6280.0,4675.0,0.0,14.71,3.77
TXS02,30.34771,-98.77726,2024-01-06,na,6280.0,4675.0,0.0,16.6599998,-0.6
TXS02,30.34771,-98.77726,2024-01-07,na,6280.0,4675.0,2.1400001,15.9399996,-2.0799999
TXS02,30.34771,-98.77726,2024-01-08,na,6280.0,4675.0,6.4499998,15.8900003,2.6099999
TXS02,30.34771,-98.77726,2024-01-09,na,6280.0,4675.0,0.0,12.1199999,-0.46
TXS02,30.34771,-98.77726,2024-01-10,na,6280.0,4675.0,0.0,16.9699993,-1.17
TXS02,30.34771,-98.77726,2024-01-11,na,6280.0,4675.0,0.0,20.5100002,0.1
TXS02,30.34771,-98.77726,2024-01-12,na,6280.0,4675.0,0.0,14.3400002,0.22
TXS02,30.34771,-98.77726,2024-01-13,na,6280.0,4675.0,0.0,13.1599998,-2.8499999
TXS02,30.34771,-98.77726,2024-01-14,na,6280.0,4675.0,0.0,0.7,-9.8500004
TXS02,30.34771,-98.77726,2024-01-15,na,6280.0,4675.0,0.0,-6.2800002,-11.5699997
TXS02,30.34771,-98.77726,2024-01-16,na,6280.0,4675.0,0.0,-1.71,-11.8999996
TXS02,30.34771,-98.77726,2024-01-17,na,6280.0,4675.0,0.0,6.8899999,-12.21
TXS02,30.34771,-98.77726,2024-01-18,na,6280.0,4675.0,0.0,19.9599991,-4.23
TXS02,30.34771,-98.77726,2024-01-19,na,6280.0,4675.0,0.0,7.8099999,-4.4899998
TXS02,30.34771,-98.77726,2024-01-20,na,6280.0,4675.0,0.0,4.2399998,-6.9499998
TXS02,30.34771,-98.77726,2024-01-21,na,6280.0,4675.0,9.2399998,6.0999999,-2.5
TXS02,30.34771,-98.77726,2024-01-22,na,6280.0,4675.0,4.3299999,17.0100002,0.18
TXS02,30.34771,-98.77726,2024-01-23,na,6280.0,4675.0,1.16,16.8700008,8.96
TXS02,30.34771,-98.77726,2024-01-24,na,6280.0,4675.0,4.71,13.3900003,9.6300001
TXS02,30.34771,-98.77726,2024-01-25,na,6280.0,4675.0,0.0,18.3700008,5.8800001
TXS02,30.34771,-98.77726,2024-01-26,na,6280.0,4675.0,0.0,19.4500008,7.6799998
TXS02,30.34771,-98.77726,2024-01-27,na,6280.0,4675.0,0.0,15.6700001,6.25
TXS02,30.34771,-98.77726,2024-01-28,na,6280.0,4675.0,0.0,17.2999992,0.78
TXS02,30.34771,-98.77726,2024-01-29,na,6280.0,4675.0,0.0,19.1599998,1.47
TXS02,30.34771,-98.77726,2024-01-30,na,6280.0,4675.0,0.0,20.7299995,3.2
TXS02,30.34771,-98.77726,2024-01-31,na,6280.0,4675.0,0.0,21.7399998,2.72
TXS02,30.34771,-98.77726,2024-02-01,na,6280.0,4675.0,0.0,19.5799999,5.5
TXS02,30.34771,-98.77726,2024-02-02,na,6280.0,4675.0,5.8499999,17.2099991,11.0200005
TXS02,30.34771,-98.77726,2024-02-03,na,6280.0,4675.0,0.0,18.7900009,8.0500002
TXS02,30.34771,-98.77726,2024-02-04,na,6280.0,4675.0,0.0,17.5900002,7.3600001
TXS02,30.34771,-98.77726,2024-02-05,na,6280.0,4675.0,0.0,16.0499992,7.04
TXS02,30.34771,-98.77726,2024-02-06,na,6280.0,4675.0,0.0,18.0499992,2.04
TXS02,30.34771,-98.77726,2024-02-07,na,6280.0,4675.0,0.0,18.1599998,5.6500001
TXS02,30.34771,-98.77726,2024-02-08,na,6280.0,4675.0,0.0,19.1200008,8.6099997
TXS02,30.34771,-98.77726,2024-02-09,na,6280.0,4675.0,20.0200005,21.6499996,10.6300001
TXS02,30.34771,-98.77726,2024-02-10,na,6280.0,4675.0,14.8699999,16.5200005,11.96
TXS02,30.34771,-98.77726,2024-02-11,na,6280.0,4675.0,0.0,13.9200001,5.5500002
TXS02,30.34771,-98.77726,2024-02-12,na,6280.0,4675.0,0.0,13.25,1.97
TXS02,30.34771,-98.77726,2024-02-13,na,6280.0,4675.0,0.0,17.2299995,-0.14
TXS02,30.34771,-98.77726,2024-02-14,na,6280.0,4675.0,0.0,16.25,2.8399999
TXS02,30.34771,-98.77726,2024-02-15,na,6280.0,4675.0,0.0,18.3799992,8.0600004
TXS02,30.34771,-98.77726,2024-02-16,na,6280.0,4675.0,0.0,21.1700001,7.0100002
TXS02,30.34771,-98.77726,2024-02-17,na,6280.0,4675.0,0.0,7.25,-0.1
TXS02,30.34771,-98.77726,2024-02-18,na,6280.0,4675.0,0.0,11.0500002,-3.72
TXS02,30.34771,-98.77726,2024-02-19,na,6280.0,4675.0,0.0,19.0300007,-1.12
TXS02,30.34771,-98.77726,2024-02-20,na,6280.0,4675.0,0.0,24.7999992,3.3800001
TXS02,30.34771,-98.77726,2024-02-21,na,6280.0,4675.0,0.0,24.7900009,8.4399996
TXS02,30.34771,-98.77726,2024-02-22,na,6280.0,4675.0,0.0,26.7600002,12.4300003
TXS02,30.34771,-98.77726,2024-02-23,na,6280.0,4675.0,0.0,21.5200005,9.0100002
TXS02,30.34771,-98.77726,2024-02-24,na,6280.0,4675.0,0.0,23.25,4.5100002
TXS02,30.34771,-98.77726,2024-02-25,na,6280.0,4675.0,0.0,28.2700005,10.3199997
TXS02,30.34771,-98.77726,2024-02-26,na,6280.0,4675.0,0.0,32.1100006,11.1400003
TXS02,30.34771,-98.77726,2024-02-27,na,6280.0,4675.0,0.0,28.7600002,14.6899996
TXS02,30.34771,-98.77726,2024-02-28,na,6280.0,4675.0,0.0,19.6000004,6.3299999
TXS02,30.34771,-98.77726,2024-02-29,na,6280.0,4675.0,0.0,9.1499996,2.21
TXS02,30.34771,-98.77726,2024-03-01,na,6280.0,4675.0,0.0,25.5499992,-1.0700001
TXS02,30.34771,-98.77726,2024-03-02,na,6280.0,4675.0,0.0,27.2399998,5.5900002
TXS02,30.34771,-98.77726,2024-03-03,na,6280.0,4675.0,0.0,24.4300003,11.3699999
TXS02,30.34771,-98.77726,2024-03-04,na,6280.0,4675.0,0.0,24.8099995,12.2600002
TXS02,30.34771,-98.77726,2024-03-05,na,6280.0,4675.0,0.0,27.7299995,11.1800003
TXS02,30.34771,-98.77726,2024-03-06,na,6280.0,4675.0,0.0,27.3099995,9.3500004
TXS02,30.34771,-98.77726,2024-03-07,na,6280.0,4675.0,8.8299999,21.1000004,14.3199997
TXS02,30.34771,-98.77726,2024-03-08,na,6280.0,4675.0,0.0,23.8199997,8.5699997
TXS02,30.34771,-98.77726,2024-03-09,na,6280.0,4675.0,0.0,15.8199997,4.5100002
TXS02,30.34771,-98.77726,2024-03-10,na,6280.0,4675.0,0.0,17.1499996,2.21
TXS02,30.34771,-98.77726,2024-03-11,na,6280.0,4675.0,0.0,20.7700005,6.23
TXS02,30.34771,-98.77726,2024-03-12,na,6280.0,4675.0,0.0,22.5400009,9.5299997
TXS02,30.34771,-98.77726,2024-03-13,na,6280.0,4675.0,0.0,26.8099995,13.6300001
TXS02,30.34771,-98.77726,2024-03-14,na,6280.0,4675.0,0.0,25.3999996,17.0200005
TXS02,30.34771,-98.77726,2024-03-15,na,6280.0,4675.0,1.29,20.3999996,16.0200005
TXS02,30.34771,-98.77726,2024-03-16,na,6280.0,4675.0,4.2600002,19.7299995,12.5299997
TXS02,30.34771,-98.77726,2024-03-17,na,6280.0,4675.0,7.75,16.1200008,11.6099997
TXS02,30.34771,-98.77726,2024-03-18,na,6280.0,4675.0,0.0,16.0,8.6099997
TXS02,30.34771,-98.77726,2024-03-19,na,6280.0,4675.0,0.0,17.5,6.54
TXS02,30.34771,-98.77726,2024-03-20,na,6280.0,4675.0,3.0,17.9300003,5.0500002
TXS02,30.34771,-98.77726,2024-03-21,na,6280.0,4675.0,23.7099991,19.0200005,8.4499998
TXS02,30.34771,-98.77726,2024-03-22,na,6280.0,4675.0,0.0,22.7800007,8.3800001
TXS02,30.34771,-98.77726,2024-03-23,na,6280.0,4675.0,0.0,21.5300007,7.6100001
TXS02,30.34771,-98.77726,2024-03-24,na,6280.0,4675.0,5.21,19.9599991,10.3999996
TXS02,30.34771,-98.77726,2024-03-25,na,6280.0,4675.0,0.0,21.5900002,10.0
TXS02,30.34771,-98.77726,2024-03-26,na,6280.0,4675.0,0.0,19.3400002,3.3800001
TXS02,30.34771,-98.77726,2024-03-27,na,6280.0,4675.0,2.23,19.1299992,4.9200001
TXS02,30.34771,-98.77726,2024-03-28,na,6280.0,4675.0,0.0,22.7600002,4.6599998
TXS02,30.34771,-98.77726,2024-03-29,na,6280.0,4675.0,0.0,23.3899994,9.8800001
TXS02,30.34771,-98.77726,2024-03-30,na,6280.0,4675.0,0.0,21.2800007,14.6300001
TXS02,30.34771,-98.77726,2024-03-31,na,6280.0,4675.0,0.0,22.6299992,16.2299995
TXS02,30.34771,-98.77726,2024-04-01,na,6280.0,4675.0,3.5699999,26.3400002,15.7700005
TXS02,30.34771,-98.77726,2024-04-02,na,6280.0,4675.0,0.0,20.4699993,10.21
TXS02,30.34771,-98.77726,2024-04-03,na,6280.0,4675.0,0.0,24.0599995,4.2800002
TXS02,30.34771,-98.77726,2024-04-04,na,6280.0,4675.0,0.0,27.8500004,5.3400002
TXS02,30.34771,-98.77726,2024-04-05,na,6280.0,4675.0,0.0,27.3799992,9.3299999
TXS02,30.34771,-98.77726,2024-04-06,na,6280.0,4675.0,0.0,25.4599991,12.3299999
TXS02,30.34771,-98.77726,2024-04-07,na,6280.0,4675.0,0.0,25.9799995,12.9099998
TXS02,30.34771,-98.77726,2024-04-08,na,6280.0,4675.0,0.0,24.7900009,12.2200003
TXS02,30.34771,-98.77726,2024-04-09,na,6280.0,4675.0,6.2199998,29.0,16.3899994
TXS02,30.34771,-98.77726,2024-04-10,na,6280.0,4675.0,0.0,21.3199997,9.5900002
TXS02,30.34771,-98.77726,2024-04-11,na,6280.0,4675.0,0.0,24.25,7.5599999
TXS02,30.34771,-98.77726,2024-04-12,na,6280.0,4675.0,0.0,26.3899994,9.0100002
TXS02,30.34771,-98.77726,2024-04-13,na,6280.0,4675.0,0.0,26.7099991,11.4300003
TXS02,30.34771,-98.77726,2024-04-14,na,6280.0,4675.0,0.0,28.0499992,15.7200003
TXS02,30.34771,-98.77726,2024-04-15,na,6280.0,4675.0,1.55,27.3400002,17.5499992
TXS02,30.34771,-98.77726,2024-04-16,na,6280.0,4675.0,0.0,28.6100006,18.5100002
TXS02,30.34771,-98.77726,2024-04-17,na,6280.0,4675.0,0.0,28.7399998,19.8600006
TXS02,30.34771,-98.77726,2024-04-18,na,6280.0,4675.0,0.0,28.0400009,20.1800003
TXS02,30.34771,-98.77726,2024-04-19,na,6280.0,4675.0,0.37,21.5699997,16.0400009
TXS02,30.34771,-98.77726,2024-04-20,na,6280.0,4675.0,20.5499992,18.1800003,12.71
TXS02,30.34771,-98.77726,2024-04-21,na,6280.0,4675.0,0.0,17.9400005,7.79
TXS02,30.34771,-98.77726,2024-04-22,na,6280.0,4675.0,0.0,21.3299999,5.9699998
TXS02,30.34771,-98.77726,2024-04-23,na,6280.0,4675.0,0.0,23.1000004,10.1499996
TXS02,30.34771,-98.77726,2024-04-24,na,6280.0,4675.0,0.0,26.3799992,16.0300007
TXS02,30.34771,-98.77726,2024-04-25,na,6280.0,4675.0,0.0,25.5400009,17.9699993
TXS02,30.34771,-98.77726,2024-04-26,na,6280.0,4675.0,0.7,26.8099995,19.8799992
TXS02,30.34771,-98.77726,2024-04-27,na,6280.0,4675.0,14.1999998,27.0200005,20.4799995
TXS02,30.34771,-98.77726,2024-04-28,na,6280.0,4675.0,0.0,28.4799995,15.8599997
TXS02,30.34771,-98.77726,2024-04-29,na,6280.0,4675.0,0.0,29.8199997,14.3400002
TXS02,30.34771,-98.77726,2024-04-30,na,6280.0,4675.0,0.0,29.1399994,16.9200001
TXS02,30.34771,-98.77726,2024-05-01,na,6280.0,4675.0,18.3199997,25.9899998,18.3199997
TXS02,30.34771,-98.77726,2024-05-02,na,6280.0,4675.0,0.0,25.5100002,19.7000008
TXS02,30.34771,-98.77726,2024-05-03,na,6280.0,4675.0,0.15,25.7000008,19.6599998
TXS02,30.34771,-98.77726,2024-05-04,na,6280.0,4675.0,16.5100002,23.2600002,19.9200001
TXS02,30.34771,-98.77726,2024-05-05,na,6280.0,4675.0,0.0,23.2000008,15.2299995
TXS02,30.34771,-98.77726,2024-05-06,na,6280.0,4675.0,0.0,27.2800007,18.1800003
TXS02,30.34771,-98.77726,2024-05-07,na,6280.0,4675.0,0.0,29.9699993,19.7999992
TXS02,30.34771,-98.77726,2024-05-08,na,6280.0,4675.0,0.47,31.3799992,21.7800007
TXS02,30.34771,-98.77726,2024-05-09,na,6280.0,4675.0,0.0,32.9700012,19.8999996
TXS02,30.34771,-98.77726,2024-05-10,na,6280.0,4675.0,0.0,27.6000004,16.75
TXS02,30.34771,-98.77726,2024-05-11,na,6280.0,4675.0,1.62,25.4400005,17.4599991
TXS02,30.34771,-98.77726,2024-05-12,na,6280.0,4675.0,3.8199999,25.7199993,16.7800007
TXS02,30.34771,-98.77726,2024-05-13,na,6280.0,4675.0,0.0,27.8899994,16.8899994
TXS02,30.34771,-98.77726,2024-05-14,na,6280.0,4675.0,0.0,30.5100002,13.3999996
TXS02,30.34771,-98.77726,2024-05-15,na,6280.0,4675.0,0.0,32.3899994,17.1499996
TXS02,30.34771,-98.77726,2024-05-16,na,6280.0,4675.0,11.4099998,26.3899994,18.0699997
TXS02,30.34771,-98.77726,2024-05-17,na,6280.0,4675.0,0.0,27.7000008,13.5299997
TXS02,30.34771,-98.77726,2024-05-18,na,6280.0,4675.0,0.0,33.5800018,15.21
TXS02,30.34771,-98.77726,2024-05-19,na,6280.0,4675.0,0.0,33.2900009,18.1700001
TXS02,30.34771,-98.77726,2024-05-20,na,6280.0,4675.0,0.0,32.9599991,19.8400002
TXS02,30.34771,-98.77726,2024-05-21,na,6280.0,4675.0,0.0,32.5299988,21.5300007
TXS02,30.34771,-98.77726,2024-05-22,na,6280.0,4675.0,0.0,31.1900005,22.4699993
TXS02,30.34771,-98.77726,2024-05-23,na,6280.0,4675.0,0.0,31.4200001,22.8199997
TXS02,30.34771,-98.77726,2024-05-24,na,6280.0,4675.0,0.0,31.5699997,23.3299999
TXS02,30.34771,-98.77726,2024-05-25,na,6280.0,4675.0,0.0,35.0099983,23.0900002
TXS02,30.34771,-98.77726,2024-05-26,na,6280.0,4675.0,0.0,36.3699989,23.1100006
TXS02,30.34771,-98.77726,2024-05-27,na,6280.0,4675.0,15.0600004,38.4300003,23.2700005
TXS02,30.34771,-98.77726,2024-05-28,na,6280.0,4675.0,10.8000002,31.8199997,20.5100002
TXS02,30.34771,-98.77726,2024-05-29,na,6280.0,4675.0,0.0,30.3199997,18.7700005
TXS02,30.34771,-98.77726,2024-05-30,na,6280.0,4675.0,29.1599998,30.6599998,20.1700001
TXS02,30.34771,-98.77726,2024-05-31,na,6280.0,4675.0,6.25,29.6299992,15.8699999
TXS02,30.34771,-98.77726,2024-06-01,na,6280.0,4675.0,2.8299999,30.0599995,17.9099998
TXS02,30.34771,-98.77726,2024-06-02,na,6280.0,4675.0,0.0,31.2999992,21.0200005
TXS02,30.34771,-98.77726,2024-06-03,na,6280.0,4675.0,0.0,32.1199989,23.4400005
TXS02,30.34771,-98.77726,2024-06-04,na,6280.0,4675.0,0.0,35.0499992,23.9799995
TXS02,30.34771,-98.77726,2024-06-05,na,6280.0,4675.0,0.0,33.5699997,22.1900005
TXS02,30.34771,-98.77726,2024-06-06,na,6280.0,4675.0,0.0,34.5299988,20.3299999
TXS02,30.34771,-98.77726,2024-06-07,na,6280.0,4675.0,0.0,35.0699997,20.6700001
TXS02,30.34771,-98.77726,2024-06-08,na,6280.0,4675.0,0.0,34.5999985,21.4500008
TXS02,30.34771,-98.77726,2024-06-09,na,6280.0,4675.0,0.89,34.0499992,21.5400009
TXS02,30.34771,-98.77726,2024-06-10,na,6280.0,4675.0,0.0,33.0200005,19.9899998
TXS02,30.34771,-98.77726,2024-06-11,na,6280.0,4675.0,13.3800001,32.1599998,19.3600006
TXS02,30.34771,-98.77726,2024-06-12,na,6280.0,4675.0,0.0,30.4699993,20.7600002
TXS02,30.34771,-98.77726,2024-06-13,na,6280.0,4675.0,0.0,32.2999992,21.3799992
TXS02,30.34771,-98.77726,2024-06-14,na,6280.0,4675.0,0.0,33.4900017,21.9400005
TXS02,30.34771,-98.77726,2024-06-15,na,6280.0,4675.0,0.0,33.2900009,21.5100002
TXS02,30.34771,-98.77726,2024-06-16,na,6280.0,4675.0,0.0,32.7999992,22.6599998
TXS02,30.34771,-98.77726,2024-06-17,na,6280.0,4675.0,0.0,33.4199982,23.3999996
TXS02,30.34771,-98.77726,2024-06-18,na,6280.0,4675.0,0.0,32.4799995,22.3999996
TXS02,30.34771,-98.77726,2024-06-19,na,6280.0,4675.0,44.8800011,28.5300007,20.75
TXS02,30.34771,-98.77726,2024-06-20,na,6280.0,4675.0,15.21,27.9899998,20.5300007
TXS02,30.34771,-98.77726,2024-06-21,na,6280.0,4675.0,0.0,30.1200008,21.0799999
TXS02,30.34771,-98.77726,2024-06-22,na,6280.0,4675.0,0.0,31.6599998,21.2600002
TXS02,30.34771,-98.77726,2024-06-23,na,6280.0,4675.0,0.0,32.6300011,20.2399998
TXS02,30.34771,-98.77726,2024-06-24,na,6280.0,4675.0,0.0,32.9000015,21.3799992
TXS02,30.34771,-98.77726,2024-06-25,na,6280.0,4675.0,0.0,33.0900002,23.6100006
TXS02,30.34771,-98.77726,2024-06-26,na,6280.0,4675.0,0.0,33.5099983,24.2700005
TXS02,30.34771,-98.77726,2024-06-27,na,6280.0,4675.0,0.0,35.4199982,23.8600006
TXS02,30.34771,-98.77726,2024-06-28,na,6280.0,4675.0,0.0,34.6800003,23.5599995
TXS02,30.34771,-98.77726,2024-06-29,na,6280.0,4675.0,0.0,34.4900017,23.8899994
TXS02,30.34771,-98.77726,2024-06-30,na,6280.0,4675.0,0.0,33.8199997,23.3700008
TXS02,30.34771,-98.77726,2024-07-01,na,6280.0,4675.0,0.0,34.6500015,21.2299995
TXS02,30.34771,-98.77726,2024-07-02,na,6280.0,4675.0,0.0,36.0,22.8299999
TXS02,30.34771,-98.77726,2024-07-03,na,6280.0,4675.0,0.0,35.3899994,23.5200005
TXS02,30.34771,-98.77726,2024-07-04,na,6280.0,4675.0,0.0,35.2200012,23.8099995
TXS02,30.34771,-98.77726,2024-07-05,na,6280.0,4675.0,0.0,35.3800011,23.2199993
TXS02,30.34771,-98.77726,2024-07-06,na,6280.0,4675.0,39.4199982,33.5800018,20.5900002
TXS02,30.34771,-98.77726,2024-07-07,na,6280.0,4675.0,0.0,32.4799995,20.5799999
TXS02,30.34771,-98.77726,2024-07-08,na,6280.0,4675.0,0.0,31.5200005,21.4400005
TXS02,30.34771,-98.77726,2024-07-09,na,6280.0,4675.0,0.0,31.5599995,21.0300007
TXS02,30.34771,-98.77726,2024-07-10,na,6280.0,4675.0,0.0,32.0400009,21.1700001
TXS02,30.34771,-98.77726,2024-07-11,na,6280.0,4675.0,0.0,31.9200001,18.7999992
TXS02,30.34771,-98.77726,2024-07-12,na,6280.0,4675.0,0.0,31.7399998,19.2800007
TXS02,30.34771,-98.77726,2024-07-13,na,6280.0,4675.0,0.88,30.0100002,20.8799992
TXS02,30.34771,-98.77726,2024-07-14,na,6280.0,4675.0,0.0,32.0400009,22.2199993
TXS02,30.34771,-98.77726,2024-07-15,na,6280.0,4675.0,0.0,33.6899986,22.9599991
TXS02,30.34771,-98.77726,2024-07-16,na,6280.0,4675.0,0.0,34.6399994,21.4699993
TXS02,30.34771,-98.77726,2024-07-17,na,6280.0,4675.0,0.0,34.0,22.5499992
TXS02,30.34771,-98.77726,2024-07-18,na,6280.0,4675.0,41.9000015,31.9300003,21.5900002
TXS02,30.34771,-98.77726,2024-07-19,na,6280.0,4675.0,0.0,32.6199989,20.6200008
TXS02,30.34771,-98.77726,2024-07-20,na,6280.0,4675.0,0.0,32.75,21.3700008
TXS02,30.34771,-98.77726,2024-07-21,na,6280.0,4675.0,0.0,31.8199997,21.8899994
TXS02,30.34771,-98.77726,2024-07-22,na,6280.0,4675.0,26.4899998,29.0200005,21.1000004
TXS02,30.34771,-98.77726,2024-07-23,na,6280.0,4675.0,31.0900002,26.3199997,21.2700005
TXS02,30.34771,-98.77726,2024-07-24,na,6280.0,4675.0,0.0,29.7199993,20.2000008
TXS02,30.34771,-98.77726,2024-07-25,na,6280.0,4675.0,7.6799998,30.5599995,20.1200008
TXS02,30.34771,-98.77726,2024-07-26,na,6280.0,4675.0,13.3699999,30.5599995,20.7299995
TXS02,30.34771,-98.77726,2024-07-27,na,6280.0,4675.0,0.0,31.8799992,19.8199997
TXS02,30.34771,-98.77726,2024-07-28,na,6280.0,4675.0,5.23,30.2900009,21.2099991
TXS02,30.34771,-98.77726,2024-07-29,na,6280.0,4675.0,0.0,31.8600006,22.7800007
TXS02,30.34771,-98.77726,2024-07-30,na,6280.0,4675.0,0.0,32.2099991,23.2399998
TXS02,30.34771,-98.77726,2024-07-31,na,6280.0,4675.0,0.0,32.5699997,23.3500004
TXS02,30.34771,-98.77726,2024-08-01,na,6280.0,4675.0,0.0,34.1300011,21.3600006
TXS02,30.34771,-98.77726,2024-08-02,na,6280.0,4675.0,0.0,34.3400002,22.2000008
TXS02,30.34771,-98.77726,2024-08-03,na,6280.0,4675.0,0.0,34.8699989,21.7800007
TXS02,30.34771,-98.77726,2024-08-04,na,6280.0,4675.0,0.0,34.7299995,22.6299992
TXS02,30.34771,-98.77726,2024-08-05,na,6280.0,4675.0,0.0,34.0,21.1499996
TXS02,30.34771,-98.77726,2024-08-06,na,6280.0,4675.0,0.0,34.5699997,21.2099991
TXS02,30.34771,-98.77726,2024-08-07,na,6280.0,4675.0,0.0,36.7200012,21.2299995
TXS02,30.34771,-98.77726,2024-08-08,na,6280.0,4675.0,0.0,36.2400017,22.25
TXS02,30.34771,-98.77726,2024-08-09,na,6280.0,4675.0,2.6099999,34.9599991,21.0300007
TXS02,30.34771,-98.77726,2024-08-10,na,6280.0,4675.0,0.0,34.5099983,21.4799995
TXS02,30.34771,-98.77726,2024-08-11,na,6280.0,4675.0,0.0,35.0299988,22.9799995
TXS02,30.34771,-98.77726,2024-08-12,na,6280.0,4675.0,0.0,35.1100006,22.4699993
TXS02,30.34771,-98.77726,2024-08-13,na,6280.0,4675.0,0.0,34.7299995,22.3899994
TXS02,30.34771,-98.77726,2024-08-14,na,6280.0,4675.0,0.0,34.5,22.9599991
TXS02,30.34771,-98.77726,2024-08-15,na,6280.0,4675.0,0.0,35.5900002,23.0100002
TXS02,30.34771,-98.77726,2024-08-16,na,6280.0,4675.0,0.0,35.9300003,23.2900009
TXS02,30.34771,-98.77726,2024-08-17,na,6280.0,4675.0,0.0,36.6699982,23.1599998
TXS02,30.34771,-98.77726,2024-08-18,na,6280.0,4675.0,0.0,36.6199989,22.9799995
TXS02,30.34771,-98.77726,2024-08-19,na,6280.0,4675.0,0.0,37.1199989,21.8700008
TXS02,30.34771,-98.77726,2024-08-20,na,6280.0,4675.0,0.0,39.0800018,21.9500008
TXS02,30.34771,-98.77726,2024-08-21,na,6280.0,4675.0,0.0,40.5,22.2199993
TXS02,30.34771,-98.77726,2024-08-22,na,6280.0,4675.0,0.0,40.0800018,22.9400005
TXS02,30.34771,-98.77726,2024-08-23,na,6280.0,4675.0,0.0,37.4599991,24.3600006
TXS02,30.34771,-98.77726,2024-08-24,na,6280.0,4675.0,0.0,35.7000008,23.2000008
TXS02,30.34771,-98.77726,2024-08-25,na,6280.0,4675.0,0.0,34.3199997,21.8400002
TXS02,30.34771,-98.77726,2024-08-26,na,6280.0,4675.0,0.0,33.0900002,19.8999996
TXS02,30.34771,-98.77726,2024-08-27,na,6280.0,4675.0,0.0,30.6200008,20.1599998
TXS02,30.34771,-98.77726,2024-08-28,na,6280.0,4675.0,15.71,31.6399994,20.9200001
TXS02,30.34771,-98.77726,2024-08-29,na,6280.0,4675.0,0.0,31.7600002,19.75
TXS02,30.34771,-98.77726,2024-08-30,na,6280.0,4675.0,0.0,31.7999992,21.0300007
TXS02,30.34771,-98.77726,2024-08-31,na,6280.0,4675.0,0.0,32.6199989,21.3899994
TXS02,30.34771,-98.77726,2024-09-01,na,6280.0,4675.0,1.74,32.0400009,21.0499992
TXS02,30.34771,-98.77726,2024-09-02,na,6280.0,4675.0,12.54,28.3299999,21.6100006
TXS02,30.34771,-98.77726,2024-09-03,na,6280.0,4675.0,32.4900017,26.4300003,21.2199993
TXS02,30.34771,-98.77726,2024-09-04,na,6280.0,4675.0,0.0,26.7900009,20.3400002
TXS02,30.34771,-98.77726,2024-09-05,na,6280.0,4675.0,0.0,27.8700008,19.5100002
TXS02,30.34771,-98.77726,2024-09-06,na,6280.0,4675.0,0.0,29.5900002,20.2099991
TXS02,30.34771,-98.77726,2024-09-07,na,6280.0,4675.0,0.0,28.5499992,19.4400005
TXS02,30.34771,-98.77726,2024-09-08,na,6280.0,4675.0,0.0,27.2099991,14.8900003
TXS02,30.34771,-98.77726,2024-09-09,na,6280.0,4675.0,0.0,27.4699993,11.0600004
TXS02,30.34771,-98.77726,2024-09-10,na,6280.0,4675.0,0.0,28.9899998,13.1099997
TXS02,30.34771,-98.77726,2024-09-11,na,6280.0,4675.0,0.0,29.9799995,16.4799995
TXS02,30.34771,-98.77726,2024-09-12,na,6280.0,4675.0,0.0,31.0,17.7199993
TXS02,30.34771,-98.77726,2024-09-13,na,6280.0,4675.0,0.0,32.7200012,17.7999992
TXS02,30.34771,-98.77726,2024-09-14,na,6280.0,4675.0,0.0,32.4199982,19.8700008
TXS02,30.34771,-98.77726,2024-09-15,na,6280.0,4675.0,0.0,33.5699997,21.7900009
TXS02,30.34771,-98.77726,2024-09-16,na,6280.0,4675.0,0.0,33.4399986,18.5400009
TXS02,30.34771,-98.77726,2024-09-17,na,6280.0,4675.0,0.0,32.9099998,19.0100002
TXS02,30.34771,-98.77726,2024-09-18,na,6280.0,4675.0,0.0,33.0699997,20.5699997
TXS02,30.34771,-98.77726,2024-09-19,na,6280.0,4675.0,0.0,33.9199982,22.3799992
TXS02,30.34771,-98.77726,2024-09-20,na,6280.0,4675.0,0.0,33.7000008,22.3500004
TXS02,30.34771,-98.77726,2024-09-21,na,6280.0,4675.0,0.0,33.0800018,22.0900002
TXS02,30.34771,-98.77726,2024-09-22,na,6280.0,4675.0,0.0,32.4599991,22.1200008
TXS02,30.34771,-98.77726,2024-09-23,na,6280.0,4675.0,1.37,29.1299992,21.6200008
TXS02,30.34771,-98.77726,2024-09-24,na,6280.0,4675.0,0.0,31.6299992,18.6200008
TXS02,30.34771,-98.77726,2024-09-25,na,6280.0,4675.0,0.0,30.3600006,18.5699997
TXS02,30.34771,-98.77726,2024-09-26,na,6280.0,4675.0,0.0,29.5900002,13.8999996
TXS02,30.34771,-98.77726,2024-09-27,na,6280.0,4675.0,0.0,31.8500004,12.5600004
TXS02,30.34771,-98.77726,2024-09-28,na,6280.0,4675.0,0.0,31.3199997,13.75
TXS02,30.34771,-98.77726,2024-09-29,na,6280.0,4675.0,0.0,31.7299995,13.4499998
TXS02,30.34771,-98.77726,2024-09-30,na,6280.0,4675.0,0.0,32.8199997,13.6199999
TXS02,30.34771,-98.77726,2024-10-01,na,6280.0,4675.0,0.0,32.5400009,14.29
TXS02,30.34771,-98.77726,2024-10-02,na,6280.0,4675.0,0.0,31.3400002,14.7799997
TXS02,30.34771,-98.77726,2024-10-03,na,6280.0,4675.0,0.0,31.9300003,15.6300001
TXS02,30.34771,-98.77726,2024-10-04,na,6280.0,4675.0,0.0,31.5499992,14.8999996
TXS02,30.34771,-98.77726,2024-10-05,na,6280.0,4675.0,0.0,31.4899998,15.71
TXS02,30.34771,-98.77726,2024-10-06,na,6280.0,4675.0,0.0,31.1200008,16.5400009
TXS02,30.34771,-98.77726,2024-10-07,na,6280.0,4675.0,0.0,31.1900005,15.0200005
TXS02,30.34771,-98.77726,2024-10-08,na,6280.0,4675.0,0.0,32.75,13.7600002
TXS02,30.34771,-98.77726,2024-10-09,na,6280.0,4675.0,0.0,32.4099998,13.5600004
TXS02,30.34771,-98.77726,2024-10-10,na,6280.0,4675.0,0.0,33.4799995,13.7600002
TXS02,30.34771,-98.77726,2024-10-11,na,6280.0,4675.0,0.0,32.6599998,15.46
TXS02,30.34771,-98.77726,2024-10-12,na,6280.0,4675.0,0.0,32.9599991,15.1499996
TXS02,30.34771,-98.77726,2024-10-13,na,6280.0,4675.0,0.0,34.9900017,15.3500004
TXS02,30.34771,-98.77726,2024-10-14,na,6280.0,4675.0,0.0,33.0400009,14.2399998
TXS02,30.34771,-98.77726,2024-10-15,na,6280.0,4675.0,0.0,33.0099983,13.0600004
TXS02,30.34771,-98.77726,2024-10-16,na,6280.0,4675.0,0.0,24.8799992,11.2299995
TXS02,30.34771,-98.77726,2024-10-17,na,6280.0,4675.0,0.0,22.7999992,7.5999999
TXS02,30.34771,-98.77726,2024-10-18,na,6280.0,4675.0,0.0,23.5799999,10.5799999
TXS02,30.34771,-98.77726,2024-10-19,na,6280.0,4675.0,0.0,25.5900002,14.3599997
TXS02,30.34771,-98.77726,2024-10-20,na,6280.0,4675.0,0.0,27.3799992,13.2200003
TXS02,30.34771,-98.77726,2024-10-21,na,6280.0,4675.0,0.0,28.2800007,12.5600004
TXS02,30.34771,-98.77726,2024-10-22,na,6280.0,4675.0,0.0,27.5699997,14.9700003
TXS02,30.34771,-98.77726,2024-10-23,na,6280.0,4675.0,0.0,29.5100002,14.8699999
TXS02,30.34771,-98.77726,2024-10-24,na,6280.0,4675.0,0.0,28.7999992,15.4799995
TXS02,30.34771,-98.77726,2024-10-25,na,6280.0,4675.0,0.0,30.0599995,16.0599995
TXS02,30.34771,-98.77726,2024-10-26,na,6280.0,4675.0,0.0,30.8600006,15.4200001
TXS02,30.34771,-98.77726,2024-10-27,na,6280.0,4675.0,0.0,30.7399998,14.8000002
TXS02,30.34771,-98.77726,2024-10-28,na,6280.0,4675.0,0.0,29.0699997,14.0100002
TXS02,30.34771,-98.77726,2024-10-29,na,6280.0,4675.0,0.0,28.8600006,18.0
TXS02,30.34771,-98.77726,2024-10-30,na,6280.0,4675.0,0.0,27.9799995,20.2800007
TXS02,30.34771,-98.77726,2024-10-31,na,6280.0,4675.0,0.0,25.7900009,18.3999996
TXS02,30.34771,-98.77726,2024-11-01,na,6280.0,4675.0,0.0,26.0699997,15.0100002
TXS02,30.34771,-98.77726,2024-11-02,na,6280.0,4675.0,2.23,23.0499992,17.6399994
TXS02,30.34771,-98.77726,2024-11-03,na,6280.0,4675.0,0.0,26.0200005,20.3400002
TXS02,30.34771,-98.77726,2024-11-04,na,6280.0,4675.0,0.0,28.3600006,18.7399998
TXS02,30.34771,-98.77726,2024-11-05,na,6280.0,4675.0,0.0,23.5499992,9.9300003
TXS02,30.34771,-98.77726,2024-11-06,na,6280.0,4675.0,0.0,25.0400009,5.2399998
TXS02,30.34771,-98.77726,2024-11-07,na,6280.0,4675.0,0.0,27.3199997,11.2700005
TXS02,30.34771,-98.77726,2024-11-08,na,6280.0,4675.0,13.21,24.7299995,15.2700005
TXS02,30.34771,-98.77726,2024-11-09,na,6280.0,4675.0,0.0,24.1100006,9.4300003
TXS02,30.34771,-98.77726,2024-11-10,na,6280.0,4675.0,0.0,27.8899994,9.6999998
TXS02,30.34771,-98.77726,2024-11-11,na,6280.0,4675.0,0.0,27.9799995,9.9499998
TXS02,30.34771,-98.77726,2024-11-12,na,6280.0,4675.0,0.0,26.7299995,11.2600002
TXS02,30.34771,-98.77726,2024-11-13,na,6280.0,4675.0,0.0,26.2800007,11.7700005
TXS02,30.34771,-98.77726,2024-11-14,na,6280.0,4675.0,0.0,23.4699993,4.8899999
TXS02,30.34771,-98.77726,2024-11-15,na,6280.0,4675.0,0.0,23.3400002,3.6600001
TXS02,30.34771,-98.77726,2024-11-16,na,6280.0,4675.0,0.0,24.0200005,9.4099998
TXS02,30.34771,-98.77726,2024-11-17,na,6280.0,4675.0,11.2600002,24.7000008,13.8400002
TXS02,30.34771,-98.77726,2024-11-18,na,6280.0,4675.0,4.2600002,23.0900002,11.4499998
TXS02,30.34771,-98.77726,2024-11-19,na,6280.0,4675.0,0.0,25.4300003,7.3600001
TXS02,30.34771,-98.77726,2024-11-20,na,6280.0,4675.0,0.0,18.8500004,4.9299998
TXS02,30.34771,-98.77726,2024-11-21,na,6280.0,4675.0,0.0,20.25,0.96
TXS02,30.34771,-98.77726,2024-11-22,na,6280.0,4675.0,0.0,22.7800007,2.28
TXS02,30.34771,-98.77726,2024-11-23,na,6280.0,4675.0,0.0,22.7900009,3.6900001
TXS02,30.34771,-98.77726,2024-11-24,na,6280.0,4675.0,0.0,24.6599998,10.5299997
TXS02,30.34771,-98.77726,2024-11-25,na,6280.0,4675.0,0.0,25.2900009,7.6100001
TXS02,30.34771,-98.77726,2024-11-26,na,6280.0,4675.0,0.0,19.5499992,3.4400001
TXS02,30.34771,-98.77726,2024-11-27,na,6280.0,4675.0,0.0,26.0300007,8.9399996
TXS02,30.34771,-98.77726,2024-11-28,na,6280.0,4675.0,0.0,15.0600004,4.77
TXS02,30.34771,-98.77726,2024-11-29,na,6280.0,4675.0,0.0,13.2799997,1.91
TXS02,30.34771,-98.77726,2024-11-30,na,6280.0,4675.0,0.0,18.5900002,1.12
TXS02,30.34771,-98.77726,2024-12-01,na,6280.0,4675.0,0.0,19.3600006,0.53
TXS02,30.34771,-98.77726,2024-12-02,na,6280.0,4675.0,0.0,18.5100002,3.4300001
TXS02,30.34771,-98.77726,2024-12-03,na,6280.0,4675.0,1.28,16.3700008,5.5599999
TXS02,30.34771,-98.77726,2024-12-04,na,6280.0,4675.0,1.0,15.0200005,7.2800002
TXS02,30.34771,-98.77726,2024-12-05,na,6280.0,4675.0,0.5,13.1999998,8.6999998
TXS02,30.34771,-98.77726,2024-12-06,na,6280.0,4675.0,1.03,8.9300003,4.7800002
TXS02,30.34771,-98.77726,2024-12-07,na,6280.0,4675.0,4.4099998,7.5500002,4.3899999
TXS02,30.34771,-98.77726,2024-12-08,na,6280.0,4675.0,0.0,15.4899998,4.8800001
TXS02,30.34771,-98.77726,2024-12-09,na,6280.0,4675.0,0.0,22.6800003,5.7399998
TXS02,30.34771,-98.77726,2024-12-10,na,6280.0,4675.0,0.0,15.79,3.8399999
TXS02,30.34771,-98.77726,2024-12-11,na,6280.0,4675.0,0.0,15.6099997,-2.3299999
TXS02,30.34771,-98.77726,2024-12-12,na,6280.0,4675.0,0.0,16.1800003,-1.4400001
TXS02,30.34771,-98.77726,2024-12-13,na,6280.0,4675.0,0.56,18.3999996,5.1900001
TXS02,30.34771,-98.77726,2024-12-14,na,6280.0,4675.0,0.0,23.8899994,14.4499998
TXS02,30.34771,-98.77726,2024-12-15,na,6280.0,4675.0,0.0,23.4300003,17.2700005
TXS02,30.34771,-98.77726,2024-12-16,na,6280.0,4675.0,1.26,22.4699993,16.7299995
TXS02,30.34771,-98.77726,2024-12-17,na,6280.0,4675.0,0.0,22.8099995,15.2200003
TXS02,30.34771,-98.77726,2024-12-18,na,6280.0,4675.0,0.0,19.1000004,9.9399996
TXS02,30.34771,-98.77726,2024-12-19,na,6280.0,4675.0,0.0,20.1200008,0.82
TXS02,30.34771,-98.77726,2024-12-20,na,6280.0,4675.0,0.0,17.9400005,2.9000001
TXS02,30.34771,-98.77726,2024-12-21,na,6280.0,4675.0,0.0,18.1299992,0.22
TXS02,30.34771,-98.77726,2024-12-22,na,6280.0,4675.0,0.0,18.3400002,3.1900001
TXS02,30.34771,-98.77726,2024-12-23,na,6280.0,4675.0,0.0,20.8500004,8.7600002
TXS02,30.34771,-98.77726,2024-12-24,na,6280.0,4675.0,0.0,19.8700008,12.0200005
TXS02,30.34771,-98.77726,2024-12-25,na,6280.0,4675.0,0.0,16.4200001,10.4399996
TXS02,30.34771,-98.77726,2024-12-26,na,6280.0,4675.0,0.0,23.3600006,7.4000001
TXS02,30.34771,-98.77726,2024-12-27,na,6280.0,4675.0,0.0,25.6299992,4.0500002
TXS02,30.34771,-98.77726,2024-12-28,na,6280.0,4675.0,0.0,24.1599998,8.0200005
TXS02,30.34771,-98.77726,2024-12-29,na,6280.0,4675.0,0.0,26.4099998,4.8600001
TXS02,30.34771,-98.77726,2024-12-30,na,6280.0,4675.0,0.0,29.1900005,5.9499998
TXS02,30.34771,-98.77726,2025-01-01,na,6280.0,4675.0,0.0,14.3800001,1.79
TXS02,30.34771,-98.77726,2025-01-02,na,6280.0,4675.0,0.0,17.5699997,1.0599999
TXS02,30.34771,-98.77726,2025-01-03,na,6280.0,4675.0,0.0,16.8899994,6.4899998
TXS02,30.34771,-98.77726,2025-01-04,na,6280.0,4675.0,0.0,20.2399998,9.7399998
TXS02,30.34771,-98.77726,2025-01-05,na,6280.0,4675.0,0.0,18.3400002,6.5700002
TXS02,30.34771,-98.77726,2025-01-06,na,6280.0,4675.0,0.0,6.3000002,-5.8299999
TXS02,30.34771,-98.77726,2025-01-07,na,6280.0,4675.0,0.0,7.46,-5.29
TXS02,30.34771,-98.77726,2025-01-08,na,6280.0,4675.0,0.0,3.26,-3.97
TXS02,30.34771,-98.77726,2025-01-09,na,6280.0,4675.0,31.3299999,2.05,-2.3699999
TXS02,30.34771,-98.77726,2025-01-10,na,6280.0,4675.0,0.0,5.4200001,-1.61
TXS02,30.34771,-98.77726,2025-01-11,na,6280.0,4675.0,0.0,12.3199997,-5.6300001
TXS02,30.34771,-98.77726,2025-01-12,na,6280.0,4675.0,0.0,12.7799997,-2.45
TXS02,30.34771,-98.77726,2025-01-13,na,6280.0,4675.0,0.0,11.46,-1.96
TXS02,30.34771,-98.77726,2025-01-14,na,6280.0,4675.0,0.0,11.9200001,-2.75
TXS02,30.34771,-98.77726,2025-01-15,na,6280.0,4675.0,0.0,15.2299995,0.74
TXS02,30.34771,-98.77726,2025-01-16,na,6280.0,4675.0,0.0,16.4099998,-1.15
TXS02,30.34771,-98.77726,2025-01-17,na,6280.0,4675.0,0.0,17.3600006,4.6799998
TXS02,30.34771,-98.77726,2025-01-18,na,6280.0,4675.0,0.0,14.1599998,2.52
TXS02,30.34771,-98.77726,2025-01-19,na,6280.0,4675.0,0.0,5.4499998,-6.0599999
TXS02,30.34771,-98.77726,2025-01-20,na,6280.0,4675.0,2.02,-1.38,-8.7799997
TXS02,30.34771,-98.77726,2025-01-21,na,6280.0,4675.0,0.0,1.54,-7.6100001
TXS02,30.34771,-98.77726,2025-01-22,na,6280.0,4675.0,0.0,11.75,-7.1199999
TXS02,30.34771,-98.77726,2025-01-23,na,6280.0,4675.0,0.0,10.1400003,-4.5100002
TXS02,30.34771,-98.77726,2025-01-24,na,6280.0,4675.0,0.0,12.2600002,-7.0799999
TXS02,30.34771,-98.77726,2025-01-25,na,6280.0,4675.0,0.56,14.9099998,-1.76
TXS02,30.34771,-98.77726,2025-01-26,na,6280.0,4675.0,0.0,11.7200003,5.0999999
TXS02,30.34771,-98.77726,2025-01-27,na,6280.0,4675.0,0.0,8.96,5.0599999
TXS02,30.34771,-98.77726,2025-01-28,na,6280.0,4675.0,0.04,11.1099997,5.6900001
TXS02,30.34771,-98.77726,2025-01-29,na,6280.0,4675.0,12.1000004,17.4300003,8.1700001
TXS02,30.34771,-98.77726,2025-01-30,na,6280.0,4675.0,0.0,17.9699993,8.6800003
TXS02,30.34771,-98.77726,2025-01-31,na,6280.0,4675.0,0.0,19.6599998,4.5700002
TXS02,30.34771,-98.77726,2025-02-01,na,6280.0,4675.0,0.0,22.6499996,0.8
TXS02,30.34771,-98.77726,2025-02-02,na,6280.0,4675.0,0.0,26.2600002,3.95
TXS02,30.34771,-98.77726,2025-02-03,na,6280.0,4675.0,0.0,27.75,9.5600004
TXS02,30.34771,-98.77726,2025-02-04,na,6280.0,4675.0,0.0,25.4599991,13.6000004
TXS02,30.34771,-98.77726,2025-02-05,na,6280.0,4675.0,0.0,22.1700001,16.1700001
TXS02,30.34771,-98.77726,2025-02-06,na,6280.0,4675.0,0.0,26.0900002,15.0799999
TXS02,30.34771,-98.77726,2025-02-07,na,6280.0,4675.0,0.0,25.8199997,16.2600002
TXS02,30.34771,-98.77726,2025-02-08,na,6280.0,4675.0,0.0,27.9500008,16.6900005
TXS02,30.34771,-98.77726,2025-02-09,na,6280.0,4675.0,0.0,17.7800007,8.8599997
TXS02,30.34771,-98.77726,2025-02-10,na,6280.0,4675.0,2.1700001,9.4300003,4.8600001
TXS02,30.34771,-98.77726,2025-02-11,na,6280.0,4675.0,4.2199998,14.4300003,5.4400001
TXS02,30.34771,-98.77726,2025-02-12,na,6280.0,4675.0,0.0,12.1000004,4.4099998
TXS02,30.34771,-98.77726,2025-02-13,na,6280.0,4675.0,0.0,7.25,-2.9200001
TXS02,30.34771,-98.77726,2025-02-14,na,6280.0,4675.0,0.0,11.6700001,-2.4400001
TXS02,30.34771,-98.77726,2025-02-15,na,6280.0,4675.0,0.0,24.5799999,4.73
TXS02,30.34771,-98.77726,2025-02-16,na,6280.0,4675.0,0.0,11.0,-1.3200001
TXS02,30.34771,-98.77726,2025-02-17,na,6280.0,4675.0,0.0,15.6700001,-2.51
TXS02,30.34771,-98.77726,2025-02-18,na,6280.0,4675.0,0.0,17.4899998,-3.48
TXS02,30.34771,-98.77726,2025-02-19,na,6280.0,4675.0,0.0,2.01,-10.8800001
TXS02,30.34771,-98.77726,2025-02-20,na,6280.0,4675.0,0.0,-0.32,-11.5299997
TXS02,30.34771,-98.77726,2025-02-21,na,6280.0,4675.0,0.0,1.0700001,-7.4499998
TXS02,30.34771,-98.77726,2025-02-22,na,6280.0,4675.0,0.0,7.4899998,-4.1700001
TXS02,30.34771,-98.77726,2025-02-23,na,6280.0,4675.0,0.0,21.25,-0.15
TXS02,30.34771,-98.77726,2025-02-24,na,6280.0,4675.0,0.0,24.7399998,1.8
TXS02,30.34771,-98.77726,2025-02-25,na,6280.0,4675.0,0.0,26.1299992,4.6300001
TXS02,30.34771,-98.77726,2025-02-26,na,6280.0,4675.0,0.0,26.7999992,7.9899998
TXS02,30.34771,-98.77726,2025-02-27,na,6280.0,4675.0,0.0,19.1700001,9.8699999
TXS02,30.34771,-98.77726,2025-02-28,na,6280.0,4675.0,0.0,23.0300007,4.5500002
TXS02,30.34771,-98.77726,2025-03-01,na,6280.0,4675.0,0.0,26.6200008,5.79
TXS02,30.34771,-98.77726,2025-03-02,na,6280.0,4675.0,0.0,25.4099998,11.0200005
TXS02,30.34771,-98.77726,2025-03-03,na,6280.0,4675.0,2.6300001,23.0799999,15.4200001
TXS02,30.34771,-98.77726,2025-03-04,na,6280.0,4675.0,0.0,20.6800003,9.9300003
TXS02,30.34771,-98.77726,2025-03-05,na,6280.0,4675.0,0.0,19.6399994,7.3000002
TXS02,30.34771,-98.77726,2025-03-06,na,6280.0,4675.0,0.0,22.25,5.7800002
TXS02,30.34771,-98.77726,2025-03-07,na,6280.0,4675.0,1.36,28.5,10.6700001
TXS02,30.34771,-98.77726,2025-03-08,na,6280.0,4675.0,0.0,24.6900005,9.8599997
TXS02,30.34771,-98.77726,2025-03-09,na,6280.0,4675.0,0.0,16.9099998,3.24
TXS02,30.34771,-98.77726,2025-03-10,na,6280.0,4675.0,0.0,23.4799995,0.32
TXS02,30.34771,-98.77726,2025-03-11,na,6280.0,4675.0,0.0,26.9400005,4.7600002
TXS02,30.34771,-98.77726,2025-03-12,na,6280.0,4675.0,0.0,30.8099995,9.8299999
TXS02,30.34771,-98.77726,2025-03-13,na,6280.0,4675.0,0.0,31.1900005,9.9399996
TXS02,30.34771,-98.77726,2025-03-14,na,6280.0,4675.0,0.0,32.3499985,13.3999996
TXS02,30.34771,-98.77726,2025-03-15,na,6280.0,4675.0,0.0,23.7099991,11.8100004
TXS02,30.34771,-98.77726,2025-03-16,na,6280.0,4675.0,0.0,23.4899998,3.96
TXS02,30.34771,-98.77726,2025-03-17,na,6280.0,4675.0,0.0,26.5400009,2.3800001
TXS02,30.34771,-98.77726,2025-03-18,na,6280.0,4675.0,0.0,28.0200005,9.9399996
TXS02,30.34771,-98.77726,2025-03-19,na,6280.0,4675.0,0.0,22.9899998,10.0600004
TXS02,30.34771,-98.77726,2025-03-20,na,6280.0,4675.0,0.0,19.7700005,0.34
TXS02,30.34771,-98.77726,2025-03-21,na,6280.0,4675.0,0.0,23.2600002,2.8599999
TXS02,30.34771,-98.77726,2025-03-22,na,6280.0,4675.0,0.0,26.7700005,7.2399998
TXS02,30.34771,-98.77726,2025-03-23,na,6280.0,4675.0,7.0300002,29.2900009,13.8100004
TXS02,30.34771,-98.77726,2025-03-24,na,6280.0,4675.0,0.0,28.6100006,10.5
TXS02,30.34771,-98.77726,2025-03-25,na,6280.0,4675.0,0.0,30.1200008,12.6099997
TXS02,30.34771,-98.77726,2025-03-26,na,6280.0,4675.0,11.4399996,27.9099998,15.29
TXS02,30.34771,-98.77726,2025-03-27,na,6280.0,4675.0,24.6100006,19.9899998,14.8900003
TXS02,30.34771,-98.77726,2025-03-28,na,6280.0,4675.0,0.0,22.0300007,13.8199997
TXS02,30.34771,-98.77726,2025-03-29,na,6280.0,4675.0,0.0,28.4699993,16.0200005
TXS02,30.34771,-98.77726,2025-03-30,na,6280.0,4675.0,0.0,30.0200005,17.9300003
TXS02,30.34771,-98.77726,2025-03-31,na,6280.0,4675.0,0.0,26.3999996,16.4400005
TXS02,30.34771,-98.77726,2025-04-01,na,6280.0,4675.0,0.0,28.1900005,15.6099997
TXS02,30.34771,-98.77726,2025-04-02,na,6280.0,4675.0,0.0,28.3899994,18.6800003
TXS02,30.34771,-98.77726,2025-04-03,na,6280.0,4675.0,0.0,30.0,19.2600002
TXS02,30.34771,-98.77726,2025-04-04,na,6280.0,4675.0,27.9300003,25.4599991,13.8100004
TXS02,30.34771,-98.77726,2025-04-05,na,6280.0,4675.0,0.0,15.1999998,8.3500004
TXS02,30.34771,-98.77726,2025-04-06,na,6280.0,4675.0,0.0,12.8100004,3.47
TXS02,30.34771,-98.77726,2025-04-07,na,6280.0,4675.0,0.0,19.1700001,0.95
TXS02,30.34771,-98.77726,2025-04-08,na,6280.0,4675.0,0.0,24.0400009,2.9100001
TXS02,30.34771,-98.77726,2025-04-09,na,6280.0,4675.0,0.0,27.7000008,9.2299995
TXS02,30.34771,-98.77726,2025-04-10,na,6280.0,4675.0,0.0,31.8099995,10.9899998
TXS02,30.34771,-98.77726,2025-04-11,na,6280.0,4675.0,0.0,29.7299995,12.5600004
TXS02,30.34771,-98.77726,2025-04-12,na,6280.0,4675.0,0.0,29.7700005,13.6599998
TXS02,30.34771,-98.77726,2025-04-13,na,6280.0,4675.0,0.0,31.1599998,15.4300003
TXS02,30.34771,-98.77726,2025-04-14,na,6280.0,4675.0,0.0,32.0099983,15.2200003
TXS02,30.34771,-98.77726,2025-04-15,na,6280.0,4675.0,0.0,26.8999996,15.79
TXS02,30.34771,-98.77726,2025-04-16,na,6280.0,4675.0,0.0,25.7299995,14.9700003
TXS02,30.34771,-98.77726,2025-04-17,na,6280.0,4675.0,0.0,27.9799995,16.3700008
TXS02,30.34771,-98.77726,2025-04-18,na,6280.0,4675.0,0.0,29.8099995,17.6200008
TXS02,30.34771,-98.77726,2025-04-19,na,6280.0,4675.0,15.04,25.8400002,18.7700005
TXS02,30.34771,-98.77726,2025-04-20,na,6280.0,4675.0,0.0,24.7099991,13.29
TXS02,30.34771,-98.77726,2025-04-21,na,6280.0,4675.0,0.0,27.75,9.0799999
TXS02,30.34771,-98.77726,2025-04-22,na,6280.0,4675.0,14.8100004,27.1900005,12.8500004
TXS02,30.34771,-98.77726,2025-04-23,na,6280.0,4675.0,0.0,25.8799992,14.8000002
TXS02,30.34771,-98.77726,2025-04-24,na,6280.0,4675.0,0.0,27.0900002,16.6399994
TXS02,30.34771,-98.77726,2025-04-25,na,6280.0,4675.0,0.0,27.5100002,18.0799999
TXS02,30.34771,-98.77726,2025-04-26,na,6280.0,4675.0,0.0,26.6800003,18.0400009
TXS02,30.34771,-98.77726,2025-04-27,na,6280.0,4675.0,0.0,27.1399994,18.0400009
TXS02,30.34771,-98.77726,2025-04-28,na,6280.0,4675.0,0.0,27.6000004,19.1599998
TXS02,30.34771,-98.77726,2025-04-29,na,6280.0,4675.0,0.0,28.3400002,19.8700008
TXS02,30.34771,-98.77726,2025-04-30,na,6280.0,4675.0,0.0,30.6700001,20.0100002
TXS02,30.34771,-98.77726,2025-05-01,na,6280.0,4675.0,0.0,30.5100002,19.0499992
TXS02,30.34771,-98.77726,2025-05-02,na,6280.0,4675.0,24.2600002,25.8999996,16.2399998
TXS02,30.34771,-98.77726,2025-05-03,na,6280.0,4675.0,0.0,24.8799992,13.3900003
TXS02,30.34771,-98.77726,2025-05-04,na,6280.0,4675.0,0.0,25.9599991,10.8299999
TXS02,30.34771,-98.77726,2025-05-05,na,6280.0,4675.0,12.7299995,21.1800003,13.0799999
TXS02,30.34771,-98.77726,2025-05-06,na,6280.0,4675.0,4.0999999,28.0799999,15.7399998
TXS02,30.34771,-98.77726,2025-05-07,na,6280.0,4675.0,0.0,27.5100002,13.6899996
TXS02,30.34771,-98.77726,2025-05-08,na,6280.0,4675.0,0.57,25.7399998,14.6400003
TXS02,30.34771,-98.77726,2025-05-09,na,6280.0,4675.0,0.0,25.3099995,14.0100002
TXS02,30.34771,-98.77726,2025-05-10,na,6280.0,4675.0,0.0,25.4599991,13.9799995
TXS02,30.34771,-98.77726,2025-05-11,na,6280.0,4675.0,0.0,26.4200001,11.7299995
TXS02,30.34771,-98.77726,2025-05-12,na,6280.0,4675.0,0.0,31.2399998,8.6800003
TXS02,30.34771,-98.77726,2025-05-13,na,6280.0,4675.0,0.0,36.3300018,14.1400003
TXS02,30.34771,-98.77726,2025-05-14,na,6280.0,4675.0,0.0,36.9099998,18.4699993
TXS02,30.34771,-98.77726,2025-05-15,na,6280.0,4675.0,0.0,35.9900017,20.4200001
TXS02,30.34771,-98.77726,2025-05-16,na,6280.0,4675.0,0.0,34.9399986,22.1399994
TXS02,30.34771,-98.77726,2025-05-17,na,6280.0,4675.0,0.0,34.4399986,23.1700001
TXS02,30.34771,-98.77726,2025-05-18,na,6280.0,4675.0,0.0,32.4300003,22.9200001
TXS02,30.34771,-98.77726,2025-05-19,na,6280.0,4675.0,0.0,29.4500008,22.8799992
TXS02,30.34771,-98.77726,2025-05-20,na,6280.0,4675.0,0.0,31.4300003,20.1900005
TXS02,30.34771,-98.77726,2025-05-21,na,6280.0,4675.0,0.0,33.0,18.2399998
TXS02,30.34771,-98.77726,2025-05-22,na,6280.0,4675.0,30.9799995,34.5,19.2900009
TXS02,30.34771,-98.77726,2025-05-23,na,6280.0,4675.0,0.0,33.9000015,18.9599991
TXS02,30.34771,-98.77726,2025-05-24,na,6280.0,4675.0,0.0,33.3800011,20.7900009
TXS02,30.34771,-98.77726,2025-05-25,na,6280.0,4675.0,0.0,33.5600014,22.1000004
TXS02,30.34771,-98.77726,2025-05-26,na,6280.0,4675.0,38.5099983,30.6800003,20.1100006
TXS02,30.34771,-98.77726,2025-05-27,na,6280.0,4675.0,0.0,31.7700005,16.6499996
TXS02,30.34771,-98.77726,2025-05-28,na,6280.0,4675.0,0.0,29.6100006,17.6100006
TXS02,30.34771,-98.77726,2025-05-29,na,6280.0,4675.0,17.8400002,30.0300007,18.6399994
TXS02,30.34771,-98.77726,2025-05-30,na,6280.0,4675.0,0.0,26.3600006,17.6200008
TXS02,30.34771,-98.77726,2025-05-31,na,6280.0,4675.0,0.0,28.5400009,18.0
TXS02,30.34771,-98.77726,2025-06-01,na,6280.0,4675.0,0.0,32.1300011,19.6599998
TXS02,30.34771,-98.77726,2025-06-02,na,6280.0,4675.0,0.0,32.0800018,20.9799995
TXS02,30.34771,-98.77726,2025-06-03,na,6280.0,4675.0,51.3800011,30.4699993,22.2999992
TXS02,30.34771,-98.77726,2025-06-04,na,6280.0,4675.0,0.0,28.3199997,18.9899998
TXS02,30.34771,-98.77726,2025-06-05,na,6280.0,4675.0,0.0,30.6900005,20.4099998
TXS02,30.34771,-98.77726,2025-06-06,na,6280.0,4675.0,0.0,31.7700005,22.3400002
TXS02,30.34771,-98.77726,2025-06-07,na,6280.0,4675.0,0.0,32.2000008,22.6000004
TXS02,30.34771,-98.77726,2025-06-08,na,6280.0,4675.0,0.0,32.9199982,22.0400009
TXS02,30.34771,-98.77726,2025-06-09,na,6280.0,4675.0,0.0,31.6200008,20.1000004
TXS02,30.34771,-98.77726,2025-06-10,na,6280.0,4675.0,60.1699982,33.1199989,18.7299995
TXS02,30.34771,-98.77726,2025-06-11,na,6280.0,4675.0,15.1099997,30.2299995,17.3899994
TXS02,30.34771,-98.77726,2025-06-12,na,6280.0,4675.0,0.0,28.6499996,18.4500008
TXS02,30.34771,-98.77726,2025-06-13,na,6280.0,4675.0,0.0,30.7800007,18.7700005
TXS02,30.34771,-98.77726,2025-06-14,na,6280.0,4675.0,0.0,32.25,21.4200001
TXS02,30.34771,-98.77726,2025-06-15,na,6280.0,4675.0,5.9099998,31.6700001,20.9400005
TXS02,30.34771,-98.77726,2025-06-16,na,6280.0,4675.0,0.0,31.9599991,19.5699997
TXS02,30.34771,-98.77726,2025-06-17,na,6280.0,4675.0,0.0,32.2400017,20.2900009
TXS02,30.34771,-98.77726,2025-06-18,na,6280.0,4675.0,0.0,31.6900005,22.2299995
TXS02,30.34771,-98.77726,2025-06-19,na,6280.0,4675.0,0.0,32.6199989,22.2099991
TXS02,30.34771,-98.77726,2025-06-20,na,6280.0,4675.0,0.0,32.5200005,22.4500008
TXS02,30.34771,-98.77726,2025-06-21,na,6280.0,4675.0,3.99,31.2099991,22.4099998
TXS02,30.34771,-98.77726,2025-06-22,na,6280.0,4675.0,0.0,31.3799992,22.2700005
TXS02,30.34771,-98.77726,2025-06-23,na,6280.0,4675.0,0.0,32.3600006,22.5499992
TXS02,30.34771,-98.77726,2025-06-24,na,6280.0,4675.0,0.0,32.3699989,21.7800007
TXS02,30.34771,-98.77726,2025-06-25,na,6280.0,4675.0,0.0,33.25,21.2299995
TXS02,30.34771,-98.77726,2025-06-26,na,6280.0,4675.0,0.0,32.3100014,21.2000008
TXS02,30.34771,-98.77726,2025-06-27,na,6280.0,4675.0,0.0,32.5499992,21.3099995
TXS02,30.34771,-98.77726,2025-06-28,na,6280.0,4675.0,0.0,32.8100014,21.5499992
TXS02,30.34771,-98.77726,2025-06-29,na,6280.0,4675.0,0.0,33.6100006,21.5100002
TXS02,30.34771,-98.77726,2025-06-30,na,6280.0,4675.0,2.4400001,32.3300018,21.5799999
TXS02,30.34771,-98.77726,2025-07-01,na,6280.0,4675.0,0.0,31.8199997,20.7000008
TXS02,30.34771,-98.77726,2025-07-02,na,6280.0,4675.0,6.1199999,30.7099991,21.8999996
TXS02,30.34771,-98.77726,2025-07-03,na,6280.0,4675.0,71.1399994,29.7800007,21.8999996
TXS02,30.34771,-98.77726,2025-07-04,na,6280.0,4675.0,69.5699997,24.2099991,20.7600002
TXS02,30.34771,-98.77726,2025-07-05,na,6280.0,4675.0,2.96,25.8199997,20.9099998
TXS02,30.34771,-98.77726,2025-07-06,na,6280.0,4675.0,12.3800001,27.1499996,21.5300007
TXS02,30.34771,-98.77726,2025-07-07,na,6280.0,4675.0,0.0,29.2800007,22.1000004
TXS02,30.34771,-98.77726,2025-07-08,na,6280.0,4675.0,0.0,31.4099998,21.9400005
TXS02,30.34771,-98.77726,2025-07-09,na,6280.0,4675.0,15.7200003,31.1299992,21.25
TXS02,30.34771,-98.77726,2025-07-10,na,6280.0,4675.0,0.0,31.1900005,21.0200005
TXS02,30.34771,-98.77726,2025-07-11,na,6280.0,4675.0,0.0,30.8099995,21.3899994
TXS02,30.34771,-98.77726,2025-07-12,na,6280.0,4675.0,0.0,31.3099995,22.2199993
TXS02,30.34771,-98.77726,2025-07-13,na,6280.0,4675.0,30.2399998,28.4899998,19.0300007
TXS02,30.34771,-98.77726,2025-07-14,na,6280.0,4675.0,1.52,28.1599998,19.8899994
TXS02,30.34771,-98.77726,2025-07-15,na,6280.0,4675.0,0.0,29.75,21.5799999
TXS02,30.34771,-98.77726,2025-07-16,na,6280.0,4675.0,0.0,31.2199993,22.0699997
TXS02,30.34771,-98.77726,2025-07-17,na,6280.0,4675.0,0.0,31.8500004,21.2299995
TXS02,30.34771,-98.77726,2025-07-18,na,6280.0,4675.0,0.0,31.5799999,19.9200001
TXS02,30.34771,-98.77726,2025-07-19,na,6280.0,4675.0,0.0,31.2800007,22.0100002
TXS02,30.34771,-98.77726,2025-07-20,na,6280.0,4675.0,0.0,30.2099991,23.0200005
TXS02,30.34771,-98.77726,2025-07-21,na,6280.0,4675.0,0.0,30.8799992,22.9599991
TXS02,30.34771,-98.77726,2025-07-22,na,6280.0,4675.0,0.0,31.6900005,22.4300003
TXS02,30.34771,-98.77726,2025-07-23,na,6280.0,4675.0,0.0,32.6399994,21.6700001
TXS02,30.34771,-98.77726,2025-07-24,na,6280.0,4675.0,0.0,33.6399994,21.75
TXS02,30.34771,-98.77726,2025-07-25,na,6280.0,4675.0,0.0,33.9300003,20.9400005
TXS02,30.34771,-98.77726,2025-07-26,na,6280.0,4675.0,0.0,33.0,21.7999992
TXS02,30.34771,-98.77726,2025-07-27,na,6280.0,4675.0,0.0,31.9500008,22.7700005
TXS02,30.34771,-98.77726,2025-07-28,na,6280.0,4675.0,0.0,32.3800011,22.1399994
TXS02,30.34771,-98.77726,2025-07-29,na,6280.0,4675.0,0.0,33.7200012,20.3700008
TXS02,30.34771,-98.77726,2025-07-30,na,6280.0,4675.0,0.0,34.4799995,16.7900009
TXS02,30.34771,-98.77726,2025-07-31,na,6280.0,4675.0,0.0,36.1199989,18.5100002
TXS02,30.34771,-98.77726,2025-08-01,na,6280.0,4675.0,0.0,35.8199997,21.2700005
TXS02,30.34771,-98.77726,2025-08-02,na,6280.0,4675.0,6.3099999,33.4900017,21.3999996
TXS02,30.34771,-98.77726,2025-08-03,na,6280.0,4675.0,0.0,34.5400009,18.7700005
TXS02,30.34771,-98.77726,2025-08-04,na,6280.0,4675.0,0.0,32.1500015,20.4500008
TXS02,30.34771,-98.77726,2025-08-05,na,6280.0,4675.0,0.0,33.1899986,18.7800007
TXS02,30.34771,-98.77726,2025-08-06,na,6280.0,4675.0,0.0,33.5200005,20.0799999
TXS02,30.34771,-98.77726,2025-08-07,na,6280.0,4675.0,0.0,33.8300018,21.3799992
TXS02,30.34771,-98.77726,2025-08-08,na,6280.0,4675.0,0.0,34.4000015,21.6299992
TXS02,30.34771,-98.77726,2025-08-09,na,6280.0,4675.0,0.0,34.8600006,21.5400009
TXS02,30.34771,-98.77726,2025-08-10,na,6280.0,4675.0,0.0,34.3699989,21.4200001
TXS02,30.34771,-98.77726,2025-08-11,na,6280.0,4675.0,0.0,34.1199989,21.25
TXS02,30.34771,-98.77726,2025-08-12,na,6280.0,4675.0,0.0,33.9500008,22.1499996
TXS02,30.34771,-98.77726,2025-08-13,na,6280.0,4675.0,4.6900001,33.9799995,20.2700005
TXS02,30.34771,-98.77726,2025-08-14,na,6280.0,4675.0,0.0,35.0800018,21.1800003
TXS02,30.34771,-98.77726,2025-08-15,na,6280.0,4675.0,0.0,34.4799995,22.4099998
TXS02,30.34771,-98.77726,2025-08-16,na,6280.0,4675.0,5.5700002,32.1199989,22.0300007
TXS02,30.34771,-98.77726,2025-08-17,na,6280.0,4675.0,0.0,33.8800011,22.0400009
TXS02,30.34771,-98.77726,2025-08-18,na,6280.0,4675.0,0.0,35.6100006,21.3400002
TXS02,30.34771,-98.77726,2025-08-19,na,6280.0,4675.0,19.6000004,34.1599998,21.1399994
TXS02,30.34771,-98.77726,2025-08-20,na,6280.0,4675.0,0.0,33.6899986,19.0499992
TXS02,30.34771,-98.77726,2025-08-21,na,6280.0,4675.0,0.0,32.5,20.3400002
TXS02,30.34771,-98.77726,2025-08-22,na,6280.0,4675.0,0.0,32.5800018,19.2299995
TXS02,30.34771,-98.77726,2025-08-23,na,6280.0,4675.0,0.0,32.4500008,19.4799995
TXS02,30.34771,-98.77726,2025-08-24,na,6280.0,4675.0,0.0,33.3699989,18.8299999
TXS02,30.34771,-98.77726,2025-08-25,na,6280.0,4675.0,0.0,33.4000015,19.3899994
TXS02,30.34771,-98.77726,2025-08-26,na,6280.0,4675.0,0.0,33.1199989,18.9699993
TXS02,30.34771,-98.77726,2025-08-27,na,6280.0,4675.0,0.0,33.2000008,20.7299995
TXS02,30.34771,-98.77726,2025-08-28,na,6280.0,4675.0,0.0,34.8899994,22.8099995
TXS02,30.34771,-98.77726,2025-08-29,na,6280.0,4675.0,0.0,35.9900017,23.0
TXS02,30.34771,-98.77726,2025-08-30,na,6280.0,4675.0,12.1300001,34.2900009,22.3099995
TXS02,30.34771,-98.77726,2025-08-31,na,6280.0,4675.0,59.7900009,31.5400009,21.1399994
TXS02,30.34771,-98.77726,2025-09-01,na,6280.0,4675.0,0.0,31.1800003,19.8799992
TXS02,30.34771,-98.77726,2025-09-02,na,6280.0,4675.0,0.0,32.3100014,18.3899994
TXS02,30.34771,-98.77726,2025-09-03,na,6280.0,4675.0,0.0,33.0499992,19.1499996
TXS02,30.34771,-98.77726,2025-09-04,na,6280.0,4675.0,0.0,35.5800018,15.7399998
TXS02,30.34771,-98.77726,2025-09-05,na,6280.0,4675.0,0.0,35.4700012,19.7000008
TXS02,30.34771,-98.77726,2025-09-06,na,6280.0,4675.0,44.9000015,29.0900002,20.6299992
TXS02,30.34771,-98.77726,2025-09-07,na,6280.0,4675.0,17.7000008,23.9699993,19.8700008
TXS02,30.34771,-98.77726,2025-09-08,na,6280.0,4675.0,0.0,26.7700005,18.1299992
TXS02,30.34771,-98.77726,2025-09-09,na,6280.0,4675.0,0.0,29.3299999,14.7299995
TXS02,30.34771,-98.77726,2025-09-10,na,6280.0,4675.0,0.0,30.8199997,15.6499996
TXS02,30.34771,-98.77726,2025-09-11,na,6280.0,4675.0,0.0,31.2700005,15.79
TXS02,30.34771,-98.77726,2025-09-12,na,6280.0,4675.0,0.0,31.5,18.1700001
TXS02,30.34771,-98.77726,2025-09-13,na,6280.0,4675.0,0.0,30.8400002,18.3799992
TXS02,30.34771,-98.77726,2025-09-14,na,6280.0,4675.0,0.0,31.0100002,18.6499996
TXS02,30.34771,-98.77726,2025-09-15,na,6280.0,4675.0,0.0,31.0300007,18.7299995
TXS02,30.34771,-98.77726,2025-09-16,na,6280.0,4675.0,0.0,30.8500004,18.0799999
TXS02,30.34771,-98.77726,2025-09-17,na,6280.0,4675.0,0.0,31.2999992,16.6399994
TXS02,30.34771,-98.77726,2025-09-18,na,6280.0,4675.0,0.0,31.2800007,17.5799999
TXS02,30.34771,-98.77726,2025-09-19,na,6280.0,4675.0,0.0,31.9400005,18.25
TXS02,30.34771,-98.77726,2025-09-20,na,6280.0,4675.0,0.0,32.2900009,17.6700001
TXS02,30.34771,-98.77726,2025-09-21,na,6280.0,4675.0,0.0,32.4599991,20.4500008
TXS02,30.34771,-98.77726,2025-09-22,na,6280.0,4675.0,0.0,33.3100014,21.4699993
TXS02,30.34771,-98.77726,2025-09-23,na,6280.0,4675.0,0.0,34.2400017,22.2000008
TXS02,30.34771,-98.77726,2025-09-24,na,6280.0,4675.0,0.76,27.7399998,21.1800003
TXS02,30.34771,-98.77726,2025-09-25,na,6280.0,4675.0,0.0,28.5200005,17.5
TXS02,30.34771,-98.77726,2025-09-26,na,6280.0,4675.0,0.0,30.1800003,13.3199997
TXS02,30.34771,-98.77726,2025-09-27,na,6280.0,4675.0,0.0,31.3600006,13.0299997
TXS02,30.34771,-98.77726,2025-09-28,na,6280.0,4675.0,0.0,30.6100006,13.25
TXS02,30.34771,-98.77726,2025-09-29,na,6280.0,4675.0,0.0,29.3199997,14.0600004
TXS02,30.34771,-98.77726,2025-09-30,na,6280.0,4675.0,0.0,31.1900005,14.3900003
TXS02,30.34771,-98.77726,2025-10-01,na,6280.0,4675.0,0.0,32.5800018,14.5200005
TXS02,30.34771,-98.77726,2025-10-02,na,6280.0,4675.0,0.0,33.0499992,15.4799995
TXS02,30.34771,-98.77726,2025-10-03,na,6280.0,4675.0,0.0,32.6300011,15.7399998
TXS02,30.34771,-98.77726,2025-10-04,na,6280.0,4675.0,0.0,30.3400002,16.1900005
TXS02,30.34771,-98.77726,2025-10-05,na,6280.0,4675.0,0.0,30.25,15.9799995
TXS02,30.34771,-98.77726,2025-10-06,na,6280.0,4675.0,0.0,31.1399994,16.4300003
TXS02,30.34771,-98.77726,2025-10-07,na,6280.0,4675.0,0.0,31.2600002,17.0499992
TXS02,30.34771,-98.77726,2025-10-08,na,6280.0,4675.0,0.0,30.8199997,17.5
TXS02,30.34771,-98.77726,2025-10-09,na,6280.0,4675.0,0.0,30.4300003,17.0100002
TXS02,30.34771,-98.77726,2025-10-10,na,6280.0,4675.0,0.0,30.7999992,14.9300003
TXS02,30.34771,-98.77726,2025-10-11,na,6280.0,4675.0,0.0,31.6299992,14.3699999
TXS02,30.34771,-98.77726,2025-10-12,na,6280.0,4675.0,0.0,30.3600006,14.6899996
TXS02,30.34771,-98.77726,2025-10-13,na,6280.0,4675.0,0.0,29.8099995,14.6199999
TXS02,30.34771,-98.77726,2025-10-14,na,6280.0,4675.0,0.0,29.8299999,16.2299995
TXS02,30.34771,-98.77726,2025-10-15,na,6280.0,4675.0,0.0,30.5499992,13.4799995
TXS02,30.34771,-98.77726,2025-10-16,na,6280.0,4675.0,0.0,28.5300007,14.5200005
TXS02,30.34771,-98.77726,2025-10-17,na,6280.0,4675.0,0.0,29.75,14.9799995
TXS02,30.34771,-98.77726,2025-10-18,na,6280.0,4675.0,0.0,32.7799988,16.9899998
TXS02,30.34771,-98.77726,2025-10-19,na,6280.0,4675.0,0.0,28.3199997,13.7200003
TXS02,30.34771,-98.77726,2025-10-20,na,6280.0,4675.0,0.0,31.1900005,12.7600002
TXS02,30.34771,-98.77726,2025-10-21,na,6280.0,4675.0,0.0,28.0599995,15.7600002
TXS02,30.34771,-98.77726,2025-10-22,na,6280.0,4675.0,0.0,28.5599995,12.8299999
TXS02,30.34771,-98.77726,2025-10-23,na,6280.0,4675.0,0.0,29.6399994,16.3600006
TXS02,30.34771,-98.77726,2025-10-24,na,6280.0,4675.0,52.4500008,28.3099995,15.7700005
TXS02,30.34771,-98.77726,2025-10-25,na,6280.0,4675.0,0.0,25.7600002,14.8999996
TXS02,30.34771,-98.77726,2025-10-26,na,6280.0,4675.0,0.0,27.6599998,12.0600004
TXS02,30.34771,-98.77726,2025-10-27,na,6280.0,4675.0,0.0,29.6299992,13.7799997
TXS02,30.34771,-98.77726,2025-10-28,na,6280.0,4675.0,0.0,26.6000004,14.1700001
TXS02,30.34771,-98.77726,2025-10-29,na,6280.0,4675.0,0.0,18.4400005,6.7800002
TXS02,30.34771,-98.77726,2025-10-30,na,6280.0,4675.0,0.0,20.3199997,1.41
TXS02,30.34771,-98.77726,2025-10-31,na,6280.0,4675.0,0.0,22.2900009,2.29
TXS02,30.34771,-98.77726,2025-11-01,na,6280.0,4675.0,0.63,19.0400009,6.5
TXS02,30.34771,-98.77726,2025-11-02,na,6280.0,4675.0,0.0,21.3500004,5.0999999
TXS02,30.34771,-98.77726,2025-11-03,na,6280.0,4675.0,0.0,23.3999996,5.79
TXS02,30.34771,-98.77726,2025-11-04,na,6280.0,4675.0,0.0,23.9899998,6.8400002
TXS02,30.34771,-98.77726,2025-11-05,na,6280.0,4675.0,0.0,27.1800003,9.5799999
TXS02,30.34771,-98.77726,2025-11-06,na,6280.0,4675.0,0.0,27.5799999,10.8599997
TXS02,30.34771,-98.77726,2025-11-07,na,6280.0,4675.0,0.0,31.0300007,11.6300001
TXS02,30.34771,-98.77726,2025-11-08,na,6280.0,4675.0,0.0,30.6200008,9.9799995
TXS02,30.34771,-98.77726,2025-11-09,na,6280.0,4675.0,0.0,21.2099991,8.21
TXS02,30.34771,-98.77726,2025-11-10,na,6280.0,4675.0,0.0,16.8400002,0.85
TXS02,30.34771,-98.77726,2025-11-11,na,6280.0,4675.0,0.0,21.7600002,2.2
TXS02,30.34771,-98.77726,2025-11-12,na,6280.0,4675.0,0.0,25.1599998,7.6700001
TXS02,30.34771,-98.77726,2025-11-13,na,6280.0,4675.0,0.0,26.2999992,11.21
TXS02,30.34771,-98.77726,2025-11-14,na,6280.0,4675.0,0.0,27.0300007,14.6899996
TXS02,30.34771,-98.77726,2025-11-15,na,6280.0,4675.0,0.0,27.2900009,16.2299995
TXS02,30.34771,-98.77726,2025-11-16,na,6280.0,4675.0,0.0,29.3899994,15.1300001
TXS02,30.34771,-98.77726,2025-11-17,na,6280.0,4675.0,0.0,28.0,15.8500004
TXS02,30.34771,-98.77726,2025-11-18,na,6280.0,4675.0,0.0,25.3799992,16.7999992
TXS02,30.34771,-98.77726,2025-11-19,na,6280.0,4675.0,3.52,25.5,16.9599991
TXS02,30.34771,-98.77726,2025-11-20,na,6280.0,4675.0,7.8400002,25.2700005,15.3299999
TXS02,30.34771,-98.77726,2025-11-21,na,6280.0,4675.0,0.99,24.5200005,13.1899996
TXS02,30.34771,-98.77726,2025-11-22,na,6280.0,4675.0,0.0,23.6499996,9.4899998
TXS02,30.34771,-98.77726,2025-11-23,na,6280.0,4675.0,1.72,19.4599991,11.21
TXS02,30.34771,-98.77726,2025-11-24,na,6280.0,4675.0,4.73,22.5300007,11.9200001
TXS02,30.34771,-98.77726,2025-11-25,na,6280.0,4675.0,0.0,25.8799992,6.5799999
TXS02,30.34771,-98.77726,2025-11-26,na,6280.0,4675.0,0.0,16.4400005,7.2600002
TXS02,30.34771,-98.77726,2025-11-27,na,6280.0,4675.0,0.0,14.8999996,5.4200001
TXS02,30.34771,-98.77726,2025-11-28,na,6280.0,4675.0,1.29,16.2600002,7.2800002
TXS02,30.34771,-98.77726,2025-11-29,na,6280.0,4675.0,0.0,22.5200005,10.1599998
TXS02,30.34771,-98.77726,2025-11-30,na,6280.0,4675.0,0.0,12.5500002,4.1100001
TXS02,30.34771,-98.77726,2025-12-01,na,6280.0,4675.0,0.0,6.9400001,2.46
TXS02,30.34771,-98.77726,2025-12-02,na,6280.0,4675.0,0.0,14.9200001,-1.1
TXS02,30.34771,-98.77726,2025-12-03,na,6280.0,4675.0,1.75,18.9200001,1.04
TXS02,30.34771,-98.77726,2025-12-04,na,6280.0,4675.0,0.0,10.7299995,4.1199999
TXS02,30.34771,-98.77726,2025-12-05,na,6280.0,4675.0,0.0,13.8500004,4.29
TXS02,30.34771,-98.77726,2025-12-06,na,6280.0,4675.0,0.0,24.1299992,4.2800002
TXS02,30.34771,-98.77726,2025-12-07,na,6280.0,4675.0,0.0,16.9500008,5.5599999
TXS02,30.34771,-98.77726,2025-12-08,na,6280.0,4675.0,0.0,17.4500008,-0.37
TXS02,30.34771,-98.77726,2025-12-09,na,6280.0,4675.0,0.0,19.2099991,-0.22
TXS02,30.34771,-98.77726,2025-12-10,na,6280.0,4675.0,0.0,19.6200008,3.0
TXS02,30.34771,-98.77726,2025-12-11,na,6280.0,4675.0,0.0,20.2399998,0.48
TXS02,30.34771,-98.77726,2025-12-12,na,6280.0,4675.0,0.0,21.6000004,5.0
TXS02,30.34771,-98.77726,2025-12-13,na,6280.0,4675.0,0.0,25.2700005,9.6800003
TXS02,30.34771,-98.77726,2025-12-14,na,6280.0,4675.0,0.0,13.3100004,2.8
TXS02,30.34771,-98.77726,2025-12-15,na,6280.0,4675.0,0.0,15.6599998,0.18
TXS02,30.34771,-98.77726,2025-12-16,na,6280.0,4675.0,0.0,13.54,3.74
TXS02,30.34771,-98.77726,2025-12-17,na,6280.0,4675.0,0.0,17.7999992,10.2799997
TXS02,30.34771,-98.77726,2025-12-18,na,6280.0,4675.0,0.0,21.5499992,8.1499996
TXS02,30.34771,-98.77726,2025-12-19,na,6280.0,4675.0,0.0,19.7800007,0.44
TXS02,30.34771,-98.77726,2025-12-20,na,6280.0,4675.0,0.0,26.4599991,5.9699998
TXS02,30.34771,-98.77726,2025-12-21,na,6280.0,4675.0,0.0,19.6599998,5.9099998
TXS02,30.34771,-98.77726,2025-12-22,na,6280.0,4675.0,0.0,23.3500004,5.4099998
TXS02,30.34771,-98.77726,2025-12-23,na,6280.0,4675.0,0.0,24.0499992,13.0900002
TXS02,30.34771,-98.77726,2025-12-24,na,6280.0,4675.0,0.0,22.7600002,14.0799999
TXS02,30.34771,-98.77726,2025-12-25,na,6280.0,4675.0,0.0,24.1499996,12.8000002
TXS02,30.34771,-98.77726,2025-12-26,na,6280.0,4675.0,0.0,29.0499992,13.8900003
TXS02,30.34771,-98.77726,2025-12-27,na,6280.0,4675.0,0.0,23.6499996,15.1300001
TXS02,30.34771,-98.77726,2025-12-28,na,6280.0,4675.0,0.0,24.4799995,12.7399998
TXS02,30.34771,-98.77726,2025-12-29,na,6280.0,4675.0,0.0,8.1400003,3.0
TXS02,30.34771,-98.77726,2025-12-30,na,6280.0,4675.0,0.0,14.5600004,1.03
TXS02,30.34771,-98.77726,2025-12-31,na,6280.0,4675.0,0.0,20.0599995,-1.24
TXS03,30.30154,-98.70618,2024-01-01,na,6285.0,4682.0,0.0,14.6700001,0.75
TXS03,30.30154,-98.70618,2024-01-02,na,6285.0,4682.0,21.5100002,9.0699997,1.37
TXS03,30.30154,-98.70618,2024-01-03,na,6285.0,4682.0,0.0,9.1300001,3.75
TXS03,30.30154,-98.70618,2024-01-04,na,6285.0,4682.0,8.8599997,10.1599998,4.2600002
TXS03,30.30154,-98.70618,2024-01-05,na,6285.0,4682.0,0.0,15.3299999,3.8599999
TXS03,30.30154,-98.70618,2024-01-06,na,6285.0,4682.0,0.0,16.9300003,-0.48
TXS03,30.30154,-98.70618,2024-01-07,na,6285.0,4682.0,1.58,16.4799995,-1.9
TXS03,30.30154,-98.70618,2024-01-08,na,6285.0,4682.0,3.5899999,16.4400005,3.4300001
TXS03,30.30154,-98.70618,2024-01-09,na,6285.0,4682.0,0.0,12.6300001,-0.19
TXS03,30.30154,-98.70618,2024-01-10,na,6285.0,4682.0,0.0,17.5100002,-1.12
TXS03,30.30154,-98.70618,2024-01-11,na,6285.0,4682.0,0.0,20.8799992,0.25
TXS03,30.30154,-98.70618,2024-01-12,na,6285.0,4682.0,0.0,14.9300003,0.28
TXS03,30.30154,-98.70618,2024-01-13,na,6285.0,4682.0,0.0,13.2799997,-2.8199999
TXS03,30.30154,-98.70618,2024-01-14,na,6285.0,4682.0,0.0,1.1799999,-9.2200003
TXS03,30.30154,-98.70618,2024-01-15,na,6285.0,4682.0,0.0,-5.5799999,-10.9399996
TXS03,30.30154,-98.70618,2024-01-16,na,6285.0,4682.0,0.0,-1.02,-11.3299999
TXS03,30.30154,-98.70618,2024-01-17,na,6285.0,4682.0,0.0,6.96,-11.7399998
TXS03,30.30154,-98.70618,2024-01-18,na,6285.0,4682.0,0.0,20.2900009,-3.25
TXS03,30.30154,-98.70618,2024-01-19,na,6285.0,4682.0,0.0,8.29,-3.5699999
TXS03,30.30154,-98.70618,2024-01-20,na,6285.0,4682.0,0.0,4.3899999,-6.4200001
TXS03,30.30154,-98.70618,2024-01-21,na,6285.0,4682.0,9.1400003,6.1500001,-1.6900001
TXS03,30.30154,-98.70618,2024-01-22,na,6285.0,4682.0,3.49,16.9899998,0.88
TXS03,30.30154,-98.70618,2024-01-23,na,6285.0,4682.0,1.4400001,16.9400005,9.3199997
TXS03,30.30154,-98.70618,2024-01-24,na,6285.0,4682.0,5.3200002,13.9399996,10.0299997
TXS03,30.30154,-98.70618,2024-01-25,na,6285.0,4682.0,0.0,18.5699997,6.0599999
TXS03,30.30154,-98.70618,2024-01-26,na,6285.0,4682.0,0.0,19.1700001,7.8400002
TXS03,30.30154,-98.70618,2024-01-27,na,6285.0,4682.0,0.0,16.0599995,6.4400001
TXS03,30.30154,-98.70618,2024-01-28,na,6285.0,4682.0,0.0,17.7999992,0.68
TXS03,30.30154,-98.70618,2024-01-29,na,6285.0,4682.0,0.0,19.6299992,1.3099999
TXS03,30.30154,-98.70618,2024-01-30,na,6285.0,4682.0,0.0,21.0400009,3.1300001
TXS03,30.30154,-98.70618,2024-01-31,na,6285.0,4682.0,0.0,21.7999992,2.6700001
TXS03,30.30154,-98.70618,2024-02-01,na,6285.0,4682.0,0.0,19.8899994,5.54
TXS03,30.30154,-98.70618,2024-02-02,na,6285.0,4682.0,5.9099998,17.6200008,11.2799997
TXS03,30.30154,-98.70618,2024-02-03,na,6285.0,4682.0,0.0,19.1800003,8.1300001
TXS03,30.30154,-98.70618,2024-02-04,na,6285.0,4682.0,0.0,17.8099995,7.5900002
TXS03,30.30154,-98.70618,2024-02-05,na,6285.0,4682.0,0.0,16.5400009,7.25
TXS03,30.30154,-98.70618,2024-02-06,na,6285.0,4682.0,0.0,18.4599991,1.9299999
TXS03,30.30154,-98.70618,2024-02-07,na,6285.0,4682.0,0.0,18.6499996,5.75
TXS03,30.30154,-98.70618,2024-02-08,na,6285.0,4682.0,0.0,19.6900005,9.5
TXS03,30.30154,-98.70618,2024-02-09,na,6285.0,4682.0,19.8500004,21.5799999,11.1999998
TXS03,30.30154,-98.70618,2024-02-10,na,6285.0,4682.0,15.0500002,16.9899998,12.3599997
TXS03,30.30154,-98.70618,2024-02-11,na,6285.0,4682.0,0.0,14.4799995,6.0500002
TXS03,30.30154,-98.70618,2024-02-12,na,6285.0,4682.0,0.0,13.8400002,2.26
TXS03,30.30154,-98.70618,2024-02-13,na,6285.0,4682.0,0.0,17.6499996,-0.19
TXS03,30.30154,-98.70618,2024-02-14,na,6285.0,4682.0,0.0,16.6800003,2.98
TXS03,30.30154,-98.70618,2024-02-15,na,6285.0,4682.0,0.0,18.8500004,8.9899998
TXS03,30.30154,-98.70618,2024-02-16,na,6285.0,4682.0,0.0,21.0300007,7.6199999
TXS03,30.30154,-98.70618,2024-02-17,na,6285.0,4682.0,0.0,7.7800002,0.62
TXS03,30.30154,-98.70618,2024-02-18,na,6285.0,4682.0,0.0,11.25,-3.0799999
TXS03,30.30154,-98.70618,2024-02-19,na,6285.0,4682.0,0.0,19.1399994,-0.52
TXS03,30.30154,-98.70618,2024-02-20,na,6285.0,4682.0,0.0,25.1100006,3.8
TXS03,30.30154,-98.70618,2024-02-21,na,6285.0,4682.0,0.0,24.7800007,9.0699997
TXS03,30.30154,-98.70618,2024-02-22,na,6285.0,4682.0,0.0,27.2399998,12.8999996
TXS03,30.30154,-98.70618,2024-02-23,na,6285.0,4682.0,0.0,21.8999996,9.1700001
TXS03,30.30154,-98.70618,2024-02-24,na,6285.0,4682.0,0.0,23.6000004,4.4400001
TXS03,30.30154,-98.70618,2024-02-25,na,6285.0,4682.0,0.0,28.4699993,10.4300003
TXS03,30.30154,-98.70618,2024-02-26,na,6285.0,4682.0,0.0,31.9899998,11.5900002
TXS03,30.30154,-98.70618,2024-02-27,na,6285.0,4682.0,0.0,28.9300003,15.0600004
TXS03,30.30154,-98.70618,2024-02-28,na,6285.0,4682.0,0.0,20.0799999,6.52
TXS03,30.30154,-98.70618,2024-02-29,na,6285.0,4682.0,0.0,9.9499998,2.8699999
TXS03,30.30154,-98.70618,2024-03-01,na,6285.0,4682.0,0.0,25.2399998,-0.21
TXS03,30.30154,-98.70618,2024-03-02,na,6285.0,4682.0,0.0,27.2399998,6.0999999
TXS03,30.30154,-98.70618,2024-03-03,na,6285.0,4682.0,0.0,24.3999996,11.7600002
TXS03,30.30154,-98.70618,2024-03-04,na,6285.0,4682.0,0.0,24.9500008,12.7700005
TXS03,30.30154,-98.70618,2024-03-05,na,6285.0,4682.0,0.0,28.2999992,11.0200005
TXS03,30.30154,-98.70618,2024-03-06,na,6285.0,4682.0,0.0,27.3299999,9.54
TXS03,30.30154,-98.70618,2024-03-07,na,6285.0,4682.0,9.4099998,21.7700005,14.6999998
TXS03,30.30154,-98.70618,2024-03-08,na,6285.0,4682.0,0.0,24.4699993,8.75
TXS03,30.30154,-98.70618,2024-03-09,na,6285.0,4682.0,0.0,16.3799992,5.0700002
TXS03,30.30154,-98.70618,2024-03-10,na,6285.0,4682.0,0.0,17.9899998,2.29
TXS03,30.30154,-98.70618,2024-03-11,na,6285.0,4682.0,0.0,21.5,6.5700002
TXS03,30.30154,-98.70618,2024-03-12,na,6285.0,4682.0,0.0,22.8799992,10.1800003
TXS03,30.30154,-98.70618,2024-03-13,na,6285.0,4682.0,0.0,27.2299995,13.9499998
TXS03,30.30154,-98.70618,2024-03-14,na,6285.0,4682.0,2.0999999,25.2999992,17.6700001
TXS03,30.30154,-98.70618,2024-03-15,na,6285.0,4682.0,1.13,21.0900002,16.2000008
TXS03,30.30154,-98.70618,2024-03-16,na,6285.0,4682.0,4.54,20.25,13.0600004
TXS03,30.30154,-98.70618,2024-03-17,na,6285.0,4682.0,6.52,16.5400009,11.8800001
TXS03,30.30154,-98.70618,2024-03-18,na,6285.0,4682.0,0.0,16.4400005,8.8699999
TXS03,30.30154,-98.70618,2024-03-19,na,6285.0,4682.0,0.0,17.5499992,6.4699998
TXS03,30.30154,-98.70618,2024-03-20,na,6285.0,4682.0,3.0,17.9599991,5.6100001
TXS03,30.30154,-98.70618,2024-03-21,na,6285.0,4682.0,26.3600006,19.3899994,9.3299999
TXS03,30.30154,-98.70618,2024-03-22,na,6285.0,4682.0,0.0,23.2800007,9.0600004
TXS03,30.30154,-98.70618,2024-03-23,na,6285.0,4682.0,0.0,21.8299999,7.6300001
TXS03,30.30154,-98.70618,2024-03-24,na,6285.0,4682.0,6.5700002,20.3799992,10.8599997
TXS03,30.30154,-98.70618,2024-03-25,na,6285.0,4682.0,0.0,22.25,10.3299999
TXS03,30.30154,-98.70618,2024-03-26,na,6285.0,4682.0,0.0,19.6900005,4.1300001
TXS03,30.30154,-98.70618,2024-03-27,na,6285.0,4682.0,3.4400001,19.5100002,5.3699999
TXS03,30.30154,-98.70618,2024-03-28,na,6285.0,4682.0,0.0,23.2900009,4.9499998
TXS03,30.30154,-98.70618,2024-03-29,na,6285.0,4682.0,0.0,23.8700008,10.21
TXS03,30.30154,-98.70618,2024-03-30,na,6285.0,4682.0,0.0,21.6599998,15.0500002
TXS03,30.30154,-98.70618,2024-03-31,na,6285.0,4682.0,0.0,22.7900009,16.6599998
TXS03,30.30154,-98.70618,2024-04-01,na,6285.0,4682.0,7.73,26.6700001,15.75
TXS03,30.30154,-98.70618,2024-04-02,na,6285.0,4682.0,0.0,21.2299995,10.3299999
TXS03,30.30154,-98.70618,2024-04-03,na,6285.0,4682.0,0.0,24.7099991,4.5100002
TXS03,30.30154,-98.70618,2024-04-04,na,6285.0,4682.0,0.0,28.4099998,5.46
TXS03,30.30154,-98.70618,2024-04-05,na,6285.0,4682.0,0.0,27.7000008,9.5100002
TXS03,30.30154,-98.70618,2024-04-06,na,6285.0,4682.0,0.0,25.7099991,12.9099998
TXS03,30.30154,-98.70618,2024-04-07,na,6285.0,4682.0,0.0,26.3099995,12.9700003
TXS03,30.30154,-98.70618,2024-04-08,na,6285.0,4682.0,0.0,25.1700001,12.4899998
TXS03,30.30154,-98.70618,2024-04-09,na,6285.0,4682.0,4.5100002,29.2099991,16.4099998
TXS03,30.30154,-98.70618,2024-04-10,na,6285.0,4682.0,0.0,21.2800007,9.96
TXS03,30.30154,-98.70618,2024-04-11,na,6285.0,4682.0,0.0,24.8999996,7.9400001
TXS03,30.30154,-98.70618,2024-04-12,na,6285.0,4682.0,0.0,26.6399994,9.1499996
TXS03,30.30154,-98.70618,2024-04-13,na,6285.0,4682.0,0.0,26.9500008,11.6700001
TXS03,30.30154,-98.70618,2024-04-14,na,6285.0,4682.0,0.0,28.2700005,16.1900005
TXS03,30.30154,-98.70618,2024-04-15,na,6285.0,4682.0,1.34,27.7399998,18.0
TXS03,30.30154,-98.70618,2024-04-16,na,6285.0,4682.0,0.0,28.4200001,18.9099998
TXS03,30.30154,-98.70618,2024-04-17,na,6285.0,4682.0,0.0,28.7900009,20.1599998
TXS03,30.30154,-98.70618,2024-04-18,na,6285.0,4682.0,0.0,27.9799995,20.4599991
TXS03,30.30154,-98.70618,2024-04-19,na,6285.0,4682.0,0.0,22.0599995,16.3199997
TXS03,30.30154,-98.70618,2024-04-20,na,6285.0,4682.0,18.6900005,18.8400002,12.7200003
TXS03,30.30154,-98.70618,2024-04-21,na,6285.0,4682.0,0.0,18.5499992,8.2299995
TXS03,30.30154,-98.70618,2024-04-22,na,6285.0,4682.0,0.0,21.7099991,6.4899998
TXS03,30.30154,-98.70618,2024-04-23,na,6285.0,4682.0,0.0,23.3799992,10.8400002
TXS03,30.30154,-98.70618,2024-04-24,na,6285.0,4682.0,0.0,26.75,16.7399998
TXS03,30.30154,-98.70618,2024-04-25,na,6285.0,4682.0,0.0,25.9300003,18.4200001
TXS03,30.30154,-98.70618,2024-04-26,na,6285.0,4682.0,1.23,27.1200008,20.2900009
TXS03,30.30154,-98.70618,2024-04-27,na,6285.0,4682.0,15.79,27.3500004,20.9400005
TXS03,30.30154,-98.70618,2024-04-28,na,6285.0,4682.0,0.0,28.4799995,16.1700001
TXS03,30.30154,-98.70618,2024-04-29,na,6285.0,4682.0,0.0,30.1599998,15.0200005
TXS03,30.30154,-98.70618,2024-04-30,na,6285.0,4682.0,0.0,29.2000008,17.7099991
TXS03,30.30154,-98.70618,2024-05-01,na,6285.0,4682.0,13.1999998,25.9599991,18.8299999
TXS03,30.30154,-98.70618,2024-05-02,na,6285.0,4682.0,0.0,25.4899998,20.0100002
TXS03,30.30154,-98.70618,2024-05-03,na,6285.0,4682.0,0.0,25.6800003,19.9400005
TXS03,30.30154,-98.70618,2024-05-04,na,6285.0,4682.0,14.5500002,23.5200005,20.0799999
TXS03,30.30154,-98.70618,2024-05-05,na,6285.0,4682.0,0.0,23.7099991,15.6400003
TXS03,30.30154,-98.70618,2024-05-06,na,6285.0,4682.0,0.0,27.7700005,18.8400002
TXS03,30.30154,-98.70618,2024-05-07,na,6285.0,4682.0,0.0,30.2199993,20.2000008
TXS03,30.30154,-98.70618,2024-05-08,na,6285.0,4682.0,1.0,31.3199997,21.9899998
TXS03,30.30154,-98.70618,2024-05-09,na,6285.0,4682.0,0.0,33.2200012,20.2999992
TXS03,30.30154,-98.70618,2024-05-10,na,6285.0,4682.0,0.0,27.8600006,17.2999992
TXS03,30.30154,-98.70618,2024-05-11,na,6285.0,4682.0,1.54,25.8999996,17.6499996
TXS03,30.30154,-98.70618,2024-05-12,na,6285.0,4682.0,2.6700001,26.2099991,17.0699997
TXS03,30.30154,-98.70618,2024-05-13,na,6285.0,4682.0,4.2600002,28.0400009,17.0699997
TXS03,30.30154,-98.70618,2024-05-14,na,6285.0,4682.0,0.0,30.9799995,13.6400003
TXS03,30.30154,-98.70618,2024-05-15,na,6285.0,4682.0,0.0,32.4900017,17.3500004
TXS03,30.30154,-98.70618,2024-05-16,na,6285.0,4682.0,13.0699997,26.5900002,18.0900002
TXS03,30.30154,-98.70618,2024-05-17,na,6285.0,4682.0,0.0,28.0699997,13.7799997
TXS03,30.30154,-98.70618,2024-05-18,na,6285.0,4682.0,0.0,33.8300018,15.8900003
TXS03,30.30154,-98.70618,2024-05-19,na,6285.0,4682.0,0.0,33.3499985,18.7600002
TXS03,30.30154,-98.70618,2024-05-20,na,6285.0,4682.0,0.0,33.1800003,20.0200005
TXS03,30.30154,-98.70618,2024-05-21,na,6285.0,4682.0,0.0,32.9000015,21.9099998
TXS03,30.30154,-98.70618,2024-05-22,na,6285.0,4682.0,0.0,31.6200008,22.7700005
TXS03,30.30154,-98.70618,2024-05-23,na,6285.0,4682.0,0.0,31.7299995,23.0599995
TXS03,30.30154,-98.70618,2024-05-24,na,6285.0,4682.0,0.0,31.8099995,23.4599991
TXS03,30.30154,-98.70618,2024-05-25,na,6285.0,4682.0,0.0,35.3100014,23.3700008
TXS03,30.30154,-98.70618,2024-05-26,na,6285.0,4682.0,0.0,36.0299988,23.1599998
TXS03,30.30154,-98.70618,2024-05-27,na,6285.0,4682.0,14.1400003,38.3400002,23.5
TXS03,30.30154,-98.70618,2024-05-28,na,6285.0,4682.0,17.2399998,31.8500004,20.5200005
TXS03,30.30154,-98.70618,2024-05-29,na,6285.0,4682.0,0.0,30.8199997,19.0400009
TXS03,30.30154,-98.70618,2024-05-30,na,6285.0,4682.0,37.4099998,31.1900005,20.7000008
TXS03,30.30154,-98.70618,2024-05-31,na,6285.0,4682.0,10.3599997,30.0300007,16.1599998
TXS03,30.30154,-98.70618,2024-06-01,na,6285.0,4682.0,1.6,30.6200008,18.3199997
TXS03,30.30154,-98.70618,2024-06-02,na,6285.0,4682.0,0.0,31.8500004,21.5300007
TXS03,30.30154,-98.70618,2024-06-03,na,6285.0,4682.0,0.0,32.6399994,23.8099995
TXS03,30.30154,-98.70618,2024-06-04,na,6285.0,4682.0,0.0,35.4599991,24.2900009
TXS03,30.30154,-98.70618,2024-06-05,na,6285.0,4682.0,0.0,33.7200012,22.5
TXS03,30.30154,-98.70618,2024-06-06,na,6285.0,4682.0,0.0,34.9000015,20.4899998
TXS03,30.30154,-98.70618,2024-06-07,na,6285.0,4682.0,0.0,35.3100014,20.7800007
TXS03,30.30154,-98.70618,2024-06-08,na,6285.0,4682.0,0.0,34.8100014,21.6399994
TXS03,30.30154,-98.70618,2024-06-09,na,6285.0,4682.0,0.0,34.3199997,21.6700001
TXS03,30.30154,-98.70618,2024-06-10,na,6285.0,4682.0,0.0,33.2000008,20.2900009
TXS03,30.30154,-98.70618,2024-06-11,na,6285.0,4682.0,9.71,32.4900017,19.7000008
TXS03,30.30154,-98.70618,2024-06-12,na,6285.0,4682.0,0.0,31.0200005,20.9899998
TXS03,30.30154,-98.70618,2024-06-13,na,6285.0,4682.0,0.0,32.8699989,21.6900005
TXS03,30.30154,-98.70618,2024-06-14,na,6285.0,4682.0,0.0,33.7599983,22.1800003
TXS03,30.30154,-98.70618,2024-06-15,na,6285.0,4682.0,0.0,33.6199989,21.8600006
TXS03,30.30154,-98.70618,2024-06-16,na,6285.0,4682.0,0.0,33.2599983,22.8999996
TXS03,30.30154,-98.70618,2024-06-17,na,6285.0,4682.0,0.0,33.75,23.6299992
TXS03,30.30154,-98.70618,2024-06-18,na,6285.0,4682.0,0.0,32.5999985,22.6299992
TXS03,30.30154,-98.70618,2024-06-19,na,6285.0,4682.0,46.0600014,28.4699993,20.9300003
TXS03,30.30154,-98.70618,2024-06-20,na,6285.0,4682.0,16.4200001,28.4400005,20.8400002
TXS03,30.30154,-98.70618,2024-06-21,na,6285.0,4682.0,0.0,30.6100006,21.4500008
TXS03,30.30154,-98.70618,2024-06-22,na,6285.0,4682.0,0.0,32.0800018,21.3600006
TXS03,30.30154,-98.70618,2024-06-23,na,6285.0,4682.0,0.0,32.9900017,20.2999992
TXS03,30.30154,-98.70618,2024-06-24,na,6285.0,4682.0,0.0,33.2900009,21.6599998
TXS03,30.30154,-98.70618,2024-06-25,na,6285.0,4682.0,0.0,33.4599991,23.7800007
TXS03,30.30154,-98.70618,2024-06-26,na,6285.0,4682.0,0.0,33.7900009,24.4500008
TXS03,30.30154,-98.70618,2024-06-27,na,6285.0,4682.0,0.0,35.7599983,24.0599995
TXS03,30.30154,-98.70618,2024-06-28,na,6285.0,4682.0,0.0,34.9399986,23.7399998
TXS03,30.30154,-98.70618,2024-06-29,na,6285.0,4682.0,0.0,34.8199997,24.1900005
TXS03,30.30154,-98.70618,2024-06-30,na,6285.0,4682.0,0.0,34.2200012,23.6100006
TXS03,30.30154,-98.70618,2024-07-01,na,6285.0,4682.0,0.0,35.0499992,21.5699997
TXS03,30.30154,-98.70618,2024-07-02,na,6285.0,4682.0,0.0,36.1800003,22.9599991
TXS03,30.30154,-98.70618,2024-07-03,na,6285.0,4682.0,0.0,35.5999985,23.6000004
TXS03,30.30154,-98.70618,2024-07-04,na,6285.0,4682.0,0.0,35.5499992,23.9799995
TXS03,30.30154,-98.70618,2024-07-05,na,6285.0,4682.0,0.0,35.6399994,23.4300003
TXS03,30.30154,-98.70618,2024-07-06,na,6285.0,4682.0,45.2400017,33.8400002,20.9300003
TXS03,30.30154,-98.70618,2024-07-07,na,6285.0,4682.0,0.0,32.8800011,20.7399998
TXS03,30.30154,-98.70618,2024-07-08,na,6285.0,4682.0,0.0,32.0900002,21.8999996
TXS03,30.30154,-98.70618,2024-07-09,na,6285.0,4682.0,0.0,32.1599998,21.2299995
TXS03,30.30154,-98.70618,2024-07-10,na,6285.0,4682.0,0.0,32.4399986,21.2399998
TXS03,30.30154,-98.70618,2024-07-11,na,6285.0,4682.0,0.0,32.3400002,19.0200005
TXS03,30.30154,-98.70618,2024-07-12,na,6285.0,4682.0,6.3499999,31.7099991,19.6399994
TXS03,30.30154,-98.70618,2024-07-13,na,6285.0,4682.0,0.91,30.2299995,21.0799999
TXS03,30.30154,-98.70618,2024-07-14,na,6285.0,4682.0,0.0,32.1800003,22.5200005
TXS03,30.30154,-98.70618,2024-07-15,na,6285.0,4682.0,0.0,34.0099983,23.0400009
TXS03,30.30154,-98.70618,2024-07-16,na,6285.0,4682.0,0.0,34.8400002,21.6700001
TXS03,30.30154,-98.70618,2024-07-17,na,6285.0,4682.0,0.0,34.3499985,22.8400002
TXS03,30.30154,-98.70618,2024-07-18,na,6285.0,4682.0,48.1699982,32.25,21.5400009
TXS03,30.30154,-98.70618,2024-07-19,na,6285.0,4682.0,0.0,33.0099983,20.8899994
TXS03,30.30154,-98.70618,2024-07-20,na,6285.0,4682.0,0.0,33.1300011,21.5599995
TXS03,30.30154,-98.70618,2024-07-21,na,6285.0,4682.0,0.0,32.3600006,22.1100006
TXS03,30.30154,-98.70618,2024-07-22,na,6285.0,4682.0,23.5599995,29.2900009,21.3999996
TXS03,30.30154,-98.70618,2024-07-23,na,6285.0,4682.0,31.7399998,26.7099991,21.3400002
TXS03,30.30154,-98.70618,2024-07-24,na,6285.0,4682.0,0.0,30.1200008,20.5
TXS03,30.30154,-98.70618,2024-07-25,na,6285.0,4682.0,6.2600002,30.8500004,20.25
TXS03,30.30154,-98.70618,2024-07-26,na,6285.0,4682.0,15.3900003,30.6499996,20.8600006
TXS03,30.30154,-98.70618,2024-07-27,na,6285.0,4682.0,0.0,31.6800003,20.2299995
TXS03,30.30154,-98.70618,2024-07-28,na,6285.0,4682.0,0.53,30.4799995,21.5900002
TXS03,30.30154,-98.70618,2024-07-29,na,6285.0,4682.0,0.0,32.2200012,23.1299992
TXS03,30.30154,-98.70618,2024-07-30,na,6285.0,4682.0,0.0,32.5900002,23.4899998
TXS03,30.30154,-98.70618,2024-07-31,na,6285.0,4682.0,0.0,33.0400009,23.4899998
TXS03,30.30154,-98.70618,2024-08-01,na,6285.0,4682.0,0.0,34.25,21.7000008
TXS03,30.30154,-98.70618,2024-08-02,na,6285.0,4682.0,0.0,34.75,22.3999996
TXS03,30.30154,-98.70618,2024-08-03,na,6285.0,4682.0,0.0,35.3300018,21.9200001
TXS03,30.30154,-98.70618,2024-08-04,na,6285.0,4682.0,0.0,35.0,22.6900005
TXS03,30.30154,-98.70618,2024-08-05,na,6285.0,4682.0,0.0,34.4099998,21.4599991
TXS03,30.30154,-98.70618,2024-08-06,na,6285.0,4682.0,0.0,35.0999985,21.5499992
TXS03,30.30154,-98.70618,2024-08-07,na,6285.0,4682.0,0.0,37.2099991,21.5499992
TXS03,30.30154,-98.70618,2024-08-08,na,6285.0,4682.0,0.0,36.5299988,22.5
TXS03,30.30154,-98.70618,2024-08-09,na,6285.0,4682.0,3.74,35.3800011,21.2900009
TXS03,30.30154,-98.70618,2024-08-10,na,6285.0,4682.0,0.0,34.9599991,21.7600002
TXS03,30.30154,-98.70618,2024-08-11,na,6285.0,4682.0,0.0,35.4199982,23.2299995
TXS03,30.30154,-98.70618,2024-08-12,na,6285.0,4682.0,0.0,35.4799995,22.7800007
TXS03,30.30154,-98.70618,2024-08-13,na,6285.0,4682.0,0.0,35.1100006,22.7199993
TXS03,30.30154,-98.70618,2024-08-14,na,6285.0,4682.0,0.0,34.8899994,23.2000008
TXS03,30.30154,-98.70618,2024-08-15,na,6285.0,4682.0,0.0,35.9500008,23.2900009
TXS03,30.30154,-98.70618,2024-08-16,na,6285.0,4682.0,0.0,36.25,23.4899998
TXS03,30.30154,-98.70618,2024-08-17,na,6285.0,4682.0,0.0,36.8699989,23.3600006
TXS03,30.30154,-98.70618,2024-08-18,na,6285.0,4682.0,0.0,36.9199982,23.2199993
TXS03,30.30154,-98.70618,2024-08-19,na,6285.0,4682.0,0.0,37.5,22.0599995
TXS03,30.30154,-98.70618,2024-08-20,na,6285.0,4682.0,0.0,39.5,22.1800003
TXS03,30.30154,-98.70618,2024-08-21,na,6285.0,4682.0,0.0,40.8300018,22.4899998
TXS03,30.30154,-98.70618,2024-08-22,na,6285.0,4682.0,0.0,40.1399994,23.0699997
TXS03,30.30154,-98.70618,2024-08-23,na,6285.0,4682.0,0.0,37.6300011,24.4099998
TXS03,30.30154,-98.70618,2024-08-24,na,6285.0,4682.0,0.0,35.8800011,23.3999996
TXS03,30.30154,-98.70618,2024-08-25,na,6285.0,4682.0,0.0,34.7099991,22.1299992
TXS03,30.30154,-98.70618,2024-08-26,na,6285.0,4682.0,0.0,33.1199989,20.2800007
TXS03,30.30154,-98.70618,2024-08-27,na,6285.0,4682.0,4.1399999,31.0799999,20.5100002
TXS03,30.30154,-98.70618,2024-08-28,na,6285.0,4682.0,17.9599991,32.1500015,21.1800003
TXS03,30.30154,-98.70618,2024-08-29,na,6285.0,4682.0,0.0,32.25,20.0100002
TXS03,30.30154,-98.70618,2024-08-30,na,6285.0,4682.0,0.0,32.2999992,21.3199997
TXS03,30.30154,-98.70618,2024-08-31,na,6285.0,4682.0,0.0,32.9099998,21.6100006
TXS03,30.30154,-98.70618,2024-09-01,na,6285.0,4682.0,2.6400001,32.4300003,21.1000004
TXS03,30.30154,-98.70618,2024-09-02,na,6285.0,4682.0,10.5799999,28.7299995,21.75
TXS03,30.30154,-98.70618,2024-09-03,na,6285.0,4682.0,32.5,26.9899998,21.25
TXS03,30.30154,-98.70618,2024-09-04,na,6285.0,4682.0,0.0,27.4699993,20.2900009
TXS03,30.30154,-98.70618,2024-09-05,na,6285.0,4682.0,0.0,28.2399998,19.3199997
TXS03,30.30154,-98.70618,2024-09-06,na,6285.0,4682.0,0.0,30.0100002,20.2600002
TXS03,30.30154,-98.70618,2024-09-07,na,6285.0,4682.0,0.0,29.1200008,19.6200008
TXS03,30.30154,-98.70618,2024-09-08,na,6285.0,4682.0,0.0,27.5900002,15.1599998
TXS03,30.30154,-98.70618,2024-09-09,na,6285.0,4682.0,0.0,27.9500008,11.4300003
TXS03,30.30154,-98.70618,2024-09-10,na,6285.0,4682.0,0.0,29.4799995,13.6199999
TXS03,30.30154,-98.70618,2024-09-11,na,6285.0,4682.0,0.0,30.3799992,17.1599998
TXS03,30.30154,-98.70618,2024-09-12,na,6285.0,4682.0,0.0,31.4699993,18.0400009
TXS03,30.30154,-98.70618,2024-09-13,na,6285.0,4682.0,0.0,33.1399994,18.2700005
TXS03,30.30154,-98.70618,2024-09-14,na,6285.0,4682.0,0.0,32.8899994,20.2700005
TXS03,30.30154,-98.70618,2024-09-15,na,6285.0,4682.0,0.0,33.9500008,22.0
TXS03,30.30154,-98.70618,2024-09-16,na,6285.0,4682.0,0.0,33.7000008,18.6499996
TXS03,30.30154,-98.70618,2024-09-17,na,6285.0,4682.0,0.0,33.2700005,19.1399994
TXS03,30.30154,-98.70618,2024-09-18,na,6285.0,4682.0,0.0,33.4399986,21.0300007
TXS03,30.30154,-98.70618,2024-09-19,na,6285.0,4682.0,0.0,34.2700005,22.8299999
TXS03,30.30154,-98.70618,2024-09-20,na,6285.0,4682.0,0.0,34.0299988,22.5799999
TXS03,30.30154,-98.70618,2024-09-21,na,6285.0,4682.0,0.0,33.3800011,22.3400002
TXS03,30.30154,-98.70618,2024-09-22,na,6285.0,4682.0,0.0,32.6699982,22.3400002
TXS03,30.30154,-98.70618,2024-09-23,na,6285.0,4682.0,0.0,29.7999992,21.8099995
TXS03,30.30154,-98.70618,2024-09-24,na,6285.0,4682.0,0.0,32.0800018,18.8199997
TXS03,30.30154,-98.70618,2024-09-25,na,6285.0,4682.0,0.0,30.8400002,18.8299999
TXS03,30.30154,-98.70618,2024-09-26,na,6285.0,4682.0,0.0,29.9500008,14.21
TXS03,30.30154,-98.70618,2024-09-27,na,6285.0,4682.0,0.0,32.2000008,12.5
TXS03,30.30154,-98.70618,2024-09-28,na,6285.0,4682.0,0.0,31.7600002,13.71
TXS03,30.30154,-98.70618,2024-09-29,na,6285.0,4682.0,0.0,32.2200012,13.4099998
TXS03,30.30154,-98.70618,2024-09-30,na,6285.0,4682.0,0.0,33.2900009,13.5900002
TXS03,30.30154,-98.70618,2024-10-01,na,6285.0,4682.0,0.0,32.9199982,14.4399996
TXS03,30.30154,-98.70618,2024-10-02,na,6285.0,4682.0,0.0,31.7600002,14.8299999
TXS03,30.30154,-98.70618,2024-10-03,na,6285.0,4682.0,0.0,32.2400017,15.8100004
TXS03,30.30154,-98.70618,2024-10-04,na,6285.0,4682.0,0.0,31.9200001,14.9700003
TXS03,30.30154,-98.70618,2024-10-05,na,6285.0,4682.0,0.0,31.9599991,15.8800001
TXS03,30.30154,-98.70618,2024-10-06,na,6285.0,4682.0,0.0,31.6200008,16.6399994
TXS03,30.30154,-98.70618,2024-10-07,na,6285.0,4682.0,0.0,31.6200008,15.0200005
TXS03,30.30154,-98.70618,2024-10-08,na,6285.0,4682.0,0.0,32.9500008,14.3100004
TXS03,30.30154,-98.70618,2024-10-09,na,6285.0,4682.0,0.0,32.75,13.5100002
TXS03,30.30154,-98.70618,2024-10-10,na,6285.0,4682.0,0.0,33.7400017,13.8000002
TXS03,30.30154,-98.70618,2024-10-11,na,6285.0,4682.0,0.0,32.9099998,15.6199999
TXS03,30.30154,-98.70618,2024-10-12,na,6285.0,4682.0,0.0,33.3400002,15.2700005
TXS03,30.30154,-98.70618,2024-10-13,na,6285.0,4682.0,0.0,35.2000008,15.6300001
TXS03,30.30154,-98.70618,2024-10-14,na,6285.0,4682.0,0.0,33.2299995,14.3500004
TXS03,30.30154,-98.70618,2024-10-15,na,6285.0,4682.0,0.0,32.9399986,13.21
TXS03,30.30154,-98.70618,2024-10-16,na,6285.0,4682.0,0.0,24.9599991,11.25
TXS03,30.30154,-98.70618,2024-10-17,na,6285.0,4682.0,0.0,23.25,8.1199999
TXS03,30.30154,-98.70618,2024-10-18,na,6285.0,4682.0,0.0,24.2299995,11.3199997
TXS03,30.30154,-98.70618,2024-10-19,na,6285.0,4682.0,0.0,26.3199997,14.6499996
TXS03,30.30154,-98.70618,2024-10-20,na,6285.0,4682.0,0.0,27.7600002,13.4799995
TXS03,30.30154,-98.70618,2024-10-21,na,6285.0,4682.0,0.0,28.6399994,12.6800003
TXS03,30.30154,-98.70618,2024-10-22,na,6285.0,4682.0,0.0,27.8199997,15.3599997
TXS03,30.30154,-98.70618,2024-10-23,na,6285.0,4682.0,0.0,29.9599991,15.1000004
TXS03,30.30154,-98.70618,2024-10-24,na,6285.0,4682.0,0.0,29.2399998,15.8999996
TXS03,30.30154,-98.70618,2024-10-25,na,6285.0,4682.0,0.0,30.4699993,16.2299995
TXS03,30.30154,-98.70618,2024-10-26,na,6285.0,4682.0,0.0,31.0599995,15.3900003
TXS03,30.30154,-98.70618,2024-10-27,na,6285.0,4682.0,0.0,31.0300007,14.9300003
TXS03,30.30154,-98.70618,2024-10-28,na,6285.0,4682.0,0.0,29.3099995,14.7200003
TXS03,30.30154,-98.70618,2024-10-29,na,6285.0,4682.0,0.0,29.1599998,18.8199997
TXS03,30.30154,-98.70618,2024-10-30,na,6285.0,4682.0,0.0,28.4099998,20.6499996
TXS03,30.30154,-98.70618,2024-10-31,na,6285.0,4682.0,0.0,26.3199997,18.9500008
TXS03,30.30154,-98.70618,2024-11-01,na,6285.0,4682.0,0.0,26.0,15.7600002
TXS03,30.30154,-98.70618,2024-11-02,na,6285.0,4682.0,2.0999999,23.5599995,18.3199997
TXS03,30.30154,-98.70618,2024-11-03,na,6285.0,4682.0,0.0,26.6200008,20.5599995
TXS03,30.30154,-98.70618,2024-11-04,na,6285.0,4682.0,0.0,28.3799992,18.7399998
TXS03,30.30154,-98.70618,2024-11-05,na,6285.0,4682.0,0.0,23.7199993,10.2399998
TXS03,30.30154,-98.70618,2024-11-06,na,6285.0,4682.0,0.0,25.3500004,5.2399998
TXS03,30.30154,-98.70618,2024-11-07,na,6285.0,4682.0,0.0,27.4300003,12.0
TXS03,30.30154,-98.70618,2024-11-08,na,6285.0,4682.0,14.4200001,25.2099991,15.1300001
TXS03,30.30154,-98.70618,2024-11-09,na,6285.0,4682.0,0.0,24.75,9.8500004
TXS03,30.30154,-98.70618,2024-11-10,na,6285.0,4682.0,0.0,28.1399994,9.9300003
TXS03,30.30154,-98.70618,2024-11-11,na,6285.0,4682.0,0.0,27.8799992,10.1700001
TXS03,30.30154,-98.70618,2024-11-12,na,6285.0,4682.0,0.0,26.8899994,11.4700003
TXS03,30.30154,-98.70618,2024-11-13,na,6285.0,4682.0,0.0,26.4099998,12.1800003
TXS03,30.30154,-98.70618,2024-11-14,na,6285.0,4682.0,0.0,23.7000008,4.9200001
TXS03,30.30154,-98.70618,2024-11-15,na,6285.0,4682.0,0.0,23.6399994,3.6900001
TXS03,30.30154,-98.70618,2024-11-16,na,6285.0,4682.0,0.0,24.5200005,9.6099997
TXS03,30.30154,-98.70618,2024-11-17,na,6285.0,4682.0,10.6300001,25.3999996,14.1800003
TXS03,30.30154,-98.70618,2024-11-18,na,6285.0,4682.0,5.3499999,23.7199993,11.5100002
TXS03,30.30154,-98.70618,2024-11-19,na,6285.0,4682.0,0.0,25.5200005,7.1799998
TXS03,30.30154,-98.70618,2024-11-20,na,6285.0,4682.0,0.0,19.1200008,5.0
TXS03,30.30154,-98.70618,2024-11-21,na,6285.0,4682.0,0.0,20.6299992,0.96
TXS03,30.30154,-98.70618,2024-11-22,na,6285.0,4682.0,0.0,23.0499992,2.3800001
TXS03,30.30154,-98.70618,2024-11-23,na,6285.0,4682.0,0.0,23.2199993,3.8599999
TXS03,30.30154,-98.70618,2024-11-24,na,6285.0,4682.0,0.0,25.1200008,10.9799995
TXS03,30.30154,-98.70618,2024-11-25,na,6285.0,4682.0,0.0,25.4799995,8.0
TXS03,30.30154,-98.70618,2024-11-26,na,6285.0,4682.0,0.0,19.4599991,3.71
TXS03,30.30154,-98.70618,2024-11-27,na,6285.0,4682.0,0.0,25.8600006,9.4399996
TXS03,30.30154,-98.70618,2024-11-28,na,6285.0,4682.0,0.0,15.25,5.3699999
TXS03,30.30154,-98.70618,2024-11-29,na,6285.0,4682.0,0.0,13.79,2.0899999
TXS03,30.30154,-98.70618,2024-11-30,na,6285.0,4682.0,0.0,18.6000004,1.62
TXS03,30.30154,-98.70618,2024-12-01,na,6285.0,4682.0,0.0,19.6800003,1.51
TXS03,30.30154,-98.70618,2024-12-02,na,6285.0,4682.0,0.0,18.5799999,3.49
TXS03,30.30154,-98.70618,2024-12-03,na,6285.0,4682.0,1.52,16.1599998,5.7199998
TXS03,30.30154,-98.70618,2024-12-04,na,6285.0,4682.0,1.03,14.9899998,7.79
TXS03,30.30154,-98.70618,2024-12-05,na,6285.0,4682.0,0.61,13.3699999,9.0200005
TXS03,30.30154,-98.70618,2024-12-06,na,6285.0,4682.0,1.58,9.1800003,4.9699998
TXS03,30.30154,-98.70618,2024-12-07,na,6285.0,4682.0,5.21,7.96,4.4499998
TXS03,30.30154,-98.70618,2024-12-08,na,6285.0,4682.0,0.0,15.9300003,5.1900001
TXS03,30.30154,-98.70618,2024-12-09,na,6285.0,4682.0,0.0,23.2299995,5.9200001
TXS03,30.30154,-98.70618,2024-12-10,na,6285.0,4682.0,0.0,16.0100002,3.8099999
TXS03,30.30154,-98.70618,2024-12-11,na,6285.0,4682.0,0.0,16.0100002,-2.0999999
TXS03,30.30154,-98.70618,2024-12-12,na,6285.0,4682.0,0.0,16.5,-1.1900001
TXS03,30.30154,-98.70618,2024-12-13,na,6285.0,4682.0,1.08,18.7099991,6.5
TXS03,30.30154,-98.70618,2024-12-14,na,6285.0,4682.0,0.0,23.9200001,15.0
TXS03,30.30154,-98.70618,2024-12-15,na,6285.0,4682.0,0.0,23.7000008,17.6900005
TXS03,30.30154,-98.70618,2024-12-16,na,6285.0,4682.0,1.17,22.9400005,17.0699997
TXS03,30.30154,-98.70618,2024-12-17,na,6285.0,4682.0,0.0,23.1800003,15.7200003
TXS03,30.30154,-98.70618,2024-12-18,na,6285.0,4682.0,0.0,19.5,10.1300001
TXS03,30.30154,-98.70618,2024-12-19,na,6285.0,4682.0,0.0,20.1700001,0.96
TXS03,30.30154,-98.70618,2024-12-20,na,6285.0,4682.0,0.0,18.2099991,3.1199999
TXS03,30.30154,-98.70618,2024-12-21,na,6285.0,4682.0,0.0,18.2099991,0.11
TXS03,30.30154,-98.70618,2024-12-22,na,6285.0,4682.0,0.0,18.8600006,3.46
TXS03,30.30154,-98.70618,2024-12-23,na,6285.0,4682.0,0.0,21.3700008,9.6199999
TXS03,30.30154,-98.70618,2024-12-24,na,6285.0,4682.0,0.0,20.0300007,12.4899998
TXS03,30.30154,-98.70618,2024-12-25,na,6285.0,4682.0,0.0,16.8400002,10.6199999
TXS03,30.30154,-98.70618,2024-12-26,na,6285.0,4682.0,0.0,23.6499996,7.8099999
TXS03,30.30154,-98.70618,2024-12-27,na,6285.0,4682.0,0.0,25.8700008,3.9400001
TXS03,30.30154,-98.70618,2024-12-28,na,6285.0,4682.0,0.0,24.5900002,8.4399996
TXS03,30.30154,-98.70618,2024-12-29,na,6285.0,4682.0,0.0,26.6599998,4.9000001
TXS03,30.30154,-98.70618,2024-12-30,na,6285.0,4682.0,0.0,29.2800007,6.1799998
TXS03,30.30154,-98.70618,2025-01-01,na,6285.0,4682.0,0.0,14.6199999,2.0
TXS03,30.30154,-98.70618,2025-01-02,na,6285.0,4682.0,0.0,17.3400002,1.51
TXS03,30.30154,-98.70618,2025-01-03,na,6285.0,4682.0,0.0,17.0499992,7.3899999
TXS03,30.30154,-98.70618,2025-01-04,na,6285.0,4682.0,0.0,20.4899998,10.8599997
TXS03,30.30154,-98.70618,2025-01-05,na,6285.0,4682.0,0.0,19.0499992,5.8600001
TXS03,30.30154,-98.70618,2025-01-06,na,6285.0,4682.0,0.0,6.5599999,-5.1300001
TXS03,30.30154,-98.70618,2025-01-07,na,6285.0,4682.0,0.0,7.5599999,-4.9000001
TXS03,30.30154,-98.70618,2025-01-08,na,6285.0,4682.0,0.0,3.6800001,-3.1199999
TXS03,30.30154,-98.70618,2025-01-09,na,6285.0,4682.0,29.7399998,2.3,-1.78
TXS03,30.30154,-98.70618,2025-01-10,na,6285.0,4682.0,0.0,5.6599998,-1.52
TXS03,30.30154,-98.70618,2025-01-11,na,6285.0,4682.0,0.0,12.5200005,-5.75
TXS03,30.30154,-98.70618,2025-01-12,na,6285.0,4682.0,0.0,13.1999998,-2.1300001
TXS03,30.30154,-98.70618,2025-01-13,na,6285.0,4682.0,0.0,11.8400002,-1.58
TXS03,30.30154,-98.70618,2025-01-14,na,6285.0,4682.0,0.0,12.0900002,-2.8
TXS03,30.30154,-98.70618,2025-01-15,na,6285.0,4682.0,0.0,15.4700003,1.14
TXS03,30.30154,-98.70618,2025-01-16,na,6285.0,4682.0,0.0,16.6299992,-1.3099999
TXS03,30.30154,-98.70618,2025-01-17,na,6285.0,4682.0,0.0,16.9500008,5.1999998
TXS03,30.30154,-98.70618,2025-01-18,na,6285.0,4682.0,0.0,14.5,2.6600001
TXS03,30.30154,-98.70618,2025-01-19,na,6285.0,4682.0,0.0,5.6700001,-5.5799999
TXS03,30.30154,-98.70618,2025-01-20,na,6285.0,4682.0,2.02,-1.01,-8.2399998
TXS03,30.30154,-98.70618,2025-01-21,na,6285.0,4682.0,0.0,1.6799999,-7.0599999
TXS03,30.30154,-98.70618,2025-01-22,na,6285.0,4682.0,0.0,11.5699997,-6.8299999
TXS03,30.30154,-98.70618,2025-01-23,na,6285.0,4682.0,0.0,10.6400003,-4.0500002
TXS03,30.30154,-98.70618,2025-01-24,na,6285.0,4682.0,0.0,12.6000004,-7.21
TXS03,30.30154,-98.70618,2025-01-25,na,6285.0,4682.0,0.99,15.2700005,-1.16
TXS03,30.30154,-98.70618,2025-01-26,na,6285.0,4682.0,0.9,12.46,5.3600001
TXS03,30.30154,-98.70618,2025-01-27,na,6285.0,4682.0,0.0,9.2399998,5.3499999
TXS03,30.30154,-98.70618,2025-01-28,na,6285.0,4682.0,1.75,10.9899998,6.23
TXS03,30.30154,-98.70618,2025-01-29,na,6285.0,4682.0,17.8700008,17.75,8.6999998
TXS03,30.30154,-98.70618,2025-01-30,na,6285.0,4682.0,0.0,18.4200001,8.6400003
TXS03,30.30154,-98.70618,2025-01-31,na,6285.0,4682.0,0.0,19.9799995,4.4299998
TXS03,30.30154,-98.70618,2025-02-01,na,6285.0,4682.0,0.0,22.9099998,0.65
TXS03,30.30154,-98.70618,2025-02-02,na,6285.0,4682.0,0.0,26.3700008,4.46
TXS03,30.30154,-98.70618,2025-02-03,na,6285.0,4682.0,0.0,27.8299999,10.0200005
TXS03,30.30154,-98.70618,2025-02-04,na,6285.0,4682.0,0.0,25.8400002,14.4499998
TXS03,30.30154,-98.70618,2025-02-05,na,6285.0,4682.0,0.0,22.3999996,16.5300007
TXS03,30.30154,-98.70618,2025-02-06,na,6285.0,4682.0,0.0,26.2299995,15.3500004
TXS03,30.30154,-98.70618,2025-02-07,na,6285.0,4682.0,0.0,25.8899994,16.8299999
TXS03,30.30154,-98.70618,2025-02-08,na,6285.0,4682.0,0.0,28.1299992,16.9599991
TXS03,30.30154,-98.70618,2025-02-09,na,6285.0,4682.0,0.0,18.5300007,9.04
TXS03,30.30154,-98.70618,2025-02-10,na,6285.0,4682.0,1.87,9.5600004,5.2800002
TXS03,30.30154,-98.70618,2025-02-11,na,6285.0,4682.0,4.3299999,14.4099998,5.9200001
TXS03,30.30154,-98.70618,2025-02-12,na,6285.0,4682.0,0.0,12.5500002,4.23
TXS03,30.30154,-98.70618,2025-02-13,na,6285.0,4682.0,0.0,7.4400001,-2.27
TXS03,30.30154,-98.70618,2025-02-14,na,6285.0,4682.0,0.0,11.6300001,-1.74
TXS03,30.30154,-98.70618,2025-02-15,na,6285.0,4682.0,0.0,24.7999992,5.5700002
TXS03,30.30154,-98.70618,2025-02-16,na,6285.0,4682.0,0.0,11.4799995,-0.75
TXS03,30.30154,-98.70618,2025-02-17,na,6285.0,4682.0,0.0,15.9399996,-2.24
TXS03,30.30154,-98.70618,2025-02-18,na,6285.0,4682.0,0.0,17.3799992,-3.45
TXS03,30.30154,-98.70618,2025-02-19,na,6285.0,4682.0,0.0,2.23,-10.1700001
TXS03,30.30154,-98.70618,2025-02-20,na,6285.0,4682.0,0.0,0.03,-10.8599997
TXS03,30.30154,-98.70618,2025-02-21,na,6285.0,4682.0,0.0,1.37,-6.4299998
TXS03,30.30154,-98.70618,2025-02-22,na,6285.0,4682.0,0.0,7.4099998,-3.5799999
TXS03,30.30154,-98.70618,2025-02-23,na,6285.0,4682.0,0.0,21.2000008,0.58
TXS03,30.30154,-98.70618,2025-02-24,na,6285.0,4682.0,0.0,24.6700001,1.85
TXS03,30.30154,-98.70618,2025-02-25,na,6285.0,4682.0,0.0,26.0599995,4.7600002
TXS03,30.30154,-98.70618,2025-02-26,na,6285.0,4682.0,0.0,26.8700008,8.1199999
TXS03,30.30154,-98.70618,2025-02-27,na,6285.0,4682.0,0.0,19.5499992,9.9300003
TXS03,30.30154,-98.70618,2025-02-28,na,6285.0,4682.0,0.0,23.2600002,4.5599999
TXS03,30.30154,-98.70618,2025-03-01,na,6285.0,4682.0,0.0,26.9799995,5.98
TXS03,30.30154,-98.70618,2025-03-02,na,6285.0,4682.0,0.0,25.7299995,11.46
TXS03,30.30154,-98.70618,2025-03-03,na,6285.0,4682.0,1.79,23.3899994,15.9799995
TXS03,30.30154,-98.70618,2025-03-04,na,6285.0,4682.0,0.0,21.0499992,10.3400002
TXS03,30.30154,-98.70618,2025-03-05,na,6285.0,4682.0,0.0,20.1200008,7.4200001
TXS03,30.30154,-98.70618,2025-03-06,na,6285.0,4682.0,0.0,22.4699993,5.98
TXS03,30.30154,-98.70618,2025-03-07,na,6285.0,4682.0,1.73,28.7199993,11.5500002
TXS03,30.30154,-98.70618,2025-03-08,na,6285.0,4682.0,0.0,25.4200001,9.6099997
TXS03,30.30154,-98.70618,2025-03-09,na,6285.0,4682.0,0.0,17.2299995,3.6700001
TXS03,30.30154,-98.70618,2025-03-10,na,6285.0,4682.0,0.0,23.7399998,0.13
TXS03,30.30154,-98.70618,2025-03-11,na,6285.0,4682.0,0.0,27.0400009,5.1700001
TXS03,30.30154,-98.70618,2025-03-12,na,6285.0,4682.0,0.0,31.1200008,10.3500004
TXS03,30.30154,-98.70618,2025-03-13,na,6285.0,4682.0,0.0,31.3999996,10.1899996
TXS03,30.30154,-98.70618,2025-03-14,na,6285.0,4682.0,0.0,32.7299995,13.9300003
TXS03,30.30154,-98.70618,2025-03-15,na,6285.0,4682.0,0.0,24.0400009,11.8500004
TXS03,30.30154,-98.70618,2025-03-16,na,6285.0,4682.0,0.0,23.9500008,3.9300001
TXS03,30.30154,-98.70618,2025-03-17,na,6285.0,4682.0,0.0,26.8500004,2.3
TXS03,30.30154,-98.70618,2025-03-18,na,6285.0,4682.0,0.0,28.2399998,10.5600004
TXS03,30.30154,-98.70618,2025-03-19,na,6285.0,4682.0,0.0,23.3099995,10.1499996
TXS03,30.30154,-98.70618,2025-03-20,na,6285.0,4682.0,0.0,20.0900002,0.56
TXS03,30.30154,-98.70618,2025-03-21,na,6285.0,4682.0,0.0,23.4899998,3.28
TXS03,30.30154,-98.70618,2025-03-22,na,6285.0,4682.0,0.0,27.0300007,8.0600004
TXS03,30.30154,-98.70618,2025-03-23,na,6285.0,4682.0,7.8400002,29.3099995,14.4099998
TXS03,30.30154,-98.70618,2025-03-24,na,6285.0,4682.0,0.0,28.9899998,10.8199997
TXS03,30.30154,-98.70618,2025-03-25,na,6285.0,4682.0,0.0,30.3999996,12.9499998
TXS03,30.30154,-98.70618,2025-03-26,na,6285.0,4682.0,11.75,27.8199997,15.4200001
TXS03,30.30154,-98.70618,2025-03-27,na,6285.0,4682.0,25.2000008,19.9899998,15.2600002
TXS03,30.30154,-98.70618,2025-03-28,na,6285.0,4682.0,0.0,22.3299999,14.2700005
TXS03,30.30154,-98.70618,2025-03-29,na,6285.0,4682.0,0.0,28.7600002,16.5699997
TXS03,30.30154,-98.70618,2025-03-30,na,6285.0,4682.0,0.0,29.7999992,18.1000004
TXS03,30.30154,-98.70618,2025-03-31,na,6285.0,4682.0,0.0,26.8199997,16.6700001
TXS03,30.30154,-98.70618,2025-04-01,na,6285.0,4682.0,0.0,28.3600006,15.7399998
TXS03,30.30154,-98.70618,2025-04-02,na,6285.0,4682.0,0.0,28.8799992,19.2900009
TXS03,30.30154,-98.70618,2025-04-03,na,6285.0,4682.0,0.0,30.5499992,19.3799992
TXS03,30.30154,-98.70618,2025-04-04,na,6285.0,4682.0,21.3400002,26.2600002,14.4399996
TXS03,30.30154,-98.70618,2025-04-05,na,6285.0,4682.0,0.0,15.9799995,8.29
TXS03,30.30154,-98.70618,2025-04-06,na,6285.0,4682.0,0.0,13.1700001,3.8599999
TXS03,30.30154,-98.70618,2025-04-07,na,6285.0,4682.0,0.0,19.5400009,0.81
TXS03,30.30154,-98.70618,2025-04-08,na,6285.0,4682.0,0.0,24.3400002,2.5599999
TXS03,30.30154,-98.70618,2025-04-09,na,6285.0,4682.0,0.0,27.9200001,9.6400003
TXS03,30.30154,-98.70618,2025-04-10,na,6285.0,4682.0,0.0,31.9400005,11.3699999
TXS03,30.30154,-98.70618,2025-04-11,na,6285.0,4682.0,0.0,30.1200008,12.6400003
TXS03,30.30154,-98.70618,2025-04-12,na,6285.0,4682.0,0.0,30.0799999,13.79
TXS03,30.30154,-98.70618,2025-04-13,na,6285.0,4682.0,0.0,31.3700008,15.5600004
TXS03,30.30154,-98.70618,2025-04-14,na,6285.0,4682.0,0.0,32.1500015,15.2600002
TXS03,30.30154,-98.70618,2025-04-15,na,6285.0,4682.0,0.0,27.1000004,16.1900005
TXS03,30.30154,-98.70618,2025-04-16,na,6285.0,4682.0,0.0,26.1800003,15.2299995
TXS03,30.30154,-98.70618,2025-04-17,na,6285.0,4682.0,0.0,28.3500004,16.8099995
TXS03,30.30154,-98.70618,2025-04-18,na,6285.0,4682.0,0.0,30.2000008,17.8500004
TXS03,30.30154,-98.70618,2025-04-19,na,6285.0,4682.0,13.8299999,26.1200008,19.1200008
TXS03,30.30154,-98.70618,2025-04-20,na,6285.0,4682.0,0.0,25.2999992,13.4399996
TXS03,30.30154,-98.70618,2025-04-21,na,6285.0,4682.0,0.0,28.2299995,9.0500002
TXS03,30.30154,-98.70618,2025-04-22,na,6285.0,4682.0,14.71,27.6100006,13.4799995
TXS03,30.30154,-98.70618,2025-04-23,na,6285.0,4682.0,0.0,26.1399994,15.29
TXS03,30.30154,-98.70618,2025-04-24,na,6285.0,4682.0,0.0,27.4799995,17.2600002
TXS03,30.30154,-98.70618,2025-04-25,na,6285.0,4682.0,0.0,27.8600006,18.3299999
TXS03,30.30154,-98.70618,2025-04-26,na,6285.0,4682.0,0.0,27.0599995,18.3600006
TXS03,30.30154,-98.70618,2025-04-27,na,6285.0,4682.0,0.0,27.4599991,18.4500008
TXS03,30.30154,-98.70618,2025-04-28,na,6285.0,4682.0,0.0,27.9599991,19.5599995
TXS03,30.30154,-98.70618,2025-04-29,na,6285.0,4682.0,0.0,28.6900005,20.1599998
TXS03,30.30154,-98.70618,2025-04-30,na,6285.0,4682.0,0.0,30.7999992,20.3799992
TXS03,30.30154,-98.70618,2025-05-01,na,6285.0,4682.0,0.0,30.6599998,19.6100006
TXS03,30.30154,-98.70618,2025-05-02,na,6285.0,4682.0,23.2900009,26.2900009,16.4400005
TXS03,30.30154,-98.70618,2025-05-03,na,6285.0,4682.0,0.0,25.3500004,13.6199999
TXS03,30.30154,-98.70618,2025-05-04,na,6285.0,4682.0,0.0,26.4300003,10.8900003
TXS03,30.30154,-98.70618,2025-05-05,na,6285.0,4682.0,15.2200003,21.4799995,13.5900002
TXS03,30.30154,-98.70618,2025-05-06,na,6285.0,4682.0,11.4300003,28.6100006,16.0200005
TXS03,30.30154,-98.70618,2025-05-07,na,6285.0,4682.0,0.0,27.8299999,14.1099997
TXS03,30.30154,-98.70618,2025-05-08,na,6285.0,4682.0,2.5999999,26.3199997,14.75
TXS03,30.30154,-98.70618,2025-05-09,na,6285.0,4682.0,0.0,25.7900009,14.3500004
TXS03,30.30154,-98.70618,2025-05-10,na,6285.0,4682.0,0.0,25.4899998,14.1400003
TXS03,30.30154,-98.70618,2025-05-11,na,6285.0,4682.0,0.0,26.7399998,11.8999996
TXS03,30.30154,-98.70618,2025-05-12,na,6285.0,4682.0,0.0,31.4400005,8.6199999
TXS03,30.30154,-98.70618,2025-05-13,na,6285.0,4682.0,0.0,36.4199982,14.46
TXS03,30.30154,-98.70618,2025-05-14,na,6285.0,4682.0,0.0,36.8899994,18.6599998
TXS03,30.30154,-98.70618,2025-05-15,na,6285.0,4682.0,0.0,35.9900017,20.4799995
TXS03,30.30154,-98.70618,2025-05-16,na,6285.0,4682.0,0.0,35.2000008,22.4400005
TXS03,30.30154,-98.70618,2025-05-17,na,6285.0,4682.0,0.0,34.6699982,23.5100002
TXS03,30.30154,-98.70618,2025-05-18,na,6285.0,4682.0,0.0,32.7099991,23.0900002
TXS03,30.30154,-98.70618,2025-05-19,na,6285.0,4682.0,0.0,29.7999992,23.1599998
TXS03,30.30154,-98.70618,2025-05-20,na,6285.0,4682.0,0.0,32.0,20.7199993
TXS03,30.30154,-98.70618,2025-05-21,na,6285.0,4682.0,0.0,33.4000015,18.5
TXS03,30.30154,-98.70618,2025-05-22,na,6285.0,4682.0,35.2400017,34.7400017,19.7299995
TXS03,30.30154,-98.70618,2025-05-23,na,6285.0,4682.0,0.0,33.8600006,18.9699993
TXS03,30.30154,-98.70618,2025-05-24,na,6285.0,4682.0,0.0,33.5900002,21.2000008
TXS03,30.30154,-98.70618,2025-05-25,na,6285.0,4682.0,0.0,33.6699982,22.4300003
TXS03,30.30154,-98.70618,2025-05-26,na,6285.0,4682.0,34.9000015,30.9599991,19.7999992
TXS03,30.30154,-98.70618,2025-05-27,na,6285.0,4682.0,0.43,31.7700005,16.9400005
TXS03,30.30154,-98.70618,2025-05-28,na,6285.0,4682.0,0.0,29.8199997,18.0200005
TXS03,30.30154,-98.70618,2025-05-29,na,6285.0,4682.0,19.2299995,30.1399994,18.7900009
TXS03,30.30154,-98.70618,2025-05-30,na,6285.0,4682.0,0.0,26.7900009,17.9699993
TXS03,30.30154,-98.70618,2025-05-31,na,6285.0,4682.0,0.0,28.9300003,18.3299999
TXS03,30.30154,-98.70618,2025-06-01,na,6285.0,4682.0,0.0,32.5200005,19.8899994
TXS03,30.30154,-98.70618,2025-06-02,na,6285.0,4682.0,0.0,32.25,21.1399994
TXS03,30.30154,-98.70618,2025-06-03,na,6285.0,4682.0,46.3800011,30.8400002,22.6000004
TXS03,30.30154,-98.70618,2025-06-04,na,6285.0,4682.0,0.0,28.9599991,19.6800003
TXS03,30.30154,-98.70618,2025-06-05,na,6285.0,4682.0,0.0,31.2199993,21.0100002
TXS03,30.30154,-98.70618,2025-06-06,na,6285.0,4682.0,0.0,32.2099991,22.6100006
TXS03,30.30154,-98.70618,2025-06-07,na,6285.0,4682.0,0.0,32.6800003,22.8400002
TXS03,30.30154,-98.70618,2025-06-08,na,6285.0,4682.0,0.0,33.2400017,22.2800007
TXS03,30.30154,-98.70618,2025-06-09,na,6285.0,4682.0,0.0,31.5799999,20.5699997
TXS03,30.30154,-98.70618,2025-06-10,na,6285.0,4682.0,52.1500015,33.3699989,18.9799995
TXS03,30.30154,-98.70618,2025-06-11,na,6285.0,4682.0,5.3099999,30.4699993,17.7700005
TXS03,30.30154,-98.70618,2025-06-12,na,6285.0,4682.0,0.0,28.6399994,18.8999996
TXS03,30.30154,-98.70618,2025-06-13,na,6285.0,4682.0,0.0,31.2600002,18.7700005
TXS03,30.30154,-98.70618,2025-06-14,na,6285.0,4682.0,0.0,32.5400009,21.9699993
TXS03,30.30154,-98.70618,2025-06-15,na,6285.0,4682.0,3.77,32.0200005,20.8799992
TXS03,30.30154,-98.70618,2025-06-16,na,6285.0,4682.0,0.0,32.2299995,19.5799999
TXS03,30.30154,-98.70618,2025-06-17,na,6285.0,4682.0,0.0,32.5400009,20.4500008
TXS03,30.30154,-98.70618,2025-06-18,na,6285.0,4682.0,0.0,32.0499992,22.4099998
TXS03,30.30154,-98.70618,2025-06-19,na,6285.0,4682.0,0.0,33.0299988,22.4400005
TXS03,30.30154,-98.70618,2025-06-20,na,6285.0,4682.0,0.0,32.8899994,22.6299992
TXS03,30.30154,-98.70618,2025-06-21,na,6285.0,4682.0,3.03,31.5200005,22.6000004
TXS03,30.30154,-98.70618,2025-06-22,na,6285.0,4682.0,0.0,31.8500004,22.4799995
TXS03,30.30154,-98.70618,2025-06-23,na,6285.0,4682.0,0.0,32.7700005,22.75
TXS03,30.30154,-98.70618,2025-06-24,na,6285.0,4682.0,0.0,32.7799988,21.9400005
TXS03,30.30154,-98.70618,2025-06-25,na,6285.0,4682.0,0.0,33.4599991,21.4799995
TXS03,30.30154,-98.70618,2025-06-26,na,6285.0,4682.0,0.0,32.6800003,21.5100002
TXS03,30.30154,-98.70618,2025-06-27,na,6285.0,4682.0,0.0,32.8499985,21.5599995
TXS03,30.30154,-98.70618,2025-06-28,na,6285.0,4682.0,0.0,33.1699982,21.8500004
TXS03,30.30154,-98.70618,2025-06-29,na,6285.0,4682.0,0.0,33.8600006,21.6700001
TXS03,30.30154,-98.70618,2025-06-30,na,6285.0,4682.0,2.8900001,32.5299988,21.75
TXS03,30.30154,-98.70618,2025-07-01,na,6285.0,4682.0,0.0,32.2700005,20.9300003
TXS03,30.30154,-98.70618,2025-07-02,na,6285.0,4682.0,5.9899998,31.0499992,22.1800003
TXS03,30.30154,-98.70618,2025-07-03,na,6285.0,4682.0,66.4700012,30.2099991,22.2399998
TXS03,30.30154,-98.70618,2025-07-04,na,6285.0,4682.0,66.8700027,24.5400009,20.9899998
TXS03,30.30154,-98.70618,2025-07-05,na,6285.0,4682.0,3.96,25.7299995,21.5300007
TXS03,30.30154,-98.70618,2025-07-06,na,6285.0,4682.0,10.3800001,27.6499996,21.7700005
TXS03,30.30154,-98.70618,2025-07-07,na,6285.0,4682.0,0.0,30.0200005,22.4400005
TXS03,30.30154,-98.70618,2025-07-08,na,6285.0,4682.0,0.0,31.8099995,22.2099991
TXS03,30.30154,-98.70618,2025-07-09,na,6285.0,4682.0,16.0,31.4500008,21.3799992
TXS03,30.30154,-98.70618,2025-07-10,na,6285.0,4682.0,0.0,31.6499996,21.0400009
TXS03,30.30154,-98.70618,2025-07-11,na,6285.0,4682.0,0.0,31.2299995,21.7199993
TXS03,30.30154,-98.70618,2025-07-12,na,6285.0,4682.0,0.0,31.8099995,22.4699993
TXS03,30.30154,-98.70618,2025-07-13,na,6285.0,4682.0,28.5200005,29.1499996,19.4599991
TXS03,30.30154,-98.70618,2025-07-14,na,6285.0,4682.0,1.04,28.9400005,20.5100002
TXS03,30.30154,-98.70618,2025-07-15,na,6285.0,4682.0,0.0,30.3700008,22.1700001
TXS03,30.30154,-98.70618,2025-07-16,na,6285.0,4682.0,0.0,31.7999992,22.5900002
TXS03,30.30154,-98.70618,2025-07-17,na,6285.0,4682.0,0.0,32.3100014,21.3400002
TXS03,30.30154,-98.70618,2025-07-18,na,6285.0,4682.0,0.0,32.0800018,20.3600006
TXS03,30.30154,-98.70618,2025-07-19,na,6285.0,4682.0,0.0,31.6900005,22.3299999
TXS03,30.30154,-98.70618,2025-07-20,na,6285.0,4682.0,0.0,30.4899998,23.25
TXS03,30.30154,-98.70618,2025-07-21,na,6285.0,4682.0,0.0,31.3199997,23.0599995
TXS03,30.30154,-98.70618,2025-07-22,na,6285.0,4682.0,0.0,32.2700005,22.6499996
TXS03,30.30154,-98.70618,2025-07-23,na,6285.0,4682.0,0.0,33.1399994,21.8899994
TXS03,30.30154,-98.70618,2025-07-24,na,6285.0,4682.0,0.0,34.1199989,22.0200005
TXS03,30.30154,-98.70618,2025-07-25,na,6285.0,4682.0,0.0,34.1500015,20.9599991
TXS03,30.30154,-98.70618,2025-07-26,na,6285.0,4682.0,0.0,33.3400002,22.0799999
TXS03,30.30154,-98.70618,2025-07-27,na,6285.0,4682.0,0.0,32.3800011,23.0100002
TXS03,30.30154,-98.70618,2025-07-28,na,6285.0,4682.0,0.0,32.9000015,22.3299999
TXS03,30.30154,-98.70618,2025-07-29,na,6285.0,4682.0,0.0,34.2700005,20.4699993
TXS03,30.30154,-98.70618,2025-07-30,na,6285.0,4682.0,0.0,35.0200005,16.5799999
TXS03,30.30154,-98.70618,2025-07-31,na,6285.0,4682.0,0.0,36.5600014,18.7399998
TXS03,30.30154,-98.70618,2025-08-01,na,6285.0,4682.0,0.0,36.1800003,21.5
TXS03,30.30154,-98.70618,2025-08-02,na,6285.0,4682.0,4.5500002,34.1199989,21.4599991
TXS03,30.30154,-98.70618,2025-08-03,na,6285.0,4682.0,0.0,34.9399986,19.0
TXS03,30.30154,-98.70618,2025-08-04,na,6285.0,4682.0,0.0,32.4399986,20.9099998
TXS03,30.30154,-98.70618,2025-08-05,na,6285.0,4682.0,0.0,33.6699982,18.8899994
TXS03,30.30154,-98.70618,2025-08-06,na,6285.0,4682.0,0.0,33.9700012,20.3099995
TXS03,30.30154,-98.70618,2025-08-07,na,6285.0,4682.0,0.0,34.2900009,21.6299992
TXS03,30.30154,-98.70618,2025-08-08,na,6285.0,4682.0,0.0,34.8699989,21.8299999
TXS03,30.30154,-98.70618,2025-08-09,na,6285.0,4682.0,0.0,35.2700005,21.8299999
TXS03,30.30154,-98.70618,2025-08-10,na,6285.0,4682.0,0.0,34.8800011,21.6299992
TXS03,30.30154,-98.70618,2025-08-11,na,6285.0,4682.0,0.0,34.5699997,21.4500008
TXS03,30.30154,-98.70618,2025-08-12,na,6285.0,4682.0,0.0,34.4099998,22.3099995
TXS03,30.30154,-98.70618,2025-08-13,na,6285.0,4682.0,7.0700002,34.5900002,20.7999992
TXS03,30.30154,-98.70618,2025-08-14,na,6285.0,4682.0,0.0,35.5,21.5799999
TXS03,30.30154,-98.70618,2025-08-15,na,6285.0,4682.0,0.0,34.7999992,22.7399998
TXS03,30.30154,-98.70618,2025-08-16,na,6285.0,4682.0,4.1900001,32.7200012,22.1900005
TXS03,30.30154,-98.70618,2025-08-17,na,6285.0,4682.0,0.0,34.3600006,22.3299999
TXS03,30.30154,-98.70618,2025-08-18,na,6285.0,4682.0,0.0,36.0499992,21.5200005
TXS03,30.30154,-98.70618,2025-08-19,na,6285.0,4682.0,17.7700005,34.5800018,21.3199997
TXS03,30.30154,-98.70618,2025-08-20,na,6285.0,4682.0,0.0,34.0699997,19.3099995
TXS03,30.30154,-98.70618,2025-08-21,na,6285.0,4682.0,0.0,32.5600014,20.2700005
TXS03,30.30154,-98.70618,2025-08-22,na,6285.0,4682.0,0.0,32.9700012,19.2000008
TXS03,30.30154,-98.70618,2025-08-23,na,6285.0,4682.0,0.0,32.9300003,19.7600002
TXS03,30.30154,-98.70618,2025-08-24,na,6285.0,4682.0,0.0,33.9300003,18.8500004
TXS03,30.30154,-98.70618,2025-08-25,na,6285.0,4682.0,0.0,33.8800011,19.5
TXS03,30.30154,-98.70618,2025-08-26,na,6285.0,4682.0,0.0,33.5600014,19.1499996
TXS03,30.30154,-98.70618,2025-08-27,na,6285.0,4682.0,0.0,33.6500015,21.2399998
TXS03,30.30154,-98.70618,2025-08-28,na,6285.0,4682.0,0.0,35.3699989,22.9899998
TXS03,30.30154,-98.70618,2025-08-29,na,6285.0,4682.0,0.0,36.3600006,23.2999992
TXS03,30.30154,-98.70618,2025-08-30,na,6285.0,4682.0,16.4599991,34.7200012,22.4500008
TXS03,30.30154,-98.70618,2025-08-31,na,6285.0,4682.0,50.7700005,32.0,21.4699993
TXS03,30.30154,-98.70618,2025-09-01,na,6285.0,4682.0,0.0,31.3999996,20.1900005
TXS03,30.30154,-98.70618,2025-09-02,na,6285.0,4682.0,0.0,32.6699982,18.5499992
TXS03,30.30154,-98.70618,2025-09-03,na,6285.0,4682.0,0.0,33.4199982,19.1200008
TXS03,30.30154,-98.70618,2025-09-04,na,6285.0,4682.0,0.0,35.9099998,15.6499996
TXS03,30.30154,-98.70618,2025-09-05,na,6285.0,4682.0,0.0,35.7000008,20.0300007
TXS03,30.30154,-98.70618,2025-09-06,na,6285.0,4682.0,37.2299995,29.5499992,20.7399998
TXS03,30.30154,-98.70618,2025-09-07,na,6285.0,4682.0,15.3900003,24.1299992,19.8899994
TXS03,30.30154,-98.70618,2025-09-08,na,6285.0,4682.0,0.0,27.2700005,18.2900009
TXS03,30.30154,-98.70618,2025-09-09,na,6285.0,4682.0,0.0,29.8099995,14.7799997
TXS03,30.30154,-98.70618,2025-09-10,na,6285.0,4682.0,0.0,31.3400002,15.7799997
TXS03,30.30154,-98.70618,2025-09-11,na,6285.0,4682.0,0.0,31.75,15.8100004
TXS03,30.30154,-98.70618,2025-09-12,na,6285.0,4682.0,0.0,32.0800018,18.5499992
TXS03,30.30154,-98.70618,2025-09-13,na,6285.0,4682.0,0.0,31.3600006,18.4500008
TXS03,30.30154,-98.70618,2025-09-14,na,6285.0,4682.0,0.0,31.6000004,18.8899994
TXS03,30.30154,-98.70618,2025-09-15,na,6285.0,4682.0,0.0,31.5900002,18.8299999
TXS03,30.30154,-98.70618,2025-09-16,na,6285.0,4682.0,0.0,31.4200001,18.2700005
TXS03,30.30154,-98.70618,2025-09-17,na,6285.0,4682.0,0.0,31.7700005,16.7900009
TXS03,30.30154,-98.70618,2025-09-18,na,6285.0,4682.0,0.0,31.7600002,17.8700008
TXS03,30.30154,-98.70618,2025-09-19,na,6285.0,4682.0,0.0,32.5,18.3999996
TXS03,30.30154,-98.70618,2025-09-20,na,6285.0,4682.0,0.0,32.7099991,17.7900009
TXS03,30.30154,-98.70618,2025-09-21,na,6285.0,4682.0,0.0,32.9199982,20.8299999
TXS03,30.30154,-98.70618,2025-09-22,na,6285.0,4682.0,0.0,33.7299995,21.8099995
TXS03,30.30154,-98.70618,2025-09-23,na,6285.0,4682.0,0.0,34.6399994,22.5400009
TXS03,30.30154,-98.70618,2025-09-24,na,6285.0,4682.0,0.0,28.5499992,21.1700001
TXS03,30.30154,-98.70618,2025-09-25,na,6285.0,4682.0,0.0,29.1200008,17.8600006
TXS03,30.30154,-98.70618,2025-09-26,na,6285.0,4682.0,0.0,30.7299995,13.29
TXS03,30.30154,-98.70618,2025-09-27,na,6285.0,4682.0,0.0,31.7299995,12.7799997
TXS03,30.30154,-98.70618,2025-09-28,na,6285.0,4682.0,0.0,31.0499992,13.1700001
TXS03,30.30154,-98.70618,2025-09-29,na,6285.0,4682.0,0.0,29.6700001,14.0100002
TXS03,30.30154,-98.70618,2025-09-30,na,6285.0,4682.0,0.0,31.7099991,14.3500004
TXS03,30.30154,-98.70618,2025-10-01,na,6285.0,4682.0,0.0,33.0600014,14.5100002
TXS03,30.30154,-98.70618,2025-10-02,na,6285.0,4682.0,0.0,33.4500008,15.3699999
TXS03,30.30154,-98.70618,2025-10-03,na,6285.0,4682.0,0.0,32.9700012,15.7299995
TXS03,30.30154,-98.70618,2025-10-04,na,6285.0,4682.0,0.0,30.75,16.2800007
TXS03,30.30154,-98.70618,2025-10-05,na,6285.0,4682.0,0.0,30.7600002,16.3799992
TXS03,30.30154,-98.70618,2025-10-06,na,6285.0,4682.0,0.0,31.5900002,16.7900009
TXS03,30.30154,-98.70618,2025-10-07,na,6285.0,4682.0,4.75,31.6399994,17.4699993
TXS03,30.30154,-98.70618,2025-10-08,na,6285.0,4682.0,0.0,31.25,17.6800003
TXS03,30.30154,-98.70618,2025-10-09,na,6285.0,4682.0,0.0,30.9400005,17.3700008
TXS03,30.30154,-98.70618,2025-10-10,na,6285.0,4682.0,0.0,31.3199997,15.04
TXS03,30.30154,-98.70618,2025-10-11,na,6285.0,4682.0,0.0,32.0999985,14.1199999
TXS03,30.30154,-98.70618,2025-10-12,na,6285.0,4682.0,0.0,30.7199993,14.9200001
TXS03,30.30154,-98.70618,2025-10-13,na,6285.0,4682.0,0.0,30.2999992,14.9799995
TXS03,30.30154,-98.70618,2025-10-14,na,6285.0,4682.0,0.0,30.2199993,16.2999992
TXS03,30.30154,-98.70618,2025-10-15,na,6285.0,4682.0,0.0,31.1399994,13.5
TXS03,30.30154,-98.70618,2025-10-16,na,6285.0,4682.0,0.0,28.9799995,14.79
TXS03,30.30154,-98.70618,2025-10-17,na,6285.0,4682.0,0.0,30.2099991,15.54
TXS03,30.30154,-98.70618,2025-10-18,na,6285.0,4682.0,0.0,32.9900017,17.0599995
TXS03,30.30154,-98.70618,2025-10-19,na,6285.0,4682.0,0.0,28.8400002,13.96
TXS03,30.30154,-98.70618,2025-10-20,na,6285.0,4682.0,0.0,31.5499992,13.1700001
TXS03,30.30154,-98.70618,2025-10-21,na,6285.0,4682.0,0.0,28.6800003,16.2999992
TXS03,30.30154,-98.70618,2025-10-22,na,6285.0,4682.0,0.0,28.9599991,13.1199999
TXS03,30.30154,-98.70618,2025-10-23,na,6285.0,4682.0,0.0,30.1200008,17.25
TXS03,30.30154,-98.70618,2025-10-24,na,6285.0,4682.0,46.4000015,28.7600002,15.6499996
TXS03,30.30154,-98.70618,2025-10-25,na,6285.0,4682.0,0.0,25.9500008,15.0500002
TXS03,30.30154,-98.70618,2025-10-26,na,6285.0,4682.0,0.0,28.0300007,12.5200005
TXS03,30.30154,-98.70618,2025-10-27,na,6285.0,4682.0,0.0,29.8899994,14.2700005
TXS03,30.30154,-98.70618,2025-10-28,na,6285.0,4682.0,0.0,27.2199993,14.3299999
TXS03,30.30154,-98.70618,2025-10-29,na,6285.0,4682.0,0.0,18.8099995,6.8600001
TXS03,30.30154,-98.70618,2025-10-30,na,6285.0,4682.0,0.0,20.7199993,1.2
TXS03,30.30154,-98.70618,2025-10-31,na,6285.0,4682.0,0.0,22.5799999,2.24
TXS03,30.30154,-98.70618,2025-11-01,na,6285.0,4682.0,0.81,19.5900002,6.9099998
TXS03,30.30154,-98.70618,2025-11-02,na,6285.0,4682.0,0.0,21.7299995,5.0900002
TXS03,30.30154,-98.70618,2025-11-03,na,6285.0,4682.0,0.0,23.8099995,6.0999999
TXS03,30.30154,-98.70618,2025-11-04,na,6285.0,4682.0,0.0,24.4300003,7.1399999
TXS03,30.30154,-98.70618,2025-11-05,na,6285.0,4682.0,0.0,27.4200001,10.0299997
TXS03,30.30154,-98.70618,2025-11-06,na,6285.0,4682.0,0.0,27.8299999,11.25
TXS03,30.30154,-98.70618,2025-11-07,na,6285.0,4682.0,0.0,31.4599991,11.8199997
TXS03,30.30154,-98.70618,2025-11-08,na,6285.0,4682.0,0.0,30.8700008,10.0200005
TXS03,30.30154,-98.70618,2025-11-09,na,6285.0,4682.0,0.0,21.3999996,8.3599997
TXS03,30.30154,-98.70618,2025-11-10,na,6285.0,4682.0,0.0,16.9400005,1.01
TXS03,30.30154,-98.70618,2025-11-11,na,6285.0,4682.0,0.0,22.0900002,2.46
TXS03,30.30154,-98.70618,2025-11-12,na,6285.0,4682.0,0.0,25.4500008,8.2799997
TXS03,30.30154,-98.70618,2025-11-13,na,6285.0,4682.0,0.0,26.7299995,11.9899998
TXS03,30.30154,-98.70618,2025-11-14,na,6285.0,4682.0,0.0,27.2399998,15.5100002
TXS03,30.30154,-98.70618,2025-11-15,na,6285.0,4682.0,0.0,27.6100006,16.5499992
TXS03,30.30154,-98.70618,2025-11-16,na,6285.0,4682.0,0.0,29.6200008,15.5500002
TXS03,30.30154,-98.70618,2025-11-17,na,6285.0,4682.0,0.0,28.2299995,16.3500004
TXS03,30.30154,-98.70618,2025-11-18,na,6285.0,4682.0,0.0,26.0,17.1499996
TXS03,30.30154,-98.70618,2025-11-19,na,6285.0,4682.0,3.8499999,25.9799995,17.7099991
TXS03,30.30154,-98.70618,2025-11-20,na,6285.0,4682.0,8.7200003,25.8799992,15.5900002
TXS03,30.30154,-98.70618,2025-11-21,na,6285.0,4682.0,2.6400001,24.5200005,13.4899998
TXS03,30.30154,-98.70618,2025-11-22,na,6285.0,4682.0,0.0,24.0799999,9.8800001
TXS03,30.30154,-98.70618,2025-11-23,na,6285.0,4682.0,0.0,19.4500008,11.6599998
TXS03,30.30154,-98.70618,2025-11-24,na,6285.0,4682.0,4.25,22.7999992,11.7700005
TXS03,30.30154,-98.70618,2025-11-25,na,6285.0,4682.0,0.0,26.1200008,6.46
TXS03,30.30154,-98.70618,2025-11-26,na,6285.0,4682.0,0.0,17.0,7.6599998
TXS03,30.30154,-98.70618,2025-11-27,na,6285.0,4682.0,0.0,15.3400002,5.3000002
TXS03,30.30154,-98.70618,2025-11-28,na,6285.0,4682.0,1.0700001,16.6700001,7.8600001
TXS03,30.30154,-98.70618,2025-11-29,na,6285.0,4682.0,0.0,22.9599991,10.8100004
TXS03,30.30154,-98.70618,2025-11-30,na,6285.0,4682.0,0.0,13.5100002,4.4699998
TXS03,30.30154,-98.70618,2025-12-01,na,6285.0,4682.0,0.0,7.0999999,2.71
TXS03,30.30154,-98.70618,2025-12-02,na,6285.0,4682.0,0.0,15.1099997,-0.85
TXS03,30.30154,-98.70618,2025-12-03,na,6285.0,4682.0,1.36,18.6200008,1.38
TXS03,30.30154,-98.70618,2025-12-04,na,6285.0,4682.0,0.0,11.1000004,4.1399999
TXS03,30.30154,-98.70618,2025-12-05,na,6285.0,4682.0,0.0,13.8000002,4.5700002
TXS03,30.30154,-98.70618,2025-12-06,na,6285.0,4682.0,0.0,24.5599995,4.4200001
TXS03,30.30154,-98.70618,2025-12-07,na,6285.0,4682.0,0.0,17.5599995,5.79
TXS03,30.30154,-98.70618,2025-12-08,na,6285.0,4682.0,0.0,17.6700001,-0.32
TXS03,30.30154,-98.70618,2025-12-09,na,6285.0,4682.0,0.0,19.3799992,-0.26
TXS03,30.30154,-98.70618,2025-12-10,na,6285.0,4682.0,0.0,20.1700001,3.5
TXS03,30.30154,-98.70618,2025-12-11,na,6285.0,4682.0,0.0,20.4799995,0.31
TXS03,30.30154,-98.70618,2025-12-12,na,6285.0,4682.0,0.0,21.8700008,5.5500002
TXS03,30.30154,-98.70618,2025-12-13,na,6285.0,4682.0,0.0,25.4699993,10.1400003
TXS03,30.30154,-98.70618,2025-12-14,na,6285.0,4682.0,0.0,14.6400003,2.3599999
TXS03,30.30154,-98.70618,2025-12-15,na,6285.0,4682.0,0.0,15.75,0.39
TXS03,30.30154,-98.70618,2025-12-16,na,6285.0,4682.0,0.0,13.75,4.1199999
TXS03,30.30154,-98.70618,2025-12-17,na,6285.0,4682.0,0.0,17.9899998,10.8900003
TXS03,30.30154,-98.70618,2025-12-18,na,6285.0,4682.0,0.0,22.1200008,8.3800001
TXS03,30.30154,-98.70618,2025-12-19,na,6285.0,4682.0,0.0,19.9300003,0.36
TXS03,30.30154,-98.70618,2025-12-20,na,6285.0,4682.0,0.0,25.9699993,6.75
TXS03,30.30154,-98.70618,2025-12-21,na,6285.0,4682.0,0.0,20.1700001,6.1700001
TXS03,30.30154,-98.70618,2025-12-22,na,6285.0,4682.0,0.0,23.7900009,5.8600001
TXS03,30.30154,-98.70618,2025-12-23,na,6285.0,4682.0,0.0,24.4899998,13.8900003
TXS03,30.30154,-98.70618,2025-12-24,na,6285.0,4682.0,0.0,23.3600006,14.4499998
TXS03,30.30154,-98.70618,2025-12-25,na,6285.0,4682.0,0.0,24.4400005,13.2399998
TXS03,30.30154,-98.70618,2025-12-26,na,6285.0,4682.0,0.0,29.0699997,14.3100004
TXS03,30.30154,-98.70618,2025-12-27,na,6285.0,4682.0,0.0,24.0499992,15.7700005
TXS03,30.30154,-98.70618,2025-12-28,na,6285.0,4682.0,0.0,24.6800003,12.3599997
TXS03,30.30154,-98.70618,2025-12-29,na,6285.0,4682.0,0.0,8.5299997,3.3499999
TXS03,30.30154,-98.70618,2025-12-30,na,6285.0,4682.0,0.0,14.75,1.35
TXS03,30.30154,-98.70618,2025-12-31,na,6285.0,4682.0,0.0,20.3099995,-1.37
TXS04,30.27982,-98.84109,2024-01-01,na,6288.0,4669.0,0.0,14.8299999,0.63
TXS04,30.27982,-98.84109,2024-01-02,na,6288.0,4669.0,23.0400009,9.04,1.3
TXS04,30.27982,-98.84109,2024-01-03,na,6288.0,4669.0,0.0,9.4099998,3.76
TXS04,30.27982,-98.84109,2024-01-04,na,6288.0,4669.0,7.4200001,10.1199999,4.0799999
TXS04,30.27982,-98.84109,2024-01-05,na,6288.0,4669.0,0.0,15.3999996,3.6700001
TXS04,30.27982,-98.84109,2024-01-06,na,6288.0,4669.0,0.0,17.1599998,-0.68
TXS04,30.27982,-98.84109,2024-01-07,na,6288.0,4669.0,2.9000001,16.6299992,-2.1199999
TXS04,30.27982,-98.84109,2024-01-08,na,6288.0,4669.0,5.2800002,16.6900005,2.95
TXS04,30.27982,-98.84109,2024-01-09,na,6288.0,4669.0,0.0,12.8199997,-0.26
TXS04,30.27982,-98.84109,2024-01-10,na,6288.0,4669.0,0.0,17.3899994,-1.3099999
TXS04,30.27982,-98.84109,2024-01-11,na,6288.0,4669.0,0.0,21.1399994,-0.27
TXS04,30.27982,-98.84109,2024-01-12,na,6288.0,4669.0,0.0,14.4899998,0.15
TXS04,30.27982,-98.84109,2024-01-13,na,6288.0,4669.0,0.0,13.54,-2.8399999
TXS04,30.27982,-98.84109,2024-01-14,na,6288.0,4669.0,0.0,1.01,-8.8800001
TXS04,30.27982,-98.84109,2024-01-15,na,6288.0,4669.0,0.0,-5.6399999,-10.8400002
TXS04,30.27982,-98.84109,2024-01-16,na,6288.0,4669.0,0.0,-1.05,-11.3000002
TXS04,30.27982,-98.84109,2024-01-17,na,6288.0,4669.0,0.0,7.29,-11.9099998
TXS04,30.27982,-98.84109,2024-01-18,na,6288.0,4669.0,0.0,20.3700008,-4.8200002
TXS04,30.27982,-98.84109,2024-01-19,na,6288.0,4669.0,0.0,7.4099998,-3.5899999
TXS04,30.27982,-98.84109,2024-01-20,na,6288.0,4669.0,0.0,4.71,-6.3200002
TXS04,30.27982,-98.84109,2024-01-21,na,6288.0,4669.0,10.4899998,6.6599998,-2.1300001
TXS04,30.27982,-98.84109,2024-01-22,na,6288.0,4669.0,3.9100001,17.5,0.58
TXS04,30.27982,-98.84109,2024-01-23,na,6288.0,4669.0,1.1799999,17.1100006,8.8699999
TXS04,30.27982,-98.84109,2024-01-24,na,6288.0,4669.0,4.4400001,14.2799997,9.8900003
TXS04,30.27982,-98.84109,2024-01-25,na,6288.0,4669.0,0.0,19.0900002,6.1599998
TXS04,30.27982,-98.84109,2024-01-26,na,6288.0,4669.0,0.0,19.8899994,7.9000001
TXS04,30.27982,-98.84109,2024-01-27,na,6288.0,4669.0,0.0,16.3400002,6.4099998
TXS04,30.27982,-98.84109,2024-01-28,na,6288.0,4669.0,0.0,18.0400009,0.85
TXS04,30.27982,-98.84109,2024-01-29,na,6288.0,4669.0,0.0,19.6499996,1.17
TXS04,30.27982,-98.84109,2024-01-30,na,6288.0,4669.0,0.0,21.0300007,2.6500001
TXS04,30.27982,-98.84109,2024-01-31,na,6288.0,4669.0,0.0,21.6900005,2.3900001
TXS04,30.27982,-98.84109,2024-02-01,na,6288.0,4669.0,0.0,20.2900009,4.9400001
TXS04,30.27982,-98.84109,2024-02-02,na,6288.0,4669.0,4.4299998,17.8500004,10.8699999
TXS04,30.27982,-98.84109,2024-02-03,na,6288.0,4669.0,0.0,19.3899994,8.04
TXS04,30.27982,-98.84109,2024-02-04,na,6288.0,4669.0,0.0,18.0699997,7.6799998
TXS04,30.27982,-98.84109,2024-02-05,na,6288.0,4669.0,0.0,16.5900002,7.27
TXS04,30.27982,-98.84109,2024-02-06,na,6288.0,4669.0,0.0,18.4699993,1.72
TXS04,30.27982,-98.84109,2024-02-07,na,6288.0,4669.0,0.0,18.7800007,5.1799998
TXS04,30.27982,-98.84109,2024-02-08,na,6288.0,4669.0,0.0,19.8400002,9.1599998
TXS04,30.27982,-98.84109,2024-02-09,na,6288.0,4669.0,20.3600006,21.7700005,11.1199999
TXS04,30.27982,-98.84109,2024-02-10,na,6288.0,4669.0,13.5900002,17.2399998,12.5
TXS04,30.27982,-98.84109,2024-02-11,na,6288.0,4669.0,0.0,14.7299995,6.52
TXS04,30.27982,-98.84109,2024-02-12,na,6288.0,4669.0,0.0,13.9700003,2.22
TXS04,30.27982,-98.84109,2024-02-13,na,6288.0,4669.0,0.0,17.8400002,-0.34
TXS04,30.27982,-98.84109,2024-02-14,na,6288.0,4669.0,0.0,16.7299995,2.3800001
TXS04,30.27982,-98.84109,2024-02-15,na,6288.0,4669.0,0.0,18.8700008,8.5699997
TXS04,30.27982,-98.84109,2024-02-16,na,6288.0,4669.0,0.0,21.3600006,7.9899998
TXS04,30.27982,-98.84109,2024-02-17,na,6288.0,4669.0,0.0,7.9699998,0.55
TXS04,30.27982,-98.84109,2024-02-18,na,6288.0,4669.0,0.0,11.6400003,-3.1900001
TXS04,30.27982,-98.84109,2024-02-19,na,6288.0,4669.0,0.0,19.5300007,-1.08
TXS04,30.27982,-98.84109,2024-02-20,na,6288.0,4669.0,0.0,25.2800007,3.1500001
TXS04,30.27982,-98.84109,2024-02-21,na,6288.0,4669.0,0.0,25.0900002,8.4799995
TXS04,30.27982,-98.84109,2024-02-22,na,6288.0,4669.0,0.0,27.2099991,12.3999996
TXS04,30.27982,-98.84109,2024-02-23,na,6288.0,4669.0,0.0,22.0799999,9.0100002
TXS04,30.27982,-98.84109,2024-02-24,na,6288.0,4669.0,0.0,23.7900009,4.4899998
TXS04,30.27982,-98.84109,2024-02-25,na,6288.0,4669.0,0.0,28.7999992,10.1099997
TXS04,30.27982,-98.84109,2024-02-26,na,6288.0,4669.0,0.0,31.9400005,11.04
TXS04,30.27982,-98.84109,2024-02-27,na,6288.0,4669.0,0.0,28.7999992,14.6700001
TXS04,30.27982,-98.84109,2024-02-28,na,6288.0,4669.0,0.0,18.8999996,6.6900001
TXS04,30.27982,-98.84109,2024-02-29,na,6288.0,4669.0,0.0,9.9399996,2.74
TXS04,30.27982,-98.84109,2024-03-01,na,6288.0,4669.0,0.0,25.4400005,-0.2
TXS04,30.27982,-98.84109,2024-03-02,na,6288.0,4669.0,0.0,27.3999996,5.25
TXS04,30.27982,-98.84109,2024-03-03,na,6288.0,4669.0,0.0,24.5599995,10.7700005
TXS04,30.27982,-98.84109,2024-03-04,na,6288.0,4669.0,0.0,24.8500004,12.4099998
TXS04,30.27982,-98.84109,2024-03-05,na,6288.0,4669.0,0.0,28.4099998,10.8500004
TXS04,30.27982,-98.84109,2024-03-06,na,6288.0,4669.0,0.0,27.5400009,9.2200003
TXS04,30.27982,-98.84109,2024-03-07,na,6288.0,4669.0,9.0500002,21.8700008,14.0299997
TXS04,30.27982,-98.84109,2024-03-08,na,6288.0,4669.0,0.0,24.3199997,9.25
TXS04,30.27982,-98.84109,2024-03-09,na,6288.0,4669.0,0.0,16.2399998,5.0999999
TXS04,30.27982,-98.84109,2024-03-10,na,6288.0,4669.0,0.0,17.8299999,2.23
TXS04,30.27982,-98.84109,2024-03-11,na,6288.0,4669.0,0.0,21.3500004,5.8499999
TXS04,30.27982,-98.84109,2024-03-12,na,6288.0,4669.0,0.0,22.8400002,9.7600002
TXS04,30.27982,-98.84109,2024-03-13,na,6288.0,4669.0,0.0,27.5699997,13.5799999
TXS04,30.27982,-98.84109,2024-03-14,na,6288.0,4669.0,0.0,25.4699993,17.4599991
TXS04,30.27982,-98.84109,2024-03-15,na,6288.0,4669.0,0.69,21.2600002,16.5799999
TXS04,30.27982,-98.84109,2024-03-16,na,6288.0,4669.0,2.4200001,20.25,13.1199999
TXS04,30.27982,-98.84109,2024-03-17,na,6288.0,4669.0,3.8900001,16.5599995,12.1599998
TXS04,30.27982,-98.84109,2024-03-18,na,6288.0,4669.0,0.0,16.5799999,8.9300003
TXS04,30.27982,-98.84109,2024-03-19,na,6288.0,4669.0,0.0,17.5100002,6.6599998
TXS04,30.27982,-98.84109,2024-03-20,na,6288.0,4669.0,0.25,18.25,5.8099999
TXS04,30.27982,-98.84109,2024-03-21,na,6288.0,4669.0,20.1299992,20.2299995,9.1700001
TXS04,30.27982,-98.84109,2024-03-22,na,6288.0,4669.0,0.0,23.8099995,9.0299997
TXS04,30.27982,-98.84109,2024-03-23,na,6288.0,4669.0,0.0,22.0,7.46
TXS04,30.27982,-98.84109,2024-03-24,na,6288.0,4669.0,6.21,20.5400009,10.2399998
TXS04,30.27982,-98.84109,2024-03-25,na,6288.0,4669.0,0.0,22.4200001,10.3999996
TXS04,30.27982,-98.84109,2024-03-26,na,6288.0,4669.0,0.0,19.9300003,4.25
TXS04,30.27982,-98.84109,2024-03-27,na,6288.0,4669.0,3.9100001,20.0499992,5.1999998
TXS04,30.27982,-98.84109,2024-03-28,na,6288.0,4669.0,0.0,23.5300007,4.5599999
TXS04,30.27982,-98.84109,2024-03-29,na,6288.0,4669.0,0.0,24.1200008,9.3900003
TXS04,30.27982,-98.84109,2024-03-30,na,6288.0,4669.0,0.0,22.0100002,14.2399998
TXS04,30.27982,-98.84109,2024-03-31,na,6288.0,4669.0,0.0,23.3400002,16.5699997
TXS04,30.27982,-98.84109,2024-04-01,na,6288.0,4669.0,5.5799999,27.1299992,15.8900003
TXS04,30.27982,-98.84109,2024-04-02,na,6288.0,4669.0,0.0,21.4300003,10.0799999
TXS04,30.27982,-98.84109,2024-04-03,na,6288.0,4669.0,0.0,24.6399994,4.4000001
TXS04,30.27982,-98.84109,2024-04-04,na,6288.0,4669.0,0.0,28.4500008,5.0799999
TXS04,30.27982,-98.84109,2024-04-05,na,6288.0,4669.0,0.0,27.8299999,8.96
TXS04,30.27982,-98.84109,2024-04-06,na,6288.0,4669.0,0.0,26.1000004,12.5600004
TXS04,30.27982,-98.84109,2024-04-07,na,6288.0,4669.0,0.0,26.4099998,12.9099998
TXS04,30.27982,-98.84109,2024-04-08,na,6288.0,4669.0,0.0,25.3700008,11.9399996
TXS04,30.27982,-98.84109,2024-04-09,na,6288.0,4669.0,4.96,30.0499992,16.3700008
TXS04,30.27982,-98.84109,2024-04-10,na,6288.0,4669.0,0.0,21.7000008,9.9200001
TXS04,30.27982,-98.84109,2024-04-11,na,6288.0,4669.0,0.0,25.0499992,7.75
TXS04,30.27982,-98.84109,2024-04-12,na,6288.0,4669.0,0.0,26.9200001,8.5299997
TXS04,30.27982,-98.84109,2024-04-13,na,6288.0,4669.0,0.0,27.1900005,11.1599998
TXS04,30.27982,-98.84109,2024-04-14,na,6288.0,4669.0,0.0,28.6000004,16.0100002
TXS04,30.27982,-98.84109,2024-04-15,na,6288.0,4669.0,1.1799999,28.0900002,18.1399994
TXS04,30.27982,-98.84109,2024-04-16,na,6288.0,4669.0,0.0,28.9300003,18.9699993
TXS04,30.27982,-98.84109,2024-04-17,na,6288.0,4669.0,0.0,29.2299995,20.1100006
TXS04,30.27982,-98.84109,2024-04-18,na,6288.0,4669.0,0.0,28.7000008,20.3700008
TXS04,30.27982,-98.84109,2024-04-19,na,6288.0,4669.0,0.0,22.3099995,16.6800003
TXS04,30.27982,-98.84109,2024-04-20,na,6288.0,4669.0,15.7299995,19.2000008,13.3100004
TXS04,30.27982,-98.84109,2024-04-21,na,6288.0,4669.0,0.0,18.6800003,8.54
TXS04,30.27982,-98.84109,2024-04-22,na,6288.0,4669.0,0.0,21.7700005,6.9299998
TXS04,30.27982,-98.84109,2024-04-23,na,6288.0,4669.0,0.0,23.5799999,10.7399998
TXS04,30.27982,-98.84109,2024-04-24,na,6288.0,4669.0,0.0,26.9699993,16.5
TXS04,30.27982,-98.84109,2024-04-25,na,6288.0,4669.0,0.0,26.0400009,18.5200005
TXS04,30.27982,-98.84109,2024-04-26,na,6288.0,4669.0,1.66,27.5699997,20.1800003
TXS04,30.27982,-98.84109,2024-04-27,na,6288.0,4669.0,13.8699999,27.5400009,20.9200001
TXS04,30.27982,-98.84109,2024-04-28,na,6288.0,4669.0,3.46,28.8700008,16.0100002
TXS04,30.27982,-98.84109,2024-04-29,na,6288.0,4669.0,0.0,30.3700008,14.4300003
TXS04,30.27982,-98.84109,2024-04-30,na,6288.0,4669.0,0.0,29.5300007,17.4899998
TXS04,30.27982,-98.84109,2024-05-01,na,6288.0,4669.0,13.0799999,26.3500004,19.0599995
TXS04,30.27982,-98.84109,2024-05-02,na,6288.0,4669.0,2.8699999,26.2700005,20.1100006
TXS04,30.27982,-98.84109,2024-05-03,na,6288.0,4669.0,2.1900001,26.5400009,20.0900002
TXS04,30.27982,-98.84109,2024-05-04,na,6288.0,4669.0,16.6000004,23.6700001,20.1499996
TXS04,30.27982,-98.84109,2024-05-05,na,6288.0,4669.0,5.3600001,23.5599995,15.6899996
TXS04,30.27982,-98.84109,2024-05-06,na,6288.0,4669.0,0.0,27.8999996,18.5900002
TXS04,30.27982,-98.84109,2024-05-07,na,6288.0,4669.0,0.0,30.5,20.3400002
TXS04,30.27982,-98.84109,2024-05-08,na,6288.0,4669.0,0.0,31.75,21.9599991
TXS04,30.27982,-98.84109,2024-05-09,na,6288.0,4669.0,0.0,33.5900002,20.6499996
TXS04,30.27982,-98.84109,2024-05-10,na,6288.0,4669.0,0.0,27.9200001,17.6100006
TXS04,30.27982,-98.84109,2024-05-11,na,6288.0,4669.0,0.79,26.3099995,17.6499996
TXS04,30.27982,-98.84109,2024-05-12,na,6288.0,4669.0,1.34,26.8199997,17.1399994
TXS04,30.27982,-98.84109,2024-05-13,na,6288.0,4669.0,1.05,28.5200005,17.0499992
TXS04,30.27982,-98.84109,2024-05-14,na,6288.0,4669.0,0.0,31.3099995,13.7299995
TXS04,30.27982,-98.84109,2024-05-15,na,6288.0,4669.0,0.0,32.5800018,17.0900002
TXS04,30.27982,-98.84109,2024-05-16,na,6288.0,4669.0,8.4099998,27.3600006,18.1700001
TXS04,30.27982,-98.84109,2024-05-17,na,6288.0,4669.0,0.0,28.5699997,13.8699999
TXS04,30.27982,-98.84109,2024-05-18,na,6288.0,4669.0,0.0,34.0,15.4399996
TXS04,30.27982,-98.84109,2024-05-19,na,6288.0,4669.0,0.0,33.5900002,18.4400005
TXS04,30.27982,-98.84109,2024-05-20,na,6288.0,4669.0,0.0,33.3699989,19.9599991
TXS04,30.27982,-98.84109,2024-05-21,na,6288.0,4669.0,0.0,33.0200005,21.7099991
TXS04,30.27982,-98.84109,2024-05-22,na,6288.0,4669.0,0.0,31.7600002,22.7800007
TXS04,30.27982,-98.84109,2024-05-23,na,6288.0,4669.0,0.0,32.0200005,22.9799995
TXS04,30.27982,-98.84109,2024-05-24,na,6288.0,4669.0,0.0,32.0999985,23.3600006
TXS04,30.27982,-98.84109,2024-05-25,na,6288.0,4669.0,0.0,35.3699989,23.4500008
TXS04,30.27982,-98.84109,2024-05-26,na,6288.0,4669.0,0.0,36.5,22.9599991
TXS04,30.27982,-98.84109,2024-05-27,na,6288.0,4669.0,5.4000001,38.5099983,23.1900005
TXS04,30.27982,-98.84109,2024-05-28,na,6288.0,4669.0,21.3199997,32.4500008,20.8899994
TXS04,30.27982,-98.84109,2024-05-29,na,6288.0,4669.0,0.0,31.0200005,19.0
TXS04,30.27982,-98.84109,2024-05-30,na,6288.0,4669.0,19.0799999,31.4099998,20.4599991
TXS04,30.27982,-98.84109,2024-05-31,na,6288.0,4669.0,6.0,30.0799999,16.3500004
TXS04,30.27982,-98.84109,2024-06-01,na,6288.0,4669.0,3.0,30.7199993,18.1700001
TXS04,30.27982,-98.84109,2024-06-02,na,6288.0,4669.0,0.0,32.2400017,21.4799995
TXS04,30.27982,-98.84109,2024-06-03,na,6288.0,4669.0,0.0,32.9199982,23.7999992
TXS04,30.27982,-98.84109,2024-06-04,na,6288.0,4669.0,0.0,35.8800011,24.2800007
TXS04,30.27982,-98.84109,2024-06-05,na,6288.0,4669.0,0.0,33.9599991,23.0200005
TXS04,30.27982,-98.84109,2024-06-06,na,6288.0,4669.0,0.0,35.1800003,20.6000004
TXS04,30.27982,-98.84109,2024-06-07,na,6288.0,4669.0,0.0,35.6699982,20.7199993
TXS04,30.27982,-98.84109,2024-06-08,na,6288.0,4669.0,0.0,35.1800003,21.4599991
TXS04,30.27982,-98.84109,2024-06-09,na,6288.0,4669.0,2.03,34.4199982,21.5599995
TXS04,30.27982,-98.84109,2024-06-10,na,6288.0,4669.0,0.0,33.0600014,19.8299999
TXS04,30.27982,-98.84109,2024-06-11,na,6288.0,4669.0,16.4899998,32.4599991,19.6499996
TXS04,30.27982,-98.84109,2024-06-12,na,6288.0,4669.0,0.0,31.2199993,20.9300003
TXS04,30.27982,-98.84109,2024-06-13,na,6288.0,4669.0,0.0,32.9199982,21.6700001
TXS04,30.27982,-98.84109,2024-06-14,na,6288.0,4669.0,0.0,33.7900009,22.0699997
TXS04,30.27982,-98.84109,2024-06-15,na,6288.0,4669.0,0.0,33.6399994,21.7000008
TXS04,30.27982,-98.84109,2024-06-16,na,6288.0,4669.0,0.0,33.4099998,22.8600006
TXS04,30.27982,-98.84109,2024-06-17,na,6288.0,4669.0,2.5999999,33.8699989,23.4899998
TXS04,30.27982,-98.84109,2024-06-18,na,6288.0,4669.0,0.0,32.6199989,22.5699997
TXS04,30.27982,-98.84109,2024-06-19,na,6288.0,4669.0,31.2199993,28.5300007,20.9599991
TXS04,30.27982,-98.84109,2024-06-20,na,6288.0,4669.0,11.0699997,28.4799995,20.7099991
TXS04,30.27982,-98.84109,2024-06-21,na,6288.0,4669.0,0.0,30.6399994,21.3999996
TXS04,30.27982,-98.84109,2024-06-22,na,6288.0,4669.0,0.0,32.0499992,21.1800003
TXS04,30.27982,-98.84109,2024-06-23,na,6288.0,4669.0,0.0,33.0299988,20.0699997
TXS04,30.27982,-98.84109,2024-06-24,na,6288.0,4669.0,0.0,33.3400002,21.4500008
TXS04,30.27982,-98.84109,2024-06-25,na,6288.0,4669.0,0.0,33.4599991,23.7000008
TXS04,30.27982,-98.84109,2024-06-26,na,6288.0,4669.0,0.0,33.8199997,24.3700008
TXS04,30.27982,-98.84109,2024-06-27,na,6288.0,4669.0,0.0,35.7400017,23.8999996
TXS04,30.27982,-98.84109,2024-06-28,na,6288.0,4669.0,0.0,35.0699997,23.6200008
TXS04,30.27982,-98.84109,2024-06-29,na,6288.0,4669.0,0.0,34.8800011,24.1299992
TXS04,30.27982,-98.84109,2024-06-30,na,6288.0,4669.0,0.0,34.2900009,23.4899998
TXS04,30.27982,-98.84109,2024-07-01,na,6288.0,4669.0,0.0,35.0600014,21.4300003
TXS04,30.27982,-98.84109,2024-07-02,na,6288.0,4669.0,0.0,36.2999992,22.8899994
TXS04,30.27982,-98.84109,2024-07-03,na,6288.0,4669.0,0.0,35.7400017,23.4400005
TXS04,30.27982,-98.84109,2024-07-04,na,6288.0,4669.0,0.0,35.6500015,23.8799992
TXS04,30.27982,-98.84109,2024-07-05,na,6288.0,4669.0,0.0,35.6199989,23.4699993
TXS04,30.27982,-98.84109,2024-07-06,na,6288.0,4669.0,48.9500008,34.1699982,20.9099998
TXS04,30.27982,-98.84109,2024-07-07,na,6288.0,4669.0,0.0,33.1399994,20.6700001
TXS04,30.27982,-98.84109,2024-07-08,na,6288.0,4669.0,0.0,32.2900009,21.8899994
TXS04,30.27982,-98.84109,2024-07-09,na,6288.0,4669.0,0.0,32.1399994,21.2399998
TXS04,30.27982,-98.84109,2024-07-10,na,6288.0,4669.0,0.0,32.4599991,21.0499992
TXS04,30.27982,-98.84109,2024-07-11,na,6288.0,4669.0,0.0,32.4900017,18.8500004
TXS04,30.27982,-98.84109,2024-07-12,na,6288.0,4669.0,3.8900001,31.9400005,19.4799995
TXS04,30.27982,-98.84109,2024-07-13,na,6288.0,4669.0,0.34,30.1700001,20.9699993
TXS04,30.27982,-98.84109,2024-07-14,na,6288.0,4669.0,0.0,32.2999992,22.4599991
TXS04,30.27982,-98.84109,2024-07-15,na,6288.0,4669.0,0.0,34.2799988,22.9899998
TXS04,30.27982,-98.84109,2024-07-16,na,6288.0,4669.0,0.0,35.0699997,21.5900002
TXS04,30.27982,-98.84109,2024-07-17,na,6288.0,4669.0,0.0,34.5499992,22.7000008
TXS04,30.27982,-98.84109,2024-07-18,na,6288.0,4669.0,40.8699989,32.1599998,21.9099998
TXS04,30.27982,-98.84109,2024-07-19,na,6288.0,4669.0,0.0,33.2799988,20.7800007
TXS04,30.27982,-98.84109,2024-07-20,na,6288.0,4669.0,0.0,33.5099983,21.4899998
TXS04,30.27982,-98.84109,2024-07-21,na,6288.0,4669.0,3.74,32.5,22.1000004
TXS04,30.27982,-98.84109,2024-07-22,na,6288.0,4669.0,20.7299995,28.8899994,21.5100002
TXS04,30.27982,-98.84109,2024-07-23,na,6288.0,4669.0,33.0499992,27.0499992,21.2399998
TXS04,30.27982,-98.84109,2024-07-24,na,6288.0,4669.0,0.0,30.2900009,20.4799995
TXS04,30.27982,-98.84109,2024-07-25,na,6288.0,4669.0,20.1599998,31.2399998,20.1299992
TXS04,30.27982,-98.84109,2024-07-26,na,6288.0,4669.0,18.1000004,30.9699993,20.9099998
TXS04,30.27982,-98.84109,2024-07-27,na,6288.0,4669.0,0.0,31.6299992,20.2399998
TXS04,30.27982,-98.84109,2024-07-28,na,6288.0,4669.0,0.0,30.8199997,21.5400009
TXS04,30.27982,-98.84109,2024-07-29,na,6288.0,4669.0,0.0,32.1500015,22.9899998
TXS04,30.27982,-98.84109,2024-07-30,na,6288.0,4669.0,0.0,32.6800003,23.4200001
TXS04,30.27982,-98.84109,2024-07-31,na,6288.0,4669.0,0.0,33.2000008,23.5799999
TXS04,30.27982,-98.84109,2024-08-01,na,6288.0,4669.0,0.0,34.1100006,21.6800003
TXS04,30.27982,-98.84109,2024-08-02,na,6288.0,4669.0,0.0,34.7000008,22.2900009
TXS04,30.27982,-98.84109,2024-08-03,na,6288.0,4669.0,0.0,35.3800011,21.7399998
TXS04,30.27982,-98.84109,2024-08-04,na,6288.0,4669.0,0.0,35.1699982,22.4799995
TXS04,30.27982,-98.84109,2024-08-05,na,6288.0,4669.0,0.0,34.4399986,21.4099998
TXS04,30.27982,-98.84109,2024-08-06,na,6288.0,4669.0,0.0,35.1300011,21.3999996
TXS04,30.27982,-98.84109,2024-08-07,na,6288.0,4669.0,0.0,37.2599983,21.3899994
TXS04,30.27982,-98.84109,2024-08-08,na,6288.0,4669.0,0.0,36.6300011,22.2099991
TXS04,30.27982,-98.84109,2024-08-09,na,6288.0,4669.0,0.0,35.3600006,21.1000004
TXS04,30.27982,-98.84109,2024-08-10,na,6288.0,4669.0,0.0,35.0,21.6000004
TXS04,30.27982,-98.84109,2024-08-11,na,6288.0,4669.0,0.0,35.4599991,23.0799999
TXS04,30.27982,-98.84109,2024-08-12,na,6288.0,4669.0,0.0,35.5600014,22.7700005
TXS04,30.27982,-98.84109,2024-08-13,na,6288.0,4669.0,0.0,35.25,22.5900002
TXS04,30.27982,-98.84109,2024-08-14,na,6288.0,4669.0,0.0,35.0800018,23.0699997
TXS04,30.27982,-98.84109,2024-08-15,na,6288.0,4669.0,0.0,35.9500008,23.1700001
TXS04,30.27982,-98.84109,2024-08-16,na,6288.0,4669.0,0.0,36.2799988,23.4200001
TXS04,30.27982,-98.84109,2024-08-17,na,6288.0,4669.0,0.0,36.8600006,23.2999992
TXS04,30.27982,-98.84109,2024-08-18,na,6288.0,4669.0,0.0,37.0099983,22.9300003
TXS04,30.27982,-98.84109,2024-08-19,na,6288.0,4669.0,0.0,37.4900017,21.8899994
TXS04,30.27982,-98.84109,2024-08-20,na,6288.0,4669.0,0.0,39.3600006,21.8899994
TXS04,30.27982,-98.84109,2024-08-21,na,6288.0,4669.0,0.0,40.7299995,22.1200008
TXS04,30.27982,-98.84109,2024-08-22,na,6288.0,4669.0,0.0,40.2000008,22.7700005
TXS04,30.27982,-98.84109,2024-08-23,na,6288.0,4669.0,0.0,37.7900009,24.2700005
TXS04,30.27982,-98.84109,2024-08-24,na,6288.0,4669.0,0.0,36.0,23.3700008
TXS04,30.27982,-98.84109,2024-08-25,na,6288.0,4669.0,0.0,34.7099991,21.9699993
TXS04,30.27982,-98.84109,2024-08-26,na,6288.0,4669.0,0.0,33.5699997,20.3099995
TXS04,30.27982,-98.84109,2024-08-27,na,6288.0,4669.0,0.0,31.1499996,20.4799995
TXS04,30.27982,-98.84109,2024-08-28,na,6288.0,4669.0,30.8799992,32.2099991,21.2000008
TXS04,30.27982,-98.84109,2024-08-29,na,6288.0,4669.0,0.0,32.4300003,20.0200005
TXS04,30.27982,-98.84109,2024-08-30,na,6288.0,4669.0,0.0,32.4599991,21.1499996
TXS04,30.27982,-98.84109,2024-08-31,na,6288.0,4669.0,2.3299999,33.0499992,21.6299992
TXS04,30.27982,-98.84109,2024-09-01,na,6288.0,4669.0,0.0,32.3899994,21.1299992
TXS04,30.27982,-98.84109,2024-09-02,na,6288.0,4669.0,9.75,28.2900009,21.7000008
TXS04,30.27982,-98.84109,2024-09-03,na,6288.0,4669.0,28.9899998,27.0400009,21.3099995
TXS04,30.27982,-98.84109,2024-09-04,na,6288.0,4669.0,0.0,27.4400005,20.3500004
TXS04,30.27982,-98.84109,2024-09-05,na,6288.0,4669.0,0.0,28.3299999,19.1800003
TXS04,30.27982,-98.84109,2024-09-06,na,6288.0,4669.0,0.0,29.9899998,20.1299992
TXS04,30.27982,-98.84109,2024-09-07,na,6288.0,4669.0,0.0,29.1000004,19.4899998
TXS04,30.27982,-98.84109,2024-09-08,na,6288.0,4669.0,0.0,27.6000004,15.0900002
TXS04,30.27982,-98.84109,2024-09-09,na,6288.0,4669.0,0.0,27.9099998,11.3999996
TXS04,30.27982,-98.84109,2024-09-10,na,6288.0,4669.0,0.0,29.4099998,13.3699999
TXS04,30.27982,-98.84109,2024-09-11,na,6288.0,4669.0,0.0,30.4899998,16.6299992
TXS04,30.27982,-98.84109,2024-09-12,na,6288.0,4669.0,0.0,31.5499992,17.7399998
TXS04,30.27982,-98.84109,2024-09-13,na,6288.0,4669.0,0.0,33.0900002,18.1399994
TXS04,30.27982,-98.84109,2024-09-14,na,6288.0,4669.0,0.0,32.6800003,20.1299992
TXS04,30.27982,-98.84109,2024-09-15,na,6288.0,4669.0,0.0,33.6899986,21.8099995
TXS04,30.27982,-98.84109,2024-09-16,na,6288.0,4669.0,0.0,33.6100006,18.5100002
TXS04,30.27982,-98.84109,2024-09-17,na,6288.0,4669.0,0.0,33.1599998,19.0100002
TXS04,30.27982,-98.84109,2024-09-18,na,6288.0,4669.0,0.0,33.3499985,20.8199997
TXS04,30.27982,-98.84109,2024-09-19,na,6288.0,4669.0,0.0,34.1399994,22.7299995
TXS04,30.27982,-98.84109,2024-09-20,na,6288.0,4669.0,0.0,33.9000015,22.5400009
TXS04,30.27982,-98.84109,2024-09-21,na,6288.0,4669.0,0.0,33.3400002,22.3299999
TXS04,30.27982,-98.84109,2024-09-22,na,6288.0,4669.0,0.0,32.6399994,22.3299999
TXS04,30.27982,-98.84109,2024-09-23,na,6288.0,4669.0,0.0,29.7099991,21.7700005
TXS04,30.27982,-98.84109,2024-09-24,na,6288.0,4669.0,0.0,32.0,18.75
TXS04,30.27982,-98.84109,2024-09-25,na,6288.0,4669.0,0.0,30.9599991,18.7299995
TXS04,30.27982,-98.84109,2024-09-26,na,6288.0,4669.0,0.0,29.9699993,13.8299999
TXS04,30.27982,-98.84109,2024-09-27,na,6288.0,4669.0,0.0,32.2200012,12.3999996
TXS04,30.27982,-98.84109,2024-09-28,na,6288.0,4669.0,0.0,31.7299995,13.4700003
TXS04,30.27982,-98.84109,2024-09-29,na,6288.0,4669.0,0.0,32.1800003,13.3400002
TXS04,30.27982,-98.84109,2024-09-30,na,6288.0,4669.0,0.0,33.1800003,13.3400002
TXS04,30.27982,-98.84109,2024-10-01,na,6288.0,4669.0,0.0,32.8199997,14.0699997
TXS04,30.27982,-98.84109,2024-10-02,na,6288.0,4669.0,0.0,31.7600002,14.5299997
TXS04,30.27982,-98.84109,2024-10-03,na,6288.0,4669.0,0.0,32.0699997,15.3999996
TXS04,30.27982,-98.84109,2024-10-04,na,6288.0,4669.0,0.0,31.9200001,14.7399998
TXS04,30.27982,-98.84109,2024-10-05,na,6288.0,4669.0,0.0,31.8700008,15.5299997
TXS04,30.27982,-98.84109,2024-10-06,na,6288.0,4669.0,0.0,31.6499996,16.4799995
TXS04,30.27982,-98.84109,2024-10-07,na,6288.0,4669.0,0.0,31.5799999,14.7299995
TXS04,30.27982,-98.84109,2024-10-08,na,6288.0,4669.0,0.0,33.0099983,14.3699999
TXS04,30.27982,-98.84109,2024-10-09,na,6288.0,4669.0,0.0,32.9300003,13.4799995
TXS04,30.27982,-98.84109,2024-10-10,na,6288.0,4669.0,0.0,33.7799988,13.6000004
TXS04,30.27982,-98.84109,2024-10-11,na,6288.0,4669.0,0.0,32.9399986,15.1300001
TXS04,30.27982,-98.84109,2024-10-12,na,6288.0,4669.0,0.0,33.3699989,15.0299997
TXS04,30.27982,-98.84109,2024-10-13,na,6288.0,4669.0,0.0,35.0,15.0100002
TXS04,30.27982,-98.84109,2024-10-14,na,6288.0,4669.0,0.0,33.3800011,14.0200005
TXS04,30.27982,-98.84109,2024-10-15,na,6288.0,4669.0,0.0,32.9799995,12.9300003
TXS04,30.27982,-98.84109,2024-10-16,na,6288.0,4669.0,0.0,24.9099998,11.4200001
TXS04,30.27982,-98.84109,2024-10-17,na,6288.0,4669.0,0.0,23.6100006,7.9099998
TXS04,30.27982,-98.84109,2024-10-18,na,6288.0,4669.0,0.0,24.0400009,11.0200005
TXS04,30.27982,-98.84109,2024-10-19,na,6288.0,4669.0,0.0,26.0499992,14.4499998
TXS04,30.27982,-98.84109,2024-10-20,na,6288.0,4669.0,0.0,27.9599991,13.8100004
TXS04,30.27982,-98.84109,2024-10-21,na,6288.0,4669.0,0.0,28.7999992,12.6599998
TXS04,30.27982,-98.84109,2024-10-22,na,6288.0,4669.0,0.0,28.1100006,14.7200003
TXS04,30.27982,-98.84109,2024-10-23,na,6288.0,4669.0,0.0,29.9599991,14.8299999
TXS04,30.27982,-98.84109,2024-10-24,na,6288.0,4669.0,0.0,29.2600002,15.4799995
TXS04,30.27982,-98.84109,2024-10-25,na,6288.0,4669.0,0.0,30.4200001,16.1499996
TXS04,30.27982,-98.84109,2024-10-26,na,6288.0,4669.0,0.0,31.0900002,15.2600002
TXS04,30.27982,-98.84109,2024-10-27,na,6288.0,4669.0,0.0,30.9200001,14.6899996
TXS04,30.27982,-98.84109,2024-10-28,na,6288.0,4669.0,0.0,29.2000008,14.6000004
TXS04,30.27982,-98.84109,2024-10-29,na,6288.0,4669.0,0.0,29.2199993,18.3299999
TXS04,30.27982,-98.84109,2024-10-30,na,6288.0,4669.0,0.0,28.1900005,20.5100002
TXS04,30.27982,-98.84109,2024-10-31,na,6288.0,4669.0,0.0,26.3299999,18.9799995
TXS04,30.27982,-98.84109,2024-11-01,na,6288.0,4669.0,0.0,26.5699997,15.7700005
TXS04,30.27982,-98.84109,2024-11-02,na,6288.0,4669.0,2.05,23.4799995,18.1599998
TXS04,30.27982,-98.84109,2024-11-03,na,6288.0,4669.0,0.0,26.5400009,20.3899994
TXS04,30.27982,-98.84109,2024-11-04,na,6288.0,4669.0,0.0,28.8299999,18.7000008
TXS04,30.27982,-98.84109,2024-11-05,na,6288.0,4669.0,0.0,24.0799999,10.1400003
TXS04,30.27982,-98.84109,2024-11-06,na,6288.0,4669.0,0.0,25.6599998,5.1199999
TXS04,30.27982,-98.84109,2024-11-07,na,6288.0,4669.0,0.0,27.5900002,11.3999996
TXS04,30.27982,-98.84109,2024-11-08,na,6288.0,4669.0,8.9799995,24.6399994,15.3699999
TXS04,30.27982,-98.84109,2024-11-09,na,6288.0,4669.0,0.0,24.8899994,9.5699997
TXS04,30.27982,-98.84109,2024-11-10,na,6288.0,4669.0,0.0,28.0900002,9.71
TXS04,30.27982,-98.84109,2024-11-11,na,6288.0,4669.0,0.0,28.1299992,10.0100002
TXS04,30.27982,-98.84109,2024-11-12,na,6288.0,4669.0,0.0,26.7399998,11.1499996
TXS04,30.27982,-98.84109,2024-11-13,na,6288.0,4669.0,0.0,26.5699997,11.79
TXS04,30.27982,-98.84109,2024-11-14,na,6288.0,4669.0,0.0,23.9300003,4.96
TXS04,30.27982,-98.84109,2024-11-15,na,6288.0,4669.0,0.0,23.8799992,3.53
TXS04,30.27982,-98.84109,2024-11-16,na,6288.0,4669.0,0.0,24.4799995,9.1599998
TXS04,30.27982,-98.84109,2024-11-17,na,6288.0,4669.0,11.04,25.2399998,14.2299995
TXS04,30.27982,-98.84109,2024-11-18,na,6288.0,4669.0,5.1399999,23.6499996,11.4499998
TXS04,30.27982,-98.84109,2024-11-19,na,6288.0,4669.0,0.0,25.4400005,7.1799998
TXS04,30.27982,-98.84109,2024-11-20,na,6288.0,4669.0,0.0,19.3199997,4.9000001
TXS04,30.27982,-98.84109,2024-11-21,na,6288.0,4669.0,0.0,20.7999992,1.01
TXS04,30.27982,-98.84109,2024-11-22,na,6288.0,4669.0,0.0,23.1100006,2.21
TXS04,30.27982,-98.84109,2024-11-23,na,6288.0,4669.0,0.0,23.2999992,3.54
TXS04,30.27982,-98.84109,2024-11-24,na,6288.0,4669.0,0.0,25.2600002,10.0699997
TXS04,30.27982,-98.84109,2024-11-25,na,6288.0,4669.0,0.0,25.6700001,8.2200003
TXS04,30.27982,-98.84109,2024-11-26,na,6288.0,4669.0,0.0,20.1599998,3.6900001
TXS04,30.27982,-98.84109,2024-11-27,na,6288.0,4669.0,0.0,26.1200008,8.7399998
TXS04,30.27982,-98.84109,2024-11-28,na,6288.0,4669.0,0.0,15.3599997,5.5900002
TXS04,30.27982,-98.84109,2024-11-29,na,6288.0,4669.0,0.0,13.9399996,1.95
TXS04,30.27982,-98.84109,2024-11-30,na,6288.0,4669.0,0.0,18.7600002,0.84
TXS04,30.27982,-98.84109,2024-12-01,na,6288.0,4669.0,0.0,19.5900002,1.4400001
TXS04,30.27982,-98.84109,2024-12-02,na,6288.0,4669.0,0.0,18.7000008,3.3
TXS04,30.27982,-98.84109,2024-12-03,na,6288.0,4669.0,1.45,16.3199997,5.73
TXS04,30.27982,-98.84109,2024-12-04,na,6288.0,4669.0,1.04,15.3199997,7.4699998
TXS04,30.27982,-98.84109,2024-12-05,na,6288.0,4669.0,0.0,13.3199997,8.8199997
TXS04,30.27982,-98.84109,2024-12-06,na,6288.0,4669.0,1.51,9.3000002,5.3299999
TXS04,30.27982,-98.84109,2024-12-07,na,6288.0,4669.0,3.4200001,8.1999998,4.6700001
TXS04,30.27982,-98.84109,2024-12-08,na,6288.0,4669.0,0.0,15.5699997,5.1100001
TXS04,30.27982,-98.84109,2024-12-09,na,6288.0,4669.0,0.0,23.2000008,5.6100001
TXS04,30.27982,-98.84109,2024-12-10,na,6288.0,4669.0,0.0,16.5499992,3.8699999
TXS04,30.27982,-98.84109,2024-12-11,na,6288.0,4669.0,0.0,16.1700001,-2.3499999
TXS04,30.27982,-98.84109,2024-12-12,na,6288.0,4669.0,0.0,16.7299995,-1.39
TXS04,30.27982,-98.84109,2024-12-13,na,6288.0,4669.0,0.41,18.9799995,5.5999999
TXS04,30.27982,-98.84109,2024-12-14,na,6288.0,4669.0,0.0,23.9599991,14.6599998
TXS04,30.27982,-98.84109,2024-12-15,na,6288.0,4669.0,0.0,23.9300003,17.1700001
TXS04,30.27982,-98.84109,2024-12-16,na,6288.0,4669.0,1.12,22.9200001,16.7900009
TXS04,30.27982,-98.84109,2024-12-17,na,6288.0,4669.0,0.0,23.0799999,15.4399996
TXS04,30.27982,-98.84109,2024-12-18,na,6288.0,4669.0,0.0,19.6700001,10.4399996
TXS04,30.27982,-98.84109,2024-12-19,na,6288.0,4669.0,0.0,20.4400005,1.01
TXS04,30.27982,-98.84109,2024-12-20,na,6288.0,4669.0,0.0,18.4799995,2.9000001
TXS04,30.27982,-98.84109,2024-12-21,na,6288.0,4669.0,0.0,18.6599998,0.48
TXS04,30.27982,-98.84109,2024-12-22,na,6288.0,4669.0,0.0,18.8299999,3.3800001
TXS04,30.27982,-98.84109,2024-12-23,na,6288.0,4669.0,0.0,21.3600006,9.3500004
TXS04,30.27982,-98.84109,2024-12-24,na,6288.0,4669.0,0.0,19.8500004,12.46
TXS04,30.27982,-98.84109,2024-12-25,na,6288.0,4669.0,0.0,17.2800007,10.3999996
TXS04,30.27982,-98.84109,2024-12-26,na,6288.0,4669.0,0.0,23.9099998,7.7800002
TXS04,30.27982,-98.84109,2024-12-27,na,6288.0,4669.0,0.0,25.8400002,3.96
TXS04,30.27982,-98.84109,2024-12-28,na,6288.0,4669.0,0.0,24.7000008,7.5
TXS04,30.27982,-98.84109,2024-12-29,na,6288.0,4669.0,0.0,27.1200008,4.6799998
TXS04,30.27982,-98.84109,2024-12-30,na,6288.0,4669.0,0.0,29.3199997,5.6900001
TXS04,30.27982,-98.84109,2025-01-01,na,6288.0,4669.0,0.0,15.2200003,1.63
TXS04,30.27982,-98.84109,2025-01-02,na,6288.0,4669.0,0.0,17.7099991,1.12
TXS04,30.27982,-98.84109,2025-01-03,na,6288.0,4669.0,0.0,17.75,6.3400002
TXS04,30.27982,-98.84109,2025-01-04,na,6288.0,4669.0,0.0,20.6100006,10.0799999
TXS04,30.27982,-98.84109,2025-01-05,na,6288.0,4669.0,0.0,18.8999996,7.0900002
TXS04,30.27982,-98.84109,2025-01-06,na,6288.0,4669.0,0.0,6.9200001,-5.1700001
TXS04,30.27982,-98.84109,2025-01-07,na,6288.0,4669.0,0.0,7.71,-5.3899999
TXS04,30.27982,-98.84109,2025-01-08,na,6288.0,4669.0,0.0,3.96,-3.6500001
TXS04,30.27982,-98.84109,2025-01-09,na,6288.0,4669.0,29.7000008,2.5799999,-1.77
TXS04,30.27982,-98.84109,2025-01-10,na,6288.0,4669.0,0.0,6.02,-1.45
TXS04,30.27982,-98.84109,2025-01-11,na,6288.0,4669.0,0.0,12.5900002,-5.9400001
TXS04,30.27982,-98.84109,2025-01-12,na,6288.0,4669.0,0.0,13.3000002,-2.8800001
TXS04,30.27982,-98.84109,2025-01-13,na,6288.0,4669.0,0.0,12.04,-1.9
TXS04,30.27982,-98.84109,2025-01-14,na,6288.0,4669.0,0.0,12.2700005,-3.03
TXS04,30.27982,-98.84109,2025-01-15,na,6288.0,4669.0,0.0,15.6199999,0.47
TXS04,30.27982,-98.84109,2025-01-16,na,6288.0,4669.0,0.0,16.9200001,-1.26
TXS04,30.27982,-98.84109,2025-01-17,na,6288.0,4669.0,0.0,17.1800003,4.3800001
TXS04,30.27982,-98.84109,2025-01-18,na,6288.0,4669.0,0.0,14.6999998,3.24
TXS04,30.27982,-98.84109,2025-01-19,na,6288.0,4669.0,0.0,5.6500001,-5.7600002
TXS04,30.27982,-98.84109,2025-01-20,na,6288.0,4669.0,1.52,-0.71,-8.3400002
TXS04,30.27982,-98.84109,2025-01-21,na,6288.0,4669.0,0.0,2.1600001,-7.4899998
TXS04,30.27982,-98.84109,2025-01-22,na,6288.0,4669.0,0.0,11.6800003,-7.1399999
TXS04,30.27982,-98.84109,2025-01-23,na,6288.0,4669.0,0.0,10.79,-4.54
TXS04,30.27982,-98.84109,2025-01-24,na,6288.0,4669.0,0.0,12.79,-7.4299998
TXS04,30.27982,-98.84109,2025-01-25,na,6288.0,4669.0,0.94,15.5,-1.96
TXS04,30.27982,-98.84109,2025-01-26,na,6288.0,4669.0,0.0,12.8100004,5.25
TXS04,30.27982,-98.84109,2025-01-27,na,6288.0,4669.0,0.0,9.3100004,5.5300002
TXS04,30.27982,-98.84109,2025-01-28,na,6288.0,4669.0,0.66,11.5600004,6.1500001
TXS04,30.27982,-98.84109,2025-01-29,na,6288.0,4669.0,9.1599998,17.6499996,8.5500002
TXS04,30.27982,-98.84109,2025-01-30,na,6288.0,4669.0,0.0,18.6000004,8.4399996
TXS04,30.27982,-98.84109,2025-01-31,na,6288.0,4669.0,0.0,20.2600002,4.2800002
TXS04,30.27982,-98.84109,2025-02-01,na,6288.0,4669.0,0.0,23.2000008,0.76
TXS04,30.27982,-98.84109,2025-02-02,na,6288.0,4669.0,0.0,26.7099991,3.71
TXS04,30.27982,-98.84109,2025-02-03,na,6288.0,4669.0,0.0,27.8799992,9.4700003
TXS04,30.27982,-98.84109,2025-02-04,na,6288.0,4669.0,0.0,26.0100002,13.3900003
TXS04,30.27982,-98.84109,2025-02-05,na,6288.0,4669.0,0.0,22.7600002,16.2099991
TXS04,30.27982,-98.84109,2025-02-06,na,6288.0,4669.0,0.0,26.6499996,15.1499996
TXS04,30.27982,-98.84109,2025-02-07,na,6288.0,4669.0,0.0,26.2900009,15.9200001
TXS04,30.27982,-98.84109,2025-02-08,na,6288.0,4669.0,0.0,28.25,16.9799995
TXS04,30.27982,-98.84109,2025-02-09,na,6288.0,4669.0,0.0,18.1299992,9.6899996
TXS04,30.27982,-98.84109,2025-02-10,na,6288.0,4669.0,1.38,10.0799999,5.5300002
TXS04,30.27982,-98.84109,2025-02-11,na,6288.0,4669.0,3.04,14.8500004,6.04
TXS04,30.27982,-98.84109,2025-02-12,na,6288.0,4669.0,0.0,13.6499996,4.9200001
TXS04,30.27982,-98.84109,2025-02-13,na,6288.0,4669.0,0.0,8.0799999,-2.1199999
TXS04,30.27982,-98.84109,2025-02-14,na,6288.0,4669.0,0.0,12.46,-1.71
TXS04,30.27982,-98.84109,2025-02-15,na,6288.0,4669.0,0.0,24.6399994,4.7399998
TXS04,30.27982,-98.84109,2025-02-16,na,6288.0,4669.0,0.0,11.6400003,-0.72
TXS04,30.27982,-98.84109,2025-02-17,na,6288.0,4669.0,0.0,16.3500004,-2.3599999
TXS04,30.27982,-98.84109,2025-02-18,na,6288.0,4669.0,0.0,18.25,-3.0
TXS04,30.27982,-98.84109,2025-02-19,na,6288.0,4669.0,0.0,2.5899999,-10.1599998
TXS04,30.27982,-98.84109,2025-02-20,na,6288.0,4669.0,0.0,0.16,-10.8699999
TXS04,30.27982,-98.84109,2025-02-21,na,6288.0,4669.0,0.0,1.62,-7.04
TXS04,30.27982,-98.84109,2025-02-22,na,6288.0,4669.0,0.0,8.0699997,-3.5699999
TXS04,30.27982,-98.84109,2025-02-23,na,6288.0,4669.0,0.0,21.7999992,-0.01
TXS04,30.27982,-98.84109,2025-02-24,na,6288.0,4669.0,0.0,25.2299995,1.5
TXS04,30.27982,-98.84109,2025-02-25,na,6288.0,4669.0,0.0,26.7199993,4.1799998
TXS04,30.27982,-98.84109,2025-02-26,na,6288.0,4669.0,0.0,27.3700008,7.5999999
TXS04,30.27982,-98.84109,2025-02-27,na,6288.0,4669.0,0.0,19.8400002,10.0
TXS04,30.27982,-98.84109,2025-02-28,na,6288.0,4669.0,0.0,23.5200005,4.7199998
TXS04,30.27982,-98.84109,2025-03-01,na,6288.0,4669.0,0.0,26.9899998,5.6799998
TXS04,30.27982,-98.84109,2025-03-02,na,6288.0,4669.0,0.0,26.1299992,11.1199999
TXS04,30.27982,-98.84109,2025-03-03,na,6288.0,4669.0,1.6900001,23.1299992,15.8900003
TXS04,30.27982,-98.84109,2025-03-04,na,6288.0,4669.0,0.0,21.1200008,10.1999998
TXS04,30.27982,-98.84109,2025-03-05,na,6288.0,4669.0,0.0,20.3899994,7.3400002
TXS04,30.27982,-98.84109,2025-03-06,na,6288.0,4669.0,0.0,22.8600006,5.5700002
TXS04,30.27982,-98.84109,2025-03-07,na,6288.0,4669.0,2.03,28.5699997,11.0900002
TXS04,30.27982,-98.84109,2025-03-08,na,6288.0,4669.0,0.0,25.1599998,10.2399998
TXS04,30.27982,-98.84109,2025-03-09,na,6288.0,4669.0,0.0,17.5400009,3.3499999
TXS04,30.27982,-98.84109,2025-03-10,na,6288.0,4669.0,0.0,23.7900009,-0.0
TXS04,30.27982,-98.84109,2025-03-11,na,6288.0,4669.0,0.0,27.3600006,4.46
TXS04,30.27982,-98.84109,2025-03-12,na,6288.0,4669.0,0.0,31.2600002,9.7299995
TXS04,30.27982,-98.84109,2025-03-13,na,6288.0,4669.0,0.0,31.5499992,9.6899996
TXS04,30.27982,-98.84109,2025-03-14,na,6288.0,4669.0,0.0,32.4599991,13.1899996
TXS04,30.27982,-98.84109,2025-03-15,na,6288.0,4669.0,0.0,24.0699997,12.2799997
TXS04,30.27982,-98.84109,2025-03-16,na,6288.0,4669.0,0.0,24.0699997,3.9000001
TXS04,30.27982,-98.84109,2025-03-17,na,6288.0,4669.0,0.0,27.0499992,2.21
TXS04,30.27982,-98.84109,2025-03-18,na,6288.0,4669.0,0.0,28.25,9.5500002
TXS04,30.27982,-98.84109,2025-03-19,na,6288.0,4669.0,0.0,23.2600002,10.8400002
TXS04,30.27982,-98.84109,2025-03-20,na,6288.0,4669.0,0.0,20.5599995,0.33
TXS04,30.27982,-98.84109,2025-03-21,na,6288.0,4669.0,0.0,23.6100006,2.73
TXS04,30.27982,-98.84109,2025-03-22,na,6288.0,4669.0,0.0,27.2099991,7.4299998
TXS04,30.27982,-98.84109,2025-03-23,na,6288.0,4669.0,1.98,29.5300007,13.6400003
TXS04,30.27982,-98.84109,2025-03-24,na,6288.0,4669.0,0.0,29.25,10.3400002
TXS04,30.27982,-98.84109,2025-03-25,na,6288.0,4669.0,0.0,30.3400002,12.3199997
TXS04,30.27982,-98.84109,2025-03-26,na,6288.0,4669.0,14.9399996,27.8199997,15.1700001
TXS04,30.27982,-98.84109,2025-03-27,na,6288.0,4669.0,21.8700008,20.2700005,15.0600004
TXS04,30.27982,-98.84109,2025-03-28,na,6288.0,4669.0,0.0,22.5599995,14.21
TXS04,30.27982,-98.84109,2025-03-29,na,6288.0,4669.0,0.0,28.9799995,16.2299995
TXS04,30.27982,-98.84109,2025-03-30,na,6288.0,4669.0,0.0,29.9899998,17.8700008
TXS04,30.27982,-98.84109,2025-03-31,na,6288.0,4669.0,0.0,27.4200001,16.7299995
TXS04,30.27982,-98.84109,2025-04-01,na,6288.0,4669.0,0.0,28.5100002,15.9899998
TXS04,30.27982,-98.84109,2025-04-02,na,6288.0,4669.0,0.0,29.0499992,18.7600002
TXS04,30.27982,-98.84109,2025-04-03,na,6288.0,4669.0,0.0,30.2700005,19.4899998
TXS04,30.27982,-98.84109,2025-04-04,na,6288.0,4669.0,30.3600006,25.6299992,14.8699999
TXS04,30.27982,-98.84109,2025-04-05,na,6288.0,4669.0,0.0,16.1900005,9.0100002
TXS04,30.27982,-98.84109,2025-04-06,na,6288.0,4669.0,0.0,13.3500004,3.8499999
TXS04,30.27982,-98.84109,2025-04-07,na,6288.0,4669.0,0.0,19.7099991,0.82
TXS04,30.27982,-98.84109,2025-04-08,na,6288.0,4669.0,0.0,24.5300007,2.51
TXS04,30.27982,-98.84109,2025-04-09,na,6288.0,4669.0,0.0,28.1499996,9.1099997
TXS04,30.27982,-98.84109,2025-04-10,na,6288.0,4669.0,0.0,31.8799992,10.9099998
TXS04,30.27982,-98.84109,2025-04-11,na,6288.0,4669.0,0.0,30.3199997,12.3999996
TXS04,30.27982,-98.84109,2025-04-12,na,6288.0,4669.0,0.0,30.3400002,13.4399996
TXS04,30.27982,-98.84109,2025-04-13,na,6288.0,4669.0,0.0,31.5599995,15.1899996
TXS04,30.27982,-98.84109,2025-04-14,na,6288.0,4669.0,0.0,32.0200005,15.1000004
TXS04,30.27982,-98.84109,2025-04-15,na,6288.0,4669.0,0.0,27.2299995,15.8999996
TXS04,30.27982,-98.84109,2025-04-16,na,6288.0,4669.0,0.0,26.2099991,15.1099997
TXS04,30.27982,-98.84109,2025-04-17,na,6288.0,4669.0,0.0,28.4799995,16.5599995
TXS04,30.27982,-98.84109,2025-04-18,na,6288.0,4669.0,0.0,29.9500008,17.8999996
TXS04,30.27982,-98.84109,2025-04-19,na,6288.0,4669.0,16.6700001,26.2900009,18.9200001
TXS04,30.27982,-98.84109,2025-04-20,na,6288.0,4669.0,0.0,25.2600002,13.1999998
TXS04,30.27982,-98.84109,2025-04-21,na,6288.0,4669.0,0.0,28.3400002,8.8599997
TXS04,30.27982,-98.84109,2025-04-22,na,6288.0,4669.0,21.0300007,27.6299992,13.1300001
TXS04,30.27982,-98.84109,2025-04-23,na,6288.0,4669.0,0.0,26.0799999,15.1300001
TXS04,30.27982,-98.84109,2025-04-24,na,6288.0,4669.0,0.0,27.4500008,17.1800003
TXS04,30.27982,-98.84109,2025-04-25,na,6288.0,4669.0,0.0,27.7900009,18.2600002
TXS04,30.27982,-98.84109,2025-04-26,na,6288.0,4669.0,0.0,26.8700008,18.1900005
TXS04,30.27982,-98.84109,2025-04-27,na,6288.0,4669.0,0.0,27.7800007,18.3899994
TXS04,30.27982,-98.84109,2025-04-28,na,6288.0,4669.0,0.0,28.1700001,19.5100002
TXS04,30.27982,-98.84109,2025-04-29,na,6288.0,4669.0,0.0,28.8700008,20.0499992
TXS04,30.27982,-98.84109,2025-04-30,na,6288.0,4669.0,0.0,30.7800007,20.2299995
TXS04,30.27982,-98.84109,2025-05-01,na,6288.0,4669.0,0.0,30.9099998,19.1900005
TXS04,30.27982,-98.84109,2025-05-02,na,6288.0,4669.0,33.1899986,26.3299999,16.5300007
TXS04,30.27982,-98.84109,2025-05-03,na,6288.0,4669.0,0.0,25.5300007,13.5100002
TXS04,30.27982,-98.84109,2025-05-04,na,6288.0,4669.0,0.0,26.6000004,10.6999998
TXS04,30.27982,-98.84109,2025-05-05,na,6288.0,4669.0,15.1400003,21.7099991,13.1800003
TXS04,30.27982,-98.84109,2025-05-06,na,6288.0,4669.0,2.7,28.6100006,15.8500004
TXS04,30.27982,-98.84109,2025-05-07,na,6288.0,4669.0,0.0,28.0900002,14.0699997
TXS04,30.27982,-98.84109,2025-05-08,na,6288.0,4669.0,0.67,26.25,14.7200003
TXS04,30.27982,-98.84109,2025-05-09,na,6288.0,4669.0,0.0,25.9899998,14.0299997
TXS04,30.27982,-98.84109,2025-05-10,na,6288.0,4669.0,0.0,25.9699993,13.8900003
TXS04,30.27982,-98.84109,2025-05-11,na,6288.0,4669.0,0.0,27.0599995,11.5500002
TXS04,30.27982,-98.84109,2025-05-12,na,6288.0,4669.0,0.0,31.6900005,8.4399996
TXS04,30.27982,-98.84109,2025-05-13,na,6288.0,4669.0,0.0,36.8100014,13.9499998
TXS04,30.27982,-98.84109,2025-05-14,na,6288.0,4669.0,0.0,37.1399994,18.1499996
TXS04,30.27982,-98.84109,2025-05-15,na,6288.0,4669.0,0.0,36.4399986,20.2099991
TXS04,30.27982,-98.84109,2025-05-16,na,6288.0,4669.0,0.0,35.4900017,22.4300003
TXS04,30.27982,-98.84109,2025-05-17,na,6288.0,4669.0,0.0,34.7200012,23.3099995
TXS04,30.27982,-98.84109,2025-05-18,na,6288.0,4669.0,0.0,32.7000008,22.9799995
TXS04,30.27982,-98.84109,2025-05-19,na,6288.0,4669.0,0.0,30.2299995,23.0900002
TXS04,30.27982,-98.84109,2025-05-20,na,6288.0,4669.0,0.0,32.2200012,20.6299992
TXS04,30.27982,-98.84109,2025-05-21,na,6288.0,4669.0,0.0,33.5699997,18.4300003
TXS04,30.27982,-98.84109,2025-05-22,na,6288.0,4669.0,21.9099998,34.8600006,19.7600002
TXS04,30.27982,-98.84109,2025-05-23,na,6288.0,4669.0,0.0,34.1100006,18.8400002
TXS04,30.27982,-98.84109,2025-05-24,na,6288.0,4669.0,0.0,33.7999992,21.0900002
TXS04,30.27982,-98.84109,2025-05-25,na,6288.0,4669.0,0.0,33.6300011,22.2999992
TXS04,30.27982,-98.84109,2025-05-26,na,6288.0,4669.0,29.6700001,31.2900009,20.4200001
TXS04,30.27982,-98.84109,2025-05-27,na,6288.0,4669.0,1.1,31.6599998,16.9899998
TXS04,30.27982,-98.84109,2025-05-28,na,6288.0,4669.0,0.0,30.1000004,17.8700008
TXS04,30.27982,-98.84109,2025-05-29,na,6288.0,4669.0,19.1900005,30.0400009,18.8500004
TXS04,30.27982,-98.84109,2025-05-30,na,6288.0,4669.0,0.0,27.0799999,17.8799992
TXS04,30.27982,-98.84109,2025-05-31,na,6288.0,4669.0,0.0,29.0300007,18.25
TXS04,30.27982,-98.84109,2025-06-01,na,6288.0,4669.0,0.0,32.5600014,19.6499996
TXS04,30.27982,-98.84109,2025-06-02,na,6288.0,4669.0,0.0,32.3699989,21.0900002
TXS04,30.27982,-98.84109,2025-06-03,na,6288.0,4669.0,26.2099991,31.0300007,22.3199997
TXS04,30.27982,-98.84109,2025-06-04,na,6288.0,4669.0,0.0,29.0200005,19.5100002
TXS04,30.27982,-98.84109,2025-06-05,na,6288.0,4669.0,0.0,31.2099991,20.7099991
TXS04,30.27982,-98.84109,2025-06-06,na,6288.0,4669.0,0.0,32.2700005,22.4300003
TXS04,30.27982,-98.84109,2025-06-07,na,6288.0,4669.0,0.0,32.8100014,22.6900005
TXS04,30.27982,-98.84109,2025-06-08,na,6288.0,4669.0,0.0,33.3100014,22.1700001
TXS04,30.27982,-98.84109,2025-06-09,na,6288.0,4669.0,0.0,31.5699997,20.8600006
TXS04,30.27982,-98.84109,2025-06-10,na,6288.0,4669.0,59.4099998,33.2400017,19.2700005
TXS04,30.27982,-98.84109,2025-06-11,na,6288.0,4669.0,9.7399998,30.2000008,17.7900009
TXS04,30.27982,-98.84109,2025-06-12,na,6288.0,4669.0,0.0,29.0200005,18.7399998
TXS04,30.27982,-98.84109,2025-06-13,na,6288.0,4669.0,0.0,31.2600002,18.9599991
TXS04,30.27982,-98.84109,2025-06-14,na,6288.0,4669.0,0.0,32.5499992,21.7900009
TXS04,30.27982,-98.84109,2025-06-15,na,6288.0,4669.0,3.3099999,32.1800003,21.3799992
TXS04,30.27982,-98.84109,2025-06-16,na,6288.0,4669.0,0.0,32.2599983,19.6299992
TXS04,30.27982,-98.84109,2025-06-17,na,6288.0,4669.0,0.0,32.6199989,20.2700005
TXS04,30.27982,-98.84109,2025-06-18,na,6288.0,4669.0,0.0,32.0200005,22.0200005
TXS04,30.27982,-98.84109,2025-06-19,na,6288.0,4669.0,0.0,32.9000015,22.2800007
TXS04,30.27982,-98.84109,2025-06-20,na,6288.0,4669.0,0.0,32.8600006,22.5400009
TXS04,30.27982,-98.84109,2025-06-21,na,6288.0,4669.0,4.5100002,31.3099995,22.4300003
TXS04,30.27982,-98.84109,2025-06-22,na,6288.0,4669.0,0.0,31.7800007,22.3999996
TXS04,30.27982,-98.84109,2025-06-23,na,6288.0,4669.0,0.0,32.7799988,22.5900002
TXS04,30.27982,-98.84109,2025-06-24,na,6288.0,4669.0,0.0,32.7099991,21.7900009
TXS04,30.27982,-98.84109,2025-06-25,na,6288.0,4669.0,0.0,33.1899986,21.4099998
TXS04,30.27982,-98.84109,2025-06-26,na,6288.0,4669.0,0.0,32.6899986,21.3999996
TXS04,30.27982,-98.84109,2025-06-27,na,6288.0,4669.0,0.0,32.9099998,21.5300007
TXS04,30.27982,-98.84109,2025-06-28,na,6288.0,4669.0,0.0,33.2000008,21.7900009
TXS04,30.27982,-98.84109,2025-06-29,na,6288.0,4669.0,0.0,33.7299995,21.6200008
TXS04,30.27982,-98.84109,2025-06-30,na,6288.0,4669.0,4.4200001,32.4500008,21.7000008
TXS04,30.27982,-98.84109,2025-07-01,na,6288.0,4669.0,0.0,31.8899994,20.8199997
TXS04,30.27982,-98.84109,2025-07-02,na,6288.0,4669.0,6.3699999,30.4699993,21.8099995
TXS04,30.27982,-98.84109,2025-07-03,na,6288.0,4669.0,82.1200027,30.2700005,22.1700001
TXS04,30.27982,-98.84109,2025-07-04,na,6288.0,4669.0,75.7900009,24.8199997,21.0900002
TXS04,30.27982,-98.84109,2025-07-05,na,6288.0,4669.0,3.47,26.3799992,21.3899994
TXS04,30.27982,-98.84109,2025-07-06,na,6288.0,4669.0,11.6700001,27.8700008,21.9200001
TXS04,30.27982,-98.84109,2025-07-07,na,6288.0,4669.0,0.56,29.9599991,22.3500004
TXS04,30.27982,-98.84109,2025-07-08,na,6288.0,4669.0,0.0,31.7999992,22.1299992
TXS04,30.27982,-98.84109,2025-07-09,na,6288.0,4669.0,2.76,31.7099991,21.5300007
TXS04,30.27982,-98.84109,2025-07-10,na,6288.0,4669.0,0.0,31.7900009,20.9400005
TXS04,30.27982,-98.84109,2025-07-11,na,6288.0,4669.0,0.0,31.3899994,21.6499996
TXS04,30.27982,-98.84109,2025-07-12,na,6288.0,4669.0,0.0,31.9699993,22.3700008
TXS04,30.27982,-98.84109,2025-07-13,na,6288.0,4669.0,31.4699993,29.3299999,19.7800007
TXS04,30.27982,-98.84109,2025-07-14,na,6288.0,4669.0,1.9299999,28.5100002,20.1900005
TXS04,30.27982,-98.84109,2025-07-15,na,6288.0,4669.0,1.21,30.25,21.6700001
TXS04,30.27982,-98.84109,2025-07-16,na,6288.0,4669.0,0.0,31.7999992,22.2399998
TXS04,30.27982,-98.84109,2025-07-17,na,6288.0,4669.0,0.0,32.4300003,21.4099998
TXS04,30.27982,-98.84109,2025-07-18,na,6288.0,4669.0,0.0,32.2099991,20.1399994
TXS04,30.27982,-98.84109,2025-07-19,na,6288.0,4669.0,0.0,32.0600014,22.0400009
TXS04,30.27982,-98.84109,2025-07-20,na,6288.0,4669.0,0.0,30.6900005,22.9799995
TXS04,30.27982,-98.84109,2025-07-21,na,6288.0,4669.0,1.09,31.4099998,22.9500008
TXS04,30.27982,-98.84109,2025-07-22,na,6288.0,4669.0,0.0,32.2700005,22.5300007
TXS04,30.27982,-98.84109,2025-07-23,na,6288.0,4669.0,0.0,33.2700005,21.9300003
TXS04,30.27982,-98.84109,2025-07-24,na,6288.0,4669.0,0.0,34.2400017,22.0
TXS04,30.27982,-98.84109,2025-07-25,na,6288.0,4669.0,0.0,34.3499985,20.6599998
TXS04,30.27982,-98.84109,2025-07-26,na,6288.0,4669.0,0.0,33.3300018,21.8999996
TXS04,30.27982,-98.84109,2025-07-27,na,6288.0,4669.0,1.96,32.3800011,22.8500004
TXS04,30.27982,-98.84109,2025-07-28,na,6288.0,4669.0,0.0,33.0099983,22.1599998
TXS04,30.27982,-98.84109,2025-07-29,na,6288.0,4669.0,0.0,34.3100014,20.3899994
TXS04,30.27982,-98.84109,2025-07-30,na,6288.0,4669.0,0.0,35.0299988,16.5300007
TXS04,30.27982,-98.84109,2025-07-31,na,6288.0,4669.0,0.0,36.1800003,18.2700005
TXS04,30.27982,-98.84109,2025-08-01,na,6288.0,4669.0,0.0,35.9399986,21.0400009
TXS04,30.27982,-98.84109,2025-08-02,na,6288.0,4669.0,3.0899999,34.1500015,21.3600006
TXS04,30.27982,-98.84109,2025-08-03,na,6288.0,4669.0,0.0,34.6599998,18.8700008
TXS04,30.27982,-98.84109,2025-08-04,na,6288.0,4669.0,0.0,32.9199982,20.6100006
TXS04,30.27982,-98.84109,2025-08-05,na,6288.0,4669.0,0.0,33.7599983,18.7099991
TXS04,30.27982,-98.84109,2025-08-06,na,6288.0,4669.0,0.0,33.9799995,20.0400009
TXS04,30.27982,-98.84109,2025-08-07,na,6288.0,4669.0,0.0,34.4199982,21.3199997
TXS04,30.27982,-98.84109,2025-08-08,na,6288.0,4669.0,0.0,34.9000015,21.6499996
TXS04,30.27982,-98.84109,2025-08-09,na,6288.0,4669.0,0.0,35.2700005,21.5400009
TXS04,30.27982,-98.84109,2025-08-10,na,6288.0,4669.0,0.0,34.8600006,21.4599991
TXS04,30.27982,-98.84109,2025-08-11,na,6288.0,4669.0,0.0,34.6300011,21.2900009
TXS04,30.27982,-98.84109,2025-08-12,na,6288.0,4669.0,0.0,34.6599998,22.0900002
TXS04,30.27982,-98.84109,2025-08-13,na,6288.0,4669.0,3.99,34.9099998,20.6200008
TXS04,30.27982,-98.84109,2025-08-14,na,6288.0,4669.0,0.0,35.6800003,21.3199997
TXS04,30.27982,-98.84109,2025-08-15,na,6288.0,4669.0,0.0,34.7400017,22.6200008
TXS04,30.27982,-98.84109,2025-08-16,na,6288.0,4669.0,7.5500002,32.5800018,22.1000004
TXS04,30.27982,-98.84109,2025-08-17,na,6288.0,4669.0,0.0,34.4099998,22.2000008
TXS04,30.27982,-98.84109,2025-08-18,na,6288.0,4669.0,0.0,35.8199997,21.4599991
TXS04,30.27982,-98.84109,2025-08-19,na,6288.0,4669.0,12.6599998,34.5699997,21.2700005
TXS04,30.27982,-98.84109,2025-08-20,na,6288.0,4669.0,0.0,34.1500015,19.2099991
TXS04,30.27982,-98.84109,2025-08-21,na,6288.0,4669.0,0.0,32.4500008,20.2900009
TXS04,30.27982,-98.84109,2025-08-22,na,6288.0,4669.0,0.0,33.2200012,19.0499992
TXS04,30.27982,-98.84109,2025-08-23,na,6288.0,4669.0,0.0,33.0400009,19.6900005
TXS04,30.27982,-98.84109,2025-08-24,na,6288.0,4669.0,0.0,33.9599991,18.6499996
TXS04,30.27982,-98.84109,2025-08-25,na,6288.0,4669.0,0.0,33.9099998,19.3999996
TXS04,30.27982,-98.84109,2025-08-26,na,6288.0,4669.0,0.0,33.6800003,19.0799999
TXS04,30.27982,-98.84109,2025-08-27,na,6288.0,4669.0,1.63,33.8600006,20.9799995
TXS04,30.27982,-98.84109,2025-08-28,na,6288.0,4669.0,0.0,35.4399986,22.75
TXS04,30.27982,-98.84109,2025-08-29,na,6288.0,4669.0,0.0,36.4199982,23.1299992
TXS04,30.27982,-98.84109,2025-08-30,na,6288.0,4669.0,0.0,34.9000015,22.4799995
TXS04,30.27982,-98.84109,2025-08-31,na,6288.0,4669.0,48.5200005,32.8899994,21.3600006
TXS04,30.27982,-98.84109,2025-09-01,na,6288.0,4669.0,0.0,31.5400009,20.4099998
TXS04,30.27982,-98.84109,2025-09-02,na,6288.0,4669.0,0.0,32.4199982,18.4899998
TXS04,30.27982,-98.84109,2025-09-03,na,6288.0,4669.0,0.0,33.2000008,18.7900009
TXS04,30.27982,-98.84109,2025-09-04,na,6288.0,4669.0,0.0,35.4799995,15.7600002
TXS04,30.27982,-98.84109,2025-09-05,na,6288.0,4669.0,0.0,35.4500008,19.4699993
TXS04,30.27982,-98.84109,2025-09-06,na,6288.0,4669.0,29.6900005,29.7700005,20.8799992
TXS04,30.27982,-98.84109,2025-09-07,na,6288.0,4669.0,17.7999992,24.5200005,20.0499992
TXS04,30.27982,-98.84109,2025-09-08,na,6288.0,4669.0,0.0,27.1700001,18.2099991
TXS04,30.27982,-98.84109,2025-09-09,na,6288.0,4669.0,0.0,29.8400002,14.7399998
TXS04,30.27982,-98.84109,2025-09-10,na,6288.0,4669.0,0.0,31.2999992,15.4799995
TXS04,30.27982,-98.84109,2025-09-11,na,6288.0,4669.0,0.0,31.7700005,15.5500002
TXS04,30.27982,-98.84109,2025-09-12,na,6288.0,4669.0,0.0,32.0299988,18.1499996
TXS04,30.27982,-98.84109,2025-09-13,na,6288.0,4669.0,0.0,31.3600006,18.2099991
TXS04,30.27982,-98.84109,2025-09-14,na,6288.0,4669.0,0.0,31.4500008,18.7800007
TXS04,30.27982,-98.84109,2025-09-15,na,6288.0,4669.0,0.0,31.5499992,18.7199993
TXS04,30.27982,-98.84109,2025-09-16,na,6288.0,4669.0,0.0,31.3600006,17.8500004
TXS04,30.27982,-98.84109,2025-09-17,na,6288.0,4669.0,0.0,31.7399998,16.6499996
TXS04,30.27982,-98.84109,2025-09-18,na,6288.0,4669.0,0.0,31.7600002,17.5200005
TXS04,30.27982,-98.84109,2025-09-19,na,6288.0,4669.0,0.0,32.4199982,18.0300007
TXS04,30.27982,-98.84109,2025-09-20,na,6288.0,4669.0,0.0,32.7700005,17.5900002
TXS04,30.27982,-98.84109,2025-09-21,na,6288.0,4669.0,0.0,33.0,20.5400009
TXS04,30.27982,-98.84109,2025-09-22,na,6288.0,4669.0,0.0,33.8100014,21.4599991
TXS04,30.27982,-98.84109,2025-09-23,na,6288.0,4669.0,0.0,34.4199982,22.2700005
TXS04,30.27982,-98.84109,2025-09-24,na,6288.0,4669.0,0.47,28.7199993,21.2999992
TXS04,30.27982,-98.84109,2025-09-25,na,6288.0,4669.0,0.0,29.3299999,17.8500004
TXS04,30.27982,-98.84109,2025-09-26,na,6288.0,4669.0,0.0,30.7099991,13.25
TXS04,30.27982,-98.84109,2025-09-27,na,6288.0,4669.0,0.0,31.75,12.6599998
TXS04,30.27982,-98.84109,2025-09-28,na,6288.0,4669.0,0.0,31.0900002,12.9399996
TXS04,30.27982,-98.84109,2025-09-29,na,6288.0,4669.0,0.0,29.7299995,13.8900003
TXS04,30.27982,-98.84109,2025-09-30,na,6288.0,4669.0,0.0,31.7299995,14.0600004
TXS04,30.27982,-98.84109,2025-10-01,na,6288.0,4669.0,0.0,33.0099983,14.1700001
TXS04,30.27982,-98.84109,2025-10-02,na,6288.0,4669.0,0.0,33.3600006,15.0500002
TXS04,30.27982,-98.84109,2025-10-03,na,6288.0,4669.0,0.0,32.8300018,15.4099998
TXS04,30.27982,-98.84109,2025-10-04,na,6288.0,4669.0,0.0,30.7900009,16.1200008
TXS04,30.27982,-98.84109,2025-10-05,na,6288.0,4669.0,0.0,30.8099995,15.96
TXS04,30.27982,-98.84109,2025-10-06,na,6288.0,4669.0,0.0,31.6200008,16.3500004
TXS04,30.27982,-98.84109,2025-10-07,na,6288.0,4669.0,0.0,31.6499996,17.0900002
TXS04,30.27982,-98.84109,2025-10-08,na,6288.0,4669.0,0.0,31.2000008,17.6399994
TXS04,30.27982,-98.84109,2025-10-09,na,6288.0,4669.0,0.0,31.0300007,17.3199997
TXS04,30.27982,-98.84109,2025-10-10,na,6288.0,4669.0,0.0,31.3799992,15.0200005
TXS04,30.27982,-98.84109,2025-10-11,na,6288.0,4669.0,0.0,32.0800018,14.0900002
TXS04,30.27982,-98.84109,2025-10-12,na,6288.0,4669.0,0.0,30.7999992,14.3599997
TXS04,30.27982,-98.84109,2025-10-13,na,6288.0,4669.0,0.0,30.4099998,14.7399998
TXS04,30.27982,-98.84109,2025-10-14,na,6288.0,4669.0,0.0,30.25,16.1399994
TXS04,30.27982,-98.84109,2025-10-15,na,6288.0,4669.0,0.0,31.1399994,13.6999998
TXS04,30.27982,-98.84109,2025-10-16,na,6288.0,4669.0,0.0,29.1499996,14.3199997
TXS04,30.27982,-98.84109,2025-10-17,na,6288.0,4669.0,0.0,30.2900009,15.1099997
TXS04,30.27982,-98.84109,2025-10-18,na,6288.0,4669.0,0.0,32.8600006,16.8600006
TXS04,30.27982,-98.84109,2025-10-19,na,6288.0,4669.0,0.0,29.0400009,13.3900003
TXS04,30.27982,-98.84109,2025-10-20,na,6288.0,4669.0,0.0,31.4799995,12.3999996
TXS04,30.27982,-98.84109,2025-10-21,na,6288.0,4669.0,0.0,28.7800007,15.8699999
TXS04,30.27982,-98.84109,2025-10-22,na,6288.0,4669.0,0.0,29.2199993,13.0699997
TXS04,30.27982,-98.84109,2025-10-23,na,6288.0,4669.0,0.0,30.1399994,16.4799995
TXS04,30.27982,-98.84109,2025-10-24,na,6288.0,4669.0,46.3199997,28.8299999,15.6899996
TXS04,30.27982,-98.84109,2025-10-25,na,6288.0,4669.0,0.0,26.2199993,14.9300003
TXS04,30.27982,-98.84109,2025-10-26,na,6288.0,4669.0,0.0,28.3899994,12.3199997
TXS04,30.27982,-98.84109,2025-10-27,na,6288.0,4669.0,0.0,29.7800007,13.5200005
TXS04,30.27982,-98.84109,2025-10-28,na,6288.0,4669.0,0.0,26.9599991,14.6099997
TXS04,30.27982,-98.84109,2025-10-29,na,6288.0,4669.0,0.0,18.9400005,6.7800002
TXS04,30.27982,-98.84109,2025-10-30,na,6288.0,4669.0,0.0,21.0200005,1.14
TXS04,30.27982,-98.84109,2025-10-31,na,6288.0,4669.0,0.0,22.5799999,2.04
TXS04,30.27982,-98.84109,2025-11-01,na,6288.0,4669.0,0.0,19.9899998,6.2600002
TXS04,30.27982,-98.84109,2025-11-02,na,6288.0,4669.0,0.0,22.0699997,5.0
TXS04,30.27982,-98.84109,2025-11-03,na,6288.0,4669.0,0.0,23.9099998,5.54
TXS04,30.27982,-98.84109,2025-11-04,na,6288.0,4669.0,0.0,24.6200008,6.5999999
TXS04,30.27982,-98.84109,2025-11-05,na,6288.0,4669.0,0.0,27.6599998,9.3400002
TXS04,30.27982,-98.84109,2025-11-06,na,6288.0,4669.0,0.0,28.2000008,10.5699997
TXS04,30.27982,-98.84109,2025-11-07,na,6288.0,4669.0,0.0,31.3999996,11.3100004
TXS04,30.27982,-98.84109,2025-11-08,na,6288.0,4669.0,0.0,30.9899998,9.9200001
TXS04,30.27982,-98.84109,2025-11-09,na,6288.0,4669.0,0.0,21.3700008,8.4499998
TXS04,30.27982,-98.84109,2025-11-10,na,6288.0,4669.0,0.0,17.2700005,0.59
TXS04,30.27982,-98.84109,2025-11-11,na,6288.0,4669.0,0.0,22.3899994,2.03
TXS04,30.27982,-98.84109,2025-11-12,na,6288.0,4669.0,0.0,25.6900005,7.4400001
TXS04,30.27982,-98.84109,2025-11-13,na,6288.0,4669.0,0.0,26.9500008,11.1099997
TXS04,30.27982,-98.84109,2025-11-14,na,6288.0,4669.0,0.0,27.6599998,14.6800003
TXS04,30.27982,-98.84109,2025-11-15,na,6288.0,4669.0,0.0,27.7900009,16.1700001
TXS04,30.27982,-98.84109,2025-11-16,na,6288.0,4669.0,0.0,29.8099995,15.1800003
TXS04,30.27982,-98.84109,2025-11-17,na,6288.0,4669.0,0.0,28.4300003,15.7700005
TXS04,30.27982,-98.84109,2025-11-18,na,6288.0,4669.0,0.0,25.8899994,16.6499996
TXS04,30.27982,-98.84109,2025-11-19,na,6288.0,4669.0,0.0,25.9300003,17.1700001
TXS04,30.27982,-98.84109,2025-11-20,na,6288.0,4669.0,7.0100002,25.7299995,15.8599997
TXS04,30.27982,-98.84109,2025-11-21,na,6288.0,4669.0,0.54,24.6700001,13.7700005
TXS04,30.27982,-98.84109,2025-11-22,na,6288.0,4669.0,0.0,24.25,9.8100004
TXS04,30.27982,-98.84109,2025-11-23,na,6288.0,4669.0,0.0,19.5699997,11.6700001
TXS04,30.27982,-98.84109,2025-11-24,na,6288.0,4669.0,3.46,23.2999992,11.9099998
TXS04,30.27982,-98.84109,2025-11-25,na,6288.0,4669.0,0.0,25.9699993,6.8499999
TXS04,30.27982,-98.84109,2025-11-26,na,6288.0,4669.0,0.0,17.2199993,7.4299998
TXS04,30.27982,-98.84109,2025-11-27,na,6288.0,4669.0,0.0,15.5799999,5.2199998
TXS04,30.27982,-98.84109,2025-11-28,na,6288.0,4669.0,1.6799999,16.7299995,7.9000001
TXS04,30.27982,-98.84109,2025-11-29,na,6288.0,4669.0,0.0,22.6000004,10.8599997
TXS04,30.27982,-98.84109,2025-11-30,na,6288.0,4669.0,0.0,12.8299999,4.73
TXS04,30.27982,-98.84109,2025-12-01,na,6288.0,4669.0,0.0,7.8299999,2.9000001
TXS04,30.27982,-98.84109,2025-12-02,na,6288.0,4669.0,0.0,15.8400002,-1.08
TXS04,30.27982,-98.84109,2025-12-03,na,6288.0,4669.0,1.08,18.9200001,0.69
TXS04,30.27982,-98.84109,2025-12-04,na,6288.0,4669.0,0.0,11.0799999,4.1199999
TXS04,30.27982,-98.84109,2025-12-05,na,6288.0,4669.0,0.0,14.7600002,4.6199999
TXS04,30.27982,-98.84109,2025-12-06,na,6288.0,4669.0,0.0,24.6499996,4.23
TXS04,30.27982,-98.84109,2025-12-07,na,6288.0,4669.0,0.0,18.0,5.5300002
TXS04,30.27982,-98.84109,2025-12-08,na,6288.0,4669.0,0.0,18.2800007,-0.45
TXS04,30.27982,-98.84109,2025-12-09,na,6288.0,4669.0,0.0,19.4699993,-0.4
TXS04,30.27982,-98.84109,2025-12-10,na,6288.0,4669.0,0.0,20.4300003,2.8
TXS04,30.27982,-98.84109,2025-12-11,na,6288.0,4669.0,0.0,20.7600002,0.43
TXS04,30.27982,-98.84109,2025-12-12,na,6288.0,4669.0,0.0,22.1499996,4.8499999
TXS04,30.27982,-98.84109,2025-12-13,na,6288.0,4669.0,0.0,25.3799992,9.4300003
TXS04,30.27982,-98.84109,2025-12-14,na,6288.0,4669.0,0.0,13.8699999,3.22
TXS04,30.27982,-98.84109,2025-12-15,na,6288.0,4669.0,0.0,15.9700003,0.71
TXS04,30.27982,-98.84109,2025-12-16,na,6288.0,4669.0,0.0,14.1300001,3.77
TXS04,30.27982,-98.84109,2025-12-17,na,6288.0,4669.0,0.0,18.3500004,10.0799999
TXS04,30.27982,-98.84109,2025-12-18,na,6288.0,4669.0,0.0,22.2199993,8.3000002
TXS04,30.27982,-98.84109,2025-12-19,na,6288.0,4669.0,0.0,20.2000008,0.35
TXS04,30.27982,-98.84109,2025-12-20,na,6288.0,4669.0,0.0,26.2199993,5.6100001
TXS04,30.27982,-98.84109,2025-12-21,na,6288.0,4669.0,0.0,20.5200005,5.8899999
TXS04,30.27982,-98.84109,2025-12-22,na,6288.0,4669.0,0.0,23.9599991,5.7800002
TXS04,30.27982,-98.84109,2025-12-23,na,6288.0,4669.0,0.0,24.5200005,13.0900002
TXS04,30.27982,-98.84109,2025-12-24,na,6288.0,4669.0,0.0,23.2600002,14.1499996
TXS04,30.27982,-98.84109,2025-12-25,na,6288.0,4669.0,0.0,24.6700001,12.6800003
TXS04,30.27982,-98.84109,2025-12-26,na,6288.0,4669.0,0.0,28.8799992,13.8800001
TXS04,30.27982,-98.84109,2025-12-27,na,6288.0,4669.0,0.0,24.1499996,15.0100002
TXS04,30.27982,-98.84109,2025-12-28,na,6288.0,4669.0,0.0,24.8600006,13.3299999
TXS04,30.27982,-98.84109,2025-12-29,na,6288.0,4669.0,0.0,8.4099998,3.55
TXS04,30.27982,-98.84109,2025-12-30,na,6288.0,4669.0,0.0,15.1800003,1.25
TXS04,30.27982,-98.84109,2025-12-31,na,6288.0,4669.0,0.0,20.4300003,-1.5599999
TXS05,30.22915,-98.77663,2024-01-01,na,6293.0,4675.0,0.0,15.5500002,1.66
TXS05,30.22915,-98.77663,2024-01-02,na,6293.0,4675.0,24.4200001,9.1000004,2.22
TXS05,30.22915,-98.77663,2024-01-03,na,6293.0,4675.0,0.0,10.0299997,3.71
TXS05,30.22915,-98.77663,2024-01-04,na,6293.0,4675.0,9.54,10.9200001,4.0
TXS05,30.22915,-98.77663,2024-01-05,na,6293.0,4675.0,0.0,16.1599998,3.8900001
TXS05,30.22915,-98.77663,2024-01-06,na,6293.0,4675.0,0.0,17.5900002,-0.35
TXS05,30.22915,-98.77663,2024-01-07,na,6293.0,4675.0,2.52,17.3799992,-1.63
TXS05,30.22915,-98.77663,2024-01-08,na,6293.0,4675.0,2.9400001,17.4400005,3.9100001
TXS05,30.22915,-98.77663,2024-01-09,na,6293.0,4675.0,0.0,13.5900002,-0.06
TXS05,30.22915,-98.77663,2024-01-10,na,6293.0,4675.0,0.0,17.9599991,-1.24
TXS05,30.22915,-98.77663,2024-01-11,na,6293.0,4675.0,0.0,21.6399994,-0.23
TXS05,30.22915,-98.77663,2024-01-12,na,6293.0,4675.0,0.0,15.25,0.16
TXS05,30.22915,-98.77663,2024-01-13,na,6293.0,4675.0,0.0,14.0100002,-2.8800001
TXS05,30.22915,-98.77663,2024-01-14,na,6293.0,4675.0,0.0,1.91,-8.1000004
TXS05,30.22915,-98.77663,2024-01-15,na,6293.0,4675.0,0.0,-4.8099999,-10.0500002
TXS05,30.22915,-98.77663,2024-01-16,na,6293.0,4675.0,0.0,-0.33,-10.5500002
TXS05,30.22915,-98.77663,2024-01-17,na,6293.0,4675.0,0.0,7.4699998,-11.2299995
TXS05,30.22915,-98.77663,2024-01-18,na,6293.0,4675.0,0.0,20.5200005,-3.5599999
TXS05,30.22915,-98.77663,2024-01-19,na,6293.0,4675.0,0.0,8.0600004,-2.6500001
TXS05,30.22915,-98.77663,2024-01-20,na,6293.0,4675.0,0.0,4.9699998,-5.5700002
TXS05,30.22915,-98.77663,2024-01-21,na,6293.0,4675.0,8.4300003,6.8699999,-1.11
TXS05,30.22915,-98.77663,2024-01-22,na,6293.0,4675.0,2.29,17.6299992,1.5
TXS05,30.22915,-98.77663,2024-01-23,na,6293.0,4675.0,1.35,17.25,9.6099997
TXS05,30.22915,-98.77663,2024-01-24,na,6293.0,4675.0,5.4699998,14.96,10.4499998
TXS05,30.22915,-98.77663,2024-01-25,na,6293.0,4675.0,0.0,19.3999996,6.6300001
TXS05,30.22915,-98.77663,2024-01-26,na,6293.0,4675.0,0.0,19.8299999,8.5100002
TXS05,30.22915,-98.77663,2024-01-27,na,6293.0,4675.0,0.0,16.9500008,6.5599999
TXS05,30.22915,-98.77663,2024-01-28,na,6293.0,4675.0,0.0,18.6800003,1.08
TXS05,30.22915,-98.77663,2024-01-29,na,6293.0,4675.0,0.0,20.2800007,1.0700001
TXS05,30.22915,-98.77663,2024-01-30,na,6293.0,4675.0,0.0,21.4500008,2.78
TXS05,30.22915,-98.77663,2024-01-31,na,6293.0,4675.0,0.0,21.8099995,2.4000001
TXS05,30.22915,-98.77663,2024-02-01,na,6293.0,4675.0,0.0,20.7800007,5.27
TXS05,30.22915,-98.77663,2024-02-02,na,6293.0,4675.0,5.5900002,18.4099998,11.3500004
TXS05,30.22915,-98.77663,2024-02-03,na,6293.0,4675.0,0.0,20.0,8.1800003
TXS05,30.22915,-98.77663,2024-02-04,na,6293.0,4675.0,0.0,18.5400009,8.1899996
TXS05,30.22915,-98.77663,2024-02-05,na,6293.0,4675.0,0.0,17.2999992,7.4499998
TXS05,30.22915,-98.77663,2024-02-06,na,6293.0,4675.0,0.0,19.0499992,1.76
TXS05,30.22915,-98.77663,2024-02-07,na,6293.0,4675.0,0.0,19.4799995,5.29
TXS05,30.22915,-98.77663,2024-02-08,na,6293.0,4675.0,0.0,20.5599995,10.04
TXS05,30.22915,-98.77663,2024-02-09,na,6293.0,4675.0,19.5200005,21.9400005,11.9200001
TXS05,30.22915,-98.77663,2024-02-10,na,6293.0,4675.0,13.1400003,17.8700008,13.3100004
TXS05,30.22915,-98.77663,2024-02-11,na,6293.0,4675.0,0.0,15.6400003,7.0999999
TXS05,30.22915,-98.77663,2024-02-12,na,6293.0,4675.0,0.0,14.6999998,2.73
TXS05,30.22915,-98.77663,2024-02-13,na,6293.0,4675.0,0.0,18.3700008,-0.22
TXS05,30.22915,-98.77663,2024-02-14,na,6293.0,4675.0,0.0,17.3600006,2.53
TXS05,30.22915,-98.77663,2024-02-15,na,6293.0,4675.0,0.0,19.4799995,9.5600004
TXS05,30.22915,-98.77663,2024-02-16,na,6293.0,4675.0,0.0,21.1800003,8.6199999
TXS05,30.22915,-98.77663,2024-02-17,na,6293.0,4675.0,0.0,8.5699997,1.46
TXS05,30.22915,-98.77663,2024-02-18,na,6293.0,4675.0,0.0,11.9099998,-2.3399999
TXS05,30.22915,-98.77663,2024-02-19,na,6293.0,4675.0,0.0,19.6800003,-0.39
TXS05,30.22915,-98.77663,2024-02-20,na,6293.0,4675.0,0.0,25.6700001,3.46
TXS05,30.22915,-98.77663,2024-02-21,na,6293.0,4675.0,0.0,25.3999996,8.9200001
TXS05,30.22915,-98.77663,2024-02-22,na,6293.0,4675.0,0.0,27.8700008,12.6599998
TXS05,30.22915,-98.77663,2024-02-23,na,6293.0,4675.0,0.0,22.6100006,9.1499996
TXS05,30.22915,-98.77663,2024-02-24,na,6293.0,4675.0,0.0,24.2700005,4.5599999
TXS05,30.22915,-98.77663,2024-02-25,na,6293.0,4675.0,0.0,29.0900002,10.2299995
TXS05,30.22915,-98.77663,2024-02-26,na,6293.0,4675.0,0.0,31.7999992,11.3900003
TXS05,30.22915,-98.77663,2024-02-27,na,6293.0,4675.0,0.0,29.0200005,15.3199997
TXS05,30.22915,-98.77663,2024-02-28,na,6293.0,4675.0,0.0,19.8500004,6.9899998
TXS05,30.22915,-98.77663,2024-02-29,na,6293.0,4675.0,0.0,10.8100004,3.6800001
TXS05,30.22915,-98.77663,2024-03-01,na,6293.0,4675.0,0.0,25.2099991,0.7
TXS05,30.22915,-98.77663,2024-03-02,na,6293.0,4675.0,0.0,27.4799995,5.77
TXS05,30.22915,-98.77663,2024-03-03,na,6293.0,4675.0,0.0,24.7000008,11.5699997
TXS05,30.22915,-98.77663,2024-03-04,na,6293.0,4675.0,0.0,25.0599995,12.96
TXS05,30.22915,-98.77663,2024-03-05,na,6293.0,4675.0,0.0,29.0300007,10.7600002
TXS05,30.22915,-98.77663,2024-03-06,na,6293.0,4675.0,0.0,27.6399994,9.25
TXS05,30.22915,-98.77663,2024-03-07,na,6293.0,4675.0,7.04,22.6900005,14.8500004
TXS05,30.22915,-98.77663,2024-03-08,na,6293.0,4675.0,0.0,25.2099991,9.4700003
TXS05,30.22915,-98.77663,2024-03-09,na,6293.0,4675.0,0.0,17.0100002,5.8699999
TXS05,30.22915,-98.77663,2024-03-10,na,6293.0,4675.0,0.0,18.6800003,2.6199999
TXS05,30.22915,-98.77663,2024-03-11,na,6293.0,4675.0,0.0,22.2000008,6.27
TXS05,30.22915,-98.77663,2024-03-12,na,6293.0,4675.0,0.0,23.3400002,10.5200005
TXS05,30.22915,-98.77663,2024-03-13,na,6293.0,4675.0,0.0,28.0599995,14.04
TXS05,30.22915,-98.77663,2024-03-14,na,6293.0,4675.0,2.6800001,25.4799995,18.3400002
TXS05,30.22915,-98.77663,2024-03-15,na,6293.0,4675.0,0.89,22.1499996,16.8999996
TXS05,30.22915,-98.77663,2024-03-16,na,6293.0,4675.0,3.3800001,20.9699993,13.9099998
TXS05,30.22915,-98.77663,2024-03-17,na,6293.0,4675.0,3.9000001,17.1900005,12.6099997
TXS05,30.22915,-98.77663,2024-03-18,na,6293.0,4675.0,0.0,17.1599998,9.1800003
TXS05,30.22915,-98.77663,2024-03-19,na,6293.0,4675.0,0.0,17.5,6.73
TXS05,30.22915,-98.77663,2024-03-20,na,6293.0,4675.0,0.0,18.4300003,6.5500002
TXS05,30.22915,-98.77663,2024-03-21,na,6293.0,4675.0,16.2600002,20.7299995,10.0600004
TXS05,30.22915,-98.77663,2024-03-22,na,6293.0,4675.0,0.0,24.3400002,9.8199997
TXS05,30.22915,-98.77663,2024-03-23,na,6293.0,4675.0,0.0,22.4500008,7.6199999
TXS05,30.22915,-98.77663,2024-03-24,na,6293.0,4675.0,9.2600002,21.1299992,10.9899998
TXS05,30.22915,-98.77663,2024-03-25,na,6293.0,4675.0,0.0,23.1499996,11.0100002
TXS05,30.22915,-98.77663,2024-03-26,na,6293.0,4675.0,0.0,20.3500004,5.1799998
TXS05,30.22915,-98.77663,2024-03-27,na,6293.0,4675.0,4.6399999,20.5400009,5.77
TXS05,30.22915,-98.77663,2024-03-28,na,6293.0,4675.0,0.0,24.1000004,4.7199998
TXS05,30.22915,-98.77663,2024-03-29,na,6293.0,4675.0,0.0,24.7700005,10.1300001
TXS05,30.22915,-98.77663,2024-03-30,na,6293.0,4675.0,0.0,22.5599995,14.8400002
TXS05,30.22915,-98.77663,2024-03-31,na,6293.0,4675.0,0.0,23.5699997,17.2099991
TXS05,30.22915,-98.77663,2024-04-01,na,6293.0,4675.0,8.5299997,27.5300007,16.0
TXS05,30.22915,-98.77663,2024-04-02,na,6293.0,4675.0,0.0,22.3799992,10.2399998
TXS05,30.22915,-98.77663,2024-04-03,na,6293.0,4675.0,0.0,25.3400002,4.8200002
TXS05,30.22915,-98.77663,2024-04-04,na,6293.0,4675.0,0.0,29.0499992,5.29
TXS05,30.22915,-98.77663,2024-04-05,na,6293.0,4675.0,0.0,28.3400002,9.0500002
TXS05,30.22915,-98.77663,2024-04-06,na,6293.0,4675.0,0.0,26.5200005,13.4399996
TXS05,30.22915,-98.77663,2024-04-07,na,6293.0,4675.0,0.0,26.7600002,13.25
TXS05,30.22915,-98.77663,2024-04-08,na,6293.0,4675.0,0.0,25.9400005,12.3900003
TXS05,30.22915,-98.77663,2024-04-09,na,6293.0,4675.0,3.27,30.4300003,16.4300003
TXS05,30.22915,-98.77663,2024-04-10,na,6293.0,4675.0,0.0,21.9500008,10.4099998
TXS05,30.22915,-98.77663,2024-04-11,na,6293.0,4675.0,0.0,25.75,8.29
TXS05,30.22915,-98.77663,2024-04-12,na,6293.0,4675.0,0.0,27.3199997,8.6499996
TXS05,30.22915,-98.77663,2024-04-13,na,6293.0,4675.0,0.0,27.5799999,11.5600004
TXS05,30.22915,-98.77663,2024-04-14,na,6293.0,4675.0,0.0,28.9899998,16.6800003
TXS05,30.22915,-98.77663,2024-04-15,na,6293.0,4675.0,0.72,28.7099991,18.7800007
TXS05,30.22915,-98.77663,2024-04-16,na,6293.0,4675.0,0.0,28.8199997,19.5799999
TXS05,30.22915,-98.77663,2024-04-17,na,6293.0,4675.0,0.0,29.4300003,20.6200008
TXS05,30.22915,-98.77663,2024-04-18,na,6293.0,4675.0,0.0,28.75,20.7700005
TXS05,30.22915,-98.77663,2024-04-19,na,6293.0,4675.0,0.0,22.9400005,17.2199993
TXS05,30.22915,-98.77663,2024-04-20,na,6293.0,4675.0,14.3400002,20.0300007,13.3599997
TXS05,30.22915,-98.77663,2024-04-21,na,6293.0,4675.0,0.0,19.3999996,9.2200003
TXS05,30.22915,-98.77663,2024-04-22,na,6293.0,4675.0,0.0,22.2099991,7.5599999
TXS05,30.22915,-98.77663,2024-04-23,na,6293.0,4675.0,0.0,24.0699997,11.6000004
TXS05,30.22915,-98.77663,2024-04-24,na,6293.0,4675.0,0.0,27.4300003,17.3700008
TXS05,30.22915,-98.77663,2024-04-25,na,6293.0,4675.0,0.0,26.7299995,19.1900005
TXS05,30.22915,-98.77663,2024-04-26,na,6293.0,4675.0,3.22,28.0300007,20.8199997
TXS05,30.22915,-98.77663,2024-04-27,na,6293.0,4675.0,17.3999996,28.0699997,21.5699997
TXS05,30.22915,-98.77663,2024-04-28,na,6293.0,4675.0,0.0,29.0400009,16.5499992
TXS05,30.22915,-98.77663,2024-04-29,na,6293.0,4675.0,0.0,30.8799992,15.4200001
TXS05,30.22915,-98.77663,2024-04-30,na,6293.0,4675.0,0.0,29.8299999,18.4500008
TXS05,30.22915,-98.77663,2024-05-01,na,6293.0,4675.0,15.6700001,26.5499992,19.6499996
TXS05,30.22915,-98.77663,2024-05-02,na,6293.0,4675.0,3.27,26.25,20.6700001
TXS05,30.22915,-98.77663,2024-05-03,na,6293.0,4675.0,1.13,26.7299995,20.5599995
TXS05,30.22915,-98.77663,2024-05-04,na,6293.0,4675.0,14.0600004,24.1800003,20.5499992
TXS05,30.22915,-98.77663,2024-05-05,na,6293.0,4675.0,1.6900001,24.2299995,16.3999996
TXS05,30.22915,-98.77663,2024-05-06,na,6293.0,4675.0,0.0,28.5100002,19.5499992
TXS05,30.22915,-98.77663,2024-05-07,na,6293.0,4675.0,0.0,30.9200001,20.9500008
TXS05,30.22915,-98.77663,2024-05-08,na,6293.0,4675.0,0.0,31.8700008,22.3999996
TXS05,30.22915,-98.77663,2024-05-09,na,6293.0,4675.0,0.0,33.9799995,21.2399998
TXS05,30.22915,-98.77663,2024-05-10,na,6293.0,4675.0,0.0,28.4300003,18.3500004
TXS05,30.22915,-98.77663,2024-05-11,na,6293.0,4675.0,0.2,26.9200001,18.0400009
TXS05,30.22915,-98.77663,2024-05-12,na,6293.0,4675.0,0.91,27.6200008,17.6900005
TXS05,30.22915,-98.77663,2024-05-13,na,6293.0,4675.0,3.3199999,28.7600002,17.3099995
TXS05,30.22915,-98.77663,2024-05-14,na,6293.0,4675.0,0.0,31.9200001,14.1599998
TXS05,30.22915,-98.77663,2024-05-15,na,6293.0,4675.0,0.0,32.7799988,17.25
TXS05,30.22915,-98.77663,2024-05-16,na,6293.0,4675.0,8.5200005,27.6599998,18.2000008
TXS05,30.22915,-98.77663,2024-05-17,na,6293.0,4675.0,0.0,29.0699997,14.3299999
TXS05,30.22915,-98.77663,2024-05-18,na,6293.0,4675.0,0.0,34.1899986,16.2299995
TXS05,30.22915,-98.77663,2024-05-19,na,6293.0,4675.0,0.0,33.7099991,19.2299995
TXS05,30.22915,-98.77663,2024-05-20,na,6293.0,4675.0,0.0,33.7099991,20.25
TXS05,30.22915,-98.77663,2024-05-21,na,6293.0,4675.0,0.0,33.5699997,22.2700005
TXS05,30.22915,-98.77663,2024-05-22,na,6293.0,4675.0,0.0,32.3499985,23.0200005
TXS05,30.22915,-98.77663,2024-05-23,na,6293.0,4675.0,0.0,32.4300003,23.3500004
TXS05,30.22915,-98.77663,2024-05-24,na,6293.0,4675.0,0.0,32.4799995,23.6100006
TXS05,30.22915,-98.77663,2024-05-25,na,6293.0,4675.0,0.0,35.7299995,23.8600006
TXS05,30.22915,-98.77663,2024-05-26,na,6293.0,4675.0,0.0,36.2200012,23.0900002
TXS05,30.22915,-98.77663,2024-05-27,na,6293.0,4675.0,10.2299995,38.4599991,23.5400009
TXS05,30.22915,-98.77663,2024-05-28,na,6293.0,4675.0,23.1599998,32.6500015,20.9599991
TXS05,30.22915,-98.77663,2024-05-29,na,6293.0,4675.0,0.0,31.7000008,19.5200005
TXS05,30.22915,-98.77663,2024-05-30,na,6293.0,4675.0,26.1499996,32.0699997,21.2099991
TXS05,30.22915,-98.77663,2024-05-31,na,6293.0,4675.0,11.8500004,30.6299992,16.8500004
TXS05,30.22915,-98.77663,2024-06-01,na,6293.0,4675.0,1.76,31.3799992,18.8600006
TXS05,30.22915,-98.77663,2024-06-02,na,6293.0,4675.0,0.0,32.8600006,22.1399994
TXS05,30.22915,-98.77663,2024-06-03,na,6293.0,4675.0,0.0,33.5699997,24.2600002
TXS05,30.22915,-98.77663,2024-06-04,na,6293.0,4675.0,0.0,36.4500008,24.7399998
TXS05,30.22915,-98.77663,2024-06-05,na,6293.0,4675.0,0.0,34.0900002,23.5400009
TXS05,30.22915,-98.77663,2024-06-06,na,6293.0,4675.0,0.0,35.6300011,20.8799992
TXS05,30.22915,-98.77663,2024-06-07,na,6293.0,4675.0,0.0,36.0,20.8600006
TXS05,30.22915,-98.77663,2024-06-08,na,6293.0,4675.0,0.0,35.5400009,21.7000008
TXS05,30.22915,-98.77663,2024-06-09,na,6293.0,4675.0,0.63,34.8300018,21.7800007
TXS05,30.22915,-98.77663,2024-06-10,na,6293.0,4675.0,0.0,33.2700005,20.1700001
TXS05,30.22915,-98.77663,2024-06-11,na,6293.0,4675.0,8.9799995,32.9000015,20.2099991
TXS05,30.22915,-98.77663,2024-06-12,na,6293.0,4675.0,0.0,31.9400005,21.3400002
TXS05,30.22915,-98.77663,2024-06-13,na,6293.0,4675.0,0.0,33.5999985,22.0799999
TXS05,30.22915,-98.77663,2024-06-14,na,6293.0,4675.0,0.0,34.1899986,22.3899994
TXS05,30.22915,-98.77663,2024-06-15,na,6293.0,4675.0,0.0,34.0600014,22.1100006
TXS05,30.22915,-98.77663,2024-06-16,na,6293.0,4675.0,0.0,34.0099983,23.2299995
TXS05,30.22915,-98.77663,2024-06-17,na,6293.0,4675.0,0.0,34.3499985,23.8500004
TXS05,30.22915,-98.77663,2024-06-18,na,6293.0,4675.0,0.0,32.8100014,22.8999996
TXS05,30.22915,-98.77663,2024-06-19,na,6293.0,4675.0,31.7900009,28.5,21.1800003
TXS05,30.22915,-98.77663,2024-06-20,na,6293.0,4675.0,9.6599998,29.0300007,21.2299995
TXS05,30.22915,-98.77663,2024-06-21,na,6293.0,4675.0,0.0,31.2700005,21.8899994
TXS05,30.22915,-98.77663,2024-06-22,na,6293.0,4675.0,0.0,32.5600014,21.3600006
TXS05,30.22915,-98.77663,2024-06-23,na,6293.0,4675.0,0.0,33.4399986,20.2600002
TXS05,30.22915,-98.77663,2024-06-24,na,6293.0,4675.0,0.0,33.8499985,21.8400002
TXS05,30.22915,-98.77663,2024-06-25,na,6293.0,4675.0,0.0,33.9500008,23.9799995
TXS05,30.22915,-98.77663,2024-06-26,na,6293.0,4675.0,0.0,34.1800003,24.6499996
TXS05,30.22915,-98.77663,2024-06-27,na,6293.0,4675.0,0.0,36.1300011,24.1499996
TXS05,30.22915,-98.77663,2024-06-28,na,6293.0,4675.0,0.0,35.4399986,23.8099995
TXS05,30.22915,-98.77663,2024-06-29,na,6293.0,4675.0,0.0,35.3300018,24.5300007
TXS05,30.22915,-98.77663,2024-06-30,na,6293.0,4675.0,0.0,34.8300018,23.7800007
TXS05,30.22915,-98.77663,2024-07-01,na,6293.0,4675.0,0.0,35.5699997,21.7800007
TXS05,30.22915,-98.77663,2024-07-02,na,6293.0,4675.0,0.0,36.6199989,23.0400009
TXS05,30.22915,-98.77663,2024-07-03,na,6293.0,4675.0,0.0,36.0600014,23.5799999
TXS05,30.22915,-98.77663,2024-07-04,na,6293.0,4675.0,0.0,36.0600014,24.1000004
TXS05,30.22915,-98.77663,2024-07-05,na,6293.0,4675.0,0.0,35.9700012,23.6900005
TXS05,30.22915,-98.77663,2024-07-06,na,6293.0,4675.0,41.5099983,34.6599998,21.3500004
TXS05,30.22915,-98.77663,2024-07-07,na,6293.0,4675.0,0.0,33.6500015,20.9400005
TXS05,30.22915,-98.77663,2024-07-08,na,6293.0,4675.0,0.0,33.0200005,22.5300007
TXS05,30.22915,-98.77663,2024-07-09,na,6293.0,4675.0,0.0,32.8800011,21.5900002
TXS05,30.22915,-98.77663,2024-07-10,na,6293.0,4675.0,0.0,32.9599991,21.2000008
TXS05,30.22915,-98.77663,2024-07-11,na,6293.0,4675.0,0.0,32.9399986,19.1499996
TXS05,30.22915,-98.77663,2024-07-12,na,6293.0,4675.0,5.6999998,31.9699993,19.9899998
TXS05,30.22915,-98.77663,2024-07-13,na,6293.0,4675.0,0.35,30.5499992,21.2399998
TXS05,30.22915,-98.77663,2024-07-14,na,6293.0,4675.0,0.0,32.5200005,22.8400002
TXS05,30.22915,-98.77663,2024-07-15,na,6293.0,4675.0,0.0,34.7299995,23.1299992
TXS05,30.22915,-98.77663,2024-07-16,na,6293.0,4675.0,0.0,35.3600006,21.8400002
TXS05,30.22915,-98.77663,2024-07-17,na,6293.0,4675.0,0.0,34.9700012,23.0100002
TXS05,30.22915,-98.77663,2024-07-18,na,6293.0,4675.0,44.5400009,32.5999985,22.0
TXS05,30.22915,-98.77663,2024-07-19,na,6293.0,4675.0,0.0,33.7200012,21.2099991
TXS05,30.22915,-98.77663,2024-07-20,na,6293.0,4675.0,0.0,33.9199982,21.7199993
TXS05,30.22915,-98.77663,2024-07-21,na,6293.0,4675.0,1.25,33.0900002,22.3799992
TXS05,30.22915,-98.77663,2024-07-22,na,6293.0,4675.0,20.8299999,29.3099995,21.9500008
TXS05,30.22915,-98.77663,2024-07-23,na,6293.0,4675.0,31.8199997,27.6000004,21.4500008
TXS05,30.22915,-98.77663,2024-07-24,na,6293.0,4675.0,0.0,30.7199993,20.8899994
TXS05,30.22915,-98.77663,2024-07-25,na,6293.0,4675.0,14.0,31.6000004,20.3700008
TXS05,30.22915,-98.77663,2024-07-26,na,6293.0,4675.0,15.3800001,31.1100006,21.1700001
TXS05,30.22915,-98.77663,2024-07-27,na,6293.0,4675.0,0.0,31.5,20.7299995
TXS05,30.22915,-98.77663,2024-07-28,na,6293.0,4675.0,2.0,31.1200008,22.0200005
TXS05,30.22915,-98.77663,2024-07-29,na,6293.0,4675.0,0.0,32.4500008,23.4899998
TXS05,30.22915,-98.77663,2024-07-30,na,6293.0,4675.0,0.0,33.1599998,23.7399998
TXS05,30.22915,-98.77663,2024-07-31,na,6293.0,4675.0,0.0,33.8100014,23.8199997
TXS05,30.22915,-98.77663,2024-08-01,na,6293.0,4675.0,0.0,34.0699997,22.0499992
TXS05,30.22915,-98.77663,2024-08-02,na,6293.0,4675.0,0.0,35.1699982,22.5100002
TXS05,30.22915,-98.77663,2024-08-03,na,6293.0,4675.0,0.0,35.9000015,21.9500008
TXS05,30.22915,-98.77663,2024-08-04,na,6293.0,4675.0,0.0,35.5800018,22.6800003
TXS05,30.22915,-98.77663,2024-08-05,na,6293.0,4675.0,0.0,34.9700012,21.8199997
TXS05,30.22915,-98.77663,2024-08-06,na,6293.0,4675.0,0.0,35.7299995,21.75
TXS05,30.22915,-98.77663,2024-08-07,na,6293.0,4675.0,0.0,37.8199997,21.7299995
TXS05,30.22915,-98.77663,2024-08-08,na,6293.0,4675.0,0.0,37.0400009,22.4899998
TXS05,30.22915,-98.77663,2024-08-09,na,6293.0,4675.0,0.0,35.8699989,21.3700008
TXS05,30.22915,-98.77663,2024-08-10,na,6293.0,4675.0,0.0,35.5400009,21.9599991
TXS05,30.22915,-98.77663,2024-08-11,na,6293.0,4675.0,0.0,35.9700012,23.3600006
TXS05,30.22915,-98.77663,2024-08-12,na,6293.0,4675.0,0.0,36.0499992,23.1100006
TXS05,30.22915,-98.77663,2024-08-13,na,6293.0,4675.0,0.0,35.7599983,22.9400005
TXS05,30.22915,-98.77663,2024-08-14,na,6293.0,4675.0,0.0,35.6599998,23.3600006
TXS05,30.22915,-98.77663,2024-08-15,na,6293.0,4675.0,0.0,36.4500008,23.4799995
TXS05,30.22915,-98.77663,2024-08-16,na,6293.0,4675.0,0.0,36.7400017,23.6800003
TXS05,30.22915,-98.77663,2024-08-17,na,6293.0,4675.0,0.0,37.1899986,23.6000004
TXS05,30.22915,-98.77663,2024-08-18,na,6293.0,4675.0,0.0,37.4199982,23.1900005
TXS05,30.22915,-98.77663,2024-08-19,na,6293.0,4675.0,0.0,38.0,22.0699997
TXS05,30.22915,-98.77663,2024-08-20,na,6293.0,4675.0,0.0,39.9000015,22.1800003
TXS05,30.22915,-98.77663,2024-08-21,na,6293.0,4675.0,0.0,41.1500015,22.4200001
TXS05,30.22915,-98.77663,2024-08-22,na,6293.0,4675.0,0.0,40.3800011,22.9500008
TXS05,30.22915,-98.77663,2024-08-23,na,6293.0,4675.0,0.0,38.0900002,24.2800007
TXS05,30.22915,-98.77663,2024-08-24,na,6293.0,4675.0,0.0,36.2900009,23.6299992
TXS05,30.22915,-98.77663,2024-08-25,na,6293.0,4675.0,0.0,35.2200012,22.3299999
TXS05,30.22915,-98.77663,2024-08-26,na,6293.0,4675.0,0.0,33.8300018,20.75
TXS05,30.22915,-98.77663,2024-08-27,na,6293.0,4675.0,0.0,31.7600002,20.8799992
TXS05,30.22915,-98.77663,2024-08-28,na,6293.0,4675.0,26.0400009,32.8499985,21.5799999
TXS05,30.22915,-98.77663,2024-08-29,na,6293.0,4675.0,0.0,33.0800018,20.4500008
TXS05,30.22915,-98.77663,2024-08-30,na,6293.0,4675.0,0.0,33.1100006,21.5599995
TXS05,30.22915,-98.77663,2024-08-31,na,6293.0,4675.0,7.3499999,33.4500008,21.9799995
TXS05,30.22915,-98.77663,2024-09-01,na,6293.0,4675.0,0.0,32.8499985,21.25
TXS05,30.22915,-98.77663,2024-09-02,na,6293.0,4675.0,14.79,28.8400002,21.8899994
TXS05,30.22915,-98.77663,2024-09-03,na,6293.0,4675.0,34.4199982,27.5900002,21.4500008
TXS05,30.22915,-98.77663,2024-09-04,na,6293.0,4675.0,0.0,28.1399994,20.4300003
TXS05,30.22915,-98.77663,2024-09-05,na,6293.0,4675.0,0.0,28.7600002,19.0699997
TXS05,30.22915,-98.77663,2024-09-06,na,6293.0,4675.0,0.0,30.5,20.2600002
TXS05,30.22915,-98.77663,2024-09-07,na,6293.0,4675.0,0.0,29.7600002,19.8199997
TXS05,30.22915,-98.77663,2024-09-08,na,6293.0,4675.0,0.0,28.0699997,15.4799995
TXS05,30.22915,-98.77663,2024-09-09,na,6293.0,4675.0,0.0,28.4599991,11.8900003
TXS05,30.22915,-98.77663,2024-09-10,na,6293.0,4675.0,0.0,29.9400005,13.96
TXS05,30.22915,-98.77663,2024-09-11,na,6293.0,4675.0,0.0,30.9400005,17.4099998
TXS05,30.22915,-98.77663,2024-09-12,na,6293.0,4675.0,0.0,32.0299988,18.1800003
TXS05,30.22915,-98.77663,2024-09-13,na,6293.0,4675.0,0.0,33.5800018,18.6399994
TXS05,30.22915,-98.77663,2024-09-14,na,6293.0,4675.0,0.0,33.2400017,20.5699997
TXS05,30.22915,-98.77663,2024-09-15,na,6293.0,4675.0,0.0,34.0900002,22.0599995
TXS05,30.22915,-98.77663,2024-09-16,na,6293.0,4675.0,0.0,33.9599991,18.7199993
TXS05,30.22915,-98.77663,2024-09-17,na,6293.0,4675.0,0.0,33.5900002,19.2299995
TXS05,30.22915,-98.77663,2024-09-18,na,6293.0,4675.0,0.0,33.8100014,21.3500004
TXS05,30.22915,-98.77663,2024-09-19,na,6293.0,4675.0,0.0,34.5699997,23.2199993
TXS05,30.22915,-98.77663,2024-09-20,na,6293.0,4675.0,0.0,34.2999992,22.7600002
TXS05,30.22915,-98.77663,2024-09-21,na,6293.0,4675.0,0.0,33.7099991,22.5799999
TXS05,30.22915,-98.77663,2024-09-22,na,6293.0,4675.0,0.0,32.8899994,22.5499992
TXS05,30.22915,-98.77663,2024-09-23,na,6293.0,4675.0,0.0,30.4200001,21.9400005
TXS05,30.22915,-98.77663,2024-09-24,na,6293.0,4675.0,0.0,32.4700012,19.0200005
TXS05,30.22915,-98.77663,2024-09-25,na,6293.0,4675.0,0.0,31.5300007,18.9500008
TXS05,30.22915,-98.77663,2024-09-26,na,6293.0,4675.0,0.0,30.4599991,14.2299995
TXS05,30.22915,-98.77663,2024-09-27,na,6293.0,4675.0,0.0,32.6599998,12.3800001
TXS05,30.22915,-98.77663,2024-09-28,na,6293.0,4675.0,0.0,32.25,13.4399996
TXS05,30.22915,-98.77663,2024-09-29,na,6293.0,4675.0,0.0,32.75,13.1599998
TXS05,30.22915,-98.77663,2024-09-30,na,6293.0,4675.0,0.0,33.6399994,13.2600002
TXS05,30.22915,-98.77663,2024-10-01,na,6293.0,4675.0,0.0,33.2700005,14.0799999
TXS05,30.22915,-98.77663,2024-10-02,na,6293.0,4675.0,0.0,32.2400017,14.5699997
TXS05,30.22915,-98.77663,2024-10-03,na,6293.0,4675.0,0.0,32.4599991,15.5600004
TXS05,30.22915,-98.77663,2024-10-04,na,6293.0,4675.0,0.0,32.3699989,14.8400002
TXS05,30.22915,-98.77663,2024-10-05,na,6293.0,4675.0,0.0,32.3899994,15.7200003
TXS05,30.22915,-98.77663,2024-10-06,na,6293.0,4675.0,0.0,32.2099991,16.6100006
TXS05,30.22915,-98.77663,2024-10-07,na,6293.0,4675.0,0.0,32.1100006,14.7299995
TXS05,30.22915,-98.77663,2024-10-08,na,6293.0,4675.0,0.0,33.25,15.04
TXS05,30.22915,-98.77663,2024-10-09,na,6293.0,4675.0,0.0,33.2999992,13.29
TXS05,30.22915,-98.77663,2024-10-10,na,6293.0,4675.0,0.0,34.0900002,13.4799995
TXS05,30.22915,-98.77663,2024-10-11,na,6293.0,4675.0,0.0,33.2599983,15.2399998
TXS05,30.22915,-98.77663,2024-10-12,na,6293.0,4675.0,0.0,33.8100014,15.1099997
TXS05,30.22915,-98.77663,2024-10-13,na,6293.0,4675.0,0.0,35.2299995,15.2399998
TXS05,30.22915,-98.77663,2024-10-14,na,6293.0,4675.0,0.0,33.5600014,13.9700003
TXS05,30.22915,-98.77663,2024-10-15,na,6293.0,4675.0,0.0,32.8600006,12.9200001
TXS05,30.22915,-98.77663,2024-10-16,na,6293.0,4675.0,0.0,25.0400009,11.2200003
TXS05,30.22915,-98.77663,2024-10-17,na,6293.0,4675.0,0.0,24.2099991,8.6800003
TXS05,30.22915,-98.77663,2024-10-18,na,6293.0,4675.0,0.0,24.8999996,11.9700003
TXS05,30.22915,-98.77663,2024-10-19,na,6293.0,4675.0,0.0,26.9500008,15.0699997
TXS05,30.22915,-98.77663,2024-10-20,na,6293.0,4675.0,0.0,28.4200001,14.2700005
TXS05,30.22915,-98.77663,2024-10-21,na,6293.0,4675.0,0.0,29.2700005,12.8400002
TXS05,30.22915,-98.77663,2024-10-22,na,6293.0,4675.0,0.0,28.6200008,15.3599997
TXS05,30.22915,-98.77663,2024-10-23,na,6293.0,4675.0,0.0,30.5,14.96
TXS05,30.22915,-98.77663,2024-10-24,na,6293.0,4675.0,0.0,29.8299999,16.0
TXS05,30.22915,-98.77663,2024-10-25,na,6293.0,4675.0,0.0,30.8799992,16.2299995
TXS05,30.22915,-98.77663,2024-10-26,na,6293.0,4675.0,0.0,31.2900009,15.1700001
TXS05,30.22915,-98.77663,2024-10-27,na,6293.0,4675.0,0.0,31.25,14.7600002
TXS05,30.22915,-98.77663,2024-10-28,na,6293.0,4675.0,0.0,29.5499992,15.2799997
TXS05,30.22915,-98.77663,2024-10-29,na,6293.0,4675.0,0.0,29.6100006,19.3299999
TXS05,30.22915,-98.77663,2024-10-30,na,6293.0,4675.0,0.0,28.7000008,21.0100002
TXS05,30.22915,-98.77663,2024-10-31,na,6293.0,4675.0,0.0,27.0100002,19.5799999
TXS05,30.22915,-98.77663,2024-11-01,na,6293.0,4675.0,0.0,26.6100006,16.5900002
TXS05,30.22915,-98.77663,2024-11-02,na,6293.0,4675.0,1.96,24.0699997,19.0
TXS05,30.22915,-98.77663,2024-11-03,na,6293.0,4675.0,0.0,27.2700005,20.8899994
TXS05,30.22915,-98.77663,2024-11-04,na,6293.0,4675.0,0.0,29.2399998,18.6000004
TXS05,30.22915,-98.77663,2024-11-05,na,6293.0,4675.0,0.0,24.25,10.3100004
TXS05,30.22915,-98.77663,2024-11-06,na,6293.0,4675.0,0.0,25.9799995,5.0300002
TXS05,30.22915,-98.77663,2024-11-07,na,6293.0,4675.0,0.0,27.9500008,12.2700005
TXS05,30.22915,-98.77663,2024-11-08,na,6293.0,4675.0,11.2299995,25.1900005,15.3100004
TXS05,30.22915,-98.77663,2024-11-09,na,6293.0,4675.0,0.0,25.5599995,10.1499996
TXS05,30.22915,-98.77663,2024-11-10,na,6293.0,4675.0,0.0,28.3799992,10.1000004
TXS05,30.22915,-98.77663,2024-11-11,na,6293.0,4675.0,0.0,28.2299995,10.4099998
TXS05,30.22915,-98.77663,2024-11-12,na,6293.0,4675.0,0.0,27.0300007,11.3800001
TXS05,30.22915,-98.77663,2024-11-13,na,6293.0,4675.0,0.0,26.9899998,12.0699997
TXS05,30.22915,-98.77663,2024-11-14,na,6293.0,4675.0,0.0,24.1599998,4.77
TXS05,30.22915,-98.77663,2024-11-15,na,6293.0,4675.0,0.0,24.3199997,3.54
TXS05,30.22915,-98.77663,2024-11-16,na,6293.0,4675.0,0.0,25.1700001,9.3800001
TXS05,30.22915,-98.77663,2024-11-17,na,6293.0,4675.0,9.9300003,26.1399994,14.5900002
TXS05,30.22915,-98.77663,2024-11-18,na,6293.0,4675.0,5.1500001,24.4300003,11.4499998
TXS05,30.22915,-98.77663,2024-11-19,na,6293.0,4675.0,0.0,25.5499992,6.96
TXS05,30.22915,-98.77663,2024-11-20,na,6293.0,4675.0,0.0,19.7700005,4.8800001
TXS05,30.22915,-98.77663,2024-11-21,na,6293.0,4675.0,0.0,21.25,0.79
TXS05,30.22915,-98.77663,2024-11-22,na,6293.0,4675.0,0.0,23.5100002,2.0999999
TXS05,30.22915,-98.77663,2024-11-23,na,6293.0,4675.0,0.0,23.8999996,3.51
TXS05,30.22915,-98.77663,2024-11-24,na,6293.0,4675.0,0.0,25.8500004,10.5
TXS05,30.22915,-98.77663,2024-11-25,na,6293.0,4675.0,0.0,25.8899994,8.5
TXS05,30.22915,-98.77663,2024-11-26,na,6293.0,4675.0,0.0,20.1000004,4.1599998
TXS05,30.22915,-98.77663,2024-11-27,na,6293.0,4675.0,0.0,25.8899994,9.25
TXS05,30.22915,-98.77663,2024-11-28,na,6293.0,4675.0,0.0,15.7600002,6.3000002
TXS05,30.22915,-98.77663,2024-11-29,na,6293.0,4675.0,0.0,14.5699997,2.1400001
TXS05,30.22915,-98.77663,2024-11-30,na,6293.0,4675.0,0.0,18.8199997,1.28
TXS05,30.22915,-98.77663,2024-12-01,na,6293.0,4675.0,0.0,20.0499992,2.4100001
TXS05,30.22915,-98.77663,2024-12-02,na,6293.0,4675.0,0.0,18.8600006,3.49
TXS05,30.22915,-98.77663,2024-12-03,na,6293.0,4675.0,1.38,16.2399998,6.2600002
TXS05,30.22915,-98.77663,2024-12-04,na,6293.0,4675.0,0.69,15.4099998,7.9400001
TXS05,30.22915,-98.77663,2024-12-05,na,6293.0,4675.0,0.0,13.7399998,9.3100004
TXS05,30.22915,-98.77663,2024-12-06,na,6293.0,4675.0,1.22,9.75,5.6599998
TXS05,30.22915,-98.77663,2024-12-07,na,6293.0,4675.0,3.49,8.7200003,4.8400002
TXS05,30.22915,-98.77663,2024-12-08,na,6293.0,4675.0,0.0,16.2700005,5.54
TXS05,30.22915,-98.77663,2024-12-09,na,6293.0,4675.0,0.0,23.6700001,5.7199998
TXS05,30.22915,-98.77663,2024-12-10,na,6293.0,4675.0,0.0,16.9599991,3.8399999
TXS05,30.22915,-98.77663,2024-12-11,na,6293.0,4675.0,0.0,16.6100006,-2.04
TXS05,30.22915,-98.77663,2024-12-12,na,6293.0,4675.0,0.0,17.2299995,-1.37
TXS05,30.22915,-98.77663,2024-12-13,na,6293.0,4675.0,0.53,19.5100002,6.8699999
TXS05,30.22915,-98.77663,2024-12-14,na,6293.0,4675.0,0.0,24.1200008,15.3599997
TXS05,30.22915,-98.77663,2024-12-15,na,6293.0,4675.0,0.0,24.3400002,17.7000008
TXS05,30.22915,-98.77663,2024-12-16,na,6293.0,4675.0,1.01,23.6000004,17.0799999
TXS05,30.22915,-98.77663,2024-12-17,na,6293.0,4675.0,0.0,23.6299992,15.96
TXS05,30.22915,-98.77663,2024-12-18,na,6293.0,4675.0,0.0,20.4300003,10.6400003
TXS05,30.22915,-98.77663,2024-12-19,na,6293.0,4675.0,0.0,20.6000004,1.2
TXS05,30.22915,-98.77663,2024-12-20,na,6293.0,4675.0,0.0,18.9099998,3.02
TXS05,30.22915,-98.77663,2024-12-21,na,6293.0,4675.0,0.0,18.8600006,0.2
TXS05,30.22915,-98.77663,2024-12-22,na,6293.0,4675.0,0.0,19.5799999,3.97
TXS05,30.22915,-98.77663,2024-12-23,na,6293.0,4675.0,0.0,22.0400009,10.25
TXS05,30.22915,-98.77663,2024-12-24,na,6293.0,4675.0,0.0,20.1599998,12.8599997
TXS05,30.22915,-98.77663,2024-12-25,na,6293.0,4675.0,0.0,17.8099995,10.5900002
TXS05,30.22915,-98.77663,2024-12-26,na,6293.0,4675.0,0.0,24.3799992,8.04
TXS05,30.22915,-98.77663,2024-12-27,na,6293.0,4675.0,0.0,26.1299992,3.79
TXS05,30.22915,-98.77663,2024-12-28,na,6293.0,4675.0,0.0,25.2700005,7.8800001
TXS05,30.22915,-98.77663,2024-12-29,na,6293.0,4675.0,0.0,27.5699997,4.5999999
TXS05,30.22915,-98.77663,2024-12-30,na,6293.0,4675.0,0.0,29.5100002,5.8200002
TXS05,30.22915,-98.77663,2025-01-01,na,6293.0,4675.0,0.0,15.5799999,2.03
TXS05,30.22915,-98.77663,2025-01-02,na,6293.0,4675.0,0.0,17.5699997,1.87
TXS05,30.22915,-98.77663,2025-01-03,na,6293.0,4675.0,0.0,17.9400005,7.3200002
TXS05,30.22915,-98.77663,2025-01-04,na,6293.0,4675.0,0.0,20.9599991,11.2299995
TXS05,30.22915,-98.77663,2025-01-05,na,6293.0,4675.0,0.0,19.8299999,6.5
TXS05,30.22915,-98.77663,2025-01-06,na,6293.0,4675.0,0.0,7.4299998,-4.3699999
TXS05,30.22915,-98.77663,2025-01-07,na,6293.0,4675.0,0.0,7.9899998,-4.98
TXS05,30.22915,-98.77663,2025-01-08,na,6293.0,4675.0,0.0,4.5900002,-2.6099999
TXS05,30.22915,-98.77663,2025-01-09,na,6293.0,4675.0,27.8099995,3.02,-1.01
TXS05,30.22915,-98.77663,2025-01-10,na,6293.0,4675.0,0.0,6.5100002,-1.27
TXS05,30.22915,-98.77663,2025-01-11,na,6293.0,4675.0,0.0,12.9300003,-5.8600001
TXS05,30.22915,-98.77663,2025-01-12,na,6293.0,4675.0,0.0,14.0,-2.5999999
TXS05,30.22915,-98.77663,2025-01-13,na,6293.0,4675.0,0.0,12.6199999,-1.35
TXS05,30.22915,-98.77663,2025-01-14,na,6293.0,4675.0,0.0,12.5200005,-2.8599999
TXS05,30.22915,-98.77663,2025-01-15,na,6293.0,4675.0,0.0,15.9799995,0.74
TXS05,30.22915,-98.77663,2025-01-16,na,6293.0,4675.0,0.0,17.2199993,-1.37
TXS05,30.22915,-98.77663,2025-01-17,na,6293.0,4675.0,0.0,16.9699993,4.75
TXS05,30.22915,-98.77663,2025-01-18,na,6293.0,4675.0,0.0,15.1800003,3.51
TXS05,30.22915,-98.77663,2025-01-19,na,6293.0,4675.0,0.0,5.79,-5.21
TXS05,30.22915,-98.77663,2025-01-20,na,6293.0,4675.0,1.35,-0.24,-7.6900001
TXS05,30.22915,-98.77663,2025-01-21,na,6293.0,4675.0,0.0,2.5799999,-6.96
TXS05,30.22915,-98.77663,2025-01-22,na,6293.0,4675.0,0.0,11.5900002,-6.9000001
TXS05,30.22915,-98.77663,2025-01-23,na,6293.0,4675.0,0.0,11.4700003,-4.1799998
TXS05,30.22915,-98.77663,2025-01-24,na,6293.0,4675.0,0.0,13.3299999,-7.4000001
TXS05,30.22915,-98.77663,2025-01-25,na,6293.0,4675.0,1.09,16.0400009,-1.51
TXS05,30.22915,-98.77663,2025-01-26,na,6293.0,4675.0,0.0,13.79,5.79
TXS05,30.22915,-98.77663,2025-01-27,na,6293.0,4675.0,0.0,9.8100004,6.0
TXS05,30.22915,-98.77663,2025-01-28,na,6293.0,4675.0,1.71,11.5600004,6.8099999
TXS05,30.22915,-98.77663,2025-01-29,na,6293.0,4675.0,13.29,18.0400009,9.1899996
TXS05,30.22915,-98.77663,2025-01-30,na,6293.0,4675.0,0.0,19.25,8.3500004
TXS05,30.22915,-98.77663,2025-01-31,na,6293.0,4675.0,0.0,20.8099995,4.1300001
TXS05,30.22915,-98.77663,2025-02-01,na,6293.0,4675.0,0.0,23.6800003,0.57
TXS05,30.22915,-98.77663,2025-02-02,na,6293.0,4675.0,0.0,27.0300007,4.0900002
TXS05,30.22915,-98.77663,2025-02-03,na,6293.0,4675.0,0.0,28.1900005,9.8299999
TXS05,30.22915,-98.77663,2025-02-04,na,6293.0,4675.0,0.0,26.5799999,14.1400003
TXS05,30.22915,-98.77663,2025-02-05,na,6293.0,4675.0,0.0,23.2199993,16.4300003
TXS05,30.22915,-98.77663,2025-02-06,na,6293.0,4675.0,0.0,27.0,15.3699999
TXS05,30.22915,-98.77663,2025-02-07,na,6293.0,4675.0,0.0,26.6200008,16.4799995
TXS05,30.22915,-98.77663,2025-02-08,na,6293.0,4675.0,0.0,28.7600002,17.1399994
TXS05,30.22915,-98.77663,2025-02-09,na,6293.0,4675.0,0.0,18.7900009,10.0600004
TXS05,30.22915,-98.77663,2025-02-10,na,6293.0,4675.0,1.09,10.4399996,6.1900001
TXS05,30.22915,-98.77663,2025-02-11,na,6293.0,4675.0,3.05,14.7700005,6.73
TXS05,30.22915,-98.77663,2025-02-12,na,6293.0,4675.0,0.0,14.3500004,4.8800001
TXS05,30.22915,-98.77663,2025-02-13,na,6293.0,4675.0,0.0,8.3999996,-1.29
TXS05,30.22915,-98.77663,2025-02-14,na,6293.0,4675.0,0.47,12.4300003,-0.85
TXS05,30.22915,-98.77663,2025-02-15,na,6293.0,4675.0,0.0,24.7399998,5.5300002
TXS05,30.22915,-98.77663,2025-02-16,na,6293.0,4675.0,0.0,12.3000002,0.06
TXS05,30.22915,-98.77663,2025-02-17,na,6293.0,4675.0,0.0,16.8199997,-1.85
TXS05,30.22915,-98.77663,2025-02-18,na,6293.0,4675.0,0.0,18.4599991,-2.6700001
TXS05,30.22915,-98.77663,2025-02-19,na,6293.0,4675.0,0.0,2.75,-9.2799997
TXS05,30.22915,-98.77663,2025-02-20,na,6293.0,4675.0,0.0,0.7,-10.0
TXS05,30.22915,-98.77663,2025-02-21,na,6293.0,4675.0,0.0,2.1400001,-5.9299998
TXS05,30.22915,-98.77663,2025-02-22,na,6293.0,4675.0,0.84,8.1899996,-2.8
TXS05,30.22915,-98.77663,2025-02-23,na,6293.0,4675.0,0.0,21.6599998,0.8
TXS05,30.22915,-98.77663,2025-02-24,na,6293.0,4675.0,0.0,25.3099995,1.5
TXS05,30.22915,-98.77663,2025-02-25,na,6293.0,4675.0,0.0,26.8700008,4.2199998
TXS05,30.22915,-98.77663,2025-02-26,na,6293.0,4675.0,0.0,27.6599998,8.0600004
TXS05,30.22915,-98.77663,2025-02-27,na,6293.0,4675.0,0.0,20.2199993,10.04
TXS05,30.22915,-98.77663,2025-02-28,na,6293.0,4675.0,0.0,23.9500008,4.6799998
TXS05,30.22915,-98.77663,2025-03-01,na,6293.0,4675.0,0.0,27.4699993,5.77
TXS05,30.22915,-98.77663,2025-03-02,na,6293.0,4675.0,0.0,26.6399994,11.6800003
TXS05,30.22915,-98.77663,2025-03-03,na,6293.0,4675.0,1.12,23.5100002,16.5799999
TXS05,30.22915,-98.77663,2025-03-04,na,6293.0,4675.0,0.0,21.7099991,10.6999998
TXS05,30.22915,-98.77663,2025-03-05,na,6293.0,4675.0,0.0,21.0400009,7.4699998
TXS05,30.22915,-98.77663,2025-03-06,na,6293.0,4675.0,0.0,23.3099995,5.6799998
TXS05,30.22915,-98.77663,2025-03-07,na,6293.0,4675.0,1.85,28.6700001,11.9899998
TXS05,30.22915,-98.77663,2025-03-08,na,6293.0,4675.0,0.0,25.8799992,10.0200005
TXS05,30.22915,-98.77663,2025-03-09,na,6293.0,4675.0,0.0,18.0900002,3.8399999
TXS05,30.22915,-98.77663,2025-03-10,na,6293.0,4675.0,0.0,24.2399998,0.13
TXS05,30.22915,-98.77663,2025-03-11,na,6293.0,4675.0,0.0,27.7099991,4.71
TXS05,30.22915,-98.77663,2025-03-12,na,6293.0,4675.0,0.0,31.7900009,10.1000004
TXS05,30.22915,-98.77663,2025-03-13,na,6293.0,4675.0,0.0,31.8999996,9.9200001
TXS05,30.22915,-98.77663,2025-03-14,na,6293.0,4675.0,0.0,32.7400017,13.8599997
TXS05,30.22915,-98.77663,2025-03-15,na,6293.0,4675.0,0.0,24.4500008,12.6400003
TXS05,30.22915,-98.77663,2025-03-16,na,6293.0,4675.0,0.0,24.7299995,3.8599999
TXS05,30.22915,-98.77663,2025-03-17,na,6293.0,4675.0,0.0,27.5699997,2.1099999
TXS05,30.22915,-98.77663,2025-03-18,na,6293.0,4675.0,0.0,28.7600002,10.2200003
TXS05,30.22915,-98.77663,2025-03-19,na,6293.0,4675.0,0.0,23.8099995,11.21
TXS05,30.22915,-98.77663,2025-03-20,na,6293.0,4675.0,0.0,20.9899998,0.78
TXS05,30.22915,-98.77663,2025-03-21,na,6293.0,4675.0,0.0,24.0699997,3.26
TXS05,30.22915,-98.77663,2025-03-22,na,6293.0,4675.0,0.0,27.6800003,8.2799997
TXS05,30.22915,-98.77663,2025-03-23,na,6293.0,4675.0,2.1900001,29.7999992,14.4200001
TXS05,30.22915,-98.77663,2025-03-24,na,6293.0,4675.0,0.0,29.7900009,10.8100004
TXS05,30.22915,-98.77663,2025-03-25,na,6293.0,4675.0,0.0,30.8400002,12.6599998
TXS05,30.22915,-98.77663,2025-03-26,na,6293.0,4675.0,15.2600002,27.6800003,15.3400002
TXS05,30.22915,-98.77663,2025-03-27,na,6293.0,4675.0,20.1800003,20.2199993,15.4399996
TXS05,30.22915,-98.77663,2025-03-28,na,6293.0,4675.0,0.73,23.0599995,14.8000002
TXS05,30.22915,-98.77663,2025-03-29,na,6293.0,4675.0,0.0,29.4599991,16.8199997
TXS05,30.22915,-98.77663,2025-03-30,na,6293.0,4675.0,0.0,29.7099991,18.1299992
TXS05,30.22915,-98.77663,2025-03-31,na,6293.0,4675.0,0.0,28.0599995,17.0200005
TXS05,30.22915,-98.77663,2025-04-01,na,6293.0,4675.0,0.0,28.8799992,16.25
TXS05,30.22915,-98.77663,2025-04-02,na,6293.0,4675.0,0.0,29.6800003,19.4500008
TXS05,30.22915,-98.77663,2025-04-03,na,6293.0,4675.0,0.0,30.7000008,19.7999992
TXS05,30.22915,-98.77663,2025-04-04,na,6293.0,4675.0,20.0,26.5200005,15.7200003
TXS05,30.22915,-98.77663,2025-04-05,na,6293.0,4675.0,0.0,17.1499996,9.1700001
TXS05,30.22915,-98.77663,2025-04-06,na,6293.0,4675.0,0.0,13.9099998,4.3899999
TXS05,30.22915,-98.77663,2025-04-07,na,6293.0,4675.0,0.0,20.2999992,0.84
TXS05,30.22915,-98.77663,2025-04-08,na,6293.0,4675.0,0.0,25.0200005,2.49
TXS05,30.22915,-98.77663,2025-04-09,na,6293.0,4675.0,0.0,28.5799999,9.3199997
TXS05,30.22915,-98.77663,2025-04-10,na,6293.0,4675.0,0.0,32.0900002,11.1700001
TXS05,30.22915,-98.77663,2025-04-11,na,6293.0,4675.0,0.0,30.8099995,12.3999996
TXS05,30.22915,-98.77663,2025-04-12,na,6293.0,4675.0,0.0,30.8600006,13.5
TXS05,30.22915,-98.77663,2025-04-13,na,6293.0,4675.0,0.0,31.9899998,15.2399998
TXS05,30.22915,-98.77663,2025-04-14,na,6293.0,4675.0,0.0,32.2900009,15.2200003
TXS05,30.22915,-98.77663,2025-04-15,na,6293.0,4675.0,0.0,27.4599991,16.4300003
TXS05,30.22915,-98.77663,2025-04-16,na,6293.0,4675.0,0.0,26.8500004,15.4700003
TXS05,30.22915,-98.77663,2025-04-17,na,6293.0,4675.0,0.0,29.0400009,17.0699997
TXS05,30.22915,-98.77663,2025-04-18,na,6293.0,4675.0,0.0,30.5200005,18.1200008
TXS05,30.22915,-98.77663,2025-04-19,na,6293.0,4675.0,15.6099997,26.6700001,19.2800007
TXS05,30.22915,-98.77663,2025-04-20,na,6293.0,4675.0,0.0,26.0100002,13.3400002
TXS05,30.22915,-98.77663,2025-04-21,na,6293.0,4675.0,0.0,28.9699993,9.1899996
TXS05,30.22915,-98.77663,2025-04-22,na,6293.0,4675.0,19.1800003,28.2600002,14.0200005
TXS05,30.22915,-98.77663,2025-04-23,na,6293.0,4675.0,0.0,26.4300003,15.7600002
TXS05,30.22915,-98.77663,2025-04-24,na,6293.0,4675.0,0.0,27.9599991,17.9899998
TXS05,30.22915,-98.77663,2025-04-25,na,6293.0,4675.0,0.0,28.2700005,18.6100006
TXS05,30.22915,-98.77663,2025-04-26,na,6293.0,4675.0,0.0,27.3199997,18.6200008
TXS05,30.22915,-98.77663,2025-04-27,na,6293.0,4675.0,0.0,28.2999992,18.9099998
TXS05,30.22915,-98.77663,2025-04-28,na,6293.0,4675.0,0.0,28.7399998,20.0200005
TXS05,30.22915,-98.77663,2025-04-29,na,6293.0,4675.0,0.0,29.3999996,20.4099998
TXS05,30.22915,-98.77663,2025-04-30,na,6293.0,4675.0,0.0,31.1499996,20.5599995
TXS05,30.22915,-98.77663,2025-05-01,na,6293.0,4675.0,0.0,31.2600002,19.6599998
TXS05,30.22915,-98.77663,2025-05-02,na,6293.0,4675.0,27.8600006,26.9200001,16.75
TXS05,30.22915,-98.77663,2025-05-03,na,6293.0,4675.0,0.0,26.1700001,13.8400002
TXS05,30.22915,-98.77663,2025-05-04,na,6293.0,4675.0,0.0,27.1700001,10.79
TXS05,30.22915,-98.77663,2025-05-05,na,6293.0,4675.0,12.3299999,22.2099991,13.8900003
TXS05,30.22915,-98.77663,2025-05-06,na,6293.0,4675.0,4.48,29.2900009,16.3199997
TXS05,30.22915,-98.77663,2025-05-07,na,6293.0,4675.0,0.0,28.5499992,14.6700001
TXS05,30.22915,-98.77663,2025-05-08,na,6293.0,4675.0,1.3099999,27.0200005,15.04
TXS05,30.22915,-98.77663,2025-05-09,na,6293.0,4675.0,0.0,26.6499996,14.4200001
TXS05,30.22915,-98.77663,2025-05-10,na,6293.0,4675.0,2.54,26.25,14.0200005
TXS05,30.22915,-98.77663,2025-05-11,na,6293.0,4675.0,0.0,27.5799999,11.8800001
TXS05,30.22915,-98.77663,2025-05-12,na,6293.0,4675.0,0.0,32.1100006,8.6000004
TXS05,30.22915,-98.77663,2025-05-13,na,6293.0,4675.0,0.0,37.1500015,14.1099997
TXS05,30.22915,-98.77663,2025-05-14,na,6293.0,4675.0,0.0,37.3899994,18.5400009
TXS05,30.22915,-98.77663,2025-05-15,na,6293.0,4675.0,0.0,36.5099983,20.2900009
TXS05,30.22915,-98.77663,2025-05-16,na,6293.0,4675.0,0.0,35.9099998,22.7399998
TXS05,30.22915,-98.77663,2025-05-17,na,6293.0,4675.0,0.0,35.0999985,23.6399994
TXS05,30.22915,-98.77663,2025-05-18,na,6293.0,4675.0,0.0,33.1100006,23.1299992
TXS05,30.22915,-98.77663,2025-05-19,na,6293.0,4675.0,0.0,30.7600002,23.4500008
TXS05,30.22915,-98.77663,2025-05-20,na,6293.0,4675.0,0.0,32.9700012,21.3199997
TXS05,30.22915,-98.77663,2025-05-21,na,6293.0,4675.0,0.0,34.1500015,18.8500004
TXS05,30.22915,-98.77663,2025-05-22,na,6293.0,4675.0,33.6800003,35.3300018,20.4599991
TXS05,30.22915,-98.77663,2025-05-23,na,6293.0,4675.0,0.0,34.2299995,18.9400005
TXS05,30.22915,-98.77663,2025-05-24,na,6293.0,4675.0,0.0,34.25,21.7099991
TXS05,30.22915,-98.77663,2025-05-25,na,6293.0,4675.0,0.0,33.9799995,22.7600002
TXS05,30.22915,-98.77663,2025-05-26,na,6293.0,4675.0,32.9000015,31.7099991,20.1900005
TXS05,30.22915,-98.77663,2025-05-27,na,6293.0,4675.0,8.8100004,31.5699997,17.4200001
TXS05,30.22915,-98.77663,2025-05-28,na,6293.0,4675.0,0.0,30.3999996,18.2999992
TXS05,30.22915,-98.77663,2025-05-29,na,6293.0,4675.0,19.6800003,30.2999992,19.1800003
TXS05,30.22915,-98.77663,2025-05-30,na,6293.0,4675.0,0.0,27.6700001,18.2999992
TXS05,30.22915,-98.77663,2025-05-31,na,6293.0,4675.0,0.0,29.5799999,18.7399998
TXS05,30.22915,-98.77663,2025-06-01,na,6293.0,4675.0,0.0,33.1399994,19.9899998
TXS05,30.22915,-98.77663,2025-06-02,na,6293.0,4675.0,0.0,32.75,21.3299999
TXS05,30.22915,-98.77663,2025-06-03,na,6293.0,4675.0,28.6000004,31.6100006,22.7099991
TXS05,30.22915,-98.77663,2025-06-04,na,6293.0,4675.0,0.0,29.8600006,20.4500008
TXS05,30.22915,-98.77663,2025-06-05,na,6293.0,4675.0,0.0,31.8899994,21.4400005
TXS05,30.22915,-98.77663,2025-06-06,na,6293.0,4675.0,0.0,32.9300003,22.8299999
TXS05,30.22915,-98.77663,2025-06-07,na,6293.0,4675.0,0.0,33.4500008,23.0300007
TXS05,30.22915,-98.77663,2025-06-08,na,6293.0,4675.0,0.0,33.8800011,22.5400009
TXS05,30.22915,-98.77663,2025-06-09,na,6293.0,4675.0,0.0,31.5300007,21.5200005
TXS05,30.22915,-98.77663,2025-06-10,na,6293.0,4675.0,59.3800011,33.5299988,19.8600006
TXS05,30.22915,-98.77663,2025-06-11,na,6293.0,4675.0,12.6800003,30.3500004,18.3199997
TXS05,30.22915,-98.77663,2025-06-12,na,6293.0,4675.0,0.0,28.9699993,19.2399998
TXS05,30.22915,-98.77663,2025-06-13,na,6293.0,4675.0,0.0,31.9099998,19.1000004
TXS05,30.22915,-98.77663,2025-06-14,na,6293.0,4675.0,0.0,32.9500008,22.4400005
TXS05,30.22915,-98.77663,2025-06-15,na,6293.0,4675.0,0.0,32.6599998,21.4799995
TXS05,30.22915,-98.77663,2025-06-16,na,6293.0,4675.0,0.0,32.6100006,19.7099991
TXS05,30.22915,-98.77663,2025-06-17,na,6293.0,4675.0,0.0,33.0400009,20.4899998
TXS05,30.22915,-98.77663,2025-06-18,na,6293.0,4675.0,0.0,32.4799995,22.2399998
TXS05,30.22915,-98.77663,2025-06-19,na,6293.0,4675.0,0.0,33.3800011,22.6700001
TXS05,30.22915,-98.77663,2025-06-20,na,6293.0,4675.0,0.0,33.3400002,22.8500004
TXS05,30.22915,-98.77663,2025-06-21,na,6293.0,4675.0,2.95,31.6800003,22.6299992
TXS05,30.22915,-98.77663,2025-06-22,na,6293.0,4675.0,0.0,32.3499985,22.7099991
TXS05,30.22915,-98.77663,2025-06-23,na,6293.0,4675.0,0.0,33.2900009,22.8600006
TXS05,30.22915,-98.77663,2025-06-24,na,6293.0,4675.0,0.0,33.2099991,22.0100002
TXS05,30.22915,-98.77663,2025-06-25,na,6293.0,4675.0,0.0,33.2099991,21.7800007
TXS05,30.22915,-98.77663,2025-06-26,na,6293.0,4675.0,0.0,33.1899986,21.8400002
TXS05,30.22915,-98.77663,2025-06-27,na,6293.0,4675.0,0.0,33.3499985,21.8999996
TXS05,30.22915,-98.77663,2025-06-28,na,6293.0,4675.0,0.0,33.7000008,22.2299995
TXS05,30.22915,-98.77663,2025-06-29,na,6293.0,4675.0,0.0,34.0400009,21.8600006
TXS05,30.22915,-98.77663,2025-06-30,na,6293.0,4675.0,2.77,32.7099991,21.9099998
TXS05,30.22915,-98.77663,2025-07-01,na,6293.0,4675.0,0.0,32.3199997,21.1399994
TXS05,30.22915,-98.77663,2025-07-02,na,6293.0,4675.0,6.5799999,30.8299999,22.1399994
TXS05,30.22915,-98.77663,2025-07-03,na,6293.0,4675.0,81.7200012,30.8600006,22.5599995
TXS05,30.22915,-98.77663,2025-07-04,na,6293.0,4675.0,74.7399979,25.2800007,21.5300007
TXS05,30.22915,-98.77663,2025-07-05,na,6293.0,4675.0,0.63,26.4799995,22.1100006
TXS05,30.22915,-98.77663,2025-07-06,na,6293.0,4675.0,7.2399998,28.5400009,22.2299995
TXS05,30.22915,-98.77663,2025-07-07,na,6293.0,4675.0,0.0,30.7900009,22.6800003
TXS05,30.22915,-98.77663,2025-07-08,na,6293.0,4675.0,0.0,32.3400002,22.5
TXS05,30.22915,-98.77663,2025-07-09,na,6293.0,4675.0,11.0299997,32.1500015,21.7900009
TXS05,30.22915,-98.77663,2025-07-10,na,6293.0,4675.0,0.0,32.4799995,21.0
TXS05,30.22915,-98.77663,2025-07-11,na,6293.0,4675.0,0.0,32.0299988,22.0799999
TXS05,30.22915,-98.77663,2025-07-12,na,6293.0,4675.0,0.0,32.6899986,22.7399998
TXS05,30.22915,-98.77663,2025-07-13,na,6293.0,4675.0,30.1000004,30.0200005,20.4699993
TXS05,30.22915,-98.77663,2025-07-14,na,6293.0,4675.0,2.76,29.4300003,20.9200001
TXS05,30.22915,-98.77663,2025-07-15,na,6293.0,4675.0,1.84,31.0400009,22.1700001
TXS05,30.22915,-98.77663,2025-07-16,na,6293.0,4675.0,0.0,32.5499992,22.7999992
TXS05,30.22915,-98.77663,2025-07-17,na,6293.0,4675.0,0.0,33.0999985,21.6900005
TXS05,30.22915,-98.77663,2025-07-18,na,6293.0,4675.0,0.0,32.8800011,20.7099991
TXS05,30.22915,-98.77663,2025-07-19,na,6293.0,4675.0,0.0,32.6800003,22.4400005
TXS05,30.22915,-98.77663,2025-07-20,na,6293.0,4675.0,0.0,31.1299992,23.2900009
TXS05,30.22915,-98.77663,2025-07-21,na,6293.0,4675.0,0.33,32.0200005,23.1100006
TXS05,30.22915,-98.77663,2025-07-22,na,6293.0,4675.0,0.0,33.0099983,22.7999992
TXS05,30.22915,-98.77663,2025-07-23,na,6293.0,4675.0,0.0,33.9500008,22.25
TXS05,30.22915,-98.77663,2025-07-24,na,6293.0,4675.0,0.0,34.9199982,22.4099998
TXS05,30.22915,-98.77663,2025-07-25,na,6293.0,4675.0,0.0,34.6100006,20.7099991
TXS05,30.22915,-98.77663,2025-07-26,na,6293.0,4675.0,0.0,33.7799988,22.2999992
TXS05,30.22915,-98.77663,2025-07-27,na,6293.0,4675.0,2.26,32.9599991,23.1100006
TXS05,30.22915,-98.77663,2025-07-28,na,6293.0,4675.0,0.0,33.7000008,22.4099998
TXS05,30.22915,-98.77663,2025-07-29,na,6293.0,4675.0,0.0,35.0299988,20.6299992
TXS05,30.22915,-98.77663,2025-07-30,na,6293.0,4675.0,0.0,35.7200012,16.5200005
TXS05,30.22915,-98.77663,2025-07-31,na,6293.0,4675.0,0.0,36.6899986,18.5900002
TXS05,30.22915,-98.77663,2025-08-01,na,6293.0,4675.0,0.0,36.3400002,21.2399998
TXS05,30.22915,-98.77663,2025-08-02,na,6293.0,4675.0,1.62,34.9399986,21.6100006
TXS05,30.22915,-98.77663,2025-08-03,na,6293.0,4675.0,0.0,35.2400017,19.2900009
TXS05,30.22915,-98.77663,2025-08-04,na,6293.0,4675.0,0.0,33.3199997,21.2600002
TXS05,30.22915,-98.77663,2025-08-05,na,6293.0,4675.0,0.0,34.4300003,18.9799995
TXS05,30.22915,-98.77663,2025-08-06,na,6293.0,4675.0,0.0,34.5999985,20.5
TXS05,30.22915,-98.77663,2025-08-07,na,6293.0,4675.0,0.0,35.0800018,21.7299995
TXS05,30.22915,-98.77663,2025-08-08,na,6293.0,4675.0,0.0,35.5800018,21.9699993
TXS05,30.22915,-98.77663,2025-08-09,na,6293.0,4675.0,0.0,35.8400002,21.9500008
TXS05,30.22915,-98.77663,2025-08-10,na,6293.0,4675.0,0.0,35.4900017,21.7800007
TXS05,30.22915,-98.77663,2025-08-11,na,6293.0,4675.0,0.0,35.2400017,21.6900005
TXS05,30.22915,-98.77663,2025-08-12,na,6293.0,4675.0,0.0,35.2999992,22.3099995
TXS05,30.22915,-98.77663,2025-08-13,na,6293.0,4675.0,0.0,35.6100006,21.3799992
TXS05,30.22915,-98.77663,2025-08-14,na,6293.0,4675.0,0.0,36.2999992,21.9300003
TXS05,30.22915,-98.77663,2025-08-15,na,6293.0,4675.0,0.0,35.2000008,23.1100006
TXS05,30.22915,-98.77663,2025-08-16,na,6293.0,4675.0,7.79,33.3100014,22.3400002
TXS05,30.22915,-98.77663,2025-08-17,na,6293.0,4675.0,0.0,35.0699997,22.6200008
TXS05,30.22915,-98.77663,2025-08-18,na,6293.0,4675.0,0.0,36.3100014,21.7700005
TXS05,30.22915,-98.77663,2025-08-19,na,6293.0,4675.0,10.4899998,35.0800018,21.6200008
TXS05,30.22915,-98.77663,2025-08-20,na,6293.0,4675.0,0.0,34.6599998,19.7199993
TXS05,30.22915,-98.77663,2025-08-21,na,6293.0,4675.0,0.0,32.6199989,20.4300003
TXS05,30.22915,-98.77663,2025-08-22,na,6293.0,4675.0,0.0,33.7999992,19.1700001
TXS05,30.22915,-98.77663,2025-08-23,na,6293.0,4675.0,0.0,33.6800003,20.0799999
TXS05,30.22915,-98.77663,2025-08-24,na,6293.0,4675.0,0.0,34.7099991,18.9300003
TXS05,30.22915,-98.77663,2025-08-25,na,6293.0,4675.0,0.0,34.5600014,19.7800007
TXS05,30.22915,-98.77663,2025-08-26,na,6293.0,4675.0,0.0,34.25,19.5100002
TXS05,30.22915,-98.77663,2025-08-27,na,6293.0,4675.0,2.4100001,34.5200005,21.6499996
TXS05,30.22915,-98.77663,2025-08-28,na,6293.0,4675.0,0.0,36.0999985,23.0200005
TXS05,30.22915,-98.77663,2025-08-29,na,6293.0,4675.0,0.0,36.9399986,23.5200005
TXS05,30.22915,-98.77663,2025-08-30,na,6293.0,4675.0,0.0,35.5299988,22.75
TXS05,30.22915,-98.77663,2025-08-31,na,6293.0,4675.0,50.0900002,33.4399986,21.7299995
TXS05,30.22915,-98.77663,2025-09-01,na,6293.0,4675.0,0.0,31.6499996,20.9200001
TXS05,30.22915,-98.77663,2025-09-02,na,6293.0,4675.0,0.0,33.0200005,18.8700008
TXS05,30.22915,-98.77663,2025-09-03,na,6293.0,4675.0,0.0,33.7599983,19.0
TXS05,30.22915,-98.77663,2025-09-04,na,6293.0,4675.0,0.0,35.9599991,16.0400009
TXS05,30.22915,-98.77663,2025-09-05,na,6293.0,4675.0,0.0,35.7900009,19.8700008
TXS05,30.22915,-98.77663,2025-09-06,na,6293.0,4675.0,33.6300011,30.25,21.1800003
TXS05,30.22915,-98.77663,2025-09-07,na,6293.0,4675.0,19.2999992,24.8899994,20.2399998
TXS05,30.22915,-98.77663,2025-09-08,na,6293.0,4675.0,0.0,27.8500004,18.5200005
TXS05,30.22915,-98.77663,2025-09-09,na,6293.0,4675.0,0.0,30.5,15.0200005
TXS05,30.22915,-98.77663,2025-09-10,na,6293.0,4675.0,0.0,31.9799995,15.8199997
TXS05,30.22915,-98.77663,2025-09-11,na,6293.0,4675.0,0.0,32.4300003,15.8299999
TXS05,30.22915,-98.77663,2025-09-12,na,6293.0,4675.0,0.0,32.7799988,18.6900005
TXS05,30.22915,-98.77663,2025-09-13,na,6293.0,4675.0,0.0,32.0400009,18.2600002
TXS05,30.22915,-98.77663,2025-09-14,na,6293.0,4675.0,0.0,32.1899986,19.1499996
TXS05,30.22915,-98.77663,2025-09-15,na,6293.0,4675.0,0.0,32.2599983,18.9099998
TXS05,30.22915,-98.77663,2025-09-16,na,6293.0,4675.0,0.0,32.0699997,18.1200008
TXS05,30.22915,-98.77663,2025-09-17,na,6293.0,4675.0,0.0,32.3699989,17.0300007
TXS05,30.22915,-98.77663,2025-09-18,na,6293.0,4675.0,0.0,32.4099998,17.8899994
TXS05,30.22915,-98.77663,2025-09-19,na,6293.0,4675.0,0.0,33.0900002,18.2999992
TXS05,30.22915,-98.77663,2025-09-20,na,6293.0,4675.0,0.0,33.3199997,17.9099998
TXS05,30.22915,-98.77663,2025-09-21,na,6293.0,4675.0,0.0,33.6300011,21.0100002
TXS05,30.22915,-98.77663,2025-09-22,na,6293.0,4675.0,0.0,34.4099998,21.9099998
TXS05,30.22915,-98.77663,2025-09-23,na,6293.0,4675.0,0.0,34.9900017,22.75
TXS05,30.22915,-98.77663,2025-09-24,na,6293.0,4675.0,0.0,29.7399998,21.5400009
TXS05,30.22915,-98.77663,2025-09-25,na,6293.0,4675.0,0.0,30.1100006,18.4500008
TXS05,30.22915,-98.77663,2025-09-26,na,6293.0,4675.0,0.0,31.3700008,13.5900002
TXS05,30.22915,-98.77663,2025-09-27,na,6293.0,4675.0,0.0,32.2299995,12.8400002
TXS05,30.22915,-98.77663,2025-09-28,na,6293.0,4675.0,0.0,31.6100006,13.1999998
TXS05,30.22915,-98.77663,2025-09-29,na,6293.0,4675.0,0.0,30.1700001,14.0799999
TXS05,30.22915,-98.77663,2025-09-30,na,6293.0,4675.0,0.0,32.3100014,14.2799997
TXS05,30.22915,-98.77663,2025-10-01,na,6293.0,4675.0,0.0,33.5800018,14.1999998
TXS05,30.22915,-98.77663,2025-10-02,na,6293.0,4675.0,0.0,33.8300018,15.0900002
TXS05,30.22915,-98.77663,2025-10-03,na,6293.0,4675.0,0.0,33.2299995,15.6999998
TXS05,30.22915,-98.77663,2025-10-04,na,6293.0,4675.0,0.0,31.2999992,16.4599991
TXS05,30.22915,-98.77663,2025-10-05,na,6293.0,4675.0,0.0,31.4599991,16.4400005
TXS05,30.22915,-98.77663,2025-10-06,na,6293.0,4675.0,0.0,32.1699982,16.8199997
TXS05,30.22915,-98.77663,2025-10-07,na,6293.0,4675.0,0.0,32.2400017,17.75
TXS05,30.22915,-98.77663,2025-10-08,na,6293.0,4675.0,0.0,31.8099995,18.1100006
TXS05,30.22915,-98.77663,2025-10-09,na,6293.0,4675.0,0.0,31.6900005,18.0400009
TXS05,30.22915,-98.77663,2025-10-10,na,6293.0,4675.0,0.0,32.0099983,15.4899998
TXS05,30.22915,-98.77663,2025-10-11,na,6293.0,4675.0,0.0,32.6300011,14.1300001
TXS05,30.22915,-98.77663,2025-10-12,na,6293.0,4675.0,0.0,31.3099995,14.5900002
TXS05,30.22915,-98.77663,2025-10-13,na,6293.0,4675.0,0.0,31.0100002,15.2200003
TXS05,30.22915,-98.77663,2025-10-14,na,6293.0,4675.0,0.0,30.7099991,16.1499996
TXS05,30.22915,-98.77663,2025-10-15,na,6293.0,4675.0,0.0,31.8099995,14.1199999
TXS05,30.22915,-98.77663,2025-10-16,na,6293.0,4675.0,0.0,29.7700005,14.7399998
TXS05,30.22915,-98.77663,2025-10-17,na,6293.0,4675.0,0.0,30.9400005,15.8400002
TXS05,30.22915,-98.77663,2025-10-18,na,6293.0,4675.0,0.0,33.1399994,17.1800003
TXS05,30.22915,-98.77663,2025-10-19,na,6293.0,4675.0,0.0,29.75,13.6300001
TXS05,30.22915,-98.77663,2025-10-20,na,6293.0,4675.0,0.0,32.0999985,12.9099998
TXS05,30.22915,-98.77663,2025-10-21,na,6293.0,4675.0,0.0,29.6000004,16.4500008
TXS05,30.22915,-98.77663,2025-10-22,na,6293.0,4675.0,0.0,29.8199997,13.6499996
TXS05,30.22915,-98.77663,2025-10-23,na,6293.0,4675.0,0.0,30.75,17.5
TXS05,30.22915,-98.77663,2025-10-24,na,6293.0,4675.0,38.6399994,29.5,15.9700003
TXS05,30.22915,-98.77663,2025-10-25,na,6293.0,4675.0,0.0,26.5400009,15.1499996
TXS05,30.22915,-98.77663,2025-10-26,na,6293.0,4675.0,0.0,28.9899998,13.1099997
TXS05,30.22915,-98.77663,2025-10-27,na,6293.0,4675.0,0.0,30.1700001,14.0600004
TXS05,30.22915,-98.77663,2025-10-28,na,6293.0,4675.0,0.0,27.75,14.9700003
TXS05,30.22915,-98.77663,2025-10-29,na,6293.0,4675.0,0.0,19.3500004,7.02
TXS05,30.22915,-98.77663,2025-10-30,na,6293.0,4675.0,0.0,21.5300007,1.15
TXS05,30.22915,-98.77663,2025-10-31,na,6293.0,4675.0,0.0,22.9799995,1.92
TXS05,30.22915,-98.77663,2025-11-01,na,6293.0,4675.0,0.0,20.75,6.5
TXS05,30.22915,-98.77663,2025-11-02,na,6293.0,4675.0,0.0,22.5499992,5.27
TXS05,30.22915,-98.77663,2025-11-03,na,6293.0,4675.0,0.0,24.4300003,5.77
TXS05,30.22915,-98.77663,2025-11-04,na,6293.0,4675.0,0.0,25.2000008,6.8000002
TXS05,30.22915,-98.77663,2025-11-05,na,6293.0,4675.0,0.0,28.0200005,9.6700001
TXS05,30.22915,-98.77663,2025-11-06,na,6293.0,4675.0,0.0,28.5400009,10.8199997
TXS05,30.22915,-98.77663,2025-11-07,na,6293.0,4675.0,0.0,31.7099991,11.3100004
TXS05,30.22915,-98.77663,2025-11-08,na,6293.0,4675.0,0.0,31.1800003,9.8900003
TXS05,30.22915,-98.77663,2025-11-09,na,6293.0,4675.0,0.0,21.5499992,8.8400002
TXS05,30.22915,-98.77663,2025-11-10,na,6293.0,4675.0,0.0,17.3999996,0.99
TXS05,30.22915,-98.77663,2025-11-11,na,6293.0,4675.0,0.0,22.7900009,2.21
TXS05,30.22915,-98.77663,2025-11-12,na,6293.0,4675.0,0.0,26.1700001,7.7800002
TXS05,30.22915,-98.77663,2025-11-13,na,6293.0,4675.0,0.0,27.5799999,11.7200003
TXS05,30.22915,-98.77663,2025-11-14,na,6293.0,4675.0,0.0,28.0799999,15.2799997
TXS05,30.22915,-98.77663,2025-11-15,na,6293.0,4675.0,0.0,28.3199997,16.4200001
TXS05,30.22915,-98.77663,2025-11-16,na,6293.0,4675.0,0.0,30.0799999,15.5500002
TXS05,30.22915,-98.77663,2025-11-17,na,6293.0,4675.0,0.0,28.8700008,16.4300003
TXS05,30.22915,-98.77663,2025-11-18,na,6293.0,4675.0,0.0,26.6800003,17.2399998
TXS05,30.22915,-98.77663,2025-11-19,na,6293.0,4675.0,0.0,26.5599995,18.0699997
TXS05,30.22915,-98.77663,2025-11-20,na,6293.0,4675.0,6.1799998,26.4599991,16.5
TXS05,30.22915,-98.77663,2025-11-21,na,6293.0,4675.0,3.0999999,24.6800003,14.3599997
TXS05,30.22915,-98.77663,2025-11-22,na,6293.0,4675.0,0.0,24.8099995,10.6099997
TXS05,30.22915,-98.77663,2025-11-23,na,6293.0,4675.0,0.0,19.6200008,12.1999998
TXS05,30.22915,-98.77663,2025-11-24,na,6293.0,4675.0,3.24,23.7299995,11.8599997
TXS05,30.22915,-98.77663,2025-11-25,na,6293.0,4675.0,0.0,26.3299999,7.0999999
TXS05,30.22915,-98.77663,2025-11-26,na,6293.0,4675.0,0.0,17.9599991,7.9400001
TXS05,30.22915,-98.77663,2025-11-27,na,6293.0,4675.0,0.0,16.1800003,5.3600001
TXS05,30.22915,-98.77663,2025-11-28,na,6293.0,4675.0,2.6500001,17.3199997,8.6199999
TXS05,30.22915,-98.77663,2025-11-29,na,6293.0,4675.0,0.0,23.1599998,11.6400003
TXS05,30.22915,-98.77663,2025-11-30,na,6293.0,4675.0,0.0,13.7600002,5.3200002
TXS05,30.22915,-98.77663,2025-12-01,na,6293.0,4675.0,0.0,8.2299995,3.26
TXS05,30.22915,-98.77663,2025-12-02,na,6293.0,4675.0,0.0,15.8999996,-0.74
TXS05,30.22915,-98.77663,2025-12-03,na,6293.0,4675.0,0.77,18.5799999,1.0599999
TXS05,30.22915,-98.77663,2025-12-04,na,6293.0,4675.0,0.0,11.7399998,4.4299998
TXS05,30.22915,-98.77663,2025-12-05,na,6293.0,4675.0,0.0,14.75,4.9899998
TXS05,30.22915,-98.77663,2025-12-06,na,6293.0,4675.0,0.0,25.0599995,4.5500002
TXS05,30.22915,-98.77663,2025-12-07,na,6293.0,4675.0,0.0,18.8400002,5.9400001
TXS05,30.22915,-98.77663,2025-12-08,na,6293.0,4675.0,0.0,18.5100002,-0.19
TXS05,30.22915,-98.77663,2025-12-09,na,6293.0,4675.0,0.0,19.7299995,-0.47
TXS05,30.22915,-98.77663,2025-12-10,na,6293.0,4675.0,0.0,21.1700001,3.1400001
TXS05,30.22915,-98.77663,2025-12-11,na,6293.0,4675.0,0.0,21.0599995,0.22
TXS05,30.22915,-98.77663,2025-12-12,na,6293.0,4675.0,0.0,22.6299992,5.27
TXS05,30.22915,-98.77663,2025-12-13,na,6293.0,4675.0,0.0,25.4599991,10.1099997
TXS05,30.22915,-98.77663,2025-12-14,na,6293.0,4675.0,0.0,15.0699997,3.05
TXS05,30.22915,-98.77663,2025-12-15,na,6293.0,4675.0,0.0,15.9099998,1.1
TXS05,30.22915,-98.77663,2025-12-16,na,6293.0,4675.0,0.0,14.3699999,4.1599998
TXS05,30.22915,-98.77663,2025-12-17,na,6293.0,4675.0,0.0,18.5200005,10.6300001
TXS05,30.22915,-98.77663,2025-12-18,na,6293.0,4675.0,0.0,22.9699993,8.54
TXS05,30.22915,-98.77663,2025-12-19,na,6293.0,4675.0,0.0,20.6000004,0.22
TXS05,30.22915,-98.77663,2025-12-20,na,6293.0,4675.0,0.0,25.7000008,6.1799998
TXS05,30.22915,-98.77663,2025-12-21,na,6293.0,4675.0,0.0,21.2700005,6.3200002
TXS05,30.22915,-98.77663,2025-12-22,na,6293.0,4675.0,0.0,24.6000004,6.75
TXS05,30.22915,-98.77663,2025-12-23,na,6293.0,4675.0,0.0,25.1299992,14.0900002
TXS05,30.22915,-98.77663,2025-12-24,na,6293.0,4675.0,0.0,24.0599995,14.4499998
TXS05,30.22915,-98.77663,2025-12-25,na,6293.0,4675.0,0.0,25.1900005,13.1499996
TXS05,30.22915,-98.77663,2025-12-26,na,6293.0,4675.0,0.0,28.8299999,14.21
TXS05,30.22915,-98.77663,2025-12-27,na,6293.0,4675.0,0.0,24.7399998,15.5100002
TXS05,30.22915,-98.77663,2025-12-28,na,6293.0,4675.0,0.0,25.2399998,13.2299995
TXS05,30.22915,-98.77663,2025-12-29,na,6293.0,4675.0,0.0,9.0699997,4.0599999
TXS05,30.22915,-98.77663,2025-12-30,na,6293.0,4675.0,0.0,15.6599998,1.5599999
TXS05,30.22915,-98.77663,2025-12-31,na,6293.0,4675.0,0.0,20.6700001,-1.53
TXS06,30.17846,-98.69485,2024-01-01,na,6299.0,4683.0,0.0,14.9499998,1.37
TXS06,30.17846,-98.69485,2024-01-02,na,6299.0,4683.0,17.5100002,8.3299999,1.71
TXS06,30.17846,-98.69485,2024-01-03,na,6299.0,4683.0,0.0,9.29,3.8099999
TXS06,30.17846,-98.69485,2024-01-04,na,6299.0,4683.0,12.8599997,10.3500004,3.4000001
TXS06,30.17846,-98.69485,2024-01-05,na,6299.0,4683.0,0.0,15.4700003,3.47
TXS06,30.17846,-98.69485,2024-01-06,na,6299.0,4683.0,0.0,17.0200005,-0.81
TXS06,30.17846,-98.69485,2024-01-07,na,6299.0,4683.0,4.0500002,16.6399994,-2.3399999
TXS06,30.17846,-98.69485,2024-01-08,na,6299.0,4683.0,1.97,16.6100006,3.46
TXS06,30.17846,-98.69485,2024-01-09,na,6299.0,4683.0,0.0,12.8699999,0.02
TXS06,30.17846,-98.69485,2024-01-10,na,6299.0,4683.0,0.0,17.3199997,-1.11
TXS06,30.17846,-98.69485,2024-01-11,na,6299.0,4683.0,0.0,20.5300007,-0.56
TXS06,30.17846,-98.69485,2024-01-12,na,6299.0,4683.0,0.0,14.5500002,0.14
TXS06,30.17846,-98.69485,2024-01-13,na,6299.0,4683.0,0.0,12.7600002,-3.1600001
TXS06,30.17846,-98.69485,2024-01-14,na,6299.0,4683.0,0.0,0.94,-8.7799997
TXS06,30.17846,-98.69485,2024-01-15,na,6299.0,4683.0,0.0,-5.4000001,-10.7600002
TXS06,30.17846,-98.69485,2024-01-16,na,6299.0,4683.0,0.0,-0.75,-11.2799997
TXS06,30.17846,-98.69485,2024-01-17,na,6299.0,4683.0,0.0,6.5,-12.1099997
TXS06,30.17846,-98.69485,2024-01-18,na,6299.0,4683.0,0.0,20.3700008,-3.3
TXS06,30.17846,-98.69485,2024-01-19,na,6299.0,4683.0,0.0,7.4400001,-2.97
TXS06,30.17846,-98.69485,2024-01-20,na,6299.0,4683.0,0.0,4.3499999,-6.3600001
TXS06,30.17846,-98.69485,2024-01-21,na,6299.0,4683.0,10.7799997,6.3400002,-1.5
TXS06,30.17846,-98.69485,2024-01-22,na,6299.0,4683.0,2.6900001,17.7399998,1.02
TXS06,30.17846,-98.69485,2024-01-23,na,6299.0,4683.0,3.23,17.3400002,8.8599997
TXS06,30.17846,-98.69485,2024-01-24,na,6299.0,4683.0,6.5300002,14.5799999,10.21
TXS06,30.17846,-98.69485,2024-01-25,na,6299.0,4683.0,0.0,18.7399998,5.6700001
TXS06,30.17846,-98.69485,2024-01-26,na,6299.0,4683.0,0.0,19.6499996,7.6399999
TXS06,30.17846,-98.69485,2024-01-27,na,6299.0,4683.0,0.0,16.0900002,6.8000002
TXS06,30.17846,-98.69485,2024-01-28,na,6299.0,4683.0,0.0,17.9099998,0.17
TXS06,30.17846,-98.69485,2024-01-29,na,6299.0,4683.0,0.0,19.4799995,0.54
TXS06,30.17846,-98.69485,2024-01-30,na,6299.0,4683.0,0.0,20.9799995,2.1800001
TXS06,30.17846,-98.69485,2024-01-31,na,6299.0,4683.0,0.0,21.2900009,1.76
TXS06,30.17846,-98.69485,2024-02-01,na,6299.0,4683.0,0.0,19.7000008,4.6900001
TXS06,30.17846,-98.69485,2024-02-02,na,6299.0,4683.0,10.1000004,17.5400009,10.5299997
TXS06,30.17846,-98.69485,2024-02-03,na,6299.0,4683.0,0.0,19.0699997,7.9200001
TXS06,30.17846,-98.69485,2024-02-04,na,6299.0,4683.0,0.0,17.5400009,7.6900001
TXS06,30.17846,-98.69485,2024-02-05,na,6299.0,4683.0,0.0,16.5400009,7.1799998
TXS06,30.17846,-98.69485,2024-02-06,na,6299.0,4683.0,0.0,18.3099995,0.92
TXS06,30.17846,-98.69485,2024-02-07,na,6299.0,4683.0,0.0,18.6499996,4.9899998
TXS06,30.17846,-98.69485,2024-02-08,na,6299.0,4683.0,0.0,19.8600006,9.6499996
TXS06,30.17846,-98.69485,2024-02-09,na,6299.0,4683.0,15.21,20.8199997,11.3900003
TXS06,30.17846,-98.69485,2024-02-10,na,6299.0,4683.0,12.25,17.0400009,12.5500002
TXS06,30.17846,-98.69485,2024-02-11,na,6299.0,4683.0,0.0,14.9200001,6.48
TXS06,30.17846,-98.69485,2024-02-12,na,6299.0,4683.0,0.0,14.04,2.22
TXS06,30.17846,-98.69485,2024-02-13,na,6299.0,4683.0,0.0,17.4599991,-0.8
TXS06,30.17846,-98.69485,2024-02-14,na,6299.0,4683.0,0.0,16.5100002,2.04
TXS06,30.17846,-98.69485,2024-02-15,na,6299.0,4683.0,0.0,18.7999992,9.1800003
TXS06,30.17846,-98.69485,2024-02-16,na,6299.0,4683.0,0.0,20.7099991,7.96
TXS06,30.17846,-98.69485,2024-02-17,na,6299.0,4683.0,0.0,7.77,0.9
TXS06,30.17846,-98.69485,2024-02-18,na,6299.0,4683.0,0.0,10.96,-2.8699999
TXS06,30.17846,-98.69485,2024-02-19,na,6299.0,4683.0,0.0,18.5599995,-0.58
TXS06,30.17846,-98.69485,2024-02-20,na,6299.0,4683.0,0.0,24.6800003,4.04
TXS06,30.17846,-98.69485,2024-02-21,na,6299.0,4683.0,0.0,24.2000008,9.71
TXS06,30.17846,-98.69485,2024-02-22,na,6299.0,4683.0,0.0,27.1100006,13.3199997
TXS06,30.17846,-98.69485,2024-02-23,na,6299.0,4683.0,0.0,21.6800003,9.4300003
TXS06,30.17846,-98.69485,2024-02-24,na,6299.0,4683.0,0.0,23.3299999,3.77
TXS06,30.17846,-98.69485,2024-02-25,na,6299.0,4683.0,0.0,27.9200001,10.5200005
TXS06,30.17846,-98.69485,2024-02-26,na,6299.0,4683.0,0.0,31.2700005,12.2600002
TXS06,30.17846,-98.69485,2024-02-27,na,6299.0,4683.0,0.0,28.3799992,14.7600002
TXS06,30.17846,-98.69485,2024-02-28,na,6299.0,4683.0,0.0,19.3099995,6.3099999
TXS06,30.17846,-98.69485,2024-02-29,na,6299.0,4683.0,0.0,10.54,3.1500001
TXS06,30.17846,-98.69485,2024-03-01,na,6299.0,4683.0,0.0,24.9400005,0.26
TXS06,30.17846,-98.69485,2024-03-02,na,6299.0,4683.0,0.0,26.75,6.3099999
TXS06,30.17846,-98.69485,2024-03-03,na,6299.0,4683.0,0.0,23.6599998,11.0500002
TXS06,30.17846,-98.69485,2024-03-04,na,6299.0,4683.0,0.0,24.3899994,12.6300001
TXS06,30.17846,-98.69485,2024-03-05,na,6299.0,4683.0,0.0,28.2199993,10.0799999
TXS06,30.17846,-98.69485,2024-03-06,na,6299.0,4683.0,0.0,26.7600002,8.7799997
TXS06,30.17846,-98.69485,2024-03-07,na,6299.0,4683.0,8.8699999,22.1000004,14.3999996
TXS06,30.17846,-98.69485,2024-03-08,na,6299.0,4683.0,0.0,24.6700001,8.6499996
TXS06,30.17846,-98.69485,2024-03-09,na,6299.0,4683.0,0.0,16.4799995,5.2800002
TXS06,30.17846,-98.69485,2024-03-10,na,6299.0,4683.0,0.0,18.1900005,1.8
TXS06,30.17846,-98.69485,2024-03-11,na,6299.0,4683.0,0.0,21.6800003,6.23
TXS06,30.17846,-98.69485,2024-03-12,na,6299.0,4683.0,0.0,22.4300003,9.71
TXS06,30.17846,-98.69485,2024-03-13,na,6299.0,4683.0,0.0,27.0799999,13.2799997
TXS06,30.17846,-98.69485,2024-03-14,na,6299.0,4683.0,2.3399999,24.2000008,17.7600002
TXS06,30.17846,-98.69485,2024-03-15,na,6299.0,4683.0,1.39,21.4300003,16.2800007
TXS06,30.17846,-98.69485,2024-03-16,na,6299.0,4683.0,9.1599998,20.4099998,13.1899996
TXS06,30.17846,-98.69485,2024-03-17,na,6299.0,4683.0,4.27,16.3999996,11.75
TXS06,30.17846,-98.69485,2024-03-18,na,6299.0,4683.0,0.54,16.2600002,9.2200003
TXS06,30.17846,-98.69485,2024-03-19,na,6299.0,4683.0,0.0,17.4099998,6.3200002
TXS06,30.17846,-98.69485,2024-03-20,na,6299.0,4683.0,0.87,17.6000004,5.8899999
TXS06,30.17846,-98.69485,2024-03-21,na,6299.0,4683.0,14.2600002,19.7800007,9.6400003
TXS06,30.17846,-98.69485,2024-03-22,na,6299.0,4683.0,0.0,23.3999996,9.25
TXS06,30.17846,-98.69485,2024-03-23,na,6299.0,4683.0,0.0,21.7299995,7.1500001
TXS06,30.17846,-98.69485,2024-03-24,na,6299.0,4683.0,8.0299997,20.1900005,10.3400002
TXS06,30.17846,-98.69485,2024-03-25,na,6299.0,4683.0,0.0,22.4200001,10.1899996
TXS06,30.17846,-98.69485,2024-03-26,na,6299.0,4683.0,0.0,19.6599998,4.6399999
TXS06,30.17846,-98.69485,2024-03-27,na,6299.0,4683.0,5.75,19.5900002,5.3600001
TXS06,30.17846,-98.69485,2024-03-28,na,6299.0,4683.0,0.0,23.2800007,4.7399998
TXS06,30.17846,-98.69485,2024-03-29,na,6299.0,4683.0,0.0,23.8899994,9.6300001
TXS06,30.17846,-98.69485,2024-03-30,na,6299.0,4683.0,0.0,21.5900002,14.6700001
TXS06,30.17846,-98.69485,2024-03-31,na,6299.0,4683.0,0.0,22.3999996,16.5100002
TXS06,30.17846,-98.69485,2024-04-01,na,6299.0,4683.0,7.79,26.5100002,15.2799997
TXS06,30.17846,-98.69485,2024-04-02,na,6299.0,4683.0,0.0,21.7000008,10.3100004
TXS06,30.17846,-98.69485,2024-04-03,na,6299.0,4683.0,0.0,24.7099991,4.4400001
TXS06,30.17846,-98.69485,2024-04-04,na,6299.0,4683.0,0.0,28.2700005,4.9499998
TXS06,30.17846,-98.69485,2024-04-05,na,6299.0,4683.0,0.0,27.25,9.54
TXS06,30.17846,-98.69485,2024-04-06,na,6299.0,4683.0,1.25,25.6399994,12.96
TXS06,30.17846,-98.69485,2024-04-07,na,6299.0,4683.0,0.0,26.3099995,12.7200003
TXS06,30.17846,-98.69485,2024-04-08,na,6299.0,4683.0,0.0,25.0,11.96
TXS06,30.17846,-98.69485,2024-04-09,na,6299.0,4683.0,6.6500001,29.3600006,15.8000002
TXS06,30.17846,-98.69485,2024-04-10,na,6299.0,4683.0,0.0,20.75,10.0100002
TXS06,30.17846,-98.69485,2024-04-11,na,6299.0,4683.0,0.0,25.1399994,7.6799998
TXS06,30.17846,-98.69485,2024-04-12,na,6299.0,4683.0,0.0,26.5400009,8.2600002
TXS06,30.17846,-98.69485,2024-04-13,na,6299.0,4683.0,0.0,26.8899994,10.8299999
TXS06,30.17846,-98.69485,2024-04-14,na,6299.0,4683.0,0.0,28.0900002,16.0100002
TXS06,30.17846,-98.69485,2024-04-15,na,6299.0,4683.0,0.0,27.75,17.8799992
TXS06,30.17846,-98.69485,2024-04-16,na,6299.0,4683.0,0.0,27.9899998,18.7600002
TXS06,30.17846,-98.69485,2024-04-17,na,6299.0,4683.0,0.0,28.5599995,19.8999996
TXS06,30.17846,-98.69485,2024-04-18,na,6299.0,4683.0,0.0,27.2900009,20.3799992
TXS06,30.17846,-98.69485,2024-04-19,na,6299.0,4683.0,0.0,22.0300007,16.1299992
TXS06,30.17846,-98.69485,2024-04-20,na,6299.0,4683.0,12.2600002,19.2199993,13.0500002
TXS06,30.17846,-98.69485,2024-04-21,na,6299.0,4683.0,0.0,18.6800003,8.3400002
TXS06,30.17846,-98.69485,2024-04-22,na,6299.0,4683.0,0.0,21.8299999,6.6599998
TXS06,30.17846,-98.69485,2024-04-23,na,6299.0,4683.0,0.0,23.1700001,10.8699999
TXS06,30.17846,-98.69485,2024-04-24,na,6299.0,4683.0,0.0,26.5300007,16.6800003
TXS06,30.17846,-98.69485,2024-04-25,na,6299.0,4683.0,0.0,25.8700008,18.4200001
TXS06,30.17846,-98.69485,2024-04-26,na,6299.0,4683.0,0.0,26.9799995,20.0499992
TXS06,30.17846,-98.69485,2024-04-27,na,6299.0,4683.0,19.3700008,27.0799999,20.7999992
TXS06,30.17846,-98.69485,2024-04-28,na,6299.0,4683.0,0.0,28.4799995,15.9799995
TXS06,30.17846,-98.69485,2024-04-29,na,6299.0,4683.0,0.0,29.9400005,15.0299997
TXS06,30.17846,-98.69485,2024-04-30,na,6299.0,4683.0,0.0,28.6200008,17.9899998
TXS06,30.17846,-98.69485,2024-05-01,na,6299.0,4683.0,28.0100002,25.8099995,18.7900009
TXS06,30.17846,-98.69485,2024-05-02,na,6299.0,4683.0,1.58,25.5900002,20.2199993
TXS06,30.17846,-98.69485,2024-05-03,na,6299.0,4683.0,2.27,25.3799992,19.7099991
TXS06,30.17846,-98.69485,2024-05-04,na,6299.0,4683.0,12.6099997,23.1900005,19.7600002
TXS06,30.17846,-98.69485,2024-05-05,na,6299.0,4683.0,0.89,23.4899998,15.6199999
TXS06,30.17846,-98.69485,2024-05-06,na,6299.0,4683.0,0.0,27.7099991,18.9400005
TXS06,30.17846,-98.69485,2024-05-07,na,6299.0,4683.0,0.0,29.8199997,20.1700001
TXS06,30.17846,-98.69485,2024-05-08,na,6299.0,4683.0,0.0,30.6900005,21.7600002
TXS06,30.17846,-98.69485,2024-05-09,na,6299.0,4683.0,0.0,33.0299988,20.3199997
TXS06,30.17846,-98.69485,2024-05-10,na,6299.0,4683.0,0.0,27.4500008,17.5599995
TXS06,30.17846,-98.69485,2024-05-11,na,6299.0,4683.0,1.72,25.9500008,17.4599991
TXS06,30.17846,-98.69485,2024-05-12,na,6299.0,4683.0,1.5599999,26.8400002,16.8400002
TXS06,30.17846,-98.69485,2024-05-13,na,6299.0,4683.0,10.1000004,28.2299995,16.9899998
TXS06,30.17846,-98.69485,2024-05-14,na,6299.0,4683.0,0.0,31.1599998,13.3599997
TXS06,30.17846,-98.69485,2024-05-15,na,6299.0,4683.0,0.0,32.1199989,17.6000004
TXS06,30.17846,-98.69485,2024-05-16,na,6299.0,4683.0,8.2299995,26.6900005,18.2199993
TXS06,30.17846,-98.69485,2024-05-17,na,6299.0,4683.0,0.0,28.2900009,13.7299995
TXS06,30.17846,-98.69485,2024-05-18,na,6299.0,4683.0,0.0,34.2200012,15.7700005
TXS06,30.17846,-98.69485,2024-05-19,na,6299.0,4683.0,0.0,33.3199997,18.6499996
TXS06,30.17846,-98.69485,2024-05-20,na,6299.0,4683.0,0.0,33.1599998,20.0900002
TXS06,30.17846,-98.69485,2024-05-21,na,6299.0,4683.0,0.0,32.8899994,21.7099991
TXS06,30.17846,-98.69485,2024-05-22,na,6299.0,4683.0,0.0,31.5799999,23.2900009
TXS06,30.17846,-98.69485,2024-05-23,na,6299.0,4683.0,0.0,31.6900005,23.0799999
TXS06,30.17846,-98.69485,2024-05-24,na,6299.0,4683.0,0.0,31.7600002,23.3799992
TXS06,30.17846,-98.69485,2024-05-25,na,6299.0,4683.0,0.0,35.4399986,23.1599998
TXS06,30.17846,-98.69485,2024-05-26,na,6299.0,4683.0,0.0,35.6300011,23.0699997
TXS06,30.17846,-98.69485,2024-05-27,na,6299.0,4683.0,15.0100002,38.4199982,23.25
TXS06,30.17846,-98.69485,2024-05-28,na,6299.0,4683.0,27.8700008,31.5499992,20.2999992
TXS06,30.17846,-98.69485,2024-05-29,na,6299.0,4683.0,0.0,30.8400002,18.8500004
TXS06,30.17846,-98.69485,2024-05-30,na,6299.0,4683.0,34.6199989,31.2800007,20.5200005
TXS06,30.17846,-98.69485,2024-05-31,na,6299.0,4683.0,0.0,29.6700001,16.2099991
TXS06,30.17846,-98.69485,2024-06-01,na,6299.0,4683.0,0.0,30.75,18.0
TXS06,30.17846,-98.69485,2024-06-02,na,6299.0,4683.0,0.0,32.0200005,21.2700005
TXS06,30.17846,-98.69485,2024-06-03,na,6299.0,4683.0,0.0,32.7599983,23.8600006
TXS06,30.17846,-98.69485,2024-06-04,na,6299.0,4683.0,0.0,35.5499992,24.2800007
TXS06,30.17846,-98.69485,2024-06-05,na,6299.0,4683.0,0.0,33.6199989,23.0300007
TXS06,30.17846,-98.69485,2024-06-06,na,6299.0,4683.0,0.0,34.9599991,20.3700008
TXS06,30.17846,-98.69485,2024-06-07,na,6299.0,4683.0,0.0,35.2599983,20.6000004
TXS06,30.17846,-98.69485,2024-06-08,na,6299.0,4683.0,0.0,34.6800003,21.6299992
TXS06,30.17846,-98.69485,2024-06-09,na,6299.0,4683.0,0.0,34.2900009,21.4799995
TXS06,30.17846,-98.69485,2024-06-10,na,6299.0,4683.0,0.0,32.8600006,19.9599991
TXS06,30.17846,-98.69485,2024-06-11,na,6299.0,4683.0,4.7800002,32.5400009,19.4300003
TXS06,30.17846,-98.69485,2024-06-12,na,6299.0,4683.0,0.0,31.1000004,20.7999992
TXS06,30.17846,-98.69485,2024-06-13,na,6299.0,4683.0,0.0,32.8400002,21.6399994
TXS06,30.17846,-98.69485,2024-06-14,na,6299.0,4683.0,0.0,33.5,22.1800003
TXS06,30.17846,-98.69485,2024-06-15,na,6299.0,4683.0,0.0,33.5,21.6800003
TXS06,30.17846,-98.69485,2024-06-16,na,6299.0,4683.0,0.0,33.1699982,22.7700005
TXS06,30.17846,-98.69485,2024-06-17,na,6299.0,4683.0,0.0,33.5699997,23.4200001
TXS06,30.17846,-98.69485,2024-06-18,na,6299.0,4683.0,0.0,32.1899986,22.5900002
TXS06,30.17846,-98.69485,2024-06-19,na,6299.0,4683.0,30.4500008,27.8999996,20.9699993
TXS06,30.17846,-98.69485,2024-06-20,na,6299.0,4683.0,12.1199999,28.0799999,20.6200008
TXS06,30.17846,-98.69485,2024-06-21,na,6299.0,4683.0,0.0,30.7099991,21.4200001
TXS06,30.17846,-98.69485,2024-06-22,na,6299.0,4683.0,0.0,32.0999985,21.0200005
TXS06,30.17846,-98.69485,2024-06-23,na,6299.0,4683.0,0.0,33.0600014,19.9099998
TXS06,30.17846,-98.69485,2024-06-24,na,6299.0,4683.0,0.0,33.2900009,21.2800007
TXS06,30.17846,-98.69485,2024-06-25,na,6299.0,4683.0,0.0,33.3400002,23.4799995
TXS06,30.17846,-98.69485,2024-06-26,na,6299.0,4683.0,0.0,33.7000008,24.3400002
TXS06,30.17846,-98.69485,2024-06-27,na,6299.0,4683.0,0.0,35.8699989,23.9200001
TXS06,30.17846,-98.69485,2024-06-28,na,6299.0,4683.0,0.0,34.8100014,23.5900002
TXS06,30.17846,-98.69485,2024-06-29,na,6299.0,4683.0,0.0,34.7799988,24.0400009
TXS06,30.17846,-98.69485,2024-06-30,na,6299.0,4683.0,0.0,34.1199989,23.5900002
TXS06,30.17846,-98.69485,2024-07-01,na,6299.0,4683.0,0.0,35.0499992,21.5699997
TXS06,30.17846,-98.69485,2024-07-02,na,6299.0,4683.0,0.0,36.0600014,22.7700005
TXS06,30.17846,-98.69485,2024-07-03,na,6299.0,4683.0,0.0,35.5400009,23.4300003
TXS06,30.17846,-98.69485,2024-07-04,na,6299.0,4683.0,0.0,35.5299988,23.8600006
TXS06,30.17846,-98.69485,2024-07-05,na,6299.0,4683.0,0.0,35.8600006,23.6000004
TXS06,30.17846,-98.69485,2024-07-06,na,6299.0,4683.0,24.3199997,33.7099991,21.0100002
TXS06,30.17846,-98.69485,2024-07-07,na,6299.0,4683.0,0.0,32.7200012,20.6299992
TXS06,30.17846,-98.69485,2024-07-08,na,6299.0,4683.0,0.0,32.3100014,21.8099995
TXS06,30.17846,-98.69485,2024-07-09,na,6299.0,4683.0,0.0,32.3899994,21.1000004
TXS06,30.17846,-98.69485,2024-07-10,na,6299.0,4683.0,0.0,32.2099991,21.0699997
TXS06,30.17846,-98.69485,2024-07-11,na,6299.0,4683.0,0.0,32.4500008,18.7600002
TXS06,30.17846,-98.69485,2024-07-12,na,6299.0,4683.0,3.79,31.0200005,19.3899994
TXS06,30.17846,-98.69485,2024-07-13,na,6299.0,4683.0,0.0,29.4200001,20.9899998
TXS06,30.17846,-98.69485,2024-07-14,na,6299.0,4683.0,0.0,31.9099998,22.4099998
TXS06,30.17846,-98.69485,2024-07-15,na,6299.0,4683.0,0.0,33.8300018,22.8500004
TXS06,30.17846,-98.69485,2024-07-16,na,6299.0,4683.0,0.0,34.4799995,21.5499992
TXS06,30.17846,-98.69485,2024-07-17,na,6299.0,4683.0,0.0,34.2599983,22.8199997
TXS06,30.17846,-98.69485,2024-07-18,na,6299.0,4683.0,34.8400002,31.9799995,21.1399994
TXS06,30.17846,-98.69485,2024-07-19,na,6299.0,4683.0,0.0,33.0600014,20.8999996
TXS06,30.17846,-98.69485,2024-07-20,na,6299.0,4683.0,0.0,33.0999985,21.7199993
TXS06,30.17846,-98.69485,2024-07-21,na,6299.0,4683.0,1.41,32.6800003,22.0100002
TXS06,30.17846,-98.69485,2024-07-22,na,6299.0,4683.0,28.0599995,30.0200005,21.3199997
TXS06,30.17846,-98.69485,2024-07-23,na,6299.0,4683.0,17.5,26.7299995,21.2099991
TXS06,30.17846,-98.69485,2024-07-24,na,6299.0,4683.0,0.0,30.0300007,20.5100002
TXS06,30.17846,-98.69485,2024-07-25,na,6299.0,4683.0,0.0,30.8600006,20.0499992
TXS06,30.17846,-98.69485,2024-07-26,na,6299.0,4683.0,0.0,30.3099995,20.7600002
TXS06,30.17846,-98.69485,2024-07-27,na,6299.0,4683.0,0.0,31.5100002,20.1499996
TXS06,30.17846,-98.69485,2024-07-28,na,6299.0,4683.0,7.9899998,30.3199997,21.6700001
TXS06,30.17846,-98.69485,2024-07-29,na,6299.0,4683.0,0.0,32.5299988,22.8999996
TXS06,30.17846,-98.69485,2024-07-30,na,6299.0,4683.0,0.0,32.5499992,23.4699993
TXS06,30.17846,-98.69485,2024-07-31,na,6299.0,4683.0,0.0,32.9399986,23.2600002
TXS06,30.17846,-98.69485,2024-08-01,na,6299.0,4683.0,0.0,34.2000008,21.75
TXS06,30.17846,-98.69485,2024-08-02,na,6299.0,4683.0,0.0,34.6300011,22.2800007
TXS06,30.17846,-98.69485,2024-08-03,na,6299.0,4683.0,0.0,35.3800011,21.6399994
TXS06,30.17846,-98.69485,2024-08-04,na,6299.0,4683.0,0.0,35.2099991,22.5499992
TXS06,30.17846,-98.69485,2024-08-05,na,6299.0,4683.0,0.0,34.5299988,21.4599991
TXS06,30.17846,-98.69485,2024-08-06,na,6299.0,4683.0,0.0,35.3199997,21.4400005
TXS06,30.17846,-98.69485,2024-08-07,na,6299.0,4683.0,0.0,37.4300003,21.4599991
TXS06,30.17846,-98.69485,2024-08-08,na,6299.0,4683.0,0.0,36.4500008,22.2700005
TXS06,30.17846,-98.69485,2024-08-09,na,6299.0,4683.0,0.0,35.4599991,20.9099998
TXS06,30.17846,-98.69485,2024-08-10,na,6299.0,4683.0,0.0,34.9700012,21.5599995
TXS06,30.17846,-98.69485,2024-08-11,na,6299.0,4683.0,0.0,35.4399986,23.0200005
TXS06,30.17846,-98.69485,2024-08-12,na,6299.0,4683.0,0.0,35.5099983,22.7399998
TXS06,30.17846,-98.69485,2024-08-13,na,6299.0,4683.0,0.0,35.2000008,22.6399994
TXS06,30.17846,-98.69485,2024-08-14,na,6299.0,4683.0,0.0,35.0499992,23.0900002
TXS06,30.17846,-98.69485,2024-08-15,na,6299.0,4683.0,0.0,35.9099998,23.1100006
TXS06,30.17846,-98.69485,2024-08-16,na,6299.0,4683.0,0.0,36.1899986,23.2800007
TXS06,30.17846,-98.69485,2024-08-17,na,6299.0,4683.0,0.0,36.7099991,23.1700001
TXS06,30.17846,-98.69485,2024-08-18,na,6299.0,4683.0,0.0,36.8699989,23.1200008
TXS06,30.17846,-98.69485,2024-08-19,na,6299.0,4683.0,0.0,37.4599991,21.7700005
TXS06,30.17846,-98.69485,2024-08-20,na,6299.0,4683.0,0.0,39.5699997,22.2199993
TXS06,30.17846,-98.69485,2024-08-21,na,6299.0,4683.0,0.0,40.7200012,22.4599991
TXS06,30.17846,-98.69485,2024-08-22,na,6299.0,4683.0,0.0,39.8100014,22.7000008
TXS06,30.17846,-98.69485,2024-08-23,na,6299.0,4683.0,0.0,37.4300003,24.1399994
TXS06,30.17846,-98.69485,2024-08-24,na,6299.0,4683.0,0.0,35.6500015,23.1900005
TXS06,30.17846,-98.69485,2024-08-25,na,6299.0,4683.0,0.0,34.7599983,21.9400005
TXS06,30.17846,-98.69485,2024-08-26,na,6299.0,4683.0,1.78,33.0400009,20.3199997
TXS06,30.17846,-98.69485,2024-08-27,na,6299.0,4683.0,3.46,30.9899998,20.4500008
TXS06,30.17846,-98.69485,2024-08-28,na,6299.0,4683.0,18.2999992,32.0999985,21.1499996
TXS06,30.17846,-98.69485,2024-08-29,na,6299.0,4683.0,0.0,32.4300003,19.6800003
TXS06,30.17846,-98.69485,2024-08-30,na,6299.0,4683.0,0.0,32.3300018,20.9500008
TXS06,30.17846,-98.69485,2024-08-31,na,6299.0,4683.0,0.0,32.8899994,21.6000004
TXS06,30.17846,-98.69485,2024-09-01,na,6299.0,4683.0,18.4899998,32.5400009,20.8799992
TXS06,30.17846,-98.69485,2024-09-02,na,6299.0,4683.0,25.6000004,28.6499996,21.5
TXS06,30.17846,-98.69485,2024-09-03,na,6299.0,4683.0,47.9000015,26.8400002,21.0699997
TXS06,30.17846,-98.69485,2024-09-04,na,6299.0,4683.0,0.0,27.8099995,19.9099998
TXS06,30.17846,-98.69485,2024-09-05,na,6299.0,4683.0,0.0,28.0699997,18.3700008
TXS06,30.17846,-98.69485,2024-09-06,na,6299.0,4683.0,0.0,30.0499992,19.8899994
TXS06,30.17846,-98.69485,2024-09-07,na,6299.0,4683.0,0.0,29.3199997,19.6800003
TXS06,30.17846,-98.69485,2024-09-08,na,6299.0,4683.0,0.0,27.6100006,15.1700001
TXS06,30.17846,-98.69485,2024-09-09,na,6299.0,4683.0,0.0,28.0499992,11.5299997
TXS06,30.17846,-98.69485,2024-09-10,na,6299.0,4683.0,0.0,29.5300007,13.8000002
TXS06,30.17846,-98.69485,2024-09-11,na,6299.0,4683.0,0.0,30.3799992,17.4300003
TXS06,30.17846,-98.69485,2024-09-12,na,6299.0,4683.0,0.0,31.4300003,17.8400002
TXS06,30.17846,-98.69485,2024-09-13,na,6299.0,4683.0,0.0,33.1500015,18.3400002
TXS06,30.17846,-98.69485,2024-09-14,na,6299.0,4683.0,0.0,32.9500008,20.0
TXS06,30.17846,-98.69485,2024-09-15,na,6299.0,4683.0,0.0,33.8100014,21.9300003
TXS06,30.17846,-98.69485,2024-09-16,na,6299.0,4683.0,0.0,33.5900002,18.4599991
TXS06,30.17846,-98.69485,2024-09-17,na,6299.0,4683.0,0.0,33.2200012,18.9099998
TXS06,30.17846,-98.69485,2024-09-18,na,6299.0,4683.0,0.0,33.4000015,21.1000004
TXS06,30.17846,-98.69485,2024-09-19,na,6299.0,4683.0,0.0,34.3100014,23.0200005
TXS06,30.17846,-98.69485,2024-09-20,na,6299.0,4683.0,0.0,33.9300003,22.4899998
TXS06,30.17846,-98.69485,2024-09-21,na,6299.0,4683.0,0.0,33.3199997,22.3199997
TXS06,30.17846,-98.69485,2024-09-22,na,6299.0,4683.0,0.0,32.4300003,22.2999992
TXS06,30.17846,-98.69485,2024-09-23,na,6299.0,4683.0,0.0,30.4599991,21.7099991
TXS06,30.17846,-98.69485,2024-09-24,na,6299.0,4683.0,0.0,32.2900009,18.6800003
TXS06,30.17846,-98.69485,2024-09-25,na,6299.0,4683.0,0.0,31.2700005,18.8099995
TXS06,30.17846,-98.69485,2024-09-26,na,6299.0,4683.0,0.0,30.0499992,14.3000002
TXS06,30.17846,-98.69485,2024-09-27,na,6299.0,4683.0,0.0,32.2799988,12.0699997
TXS06,30.17846,-98.69485,2024-09-28,na,6299.0,4683.0,0.0,31.7900009,13.1400003
TXS06,30.17846,-98.69485,2024-09-29,na,6299.0,4683.0,0.0,32.4099998,12.9700003
TXS06,30.17846,-98.69485,2024-09-30,na,6299.0,4683.0,0.0,33.4900017,12.96
TXS06,30.17846,-98.69485,2024-10-01,na,6299.0,4683.0,0.0,32.9300003,13.9300003
TXS06,30.17846,-98.69485,2024-10-02,na,6299.0,4683.0,0.0,31.8400002,14.3500004
TXS06,30.17846,-98.69485,2024-10-03,na,6299.0,4683.0,0.0,32.1699982,15.5299997
TXS06,30.17846,-98.69485,2024-10-04,na,6299.0,4683.0,0.0,31.9699993,14.6000004
TXS06,30.17846,-98.69485,2024-10-05,na,6299.0,4683.0,0.0,32.1399994,15.6099997
TXS06,30.17846,-98.69485,2024-10-06,na,6299.0,4683.0,0.0,31.8199997,16.3999996
TXS06,30.17846,-98.69485,2024-10-07,na,6299.0,4683.0,0.0,31.75,14.4799995
TXS06,30.17846,-98.69485,2024-10-08,na,6299.0,4683.0,0.0,33.0400009,14.2200003
TXS06,30.17846,-98.69485,2024-10-09,na,6299.0,4683.0,0.0,32.9300003,13.1000004
TXS06,30.17846,-98.69485,2024-10-10,na,6299.0,4683.0,0.0,33.8199997,13.0500002
TXS06,30.17846,-98.69485,2024-10-11,na,6299.0,4683.0,0.0,32.9599991,15.3900003
TXS06,30.17846,-98.69485,2024-10-12,na,6299.0,4683.0,0.0,33.2400017,15.4899998
TXS06,30.17846,-98.69485,2024-10-13,na,6299.0,4683.0,0.0,34.8699989,15.8999996
TXS06,30.17846,-98.69485,2024-10-14,na,6299.0,4683.0,0.0,33.0900002,14.2299995
TXS06,30.17846,-98.69485,2024-10-15,na,6299.0,4683.0,0.0,32.7999992,13.0100002
TXS06,30.17846,-98.69485,2024-10-16,na,6299.0,4683.0,0.0,24.8199997,10.9099998
TXS06,30.17846,-98.69485,2024-10-17,na,6299.0,4683.0,0.0,23.6700001,8.1099997
TXS06,30.17846,-98.69485,2024-10-18,na,6299.0,4683.0,0.0,24.3700008,11.4200001
TXS06,30.17846,-98.69485,2024-10-19,na,6299.0,4683.0,0.0,26.4699993,14.2200003
TXS06,30.17846,-98.69485,2024-10-20,na,6299.0,4683.0,0.0,27.8500004,13.3900003
TXS06,30.17846,-98.69485,2024-10-21,na,6299.0,4683.0,0.0,28.8600006,12.6300001
TXS06,30.17846,-98.69485,2024-10-22,na,6299.0,4683.0,0.0,27.6700001,14.6000004
TXS06,30.17846,-98.69485,2024-10-23,na,6299.0,4683.0,0.0,30.0200005,15.3199997
TXS06,30.17846,-98.69485,2024-10-24,na,6299.0,4683.0,0.0,29.2000008,16.1100006
TXS06,30.17846,-98.69485,2024-10-25,na,6299.0,4683.0,0.0,30.6499996,16.5499992
TXS06,30.17846,-98.69485,2024-10-26,na,6299.0,4683.0,0.0,31.2399998,15.1000004
TXS06,30.17846,-98.69485,2024-10-27,na,6299.0,4683.0,0.0,30.9099998,15.0299997
TXS06,30.17846,-98.69485,2024-10-28,na,6299.0,4683.0,0.0,29.1399994,15.3299999
TXS06,30.17846,-98.69485,2024-10-29,na,6299.0,4683.0,0.0,28.8400002,18.8799992
TXS06,30.17846,-98.69485,2024-10-30,na,6299.0,4683.0,0.0,28.1399994,20.6100006
TXS06,30.17846,-98.69485,2024-10-31,na,6299.0,4683.0,0.0,26.25,19.3700008
TXS06,30.17846,-98.69485,2024-11-01,na,6299.0,4683.0,0.57,25.8400002,15.96
TXS06,30.17846,-98.69485,2024-11-02,na,6299.0,4683.0,4.0799999,23.1499996,18.3500004
TXS06,30.17846,-98.69485,2024-11-03,na,6299.0,4683.0,0.0,26.5699997,20.0599995
TXS06,30.17846,-98.69485,2024-11-04,na,6299.0,4683.0,4.1599998,28.0400009,18.6200008
TXS06,30.17846,-98.69485,2024-11-05,na,6299.0,4683.0,0.0,23.9899998,10.79
TXS06,30.17846,-98.69485,2024-11-06,na,6299.0,4683.0,0.0,25.6000004,4.0799999
TXS06,30.17846,-98.69485,2024-11-07,na,6299.0,4683.0,0.0,27.5699997,11.6099997
TXS06,30.17846,-98.69485,2024-11-08,na,6299.0,4683.0,13.6199999,24.7900009,14.8100004
TXS06,30.17846,-98.69485,2024-11-09,na,6299.0,4683.0,0.0,25.1299992,9.8999996
TXS06,30.17846,-98.69485,2024-11-10,na,6299.0,4683.0,0.0,27.9699993,9.4200001
TXS06,30.17846,-98.69485,2024-11-11,na,6299.0,4683.0,0.0,27.9099998,9.6800003
TXS06,30.17846,-98.69485,2024-11-12,na,6299.0,4683.0,0.0,26.9200001,11.3100004
TXS06,30.17846,-98.69485,2024-11-13,na,6299.0,4683.0,0.0,26.3299999,12.5699997
TXS06,30.17846,-98.69485,2024-11-14,na,6299.0,4683.0,0.0,23.8700008,4.5100002
TXS06,30.17846,-98.69485,2024-11-15,na,6299.0,4683.0,0.0,23.5599995,3.0699999
TXS06,30.17846,-98.69485,2024-11-16,na,6299.0,4683.0,0.0,24.4099998,9.4300003
TXS06,30.17846,-98.69485,2024-11-17,na,6299.0,4683.0,8.6899996,25.5599995,14.1099997
TXS06,30.17846,-98.69485,2024-11-18,na,6299.0,4683.0,0.0,23.7800007,11.7200003
TXS06,30.17846,-98.69485,2024-11-19,na,6299.0,4683.0,0.0,25.6100006,6.8299999
TXS06,30.17846,-98.69485,2024-11-20,na,6299.0,4683.0,0.0,18.9899998,4.8600001
TXS06,30.17846,-98.69485,2024-11-21,na,6299.0,4683.0,0.0,20.8600006,0.48
TXS06,30.17846,-98.69485,2024-11-22,na,6299.0,4683.0,0.0,23.1100006,1.8200001
TXS06,30.17846,-98.69485,2024-11-23,na,6299.0,4683.0,0.0,23.0599995,3.0999999
TXS06,30.17846,-98.69485,2024-11-24,na,6299.0,4683.0,0.0,25.0400009,11.1099997
TXS06,30.17846,-98.69485,2024-11-25,na,6299.0,4683.0,0.0,25.5799999,8.6599998
TXS06,30.17846,-98.69485,2024-11-26,na,6299.0,4683.0,0.0,19.5200005,3.6800001
TXS06,30.17846,-98.69485,2024-11-27,na,6299.0,4683.0,0.0,25.6399994,9.8999996
TXS06,30.17846,-98.69485,2024-11-28,na,6299.0,4683.0,0.0,14.8599997,5.6199999
TXS06,30.17846,-98.69485,2024-11-29,na,6299.0,4683.0,0.0,13.7799997,2.3199999
TXS06,30.17846,-98.69485,2024-11-30,na,6299.0,4683.0,0.0,18.6200008,1.08
TXS06,30.17846,-98.69485,2024-12-01,na,6299.0,4683.0,0.0,19.5100002,1.97
TXS06,30.17846,-98.69485,2024-12-02,na,6299.0,4683.0,0.0,18.3299999,2.9400001
TXS06,30.17846,-98.69485,2024-12-03,na,6299.0,4683.0,2.3599999,15.6499996,5.5
TXS06,30.17846,-98.69485,2024-12-04,na,6299.0,4683.0,0.9,14.9200001,7.8600001
TXS06,30.17846,-98.69485,2024-12-05,na,6299.0,4683.0,0.87,12.6599998,8.9899998
TXS06,30.17846,-98.69485,2024-12-06,na,6299.0,4683.0,2.1300001,8.7600002,4.9699998
TXS06,30.17846,-98.69485,2024-12-07,na,6299.0,4683.0,8.75,7.8699999,4.3099999
TXS06,30.17846,-98.69485,2024-12-08,na,6299.0,4683.0,0.0,15.9099998,4.8800001
TXS06,30.17846,-98.69485,2024-12-09,na,6299.0,4683.0,0.0,23.2999992,6.0799999
TXS06,30.17846,-98.69485,2024-12-10,na,6299.0,4683.0,0.0,15.8500004,4.0599999
TXS06,30.17846,-98.69485,2024-12-11,na,6299.0,4683.0,0.0,16.2999992,-2.05
TXS06,30.17846,-98.69485,2024-12-12,na,6299.0,4683.0,0.0,16.2199993,-0.95
TXS06,30.17846,-98.69485,2024-12-13,na,6299.0,4683.0,1.85,18.6599998,6.9099998
TXS06,30.17846,-98.69485,2024-12-14,na,6299.0,4683.0,0.78,23.4699993,14.7600002
TXS06,30.17846,-98.69485,2024-12-15,na,6299.0,4683.0,0.0,23.4300003,17.5300007
TXS06,30.17846,-98.69485,2024-12-16,na,6299.0,4683.0,0.87,22.8500004,17.2700005
TXS06,30.17846,-98.69485,2024-12-17,na,6299.0,4683.0,0.0,22.7199993,16.5300007
TXS06,30.17846,-98.69485,2024-12-18,na,6299.0,4683.0,0.0,19.5400009,10.8900003
TXS06,30.17846,-98.69485,2024-12-19,na,6299.0,4683.0,0.0,20.2299995,1.02
TXS06,30.17846,-98.69485,2024-12-20,na,6299.0,4683.0,0.0,18.0499992,2.8599999
TXS06,30.17846,-98.69485,2024-12-21,na,6299.0,4683.0,0.0,18.5499992,-0.14
TXS06,30.17846,-98.69485,2024-12-22,na,6299.0,4683.0,0.0,18.8600006,3.1199999
TXS06,30.17846,-98.69485,2024-12-23,na,6299.0,4683.0,0.0,21.4400005,9.8900003
TXS06,30.17846,-98.69485,2024-12-24,na,6299.0,4683.0,0.0,19.5200005,12.8900003
TXS06,30.17846,-98.69485,2024-12-25,na,6299.0,4683.0,0.0,17.0699997,10.9300003
TXS06,30.17846,-98.69485,2024-12-26,na,6299.0,4683.0,0.0,23.6000004,8.3100004
TXS06,30.17846,-98.69485,2024-12-27,na,6299.0,4683.0,0.0,25.7399998,3.54
TXS06,30.17846,-98.69485,2024-12-28,na,6299.0,4683.0,0.0,24.4200001,7.5799999
TXS06,30.17846,-98.69485,2024-12-29,na,6299.0,4683.0,0.0,26.9300003,4.8400002
TXS06,30.17846,-98.69485,2024-12-30,na,6299.0,4683.0,0.0,28.9300003,6.27
TXS06,30.17846,-98.69485,2025-01-01,na,6299.0,4683.0,0.0,14.5699997,1.7
TXS06,30.17846,-98.69485,2025-01-02,na,6299.0,4683.0,0.0,17.0400009,1.4400001
TXS06,30.17846,-98.69485,2025-01-03,na,6299.0,4683.0,0.0,17.3400002,7.3699999
TXS06,30.17846,-98.69485,2025-01-04,na,6299.0,4683.0,0.0,20.6299992,11.0600004
TXS06,30.17846,-98.69485,2025-01-05,na,6299.0,4683.0,0.0,19.2000008,5.7199998
TXS06,30.17846,-98.69485,2025-01-06,na,6299.0,4683.0,0.0,6.3800001,-4.6900001
TXS06,30.17846,-98.69485,2025-01-07,na,6299.0,4683.0,0.0,7.4499998,-4.6100001
TXS06,30.17846,-98.69485,2025-01-08,na,6299.0,4683.0,0.0,3.5599999,-2.95
TXS06,30.17846,-98.69485,2025-01-09,na,6299.0,4683.0,26.0699997,2.1300001,-1.62
TXS06,30.17846,-98.69485,2025-01-10,na,6299.0,4683.0,0.0,5.4899998,-1.38
TXS06,30.17846,-98.69485,2025-01-11,na,6299.0,4683.0,0.0,12.1700001,-6.0700002
TXS06,30.17846,-98.69485,2025-01-12,na,6299.0,4683.0,0.0,13.1700001,-2.47
TXS06,30.17846,-98.69485,2025-01-13,na,6299.0,4683.0,0.0,11.9300003,-1.59
TXS06,30.17846,-98.69485,2025-01-14,na,6299.0,4683.0,0.0,11.8699999,-3.0799999
TXS06,30.17846,-98.69485,2025-01-15,na,6299.0,4683.0,0.0,15.4300003,1.17
TXS06,30.17846,-98.69485,2025-01-16,na,6299.0,4683.0,0.0,16.6399994,-1.59
TXS06,30.17846,-98.69485,2025-01-17,na,6299.0,4683.0,0.0,16.1299992,5.23
TXS06,30.17846,-98.69485,2025-01-18,na,6299.0,4683.0,0.0,14.7700005,3.2
TXS06,30.17846,-98.69485,2025-01-19,na,6299.0,4683.0,0.0,5.8400002,-5.3499999
TXS06,30.17846,-98.69485,2025-01-20,na,6299.0,4683.0,1.4,-0.89,-8.0500002
TXS06,30.17846,-98.69485,2025-01-21,na,6299.0,4683.0,0.0,1.48,-6.9699998
TXS06,30.17846,-98.69485,2025-01-22,na,6299.0,4683.0,0.0,11.0600004,-6.4299998
TXS06,30.17846,-98.69485,2025-01-23,na,6299.0,4683.0,0.0,10.5900002,-3.6300001
TXS06,30.17846,-98.69485,2025-01-24,na,6299.0,4683.0,0.0,12.3800001,-7.6399999
TXS06,30.17846,-98.69485,2025-01-25,na,6299.0,4683.0,2.26,15.6000004,-0.63
TXS06,30.17846,-98.69485,2025-01-26,na,6299.0,4683.0,0.0,13.1999998,5.04
TXS06,30.17846,-98.69485,2025-01-27,na,6299.0,4683.0,0.0,8.8800001,5.3200002
TXS06,30.17846,-98.69485,2025-01-28,na,6299.0,4683.0,0.53,10.8699999,6.1999998
TXS06,30.17846,-98.69485,2025-01-29,na,6299.0,4683.0,25.9599991,17.7000008,8.5200005
TXS06,30.17846,-98.69485,2025-01-30,na,6299.0,4683.0,0.0,18.3799992,8.5
TXS06,30.17846,-98.69485,2025-01-31,na,6299.0,4683.0,0.0,19.8299999,4.1900001
TXS06,30.17846,-98.69485,2025-02-01,na,6299.0,4683.0,0.0,22.7399998,0.15
TXS06,30.17846,-98.69485,2025-02-02,na,6299.0,4683.0,0.0,25.9799995,4.8600001
TXS06,30.17846,-98.69485,2025-02-03,na,6299.0,4683.0,0.0,27.3199997,10.4399996
TXS06,30.17846,-98.69485,2025-02-04,na,6299.0,4683.0,0.0,25.6100006,14.8999996
TXS06,30.17846,-98.69485,2025-02-05,na,6299.0,4683.0,0.0,22.1800003,16.4400005
TXS06,30.17846,-98.69485,2025-02-06,na,6299.0,4683.0,0.0,25.8799992,15.5600004
TXS06,30.17846,-98.69485,2025-02-07,na,6299.0,4683.0,0.0,25.5,16.6800003
TXS06,30.17846,-98.69485,2025-02-08,na,6299.0,4683.0,0.0,27.8199997,17.3799992
TXS06,30.17846,-98.69485,2025-02-09,na,6299.0,4683.0,0.0,18.9500008,9.3999996
TXS06,30.17846,-98.69485,2025-02-10,na,6299.0,4683.0,1.25,9.4300003,5.3899999
TXS06,30.17846,-98.69485,2025-02-11,na,6299.0,4683.0,5.1500001,14.5900002,5.9200001
TXS06,30.17846,-98.69485,2025-02-12,na,6299.0,4683.0,0.0,13.1999998,4.5
TXS06,30.17846,-98.69485,2025-02-13,na,6299.0,4683.0,0.0,7.1900001,-1.97
TXS06,30.17846,-98.69485,2025-02-14,na,6299.0,4683.0,0.95,11.8900003,-1.52
TXS06,30.17846,-98.69485,2025-02-15,na,6299.0,4683.0,0.0,24.9099998,5.1799998
TXS06,30.17846,-98.69485,2025-02-16,na,6299.0,4683.0,0.0,11.4300003,-0.6
TXS06,30.17846,-98.69485,2025-02-17,na,6299.0,4683.0,0.0,15.7299995,-2.53
TXS06,30.17846,-98.69485,2025-02-18,na,6299.0,4683.0,0.0,17.1900005,-3.5599999
TXS06,30.17846,-98.69485,2025-02-19,na,6299.0,4683.0,0.0,1.95,-9.8299999
TXS06,30.17846,-98.69485,2025-02-20,na,6299.0,4683.0,0.0,-0.13,-10.5500002
TXS06,30.17846,-98.69485,2025-02-21,na,6299.0,4683.0,0.62,1.11,-6.25
TXS06,30.17846,-98.69485,2025-02-22,na,6299.0,4683.0,1.34,7.1399999,-3.46
TXS06,30.17846,-98.69485,2025-02-23,na,6299.0,4683.0,0.0,21.1499996,0.21
TXS06,30.17846,-98.69485,2025-02-24,na,6299.0,4683.0,0.0,24.3099995,1.5
TXS06,30.17846,-98.69485,2025-02-25,na,6299.0,4683.0,0.0,25.6800003,4.5599999
TXS06,30.17846,-98.69485,2025-02-26,na,6299.0,4683.0,0.0,26.5499992,7.52
TXS06,30.17846,-98.69485,2025-02-27,na,6299.0,4683.0,0.0,19.1100006,9.8999996
TXS06,30.17846,-98.69485,2025-02-28,na,6299.0,4683.0,0.0,22.9699993,4.73
TXS06,30.17846,-98.69485,2025-03-01,na,6299.0,4683.0,0.0,26.8700008,5.8299999
TXS06,30.17846,-98.69485,2025-03-02,na,6299.0,4683.0,0.0,25.6200008,10.9499998
TXS06,30.17846,-98.69485,2025-03-03,na,6299.0,4683.0,2.55,23.1900005,15.7200003
TXS06,30.17846,-98.69485,2025-03-04,na,6299.0,4683.0,0.0,20.8400002,10.3999996
TXS06,30.17846,-98.69485,2025-03-05,na,6299.0,4683.0,0.0,20.1599998,7.6700001
TXS06,30.17846,-98.69485,2025-03-06,na,6299.0,4683.0,0.0,22.25,5.9400001
TXS06,30.17846,-98.69485,2025-03-07,na,6299.0,4683.0,0.0,28.8199997,11.25
TXS06,30.17846,-98.69485,2025-03-08,na,6299.0,4683.0,0.0,25.7700005,9.9499998
TXS06,30.17846,-98.69485,2025-03-09,na,6299.0,4683.0,0.0,16.9300003,3.6600001
TXS06,30.17846,-98.69485,2025-03-10,na,6299.0,4683.0,0.0,23.2700005,-0.44
TXS06,30.17846,-98.69485,2025-03-11,na,6299.0,4683.0,0.0,26.5499992,5.3099999
TXS06,30.17846,-98.69485,2025-03-12,na,6299.0,4683.0,0.0,30.7999992,10.6800003
TXS06,30.17846,-98.69485,2025-03-13,na,6299.0,4683.0,0.0,31.0400009,10.5500002
TXS06,30.17846,-98.69485,2025-03-14,na,6299.0,4683.0,0.0,32.6500015,13.5
TXS06,30.17846,-98.69485,2025-03-15,na,6299.0,4683.0,0.0,23.6700001,11.8400002
TXS06,30.17846,-98.69485,2025-03-16,na,6299.0,4683.0,0.0,23.8999996,3.9200001
TXS06,30.17846,-98.69485,2025-03-17,na,6299.0,4683.0,0.0,26.6299992,2.1400001
TXS06,30.17846,-98.69485,2025-03-18,na,6299.0,4683.0,0.0,27.8600006,9.8100004
TXS06,30.17846,-98.69485,2025-03-19,na,6299.0,4683.0,0.0,22.8799992,10.2700005
TXS06,30.17846,-98.69485,2025-03-20,na,6299.0,4683.0,0.0,20.0799999,0.89
TXS06,30.17846,-98.69485,2025-03-21,na,6299.0,4683.0,0.0,23.1599998,3.3800001
TXS06,30.17846,-98.69485,2025-03-22,na,6299.0,4683.0,0.0,26.7299995,8.0799999
TXS06,30.17846,-98.69485,2025-03-23,na,6299.0,4683.0,4.4400001,28.7700005,13.8100004
TXS06,30.17846,-98.69485,2025-03-24,na,6299.0,4683.0,0.0,28.8099995,10.7600002
TXS06,30.17846,-98.69485,2025-03-25,na,6299.0,4683.0,0.0,29.9699993,12.8299999
TXS06,30.17846,-98.69485,2025-03-26,na,6299.0,4683.0,17.1000004,27.1900005,15.1199999
TXS06,30.17846,-98.69485,2025-03-27,na,6299.0,4683.0,20.8099995,19.6299992,15.2799997
TXS06,30.17846,-98.69485,2025-03-28,na,6299.0,4683.0,1.6,22.2900009,14.3199997
TXS06,30.17846,-98.69485,2025-03-29,na,6299.0,4683.0,0.0,28.5699997,16.3999996
TXS06,30.17846,-98.69485,2025-03-30,na,6299.0,4683.0,0.0,29.4699993,17.7900009
TXS06,30.17846,-98.69485,2025-03-31,na,6299.0,4683.0,0.0,27.0400009,16.6399994
TXS06,30.17846,-98.69485,2025-04-01,na,6299.0,4683.0,0.0,28.0499992,15.75
TXS06,30.17846,-98.69485,2025-04-02,na,6299.0,4683.0,0.0,29.1499996,18.8500004
TXS06,30.17846,-98.69485,2025-04-03,na,6299.0,4683.0,0.0,30.75,19.4899998
TXS06,30.17846,-98.69485,2025-04-04,na,6299.0,4683.0,15.1599998,26.2399998,15.0500002
TXS06,30.17846,-98.69485,2025-04-05,na,6299.0,4683.0,0.0,16.3799992,8.6499996
TXS06,30.17846,-98.69485,2025-04-06,na,6299.0,4683.0,0.0,12.9099998,3.8599999
TXS06,30.17846,-98.69485,2025-04-07,na,6299.0,4683.0,0.0,19.5100002,0.51
TXS06,30.17846,-98.69485,2025-04-08,na,6299.0,4683.0,0.0,24.1100006,1.8
TXS06,30.17846,-98.69485,2025-04-09,na,6299.0,4683.0,0.0,27.5900002,9.71
TXS06,30.17846,-98.69485,2025-04-10,na,6299.0,4683.0,0.0,31.7199993,11.79
TXS06,30.17846,-98.69485,2025-04-11,na,6299.0,4683.0,0.0,30.0900002,12.29
TXS06,30.17846,-98.69485,2025-04-12,na,6299.0,4683.0,0.0,29.8799992,13.71
TXS06,30.17846,-98.69485,2025-04-13,na,6299.0,4683.0,0.0,31.0100002,15.6099997
TXS06,30.17846,-98.69485,2025-04-14,na,6299.0,4683.0,0.0,31.7800007,15.3299999
TXS06,30.17846,-98.69485,2025-04-15,na,6299.0,4683.0,0.0,26.75,15.8199997
TXS06,30.17846,-98.69485,2025-04-16,na,6299.0,4683.0,0.0,26.0300007,15.1700001
TXS06,30.17846,-98.69485,2025-04-17,na,6299.0,4683.0,0.0,28.1299992,16.5400009
TXS06,30.17846,-98.69485,2025-04-18,na,6299.0,4683.0,0.0,29.7299995,18.0300007
TXS06,30.17846,-98.69485,2025-04-19,na,6299.0,4683.0,14.5100002,25.9799995,19.0200005
TXS06,30.17846,-98.69485,2025-04-20,na,6299.0,4683.0,0.0,25.3600006,13.3100004
TXS06,30.17846,-98.69485,2025-04-21,na,6299.0,4683.0,0.0,28.2800007,8.46
TXS06,30.17846,-98.69485,2025-04-22,na,6299.0,4683.0,20.6599998,27.3799992,13.4700003
TXS06,30.17846,-98.69485,2025-04-23,na,6299.0,4683.0,0.0,25.6700001,15.3000002
TXS06,30.17846,-98.69485,2025-04-24,na,6299.0,4683.0,0.0,27.2299995,17.2999992
TXS06,30.17846,-98.69485,2025-04-25,na,6299.0,4683.0,0.0,27.6700001,18.3999996
TXS06,30.17846,-98.69485,2025-04-26,na,6299.0,4683.0,0.0,26.7999992,18.3500004
TXS06,30.17846,-98.69485,2025-04-27,na,6299.0,4683.0,0.0,27.3400002,18.5699997
TXS06,30.17846,-98.69485,2025-04-28,na,6299.0,4683.0,0.0,27.9099998,19.5200005
TXS06,30.17846,-98.69485,2025-04-29,na,6299.0,4683.0,0.0,28.4099998,20.0699997
TXS06,30.17846,-98.69485,2025-04-30,na,6299.0,4683.0,0.0,30.4899998,20.4699993
TXS06,30.17846,-98.69485,2025-05-01,na,6299.0,4683.0,0.0,30.2099991,20.1200008
TXS06,30.17846,-98.69485,2025-05-02,na,6299.0,4683.0,22.6399994,26.0,16.4699993
TXS06,30.17846,-98.69485,2025-05-03,na,6299.0,4683.0,0.0,25.3099995,13.5
TXS06,30.17846,-98.69485,2025-05-04,na,6299.0,4683.0,0.0,26.3799992,10.6499996
TXS06,30.17846,-98.69485,2025-05-05,na,6299.0,4683.0,6.4200001,20.9300003,13.2799997
TXS06,30.17846,-98.69485,2025-05-06,na,6299.0,4683.0,33.9700012,28.5400009,15.7200003
TXS06,30.17846,-98.69485,2025-05-07,na,6299.0,4683.0,0.0,27.8600006,14.1199999
TXS06,30.17846,-98.69485,2025-05-08,na,6299.0,4683.0,1.49,26.3199997,14.5
TXS06,30.17846,-98.69485,2025-05-09,na,6299.0,4683.0,0.0,25.75,14.4499998
TXS06,30.17846,-98.69485,2025-05-10,na,6299.0,4683.0,4.1300001,24.8600006,14.3599997
TXS06,30.17846,-98.69485,2025-05-11,na,6299.0,4683.0,0.0,26.5599995,11.8000002
TXS06,30.17846,-98.69485,2025-05-12,na,6299.0,4683.0,0.0,31.0900002,8.1700001
TXS06,30.17846,-98.69485,2025-05-13,na,6299.0,4683.0,0.0,36.0400009,14.5299997
TXS06,30.17846,-98.69485,2025-05-14,na,6299.0,4683.0,0.0,36.4000015,18.1900005
TXS06,30.17846,-98.69485,2025-05-15,na,6299.0,4683.0,0.0,35.7299995,20.1700001
TXS06,30.17846,-98.69485,2025-05-16,na,6299.0,4683.0,0.0,34.9300003,22.1599998
TXS06,30.17846,-98.69485,2025-05-17,na,6299.0,4683.0,0.0,34.2900009,23.4699993
TXS06,30.17846,-98.69485,2025-05-18,na,6299.0,4683.0,0.0,32.2999992,23.0400009
TXS06,30.17846,-98.69485,2025-05-19,na,6299.0,4683.0,0.0,29.7399998,22.9899998
TXS06,30.17846,-98.69485,2025-05-20,na,6299.0,4683.0,0.0,32.2700005,20.8400002
TXS06,30.17846,-98.69485,2025-05-21,na,6299.0,4683.0,0.0,33.25,18.2299995
TXS06,30.17846,-98.69485,2025-05-22,na,6299.0,4683.0,51.7599983,34.3600006,19.6599998
TXS06,30.17846,-98.69485,2025-05-23,na,6299.0,4683.0,0.0,33.2999992,18.4500008
TXS06,30.17846,-98.69485,2025-05-24,na,6299.0,4683.0,0.0,33.2599983,20.8600006
TXS06,30.17846,-98.69485,2025-05-25,na,6299.0,4683.0,0.0,33.1399994,22.2800007
TXS06,30.17846,-98.69485,2025-05-26,na,6299.0,4683.0,29.4899998,30.7800007,20.1599998
TXS06,30.17846,-98.69485,2025-05-27,na,6299.0,4683.0,22.1200008,31.4400005,16.8500004
TXS06,30.17846,-98.69485,2025-05-28,na,6299.0,4683.0,0.0,29.3999996,17.9899998
TXS06,30.17846,-98.69485,2025-05-29,na,6299.0,4683.0,18.6599998,29.7399998,18.3199997
TXS06,30.17846,-98.69485,2025-05-30,na,6299.0,4683.0,0.0,26.6000004,17.9899998
TXS06,30.17846,-98.69485,2025-05-31,na,6299.0,4683.0,0.0,28.6299992,18.0499992
TXS06,30.17846,-98.69485,2025-06-01,na,6299.0,4683.0,0.0,32.3100014,19.7099991
TXS06,30.17846,-98.69485,2025-06-02,na,6299.0,4683.0,0.0,31.6800003,20.9200001
TXS06,30.17846,-98.69485,2025-06-03,na,6299.0,4683.0,42.3699989,30.6599998,22.2900009
TXS06,30.17846,-98.69485,2025-06-04,na,6299.0,4683.0,7.8000002,29.1700001,19.9200001
TXS06,30.17846,-98.69485,2025-06-05,na,6299.0,4683.0,0.0,31.1299992,21.0499992
TXS06,30.17846,-98.69485,2025-06-06,na,6299.0,4683.0,0.0,32.0999985,22.5100002
TXS06,30.17846,-98.69485,2025-06-07,na,6299.0,4683.0,0.0,32.5999985,22.6000004
TXS06,30.17846,-98.69485,2025-06-08,na,6299.0,4683.0,0.0,32.9700012,21.9599991
TXS06,30.17846,-98.69485,2025-06-09,na,6299.0,4683.0,0.0,32.1500015,20.6599998
TXS06,30.17846,-98.69485,2025-06-10,na,6299.0,4683.0,42.0999985,33.2299995,18.9200001
TXS06,30.17846,-98.69485,2025-06-11,na,6299.0,4683.0,6.48,30.3600006,17.7299995
TXS06,30.17846,-98.69485,2025-06-12,na,6299.0,4683.0,0.0,28.4300003,18.9500008
TXS06,30.17846,-98.69485,2025-06-13,na,6299.0,4683.0,0.0,31.1200008,18.4300003
TXS06,30.17846,-98.69485,2025-06-14,na,6299.0,4683.0,0.0,32.4000015,21.6499996
TXS06,30.17846,-98.69485,2025-06-15,na,6299.0,4683.0,5.1500001,32.0499992,21.1900005
TXS06,30.17846,-98.69485,2025-06-16,na,6299.0,4683.0,0.0,32.0099983,19.2700005
TXS06,30.17846,-98.69485,2025-06-17,na,6299.0,4683.0,0.0,32.3199997,20.2900009
TXS06,30.17846,-98.69485,2025-06-18,na,6299.0,4683.0,0.0,31.9099998,22.1299992
TXS06,30.17846,-98.69485,2025-06-19,na,6299.0,4683.0,0.0,33.0200005,22.2900009
TXS06,30.17846,-98.69485,2025-06-20,na,6299.0,4683.0,0.0,32.7299995,22.5400009
TXS06,30.17846,-98.69485,2025-06-21,na,6299.0,4683.0,3.8900001,31.0900002,22.5900002
TXS06,30.17846,-98.69485,2025-06-22,na,6299.0,4683.0,0.0,31.8299999,22.3400002
TXS06,30.17846,-98.69485,2025-06-23,na,6299.0,4683.0,0.0,32.7099991,22.6100006
TXS06,30.17846,-98.69485,2025-06-24,na,6299.0,4683.0,0.0,32.7000008,21.7999992
TXS06,30.17846,-98.69485,2025-06-25,na,6299.0,4683.0,0.0,33.4900017,21.3600006
TXS06,30.17846,-98.69485,2025-06-26,na,6299.0,4683.0,0.0,32.5,21.5200005
TXS06,30.17846,-98.69485,2025-06-27,na,6299.0,4683.0,0.0,32.6399994,21.5499992
TXS06,30.17846,-98.69485,2025-06-28,na,6299.0,4683.0,0.0,32.9599991,21.6900005
TXS06,30.17846,-98.69485,2025-06-29,na,6299.0,4683.0,0.0,33.6399994,21.7700005
TXS06,30.17846,-98.69485,2025-06-30,na,6299.0,4683.0,2.29,32.2799988,21.7800007
TXS06,30.17846,-98.69485,2025-07-01,na,6299.0,4683.0,0.0,31.8799992,20.8500004
TXS06,30.17846,-98.69485,2025-07-02,na,6299.0,4683.0,4.71,30.3700008,21.9400005
TXS06,30.17846,-98.69485,2025-07-03,na,6299.0,4683.0,68.3700027,30.1700001,22.3500004
TXS06,30.17846,-98.69485,2025-07-04,na,6299.0,4683.0,73.2200012,24.2600002,20.7999992
TXS06,30.17846,-98.69485,2025-07-05,na,6299.0,4683.0,7.6100001,25.6599998,21.5599995
TXS06,30.17846,-98.69485,2025-07-06,na,6299.0,4683.0,5.27,28.0599995,22.0100002
TXS06,30.17846,-98.69485,2025-07-07,na,6299.0,4683.0,0.0,30.2299995,22.4899998
TXS06,30.17846,-98.69485,2025-07-08,na,6299.0,4683.0,0.0,31.8500004,22.1100006
TXS06,30.17846,-98.69485,2025-07-09,na,6299.0,4683.0,10.1199999,31.5499992,21.3199997
TXS06,30.17846,-98.69485,2025-07-10,na,6299.0,4683.0,0.0,31.6299992,20.75
TXS06,30.17846,-98.69485,2025-07-11,na,6299.0,4683.0,0.0,31.1499996,21.5
TXS06,30.17846,-98.69485,2025-07-12,na,6299.0,4683.0,0.0,31.8999996,22.2900009
TXS06,30.17846,-98.69485,2025-07-13,na,6299.0,4683.0,25.9899998,29.3500004,19.6100006
TXS06,30.17846,-98.69485,2025-07-14,na,6299.0,4683.0,3.8,28.8999996,20.5100002
TXS06,30.17846,-98.69485,2025-07-15,na,6299.0,4683.0,0.99,30.4200001,22.7399998
TXS06,30.17846,-98.69485,2025-07-16,na,6299.0,4683.0,0.0,31.8600006,22.5900002
TXS06,30.17846,-98.69485,2025-07-17,na,6299.0,4683.0,0.0,32.25,21.0900002
TXS06,30.17846,-98.69485,2025-07-18,na,6299.0,4683.0,0.0,32.0400009,20.4099998
TXS06,30.17846,-98.69485,2025-07-19,na,6299.0,4683.0,0.0,31.7399998,22.2099991
TXS06,30.17846,-98.69485,2025-07-20,na,6299.0,4683.0,0.0,30.1700001,23.0599995
TXS06,30.17846,-98.69485,2025-07-21,na,6299.0,4683.0,0.0,31.1399994,22.8799992
TXS06,30.17846,-98.69485,2025-07-22,na,6299.0,4683.0,0.0,32.2700005,22.6499996
TXS06,30.17846,-98.69485,2025-07-23,na,6299.0,4683.0,0.0,33.2099991,21.9099998
TXS06,30.17846,-98.69485,2025-07-24,na,6299.0,4683.0,0.0,34.2099991,21.8999996
TXS06,30.17846,-98.69485,2025-07-25,na,6299.0,4683.0,0.0,34.1300011,20.6200008
TXS06,30.17846,-98.69485,2025-07-26,na,6299.0,4683.0,0.0,33.2200012,21.7000008
TXS06,30.17846,-98.69485,2025-07-27,na,6299.0,4683.0,3.8800001,32.25,22.9599991
TXS06,30.17846,-98.69485,2025-07-28,na,6299.0,4683.0,0.0,32.9199982,22.25
TXS06,30.17846,-98.69485,2025-07-29,na,6299.0,4683.0,0.0,34.3899994,20.0900002
TXS06,30.17846,-98.69485,2025-07-30,na,6299.0,4683.0,0.0,35.0499992,15.75
TXS06,30.17846,-98.69485,2025-07-31,na,6299.0,4683.0,0.0,36.6500015,18.1700001
TXS06,30.17846,-98.69485,2025-08-01,na,6299.0,4683.0,0.95,36.4099998,21.2000008
TXS06,30.17846,-98.69485,2025-08-02,na,6299.0,4683.0,1.73,34.5299988,20.9899998
TXS06,30.17846,-98.69485,2025-08-03,na,6299.0,4683.0,0.0,34.7099991,18.6200008
TXS06,30.17846,-98.69485,2025-08-04,na,6299.0,4683.0,0.0,32.4000015,20.5599995
TXS06,30.17846,-98.69485,2025-08-05,na,6299.0,4683.0,0.0,33.6699982,18.4599991
TXS06,30.17846,-98.69485,2025-08-06,na,6299.0,4683.0,0.0,33.8499985,19.7099991
TXS06,30.17846,-98.69485,2025-08-07,na,6299.0,4683.0,0.0,34.3100014,21.2299995
TXS06,30.17846,-98.69485,2025-08-08,na,6299.0,4683.0,0.0,34.7900009,21.6200008
TXS06,30.17846,-98.69485,2025-08-09,na,6299.0,4683.0,0.0,35.1599998,21.5200005
TXS06,30.17846,-98.69485,2025-08-10,na,6299.0,4683.0,0.0,34.9399986,21.4400005
TXS06,30.17846,-98.69485,2025-08-11,na,6299.0,4683.0,0.0,34.5499992,21.2099991
TXS06,30.17846,-98.69485,2025-08-12,na,6299.0,4683.0,0.0,34.4099998,22.1299992
TXS06,30.17846,-98.69485,2025-08-13,na,6299.0,4683.0,0.0,35.1699982,20.8799992
TXS06,30.17846,-98.69485,2025-08-14,na,6299.0,4683.0,0.0,35.5,21.4599991
TXS06,30.17846,-98.69485,2025-08-15,na,6299.0,4683.0,2.8199999,34.5499992,22.4599991
TXS06,30.17846,-98.69485,2025-08-16,na,6299.0,4683.0,7.5900002,32.6899986,22.0300007
TXS06,30.17846,-98.69485,2025-08-17,na,6299.0,4683.0,0.0,34.3899994,22.1700001
TXS06,30.17846,-98.69485,2025-08-18,na,6299.0,4683.0,0.0,36.0999985,21.4099998
TXS06,30.17846,-98.69485,2025-08-19,na,6299.0,4683.0,13.9499998,34.5400009,21.2700005
TXS06,30.17846,-98.69485,2025-08-20,na,6299.0,4683.0,0.0,34.0299988,19.0599995
TXS06,30.17846,-98.69485,2025-08-21,na,6299.0,4683.0,0.0,31.9799995,19.8400002
TXS06,30.17846,-98.69485,2025-08-22,na,6299.0,4683.0,0.0,33.0600014,18.7900009
TXS06,30.17846,-98.69485,2025-08-23,na,6299.0,4683.0,0.0,32.9599991,19.7199993
TXS06,30.17846,-98.69485,2025-08-24,na,6299.0,4683.0,0.0,34.0800018,18.3099995
TXS06,30.17846,-98.69485,2025-08-25,na,6299.0,4683.0,0.0,33.9199982,19.0300007
TXS06,30.17846,-98.69485,2025-08-26,na,6299.0,4683.0,0.0,33.5499992,18.8500004
TXS06,30.17846,-98.69485,2025-08-27,na,6299.0,4683.0,0.0,33.7299995,20.9899998
TXS06,30.17846,-98.69485,2025-08-28,na,6299.0,4683.0,0.0,35.4099998,22.7999992
TXS06,30.17846,-98.69485,2025-08-29,na,6299.0,4683.0,0.0,36.4700012,23.1399994
TXS06,30.17846,-98.69485,2025-08-30,na,6299.0,4683.0,15.1899996,34.8800011,22.1800003
TXS06,30.17846,-98.69485,2025-08-31,na,6299.0,4683.0,34.2900009,32.6800003,21.6200008
TXS06,30.17846,-98.69485,2025-09-01,na,6299.0,4683.0,0.0,31.5799999,20.1700001
TXS06,30.17846,-98.69485,2025-09-02,na,6299.0,4683.0,0.0,32.7299995,18.2199993
TXS06,30.17846,-98.69485,2025-09-03,na,6299.0,4683.0,0.0,33.6899986,18.4899998
TXS06,30.17846,-98.69485,2025-09-04,na,6299.0,4683.0,0.0,35.9599991,14.9799995
TXS06,30.17846,-98.69485,2025-09-05,na,6299.0,4683.0,0.0,35.5,19.5799999
TXS06,30.17846,-98.69485,2025-09-06,na,6299.0,4683.0,51.1599998,29.9599991,20.4899998
TXS06,30.17846,-98.69485,2025-09-07,na,6299.0,4683.0,14.5900002,23.5499992,19.6000004
TXS06,30.17846,-98.69485,2025-09-08,na,6299.0,4683.0,0.0,27.1900005,18.0
TXS06,30.17846,-98.69485,2025-09-09,na,6299.0,4683.0,0.0,29.7700005,14.4200001
TXS06,30.17846,-98.69485,2025-09-10,na,6299.0,4683.0,0.0,31.2399998,15.3900003
TXS06,30.17846,-98.69485,2025-09-11,na,6299.0,4683.0,0.0,31.6100006,15.2299995
TXS06,30.17846,-98.69485,2025-09-12,na,6299.0,4683.0,0.0,32.0699997,18.0599995
TXS06,30.17846,-98.69485,2025-09-13,na,6299.0,4683.0,0.0,31.3700008,18.1700001
TXS06,30.17846,-98.69485,2025-09-14,na,6299.0,4683.0,0.0,31.4599991,18.3999996
TXS06,30.17846,-98.69485,2025-09-15,na,6299.0,4683.0,0.0,31.5300007,18.5799999
TXS06,30.17846,-98.69485,2025-09-16,na,6299.0,4683.0,0.0,31.3199997,18.0499992
TXS06,30.17846,-98.69485,2025-09-17,na,6299.0,4683.0,0.0,31.6399994,16.3799992
TXS06,30.17846,-98.69485,2025-09-18,na,6299.0,4683.0,0.0,31.6200008,17.6499996
TXS06,30.17846,-98.69485,2025-09-19,na,6299.0,4683.0,0.0,32.6100006,18.0400009
TXS06,30.17846,-98.69485,2025-09-20,na,6299.0,4683.0,0.0,32.6800003,17.3600006
TXS06,30.17846,-98.69485,2025-09-21,na,6299.0,4683.0,0.0,32.7599983,20.3600006
TXS06,30.17846,-98.69485,2025-09-22,na,6299.0,4683.0,0.0,33.5600014,21.6900005
TXS06,30.17846,-98.69485,2025-09-23,na,6299.0,4683.0,0.0,34.4700012,22.3799992
TXS06,30.17846,-98.69485,2025-09-24,na,6299.0,4683.0,0.0,29.25,21.1800003
TXS06,30.17846,-98.69485,2025-09-25,na,6299.0,4683.0,0.0,29.4599991,17.8799992
TXS06,30.17846,-98.69485,2025-09-26,na,6299.0,4683.0,0.0,30.9699993,12.7299995
TXS06,30.17846,-98.69485,2025-09-27,na,6299.0,4683.0,0.0,31.7399998,11.8299999
TXS06,30.17846,-98.69485,2025-09-28,na,6299.0,4683.0,0.0,31.2000008,12.3599997
TXS06,30.17846,-98.69485,2025-09-29,na,6299.0,4683.0,0.0,29.3899994,13.5299997
TXS06,30.17846,-98.69485,2025-09-30,na,6299.0,4683.0,0.0,31.9899998,13.7399998
TXS06,30.17846,-98.69485,2025-10-01,na,6299.0,4683.0,0.0,33.0900002,13.71
TXS06,30.17846,-98.69485,2025-10-02,na,6299.0,4683.0,0.0,33.3800011,14.4700003
TXS06,30.17846,-98.69485,2025-10-03,na,6299.0,4683.0,0.0,32.7700005,14.9799995
TXS06,30.17846,-98.69485,2025-10-04,na,6299.0,4683.0,0.0,30.5599995,15.7600002
TXS06,30.17846,-98.69485,2025-10-05,na,6299.0,4683.0,0.0,30.8299999,16.2299995
TXS06,30.17846,-98.69485,2025-10-06,na,6299.0,4683.0,0.0,31.7000008,16.5400009
TXS06,30.17846,-98.69485,2025-10-07,na,6299.0,4683.0,1.84,31.5,17.0300007
TXS06,30.17846,-98.69485,2025-10-08,na,6299.0,4683.0,0.0,31.0300007,17.4200001
TXS06,30.17846,-98.69485,2025-10-09,na,6299.0,4683.0,0.0,31.0100002,17.2999992
TXS06,30.17846,-98.69485,2025-10-10,na,6299.0,4683.0,0.0,31.3999996,14.6599998
TXS06,30.17846,-98.69485,2025-10-11,na,6299.0,4683.0,0.0,32.2799988,13.4499998
TXS06,30.17846,-98.69485,2025-10-12,na,6299.0,4683.0,0.0,30.5900002,14.8199997
TXS06,30.17846,-98.69485,2025-10-13,na,6299.0,4683.0,0.0,30.3400002,14.6599998
TXS06,30.17846,-98.69485,2025-10-14,na,6299.0,4683.0,0.0,30.2000008,15.8299999
TXS06,30.17846,-98.69485,2025-10-15,na,6299.0,4683.0,0.0,31.4200001,13.1000004
TXS06,30.17846,-98.69485,2025-10-16,na,6299.0,4683.0,0.0,28.9200001,14.4700003
TXS06,30.17846,-98.69485,2025-10-17,na,6299.0,4683.0,0.0,30.1700001,15.3199997
TXS06,30.17846,-98.69485,2025-10-18,na,6299.0,4683.0,0.0,32.8800011,16.8099995
TXS06,30.17846,-98.69485,2025-10-19,na,6299.0,4683.0,0.0,28.8999996,13.9499998
TXS06,30.17846,-98.69485,2025-10-20,na,6299.0,4683.0,0.0,31.3199997,12.75
TXS06,30.17846,-98.69485,2025-10-21,na,6299.0,4683.0,0.0,28.8899994,16.8999996
TXS06,30.17846,-98.69485,2025-10-22,na,6299.0,4683.0,0.0,28.9400005,12.9200001
TXS06,30.17846,-98.69485,2025-10-23,na,6299.0,4683.0,0.0,30.1599998,17.1499996
TXS06,30.17846,-98.69485,2025-10-24,na,6299.0,4683.0,33.0099983,28.6399994,15.1700001
TXS06,30.17846,-98.69485,2025-10-25,na,6299.0,4683.0,8.3999996,25.5300007,14.6599998
TXS06,30.17846,-98.69485,2025-10-26,na,6299.0,4683.0,0.0,28.25,12.46
TXS06,30.17846,-98.69485,2025-10-27,na,6299.0,4683.0,0.0,29.7999992,14.2600002
TXS06,30.17846,-98.69485,2025-10-28,na,6299.0,4683.0,0.0,27.4400005,14.75
TXS06,30.17846,-98.69485,2025-10-29,na,6299.0,4683.0,0.0,18.5200005,7.21
TXS06,30.17846,-98.69485,2025-10-30,na,6299.0,4683.0,0.0,21.1700001,0.68
TXS06,30.17846,-98.69485,2025-10-31,na,6299.0,4683.0,0.0,22.7399998,1.46
TXS06,30.17846,-98.69485,2025-11-01,na,6299.0,4683.0,2.6199999,19.9500008,6.54
TXS06,30.17846,-98.69485,2025-11-02,na,6299.0,4683.0,0.0,21.9300003,4.75
TXS06,30.17846,-98.69485,2025-11-03,na,6299.0,4683.0,0.0,23.8299999,6.3499999
TXS06,30.17846,-98.69485,2025-11-04,na,6299.0,4683.0,0.0,24.5300007,7.25
TXS06,30.17846,-98.69485,2025-11-05,na,6299.0,4683.0,0.0,27.3999996,10.1700001
TXS06,30.17846,-98.69485,2025-11-06,na,6299.0,4683.0,0.0,27.7900009,11.3299999
TXS06,30.17846,-98.69485,2025-11-07,na,6299.0,4683.0,0.0,31.9400005,11.2200003
TXS06,30.17846,-98.69485,2025-11-08,na,6299.0,4683.0,0.0,31.6000004,9.3400002
TXS06,30.17846,-98.69485,2025-11-09,na,6299.0,4683.0,0.0,21.0699997,8.4899998
TXS06,30.17846,-98.69485,2025-11-10,na,6299.0,4683.0,0.0,17.1299992,0.21
TXS06,30.17846,-98.69485,2025-11-11,na,6299.0,4683.0,0.0,21.8099995,2.6700001
TXS06,30.17846,-98.69485,2025-11-12,na,6299.0,4683.0,0.0,25.2999992,8.1300001
TXS06,30.17846,-98.69485,2025-11-13,na,6299.0,4683.0,0.0,26.8199997,12.5299997
TXS06,30.17846,-98.69485,2025-11-14,na,6299.0,4683.0,0.0,27.1000004,16.1599998
TXS06,30.17846,-98.69485,2025-11-15,na,6299.0,4683.0,0.0,27.3700008,16.8899994
TXS06,30.17846,-98.69485,2025-11-16,na,6299.0,4683.0,0.0,29.5900002,16.1499996
TXS06,30.17846,-98.69485,2025-11-17,na,6299.0,4683.0,0.0,27.9599991,16.5400009
TXS06,30.17846,-98.69485,2025-11-18,na,6299.0,4683.0,0.0,26.0499992,16.8899994
TXS06,30.17846,-98.69485,2025-11-19,na,6299.0,4683.0,0.0,25.8899994,17.8400002
TXS06,30.17846,-98.69485,2025-11-20,na,6299.0,4683.0,7.71,25.8400002,15.6499996
TXS06,30.17846,-98.69485,2025-11-21,na,6299.0,4683.0,9.1099997,24.1900005,13.5699997
TXS06,30.17846,-98.69485,2025-11-22,na,6299.0,4683.0,0.0,24.0599995,10.0500002
TXS06,30.17846,-98.69485,2025-11-23,na,6299.0,4683.0,0.0,19.25,11.9099998
TXS06,30.17846,-98.69485,2025-11-24,na,6299.0,4683.0,2.1500001,22.7399998,11.5200005
TXS06,30.17846,-98.69485,2025-11-25,na,6299.0,4683.0,0.0,26.1800003,6.02
TXS06,30.17846,-98.69485,2025-11-26,na,6299.0,4683.0,0.0,17.2700005,7.6100001
TXS06,30.17846,-98.69485,2025-11-27,na,6299.0,4683.0,0.0,15.5,4.8499999
TXS06,30.17846,-98.69485,2025-11-28,na,6299.0,4683.0,2.52,16.3799992,7.79
TXS06,30.17846,-98.69485,2025-11-29,na,6299.0,4683.0,0.0,22.9300003,10.8400002
TXS06,30.17846,-98.69485,2025-11-30,na,6299.0,4683.0,0.0,13.21,4.4699998
TXS06,30.17846,-98.69485,2025-12-01,na,6299.0,4683.0,0.0,7.0999999,2.8399999
TXS06,30.17846,-98.69485,2025-12-02,na,6299.0,4683.0,0.0,15.6599998,-0.86
TXS06,30.17846,-98.69485,2025-12-03,na,6299.0,4683.0,1.1799999,18.2800007,1.63
TXS06,30.17846,-98.69485,2025-12-04,na,6299.0,4683.0,0.0,10.8999996,3.53
TXS06,30.17846,-98.69485,2025-12-05,na,6299.0,4683.0,0.0,13.6899996,4.5599999
TXS06,30.17846,-98.69485,2025-12-06,na,6299.0,4683.0,0.0,24.6299992,4.3600001
TXS06,30.17846,-98.69485,2025-12-07,na,6299.0,4683.0,0.0,18.2000008,5.8699999
TXS06,30.17846,-98.69485,2025-12-08,na,6299.0,4683.0,0.0,18.1900005,-0.14
TXS06,30.17846,-98.69485,2025-12-09,na,6299.0,4683.0,0.0,19.1399994,-0.38
TXS06,30.17846,-98.69485,2025-12-10,na,6299.0,4683.0,0.0,20.3400002,3.9300001
TXS06,30.17846,-98.69485,2025-12-11,na,6299.0,4683.0,0.0,20.5100002,-0.18
TXS06,30.17846,-98.69485,2025-12-12,na,6299.0,4683.0,0.0,21.75,6.0900002
TXS06,30.17846,-98.69485,2025-12-13,na,6299.0,4683.0,0.0,25.6700001,9.8699999
TXS06,30.17846,-98.69485,2025-12-14,na,6299.0,4683.0,0.0,14.71,2.45
TXS06,30.17846,-98.69485,2025-12-15,na,6299.0,4683.0,0.0,16.0499992,0.43
TXS06,30.17846,-98.69485,2025-12-16,na,6299.0,4683.0,1.38,13.9200001,3.98
TXS06,30.17846,-98.69485,2025-12-17,na,6299.0,4683.0,0.55,18.1499996,10.4099998
TXS06,30.17846,-98.69485,2025-12-18,na,6299.0,4683.0,0.0,22.2700005,9.25
TXS06,30.17846,-98.69485,2025-12-19,na,6299.0,4683.0,0.0,19.4899998,0.03
TXS06,30.17846,-98.69485,2025-12-20,na,6299.0,4683.0,0.0,25.0499992,7.1999998
TXS06,30.17846,-98.69485,2025-12-21,na,6299.0,4683.0,0.0,20.4899998,6.5599999
TXS06,30.17846,-98.69485,2025-12-22,na,6299.0,4683.0,0.0,23.7600002,6.1999998
TXS06,30.17846,-98.69485,2025-12-23,na,6299.0,4683.0,0.0,24.2800007,13.8599997
TXS06,30.17846,-98.69485,2025-12-24,na,6299.0,4683.0,0.0,23.3799992,15.0600004
TXS06,30.17846,-98.69485,2025-12-25,na,6299.0,4683.0,0.0,24.2299995,13.5600004
TXS06,30.17846,-98.69485,2025-12-26,na,6299.0,4683.0,0.0,28.6700001,14.7799997
TXS06,30.17846,-98.69485,2025-12-27,na,6299.0,4683.0,0.0,23.9099998,16.3299999
TXS06,30.17846,-98.69485,2025-12-28,na,6299.0,4683.0,0.0,24.1599998,12.4200001
TXS06,30.17846,-98.69485,2025-12-29,na,6299.0,4683.0,0.0,8.3000002,3.53
TXS06,30.17846,-98.69485,2025-12-30,na,6299.0,4683.0,0.0,14.71,1.6799999
TXS06,30.17846,-98.69485,2025-12-31,na,6299.0,4683.0,0.0,20.3500004,-1.9299999
